status	scope	kind	path	base_algorithm	base_digest	target_algorithm	target_digest	reason
unchanged	third_party	header	boost/algorithm/string/classification.hpp	md5	4d82c0061e10dd159c1ce59a5a0a9434	md5	4d82c0061e10dd159c1ce59a5a0a9434	
unchanged	third_party	header	boost/algorithm/string/config.hpp	md5	b16bd44ee379aa1e95bf74b27f169a53	md5	b16bd44ee379aa1e95bf74b27f169a53	
unchanged	third_party	header	boost/algorithm/string/detail/classification.hpp	md5	d9a8fdccf9ce10d2bb13d8d9f82fe791	md5	d9a8fdccf9ce10d2bb13d8d9f82fe791	
unchanged	third_party	header	boost/algorithm/string/detail/trim.hpp	md5	44bd8b30788b3b6d8df8849a0933a128	md5	44bd8b30788b3b6d8df8849a0933a128	
unchanged	third_party	header	boost/algorithm/string/predicate_facade.hpp	md5	0030a5b3036d059cd3722057d6daaac7	md5	0030a5b3036d059cd3722057d6daaac7	
unchanged	third_party	header	boost/algorithm/string/trim.hpp	md5	e2e8f2b0ad5cf29eeb168a69a93d8718	md5	e2e8f2b0ad5cf29eeb168a69a93d8718	
unchanged	third_party	header	boost/array.hpp	md5	82302fcac1308c4e8c761a8e69b43f3e	md5	82302fcac1308c4e8c761a8e69b43f3e	
unchanged	third_party	header	boost/asio.hpp	md5	8dad142366e10e56236c6cb7a6edd207	md5	8dad142366e10e56236c6cb7a6edd207	
unchanged	third_party	header	boost/asio/basic_datagram_socket.hpp	md5	10f6bf7427a366b5b1bb72157a70f54f	md5	10f6bf7427a366b5b1bb72157a70f54f	
unchanged	third_party	header	boost/asio/basic_deadline_timer.hpp	md5	713137d02baf93b8d2aa3ce1c91220ab	md5	713137d02baf93b8d2aa3ce1c91220ab	
unchanged	third_party	header	boost/asio/basic_io_object.hpp	md5	2015299f6f5d9052380ec601868ee948	md5	2015299f6f5d9052380ec601868ee948	
unchanged	third_party	header	boost/asio/basic_raw_socket.hpp	md5	9965103c0c8ab20537f457985b106210	md5	9965103c0c8ab20537f457985b106210	
unchanged	third_party	header	boost/asio/basic_seq_packet_socket.hpp	md5	2855161432d403adfc72623650122a16	md5	2855161432d403adfc72623650122a16	
unchanged	third_party	header	boost/asio/basic_serial_port.hpp	md5	74d958ad65798779e769f57acc60ff63	md5	74d958ad65798779e769f57acc60ff63	
unchanged	third_party	header	boost/asio/basic_signal_set.hpp	md5	5c9b5b1f7f436ac4824a71d57e6121ba	md5	5c9b5b1f7f436ac4824a71d57e6121ba	
unchanged	third_party	header	boost/asio/basic_socket.hpp	md5	cd0ab984778bed4ec8e64c6e811995ce	md5	cd0ab984778bed4ec8e64c6e811995ce	
unchanged	third_party	header	boost/asio/basic_socket_acceptor.hpp	md5	6e10e1199bac056d97d1be7b8c81927a	md5	6e10e1199bac056d97d1be7b8c81927a	
unchanged	third_party	header	boost/asio/basic_socket_iostream.hpp	md5	b284116be64936b3fac0af120663b377	md5	b284116be64936b3fac0af120663b377	
unchanged	third_party	header	boost/asio/basic_socket_streambuf.hpp	md5	6a04de3ec376d2c46975eaf71fd2151d	md5	6a04de3ec376d2c46975eaf71fd2151d	
unchanged	third_party	header	boost/asio/basic_stream_socket.hpp	md5	c437f09b8898076e8c380b7cca544828	md5	c437f09b8898076e8c380b7cca544828	
unchanged	third_party	header	boost/asio/basic_streambuf.hpp	md5	036bfe2e802efc97dc05fbf5ea0f2a6c	md5	036bfe2e802efc97dc05fbf5ea0f2a6c	
unchanged	third_party	header	boost/asio/basic_streambuf_fwd.hpp	md5	d486dd64a5eaf274e7720b45f8990ced	md5	d486dd64a5eaf274e7720b45f8990ced	
unchanged	third_party	header	boost/asio/buffer.hpp	md5	329909d5989b25d43e99a3c8b7edf173	md5	329909d5989b25d43e99a3c8b7edf173	
unchanged	third_party	header	boost/asio/buffered_read_stream.hpp	md5	e0fff6d44b9c24d9fca4c5ffef387a91	md5	e0fff6d44b9c24d9fca4c5ffef387a91	
unchanged	third_party	header	boost/asio/buffered_read_stream_fwd.hpp	md5	01668311b272d55023a7fb54f3bcbfdd	md5	01668311b272d55023a7fb54f3bcbfdd	
unchanged	third_party	header	boost/asio/buffered_stream.hpp	md5	b5be9d7b7de68f12844453e60b763031	md5	b5be9d7b7de68f12844453e60b763031	
unchanged	third_party	header	boost/asio/buffered_stream_fwd.hpp	md5	c2a41af21a11a13985aef79c9bfd1934	md5	c2a41af21a11a13985aef79c9bfd1934	
unchanged	third_party	header	boost/asio/buffered_write_stream.hpp	md5	317674ffc06e8edd86ad335600a14e3e	md5	317674ffc06e8edd86ad335600a14e3e	
unchanged	third_party	header	boost/asio/buffered_write_stream_fwd.hpp	md5	e046bd5a3163d2bdc308c71cb6a78610	md5	e046bd5a3163d2bdc308c71cb6a78610	
unchanged	third_party	header	boost/asio/buffers_iterator.hpp	md5	5f3aa9aba0c7fcbe6bf5e355ed079f71	md5	5f3aa9aba0c7fcbe6bf5e355ed079f71	
unchanged	third_party	header	boost/asio/completion_condition.hpp	md5	e6c295bbeed9864d74f5f10457e374d6	md5	e6c295bbeed9864d74f5f10457e374d6	
unchanged	third_party	header	boost/asio/connect.hpp	md5	d79935fabdbe2d4a3ba0af30570825b3	md5	d79935fabdbe2d4a3ba0af30570825b3	
unchanged	third_party	header	boost/asio/datagram_socket_service.hpp	md5	8780ffb02fa2a8b7307d2c17a46af3d7	md5	8780ffb02fa2a8b7307d2c17a46af3d7	
unchanged	third_party	header	boost/asio/deadline_timer.hpp	md5	a3c046e8b13afd4d7dd81f5fdd810cf0	md5	a3c046e8b13afd4d7dd81f5fdd810cf0	
unchanged	third_party	header	boost/asio/deadline_timer_service.hpp	md5	63b3c5ea0525af906ab4d42b5ef04432	md5	63b3c5ea0525af906ab4d42b5ef04432	
unchanged	third_party	header	boost/asio/detail/array.hpp	md5	36f7972a2771823bdca33c7b75c12cd5	md5	36f7972a2771823bdca33c7b75c12cd5	
unchanged	third_party	header	boost/asio/detail/array_fwd.hpp	md5	1bc75b555899722ce3f7c174f106c244	md5	1bc75b555899722ce3f7c174f106c244	
unchanged	third_party	header	boost/asio/detail/base_from_completion_cond.hpp	md5	d63a43568cc3262663e66b56ce422919	md5	d63a43568cc3262663e66b56ce422919	
unchanged	third_party	header	boost/asio/detail/bind_handler.hpp	md5	0d38a6ca3d86eebd5d5cbd9afe4766de	md5	0d38a6ca3d86eebd5d5cbd9afe4766de	
unchanged	third_party	header	boost/asio/detail/buffer_resize_guard.hpp	md5	468187b6b89bcf554a107cd1cceff54d	md5	468187b6b89bcf554a107cd1cceff54d	
unchanged	third_party	header	boost/asio/detail/buffer_sequence_adapter.hpp	md5	6ff6a9bbf95eb01e1858830471d61432	md5	6ff6a9bbf95eb01e1858830471d61432	
unchanged	third_party	header	boost/asio/detail/buffered_stream_storage.hpp	md5	1395345a993e2c733451768c2a92141a	md5	1395345a993e2c733451768c2a92141a	
unchanged	third_party	header	boost/asio/detail/call_stack.hpp	md5	3189940dfd99cdeb96762a2630811d83	md5	3189940dfd99cdeb96762a2630811d83	
unchanged	third_party	header	boost/asio/detail/completion_handler.hpp	md5	6130096c38cc740ccba891385e2ec2b4	md5	6130096c38cc740ccba891385e2ec2b4	
unchanged	third_party	header	boost/asio/detail/config.hpp	md5	1ccd9b0da771f17767957e77eea62c9f	md5	1ccd9b0da771f17767957e77eea62c9f	
unchanged	third_party	header	boost/asio/detail/consuming_buffers.hpp	md5	d7ea1cc1749ca7b418928c1b6489128d	md5	d7ea1cc1749ca7b418928c1b6489128d	
unchanged	third_party	header	boost/asio/detail/deadline_timer_service.hpp	md5	dc66758b08ae67aa9194a124783414db	md5	dc66758b08ae67aa9194a124783414db	
unchanged	third_party	header	boost/asio/detail/dependent_type.hpp	md5	e81d160a566dc429423c7ace5d58d389	md5	e81d160a566dc429423c7ace5d58d389	
unchanged	third_party	header	boost/asio/detail/fd_set_adapter.hpp	md5	727f1c6ee262d8d36566a3ffe314a7df	md5	727f1c6ee262d8d36566a3ffe314a7df	
unchanged	third_party	header	boost/asio/detail/fenced_block.hpp	md5	a9a479f734a90a8cdc81ca4a5314049b	md5	a9a479f734a90a8cdc81ca4a5314049b	
unchanged	third_party	header	boost/asio/detail/handler_alloc_helpers.hpp	md5	88715ea616eb90ec365f1555f8aefc50	md5	88715ea616eb90ec365f1555f8aefc50	
unchanged	third_party	header	boost/asio/detail/handler_invoke_helpers.hpp	md5	16a950ac16142da406b7238b5260b401	md5	16a950ac16142da406b7238b5260b401	
unchanged	third_party	header	boost/asio/detail/handler_tracking.hpp	md5	4402a4b98799abdea3832b204aa8de20	md5	4402a4b98799abdea3832b204aa8de20	
unchanged	third_party	header	boost/asio/detail/handler_type_requirements.hpp	md5	804d24487555c0781b0807bda51a5aca	md5	804d24487555c0781b0807bda51a5aca	
unchanged	third_party	header	boost/asio/detail/hash_map.hpp	md5	9dab3f11d496c56072a2a23d7d89b6e7	md5	9dab3f11d496c56072a2a23d7d89b6e7	
unchanged	third_party	header	boost/asio/detail/impl/handler_tracking.ipp	md5	e1870715e33954e65ce60b14bbe37261	md5	e1870715e33954e65ce60b14bbe37261	
unchanged	third_party	header	boost/asio/detail/impl/resolver_service_base.ipp	md5	d7ffcea76d66811ef1c6bb1242aa1575	md5	d7ffcea76d66811ef1c6bb1242aa1575	
unchanged	third_party	header	boost/asio/detail/impl/select_reactor.hpp	md5	9519f9b1a0d67b4d0fa8a361cfed2238	md5	9519f9b1a0d67b4d0fa8a361cfed2238	
unchanged	third_party	header	boost/asio/detail/impl/select_reactor.ipp	md5	4f7604f6f0b9fec622567978b9f8db7c	md5	4f7604f6f0b9fec622567978b9f8db7c	
unchanged	third_party	header	boost/asio/detail/impl/service_registry.hpp	md5	e947b6075cb7767aba37ba5a41944ffc	md5	e947b6075cb7767aba37ba5a41944ffc	
unchanged	third_party	header	boost/asio/detail/impl/service_registry.ipp	md5	ee2fe0bcef5cdcf109c28d7bc9ecc16d	md5	ee2fe0bcef5cdcf109c28d7bc9ecc16d	
unchanged	third_party	header	boost/asio/detail/impl/signal_set_service.ipp	md5	99ead9fa879af5cecfc2dffe267dc93f	md5	99ead9fa879af5cecfc2dffe267dc93f	
unchanged	third_party	header	boost/asio/detail/impl/socket_ops.ipp	md5	79de79fbb6c78a892e00cad3379df39b	md5	79de79fbb6c78a892e00cad3379df39b	
unchanged	third_party	header	boost/asio/detail/impl/socket_select_interrupter.ipp	md5	ed7b9a5f80b1d5b5928dbdae2aee583a	md5	ed7b9a5f80b1d5b5928dbdae2aee583a	
unchanged	third_party	header	boost/asio/detail/impl/strand_service.hpp	md5	9f1b64785100857aecfd5bcbff7468a9	md5	9f1b64785100857aecfd5bcbff7468a9	
unchanged	third_party	header	boost/asio/detail/impl/strand_service.ipp	md5	2d694451f39134c48fdb353d57007a19	md5	2d694451f39134c48fdb353d57007a19	
unchanged	third_party	header	boost/asio/detail/impl/throw_error.ipp	md5	120e7c2fc2dc55c4c355e775aa59ae25	md5	120e7c2fc2dc55c4c355e775aa59ae25	
unchanged	third_party	header	boost/asio/detail/impl/timer_queue_set.ipp	md5	bd9cd554069a7b70a7f7d6b2975e838b	md5	bd9cd554069a7b70a7f7d6b2975e838b	
unchanged	third_party	header	boost/asio/detail/impl/win_iocp_handle_service.ipp	md5	554dbf3433dec04cb7628a6ec250e32d	md5	554dbf3433dec04cb7628a6ec250e32d	
unchanged	third_party	header	boost/asio/detail/impl/win_iocp_io_service.hpp	md5	9936ac95a9d1dfefebd9971e1e2e069d	md5	9936ac95a9d1dfefebd9971e1e2e069d	
unchanged	third_party	header	boost/asio/detail/impl/win_iocp_io_service.ipp	md5	de7339afbf2dcf6c009402c1c4729a0a	md5	de7339afbf2dcf6c009402c1c4729a0a	
unchanged	third_party	header	boost/asio/detail/impl/win_iocp_serial_port_service.ipp	md5	db7a0bd793052de9526d54a23c6fd6eb	md5	db7a0bd793052de9526d54a23c6fd6eb	
unchanged	third_party	header	boost/asio/detail/impl/win_iocp_socket_service_base.ipp	md5	88e72d53cb17d9ad248f8cfcee63dcfe	md5	88e72d53cb17d9ad248f8cfcee63dcfe	
unchanged	third_party	header	boost/asio/detail/impl/win_mutex.ipp	md5	4f87aeeac4aac1c86d259546ae43cdd4	md5	4f87aeeac4aac1c86d259546ae43cdd4	
unchanged	third_party	header	boost/asio/detail/impl/win_static_mutex.ipp	md5	85d32824196132675857a20a236671fc	md5	85d32824196132675857a20a236671fc	
unchanged	third_party	header	boost/asio/detail/impl/win_thread.ipp	md5	ca5018733e203afef36135642145ddff	md5	ca5018733e203afef36135642145ddff	
unchanged	third_party	header	boost/asio/detail/impl/win_tss_ptr.ipp	md5	6703c3b7f8ec45520bbc05ebf0886b12	md5	6703c3b7f8ec45520bbc05ebf0886b12	
unchanged	third_party	header	boost/asio/detail/impl/winsock_init.ipp	md5	44a8b0ab492eec2c7c437766d7548aab	md5	44a8b0ab492eec2c7c437766d7548aab	
unchanged	third_party	header	boost/asio/detail/io_control.hpp	md5	21510a5f14eeafb9bac6774dfcb04793	md5	21510a5f14eeafb9bac6774dfcb04793	
unchanged	third_party	header	boost/asio/detail/mutex.hpp	md5	7c0e068e6f2d987b3bddac4d5e8ff6c8	md5	7c0e068e6f2d987b3bddac4d5e8ff6c8	
unchanged	third_party	header	boost/asio/detail/noncopyable.hpp	md5	c9cd8ad867e345b98b7b4b55aa02f680	md5	c9cd8ad867e345b98b7b4b55aa02f680	
unchanged	third_party	header	boost/asio/detail/null_signal_blocker.hpp	md5	c53610e606e3254c250d07872f15ad50	md5	c53610e606e3254c250d07872f15ad50	
unchanged	third_party	header	boost/asio/detail/old_win_sdk_compat.hpp	md5	6f3670f604ac436cb5d72e27feab6c7d	md5	6f3670f604ac436cb5d72e27feab6c7d	
unchanged	third_party	header	boost/asio/detail/op_queue.hpp	md5	bbbb14bc8a3f90fcc83bb2b7cf850635	md5	bbbb14bc8a3f90fcc83bb2b7cf850635	
unchanged	third_party	header	boost/asio/detail/operation.hpp	md5	90266096fea8273bb4d1b111b15cf946	md5	90266096fea8273bb4d1b111b15cf946	
unchanged	third_party	header	boost/asio/detail/pop_options.hpp	md5	8306e9463629d10c40bf9e454995c1a9	md5	8306e9463629d10c40bf9e454995c1a9	
unchanged	third_party	header	boost/asio/detail/posix_fd_set_adapter.hpp	md5	6d1ecaa2365d431ba9b9d8ae77251525	md5	6d1ecaa2365d431ba9b9d8ae77251525	
unchanged	third_party	header	boost/asio/detail/push_options.hpp	md5	3bf8d4a676b263f1bbcf44d005f14f25	md5	3bf8d4a676b263f1bbcf44d005f14f25	
unchanged	third_party	header	boost/asio/detail/reactive_serial_port_service.hpp	md5	14f6f8beebb3ed8ed753b3ff76660239	md5	14f6f8beebb3ed8ed753b3ff76660239	
unchanged	third_party	header	boost/asio/detail/reactive_socket_connect_op.hpp	md5	f46a8a07ebb9ae5f5b5ea12893dfbfeb	md5	f46a8a07ebb9ae5f5b5ea12893dfbfeb	
unchanged	third_party	header	boost/asio/detail/reactor.hpp	md5	bf91f06e3a9e0b77b66a0a84a6fdddd2	md5	bf91f06e3a9e0b77b66a0a84a6fdddd2	
unchanged	third_party	header	boost/asio/detail/reactor_fwd.hpp	md5	c8c3d3d0a7899b7f0144a05e30a0fa1a	md5	c8c3d3d0a7899b7f0144a05e30a0fa1a	
unchanged	third_party	header	boost/asio/detail/reactor_op.hpp	md5	51626836cdf8e9a766f1464d4fa44046	md5	51626836cdf8e9a766f1464d4fa44046	
unchanged	third_party	header	boost/asio/detail/reactor_op_queue.hpp	md5	d07b6d9edfb2641efcb9f54b47bde7a0	md5	d07b6d9edfb2641efcb9f54b47bde7a0	
unchanged	third_party	header	boost/asio/detail/regex_fwd.hpp	md5	6db7b5e38abd0e555def9f60295c9e91	md5	6db7b5e38abd0e555def9f60295c9e91	
unchanged	third_party	header	boost/asio/detail/resolve_endpoint_op.hpp	md5	6ea3d910e73264fa4c1b1f817e3cc1de	md5	6ea3d910e73264fa4c1b1f817e3cc1de	
unchanged	third_party	header	boost/asio/detail/resolve_op.hpp	md5	7f507cc540d83bf9303cbdefe6b836ca	md5	7f507cc540d83bf9303cbdefe6b836ca	
unchanged	third_party	header	boost/asio/detail/resolver_service.hpp	md5	ad66bf00748a5e81ac4b6d73ca6b9dbc	md5	ad66bf00748a5e81ac4b6d73ca6b9dbc	
unchanged	third_party	header	boost/asio/detail/resolver_service_base.hpp	md5	fae717a32f88a35c99cba787d797e477	md5	fae717a32f88a35c99cba787d797e477	
unchanged	third_party	header	boost/asio/detail/scoped_lock.hpp	md5	5db1ea085e17a5be7eafc5f74a6b73c5	md5	5db1ea085e17a5be7eafc5f74a6b73c5	
unchanged	third_party	header	boost/asio/detail/scoped_ptr.hpp	md5	9f0e63d8bd0a670fb74aa45ce12fbdab	md5	9f0e63d8bd0a670fb74aa45ce12fbdab	
unchanged	third_party	header	boost/asio/detail/select_interrupter.hpp	md5	5059b7bd98071995b0fd5b1732b77288	md5	5059b7bd98071995b0fd5b1732b77288	
unchanged	third_party	header	boost/asio/detail/select_reactor.hpp	md5	c9b197993c4943483f04d289f7885785	md5	c9b197993c4943483f04d289f7885785	
unchanged	third_party	header	boost/asio/detail/select_reactor_fwd.hpp	md5	04dcec6b787849cb89bccc9db373b1b0	md5	04dcec6b787849cb89bccc9db373b1b0	
unchanged	third_party	header	boost/asio/detail/service_registry.hpp	md5	d377abbb65ecb1fd57f5d3ef7b93c9aa	md5	d377abbb65ecb1fd57f5d3ef7b93c9aa	
unchanged	third_party	header	boost/asio/detail/service_registry_fwd.hpp	md5	182f0db7e48289f00d12211df1eed36a	md5	182f0db7e48289f00d12211df1eed36a	
unchanged	third_party	header	boost/asio/detail/shared_ptr.hpp	md5	b3daa99c7c98607d5b56e0881af829a0	md5	b3daa99c7c98607d5b56e0881af829a0	
unchanged	third_party	header	boost/asio/detail/signal_blocker.hpp	md5	0a9c732e2c9a26b9fbbeab8c5e70a121	md5	0a9c732e2c9a26b9fbbeab8c5e70a121	
unchanged	third_party	header	boost/asio/detail/signal_handler.hpp	md5	c01ae13645dc402f3dcf6bbc2886f5b1	md5	c01ae13645dc402f3dcf6bbc2886f5b1	
unchanged	third_party	header	boost/asio/detail/signal_op.hpp	md5	4cd28533481d5d9d83a51f1200383f8b	md5	4cd28533481d5d9d83a51f1200383f8b	
unchanged	third_party	header	boost/asio/detail/signal_set_service.hpp	md5	6c3b1b98c0a8c3cd7f9c0f16e65a9633	md5	6c3b1b98c0a8c3cd7f9c0f16e65a9633	
unchanged	third_party	header	boost/asio/detail/socket_holder.hpp	md5	024a35194845a00aa40c7be194f754a3	md5	024a35194845a00aa40c7be194f754a3	
unchanged	third_party	header	boost/asio/detail/socket_ops.hpp	md5	c71c65061a09fd866e5eeea8c2ba236c	md5	c71c65061a09fd866e5eeea8c2ba236c	
unchanged	third_party	header	boost/asio/detail/socket_option.hpp	md5	203b415a093a92715c1f43ee6a9290b3	md5	203b415a093a92715c1f43ee6a9290b3	
unchanged	third_party	header	boost/asio/detail/socket_select_interrupter.hpp	md5	57aa1dd38f4df1b425b591443a9b3981	md5	57aa1dd38f4df1b425b591443a9b3981	
unchanged	third_party	header	boost/asio/detail/socket_types.hpp	md5	11ff285fe269bb4ae4afd6b8d293c57d	md5	11ff285fe269bb4ae4afd6b8d293c57d	
unchanged	third_party	header	boost/asio/detail/static_mutex.hpp	md5	842694497948252bf62a86083eb38181	md5	842694497948252bf62a86083eb38181	
unchanged	third_party	header	boost/asio/detail/strand_service.hpp	md5	63af6ff54dd0deffaac02fd819a96bfb	md5	63af6ff54dd0deffaac02fd819a96bfb	
unchanged	third_party	header	boost/asio/detail/thread.hpp	md5	d05c8f57baa9583fe1d477188d9da8eb	md5	d05c8f57baa9583fe1d477188d9da8eb	
unchanged	third_party	header	boost/asio/detail/throw_error.hpp	md5	6c8d49a78f2940f78ddd263316f5b1fe	md5	6c8d49a78f2940f78ddd263316f5b1fe	
unchanged	third_party	header	boost/asio/detail/timer_op.hpp	md5	f6ded3074e568afea838a082d39a30a8	md5	f6ded3074e568afea838a082d39a30a8	
unchanged	third_party	header	boost/asio/detail/timer_queue.hpp	md5	98bf6750012018b7bb25ed0dd339979b	md5	98bf6750012018b7bb25ed0dd339979b	
unchanged	third_party	header	boost/asio/detail/timer_queue_base.hpp	md5	4412bdd2f9322071a2f5d13fa02b1895	md5	4412bdd2f9322071a2f5d13fa02b1895	
unchanged	third_party	header	boost/asio/detail/timer_queue_fwd.hpp	md5	f1da13395746e67e0a7fd4cf3bdf6adc	md5	f1da13395746e67e0a7fd4cf3bdf6adc	
unchanged	third_party	header	boost/asio/detail/timer_queue_set.hpp	md5	6469e496d53bf7eb368849de2c395850	md5	6469e496d53bf7eb368849de2c395850	
unchanged	third_party	header	boost/asio/detail/timer_scheduler.hpp	md5	bc448025b820fff3e80665be6c79b590	md5	bc448025b820fff3e80665be6c79b590	
unchanged	third_party	header	boost/asio/detail/timer_scheduler_fwd.hpp	md5	ea7295068a7d83efd051de7702a17899	md5	ea7295068a7d83efd051de7702a17899	
unchanged	third_party	header	boost/asio/detail/tss_ptr.hpp	md5	8306926622b3f7cd4929d0a0242707a8	md5	8306926622b3f7cd4929d0a0242707a8	
unchanged	third_party	header	boost/asio/detail/wait_handler.hpp	md5	f98ec40b81d71ced0d4c5771bf0413e0	md5	f98ec40b81d71ced0d4c5771bf0413e0	
unchanged	third_party	header	boost/asio/detail/weak_ptr.hpp	md5	9b97316a3df6d0fcfc8548a11d859445	md5	9b97316a3df6d0fcfc8548a11d859445	
unchanged	third_party	header	boost/asio/detail/win_fd_set_adapter.hpp	md5	c18020a3904a8102b44e9fa03668e45e	md5	c18020a3904a8102b44e9fa03668e45e	
unchanged	third_party	header	boost/asio/detail/win_fenced_block.hpp	md5	e10b9b965d1e60c142fb29c35a4233a6	md5	e10b9b965d1e60c142fb29c35a4233a6	
unchanged	third_party	header	boost/asio/detail/win_iocp_handle_read_op.hpp	md5	3bef6b1d7f9c0c2f192b48642dd9ee63	md5	3bef6b1d7f9c0c2f192b48642dd9ee63	
unchanged	third_party	header	boost/asio/detail/win_iocp_handle_service.hpp	md5	0ea9e5d0c3aa7bf5d45c88f5a7af0f03	md5	0ea9e5d0c3aa7bf5d45c88f5a7af0f03	
unchanged	third_party	header	boost/asio/detail/win_iocp_handle_write_op.hpp	md5	63391568587000392aeb94eda349b7c3	md5	63391568587000392aeb94eda349b7c3	
unchanged	third_party	header	boost/asio/detail/win_iocp_io_service.hpp	md5	0a6d0766623189d88d7e5c8b90f291e0	md5	0a6d0766623189d88d7e5c8b90f291e0	
unchanged	third_party	header	boost/asio/detail/win_iocp_io_service_fwd.hpp	md5	7d572c412531896f238edd12058c6dba	md5	7d572c412531896f238edd12058c6dba	
unchanged	third_party	header	boost/asio/detail/win_iocp_null_buffers_op.hpp	md5	a0171302396c89ff8f6463e6b6deb0c3	md5	a0171302396c89ff8f6463e6b6deb0c3	
unchanged	third_party	header	boost/asio/detail/win_iocp_operation.hpp	md5	d2a184fab13521a04b7a016f1edfed6e	md5	d2a184fab13521a04b7a016f1edfed6e	
unchanged	third_party	header	boost/asio/detail/win_iocp_overlapped_op.hpp	md5	c45a8308ca7797a60abd8ceca4f4ee11	md5	c45a8308ca7797a60abd8ceca4f4ee11	
unchanged	third_party	header	boost/asio/detail/win_iocp_overlapped_ptr.hpp	md5	3ea01d68ece721edb839d1e06249d440	md5	3ea01d68ece721edb839d1e06249d440	
unchanged	third_party	header	boost/asio/detail/win_iocp_serial_port_service.hpp	md5	cebad0e6685b70b4c491cdec67cc006e	md5	cebad0e6685b70b4c491cdec67cc006e	
unchanged	third_party	header	boost/asio/detail/win_iocp_socket_accept_op.hpp	md5	5614b55c1d66218d304a75d634de56cc	md5	5614b55c1d66218d304a75d634de56cc	
unchanged	third_party	header	boost/asio/detail/win_iocp_socket_recv_op.hpp	md5	9a2a19573efabc1a9f22e79461af9ddd	md5	9a2a19573efabc1a9f22e79461af9ddd	
unchanged	third_party	header	boost/asio/detail/win_iocp_socket_recvfrom_op.hpp	md5	78734243ecef46c4321ac3295d36757a	md5	78734243ecef46c4321ac3295d36757a	
unchanged	third_party	header	boost/asio/detail/win_iocp_socket_recvmsg_op.hpp	md5	5c97d04ca6d3f0c0081ce13de3474f64	md5	5c97d04ca6d3f0c0081ce13de3474f64	
unchanged	third_party	header	boost/asio/detail/win_iocp_socket_send_op.hpp	md5	cb2e9aa260b10749dc7dd20668a5cfb4	md5	cb2e9aa260b10749dc7dd20668a5cfb4	
unchanged	third_party	header	boost/asio/detail/win_iocp_socket_service.hpp	md5	6f24eff407f771fda3b12c51e9b5e1cb	md5	6f24eff407f771fda3b12c51e9b5e1cb	
unchanged	third_party	header	boost/asio/detail/win_iocp_socket_service_base.hpp	md5	d76491126f9210f3dbd40de84a179d17	md5	d76491126f9210f3dbd40de84a179d17	
unchanged	third_party	header	boost/asio/detail/win_mutex.hpp	md5	a0d71e2e701bdce8c9e9c73ff5ea7953	md5	a0d71e2e701bdce8c9e9c73ff5ea7953	
unchanged	third_party	header	boost/asio/detail/win_static_mutex.hpp	md5	7210ef6c93a37df0f5b90ed957839ba7	md5	7210ef6c93a37df0f5b90ed957839ba7	
unchanged	third_party	header	boost/asio/detail/win_thread.hpp	md5	d6806c93c6de97f127e7a2eedd21637a	md5	d6806c93c6de97f127e7a2eedd21637a	
unchanged	third_party	header	boost/asio/detail/win_tss_ptr.hpp	md5	6992465c4a144a00b8ce9951b3058d63	md5	6992465c4a144a00b8ce9951b3058d63	
unchanged	third_party	header	boost/asio/detail/winsock_init.hpp	md5	7fd1b0c0728d116e72f668a5cf311dda	md5	7fd1b0c0728d116e72f668a5cf311dda	
unchanged	third_party	header	boost/asio/detail/wrapped_handler.hpp	md5	29ea4250193238f5073ecd1c908e2ffc	md5	29ea4250193238f5073ecd1c908e2ffc	
unchanged	third_party	header	boost/asio/error.hpp	md5	c48a45ce7e054c2d9b297f729e8481f2	md5	c48a45ce7e054c2d9b297f729e8481f2	
unchanged	third_party	header	boost/asio/handler_alloc_hook.hpp	md5	4b9e0c9ef29b8f7694c0ee491cd6f695	md5	4b9e0c9ef29b8f7694c0ee491cd6f695	
unchanged	third_party	header	boost/asio/handler_invoke_hook.hpp	md5	98d64f1db2d36351cfcdfeb36d75addf	md5	98d64f1db2d36351cfcdfeb36d75addf	
unchanged	third_party	header	boost/asio/impl/connect.hpp	md5	0184af7e1c63b19eab1a85ace392e3b4	md5	0184af7e1c63b19eab1a85ace392e3b4	
unchanged	third_party	header	boost/asio/impl/error.ipp	md5	a020030ffc1b5f19e1ec9bea971836a8	md5	a020030ffc1b5f19e1ec9bea971836a8	
unchanged	third_party	header	boost/asio/impl/io_service.hpp	md5	5391371e8351398414c2a8a2aa408548	md5	5391371e8351398414c2a8a2aa408548	
unchanged	third_party	header	boost/asio/impl/io_service.ipp	md5	03451632e032a6b5ed0db5ea932f6291	md5	03451632e032a6b5ed0db5ea932f6291	
unchanged	third_party	header	boost/asio/impl/read.hpp	md5	84d1f236dc649fbe1e2347959c29f1ea	md5	84d1f236dc649fbe1e2347959c29f1ea	
unchanged	third_party	header	boost/asio/impl/read_at.hpp	md5	44ea6cdb18378ed6fe32f3efbe174031	md5	44ea6cdb18378ed6fe32f3efbe174031	
unchanged	third_party	header	boost/asio/impl/read_until.hpp	md5	b8f3c861de31478b5605ae189f37d8d1	md5	b8f3c861de31478b5605ae189f37d8d1	
unchanged	third_party	header	boost/asio/impl/serial_port_base.hpp	md5	162894ac099f883325c73b30644cd0d1	md5	162894ac099f883325c73b30644cd0d1	
unchanged	third_party	header	boost/asio/impl/serial_port_base.ipp	md5	25baf9e14a552c4e4ab8de16ce7bacfa	md5	25baf9e14a552c4e4ab8de16ce7bacfa	
unchanged	third_party	header	boost/asio/impl/write.hpp	md5	482bbca000a81f9f1b96a55eca3c90bf	md5	482bbca000a81f9f1b96a55eca3c90bf	
unchanged	third_party	header	boost/asio/impl/write_at.hpp	md5	9d7fd5e222970bd61c99a27d95c7b46a	md5	9d7fd5e222970bd61c99a27d95c7b46a	
unchanged	third_party	header	boost/asio/io_service.hpp	md5	4b058502fc339fd5b468757af7fdb471	md5	4b058502fc339fd5b468757af7fdb471	
unchanged	third_party	header	boost/asio/ip/address.hpp	md5	b530a0a44aca69ee0667495ae7aa029b	md5	b530a0a44aca69ee0667495ae7aa029b	
unchanged	third_party	header	boost/asio/ip/address_v4.hpp	md5	0e178a557cd2196dd3b3c5bc4935731f	md5	0e178a557cd2196dd3b3c5bc4935731f	
unchanged	third_party	header	boost/asio/ip/address_v6.hpp	md5	5121a29a0a71c830fe913efa0a6e114d	md5	5121a29a0a71c830fe913efa0a6e114d	
unchanged	third_party	header	boost/asio/ip/basic_endpoint.hpp	md5	d779c82500b99cbc3f9bbc0297c6dbfd	md5	d779c82500b99cbc3f9bbc0297c6dbfd	
unchanged	third_party	header	boost/asio/ip/basic_resolver.hpp	md5	3e5b35ead960d35c7327e1caa62ec6cc	md5	3e5b35ead960d35c7327e1caa62ec6cc	
unchanged	third_party	header	boost/asio/ip/basic_resolver_entry.hpp	md5	c6358adb09352559c7cbf1387b606f50	md5	c6358adb09352559c7cbf1387b606f50	
unchanged	third_party	header	boost/asio/ip/basic_resolver_iterator.hpp	md5	9ae7f0dc4890d6693e732ebe81ea7342	md5	9ae7f0dc4890d6693e732ebe81ea7342	
unchanged	third_party	header	boost/asio/ip/basic_resolver_query.hpp	md5	b5996edda7683b88ea3d604d5c70b8ea	md5	b5996edda7683b88ea3d604d5c70b8ea	
unchanged	third_party	header	boost/asio/ip/detail/endpoint.hpp	md5	13c41da8d6db3a2363e61b4435c4b9c2	md5	13c41da8d6db3a2363e61b4435c4b9c2	
unchanged	third_party	header	boost/asio/ip/detail/impl/endpoint.ipp	md5	7e2ee4f976ebd538ccfa5b3e046be911	md5	7e2ee4f976ebd538ccfa5b3e046be911	
unchanged	third_party	header	boost/asio/ip/detail/socket_option.hpp	md5	11071423bb8e3bd72bdd011d1af15da7	md5	11071423bb8e3bd72bdd011d1af15da7	
unchanged	third_party	header	boost/asio/ip/host_name.hpp	md5	526017a20444b373aaf5df240ad02e3d	md5	526017a20444b373aaf5df240ad02e3d	
unchanged	third_party	header	boost/asio/ip/icmp.hpp	md5	36aa3a34d00f0ce0833cf0ed612d6671	md5	36aa3a34d00f0ce0833cf0ed612d6671	
unchanged	third_party	header	boost/asio/ip/impl/address.hpp	md5	932de97c1969e22a2c78982821ec9428	md5	932de97c1969e22a2c78982821ec9428	
unchanged	third_party	header	boost/asio/ip/impl/address.ipp	md5	a02129e572ca491dcd7419adb716d026	md5	a02129e572ca491dcd7419adb716d026	
unchanged	third_party	header	boost/asio/ip/impl/address_v4.hpp	md5	b9d5dc4031c3f650a8e160fbc4c8cd31	md5	b9d5dc4031c3f650a8e160fbc4c8cd31	
unchanged	third_party	header	boost/asio/ip/impl/address_v4.ipp	md5	f2af1f5359e6cb7c628a88888183a2c7	md5	f2af1f5359e6cb7c628a88888183a2c7	
unchanged	third_party	header	boost/asio/ip/impl/address_v6.hpp	md5	85072e51aec0b6757024c7a3b0bdc5c9	md5	85072e51aec0b6757024c7a3b0bdc5c9	
unchanged	third_party	header	boost/asio/ip/impl/address_v6.ipp	md5	f19b9e0fd946682fec5ac4b5d2a34345	md5	f19b9e0fd946682fec5ac4b5d2a34345	
unchanged	third_party	header	boost/asio/ip/impl/basic_endpoint.hpp	md5	e0adebf8af5f4572dd63c478c69dfe70	md5	e0adebf8af5f4572dd63c478c69dfe70	
unchanged	third_party	header	boost/asio/ip/impl/host_name.ipp	md5	d4ff9acb01405bd4d032f5992363fa60	md5	d4ff9acb01405bd4d032f5992363fa60	
unchanged	third_party	header	boost/asio/ip/multicast.hpp	md5	3fafda53499723993bf84142ff29ebac	md5	3fafda53499723993bf84142ff29ebac	
unchanged	third_party	header	boost/asio/ip/resolver_query_base.hpp	md5	14818ee9d42e44ff41827d85e35ca090	md5	14818ee9d42e44ff41827d85e35ca090	
unchanged	third_party	header	boost/asio/ip/resolver_service.hpp	md5	adf51c05f92896efbc15b802a3d2699c	md5	adf51c05f92896efbc15b802a3d2699c	
unchanged	third_party	header	boost/asio/ip/tcp.hpp	md5	8086501eb80a41c93218ee9fefd4ea3f	md5	8086501eb80a41c93218ee9fefd4ea3f	
unchanged	third_party	header	boost/asio/ip/udp.hpp	md5	58f81e7e7b8a6070a4e5f110c6f42658	md5	58f81e7e7b8a6070a4e5f110c6f42658	
unchanged	third_party	header	boost/asio/ip/unicast.hpp	md5	d60dd4f56253b0586fff6f015defa99f	md5	d60dd4f56253b0586fff6f015defa99f	
unchanged	third_party	header	boost/asio/ip/v6_only.hpp	md5	49850b46412a4fd7bea6f6a201e99b07	md5	49850b46412a4fd7bea6f6a201e99b07	
unchanged	third_party	header	boost/asio/is_read_buffered.hpp	md5	8c3506e9d339073f1254ab8cda85cf97	md5	8c3506e9d339073f1254ab8cda85cf97	
unchanged	third_party	header	boost/asio/is_write_buffered.hpp	md5	2465dbcf46e36c2014a1886a82c6c5ae	md5	2465dbcf46e36c2014a1886a82c6c5ae	
unchanged	third_party	header	boost/asio/local/basic_endpoint.hpp	md5	ed278bb15c9a6e0b79a36cbd68d8726e	md5	ed278bb15c9a6e0b79a36cbd68d8726e	
unchanged	third_party	header	boost/asio/local/connect_pair.hpp	md5	7769fe8289a518b488cf427bced71806	md5	7769fe8289a518b488cf427bced71806	
unchanged	third_party	header	boost/asio/local/datagram_protocol.hpp	md5	89d2f7acd8865e15b5f0cf8f5b75f8e7	md5	89d2f7acd8865e15b5f0cf8f5b75f8e7	
unchanged	third_party	header	boost/asio/local/stream_protocol.hpp	md5	b2537b23da4fae2690e1851188663498	md5	b2537b23da4fae2690e1851188663498	
unchanged	third_party	header	boost/asio/placeholders.hpp	md5	c9f18eb514d1310f3e94607e27a13f5a	md5	c9f18eb514d1310f3e94607e27a13f5a	
unchanged	third_party	header	boost/asio/posix/basic_descriptor.hpp	md5	40d527da9e7aa571c6ec41d76bdd4fdd	md5	40d527da9e7aa571c6ec41d76bdd4fdd	
unchanged	third_party	header	boost/asio/posix/basic_stream_descriptor.hpp	md5	3b0edfc66dca216ccdf480540bef359f	md5	3b0edfc66dca216ccdf480540bef359f	
unchanged	third_party	header	boost/asio/posix/descriptor_base.hpp	md5	16fcf523f81709886c0b40ea8df278ef	md5	16fcf523f81709886c0b40ea8df278ef	
unchanged	third_party	header	boost/asio/posix/stream_descriptor.hpp	md5	4ad9f5ff2bb7e4cfa2e333f9b80f27a1	md5	4ad9f5ff2bb7e4cfa2e333f9b80f27a1	
unchanged	third_party	header	boost/asio/posix/stream_descriptor_service.hpp	md5	a0aa476a36f104d05c1e7d921d3c386d	md5	a0aa476a36f104d05c1e7d921d3c386d	
unchanged	third_party	header	boost/asio/raw_socket_service.hpp	md5	115e22ac916e59995a3260e7dc853604	md5	115e22ac916e59995a3260e7dc853604	
unchanged	third_party	header	boost/asio/read.hpp	md5	ad11924ed60287660be436fb4b71cc47	md5	ad11924ed60287660be436fb4b71cc47	
unchanged	third_party	header	boost/asio/read_at.hpp	md5	28e36acdce8795fc7079c7cbd2b2c512	md5	28e36acdce8795fc7079c7cbd2b2c512	
unchanged	third_party	header	boost/asio/read_until.hpp	md5	2b5ae43de4bb6bae7c4f7d182401a468	md5	2b5ae43de4bb6bae7c4f7d182401a468	
unchanged	third_party	header	boost/asio/seq_packet_socket_service.hpp	md5	5b94e9c4834a34223194300f1541ba61	md5	5b94e9c4834a34223194300f1541ba61	
unchanged	third_party	header	boost/asio/serial_port.hpp	md5	06521d73b0e1e1e20a3470ecc00a7f5a	md5	06521d73b0e1e1e20a3470ecc00a7f5a	
unchanged	third_party	header	boost/asio/serial_port_base.hpp	md5	c9b8a6ad2366331f62e8db47de7251ef	md5	c9b8a6ad2366331f62e8db47de7251ef	
unchanged	third_party	header	boost/asio/serial_port_service.hpp	md5	cf1bdd928566688ea16020c4ac0fc3dc	md5	cf1bdd928566688ea16020c4ac0fc3dc	
unchanged	third_party	header	boost/asio/signal_set.hpp	md5	65111421743056a593fccb32cecae958	md5	65111421743056a593fccb32cecae958	
unchanged	third_party	header	boost/asio/signal_set_service.hpp	md5	d720e7399ab3c0664e21133ede654f1b	md5	d720e7399ab3c0664e21133ede654f1b	
unchanged	third_party	header	boost/asio/socket_acceptor_service.hpp	md5	069471851bff05d26f193f4526433af7	md5	069471851bff05d26f193f4526433af7	
unchanged	third_party	header	boost/asio/socket_base.hpp	md5	49973b723ef66f89da081b1711021e54	md5	49973b723ef66f89da081b1711021e54	
unchanged	third_party	header	boost/asio/ssl.hpp	md5	88122ca8cdfb3dbd4286f87ba422d322	md5	88122ca8cdfb3dbd4286f87ba422d322	
unchanged	third_party	header	boost/asio/ssl/basic_context.hpp	md5	72a654c3f7e348e92e1358f09f2387c1	md5	72a654c3f7e348e92e1358f09f2387c1	
unchanged	third_party	header	boost/asio/ssl/context.hpp	md5	5fe3b64c86a54f439df30492be822b0b	md5	5fe3b64c86a54f439df30492be822b0b	
unchanged	third_party	header	boost/asio/ssl/context_base.hpp	md5	f8c66999d7f898bb7527f5ffc6e0f5fb	md5	f8c66999d7f898bb7527f5ffc6e0f5fb	
unchanged	third_party	header	boost/asio/ssl/context_service.hpp	md5	aa218d6d2c6a232d3b3899831f3a2860	md5	aa218d6d2c6a232d3b3899831f3a2860	
unchanged	third_party	header	boost/asio/ssl/detail/engine.hpp	md5	02ec0f21229ef3777834babe09a5edaa	md5	02ec0f21229ef3777834babe09a5edaa	
unchanged	third_party	header	boost/asio/ssl/detail/handshake_op.hpp	md5	ecc891dc7b153865a8f57722ed6a5ad0	md5	ecc891dc7b153865a8f57722ed6a5ad0	
unchanged	third_party	header	boost/asio/ssl/detail/impl/engine.ipp	md5	55b10a4a4cc5aa4c3283287d7da5e4a7	md5	55b10a4a4cc5aa4c3283287d7da5e4a7	
unchanged	third_party	header	boost/asio/ssl/detail/impl/openssl_init.ipp	md5	5113c2c041154267950abeababca4380	md5	5113c2c041154267950abeababca4380	
unchanged	third_party	header	boost/asio/ssl/detail/io.hpp	md5	58268a9ea517c1ae55427972eb3f3c3c	md5	58268a9ea517c1ae55427972eb3f3c3c	
unchanged	third_party	header	boost/asio/ssl/detail/openssl_init.hpp	md5	58774923bcf7ef28e20bcb1f2edca493	md5	58774923bcf7ef28e20bcb1f2edca493	
unchanged	third_party	header	boost/asio/ssl/detail/openssl_types.hpp	md5	045e66392d38137bcfc40f4835f49a42	md5	045e66392d38137bcfc40f4835f49a42	
unchanged	third_party	header	boost/asio/ssl/detail/password_callback.hpp	md5	bbc100c5fc0633ccf914bb6b50baaa06	md5	bbc100c5fc0633ccf914bb6b50baaa06	
unchanged	third_party	header	boost/asio/ssl/detail/read_op.hpp	md5	f40a44e631c0260740d12b6b7f67b6bf	md5	f40a44e631c0260740d12b6b7f67b6bf	
unchanged	third_party	header	boost/asio/ssl/detail/shutdown_op.hpp	md5	a99021fbd1f4245079cde0dbf70a46dc	md5	a99021fbd1f4245079cde0dbf70a46dc	
unchanged	third_party	header	boost/asio/ssl/detail/stream_core.hpp	md5	e9bae07b36a5990b86dae478ecae22a9	md5	e9bae07b36a5990b86dae478ecae22a9	
unchanged	third_party	header	boost/asio/ssl/detail/verify_callback.hpp	md5	a7283a16b25a46501b5f0941505f0562	md5	a7283a16b25a46501b5f0941505f0562	
unchanged	third_party	header	boost/asio/ssl/detail/write_op.hpp	md5	4eb1da14d6f4a2a9fe6928db17a9c1f6	md5	4eb1da14d6f4a2a9fe6928db17a9c1f6	
unchanged	third_party	header	boost/asio/ssl/error.hpp	md5	38193ae264ce40cce484db706997f04f	md5	38193ae264ce40cce484db706997f04f	
unchanged	third_party	header	boost/asio/ssl/impl/context.hpp	md5	fcfc203e3e1d2b163890207d428e4b17	md5	fcfc203e3e1d2b163890207d428e4b17	
unchanged	third_party	header	boost/asio/ssl/impl/context.ipp	md5	6da49627d32cbd32c62fd2c941033d87	md5	6da49627d32cbd32c62fd2c941033d87	
unchanged	third_party	header	boost/asio/ssl/impl/error.ipp	md5	8943e1c342b18cc91c51c5fa66cff007	md5	8943e1c342b18cc91c51c5fa66cff007	
unchanged	third_party	header	boost/asio/ssl/impl/rfc2818_verification.ipp	md5	5937b6a265e4a0e82ccd8156de1fd80c	md5	5937b6a265e4a0e82ccd8156de1fd80c	
unchanged	third_party	header	boost/asio/ssl/rfc2818_verification.hpp	md5	94f4e72978a9326ddcaf8b3f927c90ca	md5	94f4e72978a9326ddcaf8b3f927c90ca	
unchanged	third_party	header	boost/asio/ssl/stream.hpp	md5	d3544f3b32517a45f118d16e7184ef0b	md5	d3544f3b32517a45f118d16e7184ef0b	
unchanged	third_party	header	boost/asio/ssl/stream_base.hpp	md5	385ab44261fd6409c34b9c1b9dc50f45	md5	385ab44261fd6409c34b9c1b9dc50f45	
unchanged	third_party	header	boost/asio/ssl/stream_service.hpp	md5	25522ac8db96c46027b5f14a28b12584	md5	25522ac8db96c46027b5f14a28b12584	
unchanged	third_party	header	boost/asio/ssl/verify_context.hpp	md5	dc67f3ec69a2294e867f32f0052de882	md5	dc67f3ec69a2294e867f32f0052de882	
unchanged	third_party	header	boost/asio/ssl/verify_mode.hpp	md5	67192729ca18240c846b1dda96e3c645	md5	67192729ca18240c846b1dda96e3c645	
unchanged	third_party	header	boost/asio/strand.hpp	md5	bc5f71db8a52f8a56de61bc25042367a	md5	bc5f71db8a52f8a56de61bc25042367a	
unchanged	third_party	header	boost/asio/stream_socket_service.hpp	md5	8da4c5b33ace262da73c368b9074f298	md5	8da4c5b33ace262da73c368b9074f298	
unchanged	third_party	header	boost/asio/streambuf.hpp	md5	06c8bb2d32f86dc0370e3cc43f68a620	md5	06c8bb2d32f86dc0370e3cc43f68a620	
unchanged	third_party	header	boost/asio/time_traits.hpp	md5	2aafee5b2aadd6a8812b8dd37d1494f7	md5	2aafee5b2aadd6a8812b8dd37d1494f7	
unchanged	third_party	header	boost/asio/version.hpp	md5	47f4cb2bbc1ee69e8772d1d7e23ad656	md5	47f4cb2bbc1ee69e8772d1d7e23ad656	
unchanged	third_party	header	boost/asio/windows/basic_handle.hpp	md5	612287ddce56cd4c082c26ac85d0b756	md5	612287ddce56cd4c082c26ac85d0b756	
unchanged	third_party	header	boost/asio/windows/basic_random_access_handle.hpp	md5	afd9059b7ab4a430d38a868597ee7a42	md5	afd9059b7ab4a430d38a868597ee7a42	
unchanged	third_party	header	boost/asio/windows/basic_stream_handle.hpp	md5	5ce8f3789f4221177e87f3421ee49df4	md5	5ce8f3789f4221177e87f3421ee49df4	
unchanged	third_party	header	boost/asio/windows/overlapped_ptr.hpp	md5	cf19d53ec5a7d2c7933371b3d9eb1a3c	md5	cf19d53ec5a7d2c7933371b3d9eb1a3c	
unchanged	third_party	header	boost/asio/windows/random_access_handle.hpp	md5	db99e4d850b044ce9741c33972ccb03d	md5	db99e4d850b044ce9741c33972ccb03d	
unchanged	third_party	header	boost/asio/windows/random_access_handle_service.hpp	md5	70cfb4af23e554616c77e0dec5301907	md5	70cfb4af23e554616c77e0dec5301907	
unchanged	third_party	header	boost/asio/windows/stream_handle.hpp	md5	8d27e72421d7e8d86d603043537615ae	md5	8d27e72421d7e8d86d603043537615ae	
unchanged	third_party	header	boost/asio/windows/stream_handle_service.hpp	md5	f54b2e2afb670cde7d2a3d79ea91a9fd	md5	f54b2e2afb670cde7d2a3d79ea91a9fd	
unchanged	third_party	header	boost/asio/write.hpp	md5	893e069b251a1b11c3e24deb8751684e	md5	893e069b251a1b11c3e24deb8751684e	
unchanged	third_party	header	boost/asio/write_at.hpp	md5	fb5c201df76ad0c820a66c1ff6cd1b2b	md5	fb5c201df76ad0c820a66c1ff6cd1b2b	
unchanged	third_party	header	boost/assert.hpp	md5	493ad442910bd31a5e8aa0b02bc20fdf	md5	493ad442910bd31a5e8aa0b02bc20fdf	
unchanged	third_party	header	boost/bind.hpp	md5	ba6716faefe11621a1dd4c27cfa43135	md5	ba6716faefe11621a1dd4c27cfa43135	
unchanged	third_party	header	boost/bind/arg.hpp	md5	175616534a9f655ac7053e09db898765	md5	175616534a9f655ac7053e09db898765	
unchanged	third_party	header	boost/bind/bind.hpp	md5	582ca883df61e110cf03fbabc0b8f7d8	md5	582ca883df61e110cf03fbabc0b8f7d8	
unchanged	third_party	header	boost/bind/bind_cc.hpp	md5	ab4e15591276c01a0ad31b4d8043a4e0	md5	ab4e15591276c01a0ad31b4d8043a4e0	
unchanged	third_party	header	boost/bind/bind_mf2_cc.hpp	md5	3f9bc06db2d6d9800704be285d4514a8	md5	3f9bc06db2d6d9800704be285d4514a8	
unchanged	third_party	header	boost/bind/bind_mf_cc.hpp	md5	8d7ff3118de0eec6f313f8fd87425f33	md5	8d7ff3118de0eec6f313f8fd87425f33	
unchanged	third_party	header	boost/bind/bind_template.hpp	md5	7bb51b54e3dec21ab9ba3a6efc257b03	md5	7bb51b54e3dec21ab9ba3a6efc257b03	
unchanged	third_party	header	boost/bind/mem_fn.hpp	md5	f73b4970746125536a09ff4c0854b797	md5	f73b4970746125536a09ff4c0854b797	
unchanged	third_party	header	boost/bind/mem_fn_cc.hpp	md5	791b01c246d00729922599854253c133	md5	791b01c246d00729922599854253c133	
unchanged	third_party	header	boost/bind/mem_fn_template.hpp	md5	3ac7256f83fcc14744d2f874179012fa	md5	3ac7256f83fcc14744d2f874179012fa	
unchanged	third_party	header	boost/bind/placeholders.hpp	md5	f0e3a541830968f64a6d23dc23c8ddc4	md5	f0e3a541830968f64a6d23dc23c8ddc4	
unchanged	third_party	header	boost/bind/storage.hpp	md5	7188c3ab7cb5f3f9296feca1b3e60147	md5	7188c3ab7cb5f3f9296feca1b3e60147	
unchanged	third_party	header	boost/blank.hpp	md5	5a6314f202a41f828103f41a11bb7458	md5	5a6314f202a41f828103f41a11bb7458	
unchanged	third_party	header	boost/blank_fwd.hpp	md5	be5a2f1bcd2e23013f2115a65bff1455	md5	be5a2f1bcd2e23013f2115a65bff1455	
unchanged	third_party	header	boost/call_traits.hpp	md5	931a0510df6c3ce3ec66f24cae981206	md5	931a0510df6c3ce3ec66f24cae981206	
unchanged	third_party	header	boost/cerrno.hpp	md5	a0393b3e95495280c2766c8db103ddf6	md5	a0393b3e95495280c2766c8db103ddf6	
unchanged	third_party	header	boost/checked_delete.hpp	md5	8036a11b4a0476904d1bd7d22b82efb9	md5	8036a11b4a0476904d1bd7d22b82efb9	
unchanged	third_party	header	boost/circular_buffer.hpp	md5	d58c66c47bd8a2874fe72420734ac251	md5	d58c66c47bd8a2874fe72420734ac251	
unchanged	third_party	header	boost/circular_buffer/base.hpp	md5	a61e0f3d4ac5389a0eefe64920da7765	md5	a61e0f3d4ac5389a0eefe64920da7765	
unchanged	third_party	header	boost/circular_buffer/debug.hpp	md5	910e5407feb0dd1756b6e60f544213fb	md5	910e5407feb0dd1756b6e60f544213fb	
unchanged	third_party	header	boost/circular_buffer/details.hpp	md5	be39a7cbb04d5e01bdba82159a7c7c1e	md5	be39a7cbb04d5e01bdba82159a7c7c1e	
unchanged	third_party	header	boost/circular_buffer/space_optimized.hpp	md5	3289ad67d6822ba53536f570d2d1149b	md5	3289ad67d6822ba53536f570d2d1149b	
unchanged	third_party	header	boost/circular_buffer_fwd.hpp	md5	25e3aaab53ee9e66c4e66ac20334c23d	md5	25e3aaab53ee9e66c4e66ac20334c23d	
unchanged	third_party	header	boost/concept/assert.hpp	md5	312c4d50e7028f8992a97594e5631615	md5	312c4d50e7028f8992a97594e5631615	
unchanged	third_party	header	boost/concept/detail/backward_compatibility.hpp	md5	be709962bbe2ce68e186f397dc330012	md5	be709962bbe2ce68e186f397dc330012	
unchanged	third_party	header	boost/concept/detail/concept_def.hpp	md5	1352430c6760dba68c8e4ff21bef7ef8	md5	1352430c6760dba68c8e4ff21bef7ef8	
unchanged	third_party	header	boost/concept/detail/concept_undef.hpp	md5	85d2c7a23a291d93351a0ebf38d82939	md5	85d2c7a23a291d93351a0ebf38d82939	
unchanged	third_party	header	boost/concept/detail/has_constraints.hpp	md5	b7695a563dee85ef4c932f38459e8f88	md5	b7695a563dee85ef4c932f38459e8f88	
unchanged	third_party	header	boost/concept/detail/msvc.hpp	md5	27d453ba07b51a6230ba4cd62fc0f9e9	md5	27d453ba07b51a6230ba4cd62fc0f9e9	
unchanged	third_party	header	boost/concept/usage.hpp	md5	ef576672ce4ea828cfff20beddf25715	md5	ef576672ce4ea828cfff20beddf25715	
unchanged	third_party	header	boost/concept_check.hpp	md5	f6ca868a69bbdafa55f6215de2555e5b	md5	f6ca868a69bbdafa55f6215de2555e5b	
unchanged	third_party	header	boost/config.hpp	md5	d5ee1ec042ef159870bc8e9037920c1a	md5	d5ee1ec042ef159870bc8e9037920c1a	
unchanged	third_party	header	boost/config/abi/msvc_prefix.hpp	md5	fd93c68577e512c4c1996aa2999ed74a	md5	fd93c68577e512c4c1996aa2999ed74a	
unchanged	third_party	header	boost/config/abi/msvc_suffix.hpp	md5	9e94ff70e9460cd11d76ff5fcf6ea274	md5	9e94ff70e9460cd11d76ff5fcf6ea274	
unchanged	third_party	header	boost/config/abi_prefix.hpp	md5	40f9d81fd0c0fd321fd8dcfa3f5cae8b	md5	40f9d81fd0c0fd321fd8dcfa3f5cae8b	
unchanged	third_party	header	boost/config/abi_suffix.hpp	md5	a94f597fd5fc3f586d8b04e44f377c9d	md5	a94f597fd5fc3f586d8b04e44f377c9d	
unchanged	third_party	header	boost/config/auto_link.hpp	md5	7abcb776a719e062a4ebf3e5c70f7007	md5	7abcb776a719e062a4ebf3e5c70f7007	
unchanged	third_party	header	boost/config/compiler/visualc.hpp	md5	0f8fec958d6daebb4ee924968da84e2e	md5	0f8fec958d6daebb4ee924968da84e2e	
unchanged	third_party	header	boost/config/no_tr1/cmath.hpp	md5	435ad03dba38a4df1cffe1037d46ae5c	md5	435ad03dba38a4df1cffe1037d46ae5c	
unchanged	third_party	header	boost/config/no_tr1/complex.hpp	md5	a72bf4c5575a34eb5627ac3fa81e552d	md5	a72bf4c5575a34eb5627ac3fa81e552d	
unchanged	third_party	header	boost/config/no_tr1/functional.hpp	md5	08f59eaafe21ac6e950a981b9103b2d0	md5	08f59eaafe21ac6e950a981b9103b2d0	
unchanged	third_party	header	boost/config/no_tr1/memory.hpp	md5	ddd731e9e259c86c34c9feaf8a7836e7	md5	ddd731e9e259c86c34c9feaf8a7836e7	
unchanged	third_party	header	boost/config/no_tr1/utility.hpp	md5	75386ccffe2a41430c0fb32b4cce5713	md5	75386ccffe2a41430c0fb32b4cce5713	
unchanged	third_party	header	boost/config/platform/win32.hpp	md5	74f4a8abe3b891d4aa119b17db836556	md5	74f4a8abe3b891d4aa119b17db836556	
unchanged	third_party	header	boost/config/select_compiler_config.hpp	md5	c446e73c8f458de99f405d84f0416e5e	md5	c446e73c8f458de99f405d84f0416e5e	
unchanged	third_party	header	boost/config/select_platform_config.hpp	md5	2be33bdfb07c84c3970cd07de7224f7e	md5	2be33bdfb07c84c3970cd07de7224f7e	
unchanged	third_party	header	boost/config/select_stdlib_config.hpp	md5	e08cc8506c59af718dc24ff039c00405	md5	e08cc8506c59af718dc24ff039c00405	
unchanged	third_party	header	boost/config/stdlib/stlport.hpp	md5	4460d58b906f7d9c63376d028a1f27fa	md5	4460d58b906f7d9c63376d028a1f27fa	
unchanged	third_party	header	boost/config/suffix.hpp	md5	9427986c7c9d40b6284e9aa7dee7ba8d	md5	9427986c7c9d40b6284e9aa7dee7ba8d	
unchanged	third_party	header	boost/config/user.hpp	md5	a2ea98a80301ebf2c480c7a562a0d8f2	md5	a2ea98a80301ebf2c480c7a562a0d8f2	
unchanged	third_party	header	boost/crc.hpp	md5	f404a29d8a3d2ada42191f48ca8ff8e1	md5	f404a29d8a3d2ada42191f48ca8ff8e1	
unchanged	third_party	header	boost/cstdint.hpp	md5	8293553ae018481b1cbee4ea3f87d8b3	md5	8293553ae018481b1cbee4ea3f87d8b3	
unchanged	third_party	header	boost/current_function.hpp	md5	27de6d8d0ae9846d6993c2f51ad9dcba	md5	27de6d8d0ae9846d6993c2f51ad9dcba	
unchanged	third_party	header	boost/date_time/adjust_functors.hpp	md5	b4e2b74ce86e81494c6602540bb25f93	md5	b4e2b74ce86e81494c6602540bb25f93	
unchanged	third_party	header	boost/date_time/c_time.hpp	md5	c542df4693ebefd80562e46ae15da536	md5	c542df4693ebefd80562e46ae15da536	
unchanged	third_party	header	boost/date_time/compiler_config.hpp	md5	5a54a6ac8879f7eb3ad4fbbadb113453	md5	5a54a6ac8879f7eb3ad4fbbadb113453	
unchanged	third_party	header	boost/date_time/constrained_value.hpp	md5	738f7ef87707d477283d00156ea4c9ae	md5	738f7ef87707d477283d00156ea4c9ae	
unchanged	third_party	header	boost/date_time/date.hpp	md5	82e306e9909507f8fd9328ff97059ca0	md5	82e306e9909507f8fd9328ff97059ca0	
unchanged	third_party	header	boost/date_time/date_clock_device.hpp	md5	f0263d7e5ba52b231c3e01ede4af3311	md5	f0263d7e5ba52b231c3e01ede4af3311	
unchanged	third_party	header	boost/date_time/date_defs.hpp	md5	bcfeb8d1663c00bdc73a35c3f285d724	md5	bcfeb8d1663c00bdc73a35c3f285d724	
unchanged	third_party	header	boost/date_time/date_duration.hpp	md5	fcc9cda864caf526434f46df794e1501	md5	fcc9cda864caf526434f46df794e1501	
unchanged	third_party	header	boost/date_time/date_duration_types.hpp	md5	7798b710249aa04f24c3afaa6f9e5276	md5	7798b710249aa04f24c3afaa6f9e5276	
unchanged	third_party	header	boost/date_time/date_generators.hpp	md5	a1f02d9e7de538340cac65dbabd252f4	md5	a1f02d9e7de538340cac65dbabd252f4	
unchanged	third_party	header	boost/date_time/date_iterator.hpp	md5	d54d8defa389d409fb87710e25bb82b4	md5	d54d8defa389d409fb87710e25bb82b4	
unchanged	third_party	header	boost/date_time/dst_rules.hpp	md5	2f9370de1c0802e63a9b181b75dfcf14	md5	2f9370de1c0802e63a9b181b75dfcf14	
unchanged	third_party	header	boost/date_time/filetime_functions.hpp	md5	4bc91bba39e427651fdd581595a32b30	md5	4bc91bba39e427651fdd581595a32b30	
unchanged	third_party	header	boost/date_time/gregorian/greg_calendar.hpp	md5	ba489b075e9c2e1044969b8a5adaca08	md5	ba489b075e9c2e1044969b8a5adaca08	
unchanged	third_party	header	boost/date_time/gregorian/greg_date.hpp	md5	65bc4a5dd171ea28071c465f430b62d7	md5	65bc4a5dd171ea28071c465f430b62d7	
unchanged	third_party	header	boost/date_time/gregorian/greg_day.hpp	md5	f64b56963b938db87bd75bfd35b7795b	md5	f64b56963b938db87bd75bfd35b7795b	
unchanged	third_party	header	boost/date_time/gregorian/greg_day_of_year.hpp	md5	e29ba6906e72e75f428ce9af8004bbc5	md5	e29ba6906e72e75f428ce9af8004bbc5	
unchanged	third_party	header	boost/date_time/gregorian/greg_duration.hpp	md5	5076e49bfc1d4d01494a0ec3aa8b5f89	md5	5076e49bfc1d4d01494a0ec3aa8b5f89	
unchanged	third_party	header	boost/date_time/gregorian/greg_duration_types.hpp	md5	df192b74750ab75654989341cbd5518f	md5	df192b74750ab75654989341cbd5518f	
unchanged	third_party	header	boost/date_time/gregorian/greg_month.hpp	md5	48d5852609a925ea396442e4b9ae9a9f	md5	48d5852609a925ea396442e4b9ae9a9f	
unchanged	third_party	header	boost/date_time/gregorian/greg_weekday.hpp	md5	ef2d53485677189e2df4aef76f30b7b6	md5	ef2d53485677189e2df4aef76f30b7b6	
unchanged	third_party	header	boost/date_time/gregorian/greg_year.hpp	md5	19f05c508b6f25a0fdf72fb539225870	md5	19f05c508b6f25a0fdf72fb539225870	
unchanged	third_party	header	boost/date_time/gregorian/greg_ymd.hpp	md5	d808d4048a090e8e08519294a2c3fbb2	md5	d808d4048a090e8e08519294a2c3fbb2	
unchanged	third_party	header	boost/date_time/gregorian/gregorian_types.hpp	md5	c91e5f8a520f8d5bd0cfb0af2fd655d4	md5	c91e5f8a520f8d5bd0cfb0af2fd655d4	
unchanged	third_party	header	boost/date_time/gregorian_calendar.hpp	md5	068b3d87a8d5736c3eb01427a93d9635	md5	068b3d87a8d5736c3eb01427a93d9635	
unchanged	third_party	header	boost/date_time/gregorian_calendar.ipp	md5	ba7025222189884e88ec3cf62385c7ec	md5	ba7025222189884e88ec3cf62385c7ec	
unchanged	third_party	header	boost/date_time/int_adapter.hpp	md5	39bdcdac32f320946a9c52a5f54644dd	md5	39bdcdac32f320946a9c52a5f54644dd	
unchanged	third_party	header	boost/date_time/locale_config.hpp	md5	fa1861fbf4454096040067c9f2f4f39f	md5	fa1861fbf4454096040067c9f2f4f39f	
unchanged	third_party	header	boost/date_time/microsec_time_clock.hpp	md5	8d340cc4c1e0e2bf66726cfcc8523931	md5	8d340cc4c1e0e2bf66726cfcc8523931	
unchanged	third_party	header	boost/date_time/period.hpp	md5	d40e8ca04c9013e61d8a463404a0a8a4	md5	d40e8ca04c9013e61d8a463404a0a8a4	
unchanged	third_party	header	boost/date_time/posix_time/date_duration_operators.hpp	md5	0ab89c2b7d6789a1a687d9f3489e1c70	md5	0ab89c2b7d6789a1a687d9f3489e1c70	
unchanged	third_party	header	boost/date_time/posix_time/posix_time_config.hpp	md5	04eb11c738efb8212fa9fdb1000584f9	md5	04eb11c738efb8212fa9fdb1000584f9	
unchanged	third_party	header	boost/date_time/posix_time/posix_time_duration.hpp	md5	be8bb3e1f02b4b995e01cb1860cd87f8	md5	be8bb3e1f02b4b995e01cb1860cd87f8	
unchanged	third_party	header	boost/date_time/posix_time/posix_time_system.hpp	md5	67ea75b3d377a608789564cc7623636c	md5	67ea75b3d377a608789564cc7623636c	
unchanged	third_party	header	boost/date_time/posix_time/posix_time_types.hpp	md5	cd482df7a4d942dcaaf0f42dc7d7fe68	md5	cd482df7a4d942dcaaf0f42dc7d7fe68	
unchanged	third_party	header	boost/date_time/posix_time/ptime.hpp	md5	e4fe10a50bfdf390af68d6ffee88a91b	md5	e4fe10a50bfdf390af68d6ffee88a91b	
unchanged	third_party	header	boost/date_time/posix_time/time_period.hpp	md5	477e332ea454b93ea2c70eb232b69fc1	md5	477e332ea454b93ea2c70eb232b69fc1	
unchanged	third_party	header	boost/date_time/special_defs.hpp	md5	470c30b983d45f41818bba098516c9ea	md5	470c30b983d45f41818bba098516c9ea	
unchanged	third_party	header	boost/date_time/time.hpp	md5	12709838d10218507db82befb6ffb501	md5	12709838d10218507db82befb6ffb501	
unchanged	third_party	header	boost/date_time/time_clock.hpp	md5	6bc8723effa0d62b6dff7f5c58f17f16	md5	6bc8723effa0d62b6dff7f5c58f17f16	
unchanged	third_party	header	boost/date_time/time_defs.hpp	md5	48eb07c398506669aa2096b60c28111e	md5	48eb07c398506669aa2096b60c28111e	
unchanged	third_party	header	boost/date_time/time_duration.hpp	md5	5935fed98a37e9785538fdab41ed302a	md5	5935fed98a37e9785538fdab41ed302a	
unchanged	third_party	header	boost/date_time/time_iterator.hpp	md5	bc8ffb17794c19f6c3792dfe58eeab5c	md5	bc8ffb17794c19f6c3792dfe58eeab5c	
unchanged	third_party	header	boost/date_time/time_resolution_traits.hpp	md5	ae639922017c750fd482a5c046cab91f	md5	ae639922017c750fd482a5c046cab91f	
unchanged	third_party	header	boost/date_time/time_system_counted.hpp	md5	37cc197310099d804e14e85e91a0f050	md5	37cc197310099d804e14e85e91a0f050	
unchanged	third_party	header	boost/date_time/time_system_split.hpp	md5	6a1d1ea46fa32b9edf6fa36488384d19	md5	6a1d1ea46fa32b9edf6fa36488384d19	
unchanged	third_party	header	boost/date_time/wrapping_int.hpp	md5	0a03fb047ace9dc888b6903663cf4190	md5	0a03fb047ace9dc888b6903663cf4190	
unchanged	third_party	header	boost/date_time/year_month_day.hpp	md5	4b25206f5c279f13c8b2d9d7cd0b03c5	md5	4b25206f5c279f13c8b2d9d7cd0b03c5	
unchanged	third_party	header	boost/detail/call_traits.hpp	md5	68aa61ab4298568f55eb3317de37e19d	md5	68aa61ab4298568f55eb3317de37e19d	
added	third_party	header	boost/detail/container_fwd.hpp			md5	6f6c7f3b9f051410f520163efd51edc7	
unchanged	third_party	header	boost/detail/endian.hpp	md5	8acaab8040c7e3aabe49cd327a04296a	md5	8acaab8040c7e3aabe49cd327a04296a	
unchanged	third_party	header	boost/detail/indirect_traits.hpp	md5	2f386357632d07fac4dcb30115792b41	md5	2f386357632d07fac4dcb30115792b41	
unchanged	third_party	header	boost/detail/interlocked.hpp	md5	24fde698046b6ceec9dcc6b821345642	md5	24fde698046b6ceec9dcc6b821345642	
unchanged	third_party	header	boost/detail/iterator.hpp	md5	b9f7927811c3363837bd1305a4094f54	md5	b9f7927811c3363837bd1305a4094f54	
unchanged	third_party	header	boost/detail/lcast_precision.hpp	md5	cf5af7ee480c79db08fccd21fcf1a7f3	md5	cf5af7ee480c79db08fccd21fcf1a7f3	
unchanged	third_party	header	boost/detail/no_exceptions_support.hpp	md5	045686da150844162c6a3842eb90dfe1	md5	045686da150844162c6a3842eb90dfe1	
unchanged	third_party	header	boost/detail/reference_content.hpp	md5	e4d0e9c7d73de7645ac84824f5ebfd43	md5	e4d0e9c7d73de7645ac84824f5ebfd43	
unchanged	third_party	header	boost/detail/sp_typeinfo.hpp	md5	827657eb870c0bbbc4ad9598d9fd7afc	md5	827657eb870c0bbbc4ad9598d9fd7afc	
unchanged	third_party	header	boost/detail/templated_streams.hpp	md5	98912349805da7083502fdf09921af51	md5	98912349805da7083502fdf09921af51	
unchanged	third_party	header	boost/detail/workaround.hpp	md5	89c80c047cab70b351df50735c4b09e5	md5	89c80c047cab70b351df50735c4b09e5	
unchanged	third_party	header	boost/exception/detail/attribute_noreturn.hpp	md5	d5dced86d9cec3c989bd7b765a1d168e	md5	d5dced86d9cec3c989bd7b765a1d168e	
unchanged	third_party	header	boost/exception/exception.hpp	md5	96c8a8908f5dcdf3ba1bcf018212f5fe	md5	96c8a8908f5dcdf3ba1bcf018212f5fe	
unchanged	third_party	header	boost/format.hpp	md5	34ebcc4054ce3adef13ff37e681bcc72	md5	34ebcc4054ce3adef13ff37e681bcc72	
unchanged	third_party	header	boost/format/alt_sstream.hpp	md5	cf602dad8b3beb22d763c6cb88161a3f	md5	cf602dad8b3beb22d763c6cb88161a3f	
unchanged	third_party	header	boost/format/alt_sstream_impl.hpp	md5	c1611a9ab370254519f483d24de55b51	md5	c1611a9ab370254519f483d24de55b51	
unchanged	third_party	header	boost/format/detail/compat_workarounds.hpp	md5	3773cb9a1b7492d476b4cc055f9918fb	md5	3773cb9a1b7492d476b4cc055f9918fb	
unchanged	third_party	header	boost/format/detail/config_macros.hpp	md5	a21274c70fe40fca32a7c62ae2a32402	md5	a21274c70fe40fca32a7c62ae2a32402	
unchanged	third_party	header	boost/format/detail/msvc_disambiguater.hpp	md5	096a9f9528c25e07e2cac04e6e3f122c	md5	096a9f9528c25e07e2cac04e6e3f122c	
unchanged	third_party	header	boost/format/detail/unset_macros.hpp	md5	2f918b2674c448efdd613df07cfcda61	md5	2f918b2674c448efdd613df07cfcda61	
unchanged	third_party	header	boost/format/detail/workarounds_gcc-2_95.hpp	md5	5e3585be07ee6c40fa2ed8db9f746021	md5	5e3585be07ee6c40fa2ed8db9f746021	
unchanged	third_party	header	boost/format/detail/workarounds_stlport.hpp	md5	fdbc82b3ba077e9d8e63fbe73b3fc2e5	md5	fdbc82b3ba077e9d8e63fbe73b3fc2e5	
unchanged	third_party	header	boost/format/exceptions.hpp	md5	8b3aa481fd0b99a7dc6fc7fb83f0fa55	md5	8b3aa481fd0b99a7dc6fc7fb83f0fa55	
unchanged	third_party	header	boost/format/feed_args.hpp	md5	99aff3177af962896952a9e46ba26852	md5	99aff3177af962896952a9e46ba26852	
unchanged	third_party	header	boost/format/format_class.hpp	md5	cac8e05143bc0fa13bf1831ef4ebe656	md5	cac8e05143bc0fa13bf1831ef4ebe656	
unchanged	third_party	header	boost/format/format_fwd.hpp	md5	01d296021d5688beaa4c5d37874aa1f4	md5	01d296021d5688beaa4c5d37874aa1f4	
unchanged	third_party	header	boost/format/format_implementation.hpp	md5	aaf860b9614ea9e1160613df6d1bf7dc	md5	aaf860b9614ea9e1160613df6d1bf7dc	
unchanged	third_party	header	boost/format/free_funcs.hpp	md5	e9aaed08b9cfda27c87fe5b7ee798f6a	md5	e9aaed08b9cfda27c87fe5b7ee798f6a	
unchanged	third_party	header	boost/format/group.hpp	md5	319a27ba03a4f7b7d6686a7e658c1efa	md5	319a27ba03a4f7b7d6686a7e658c1efa	
unchanged	third_party	header	boost/format/internals.hpp	md5	cc130b9e78b8e372cf04687f14365121	md5	cc130b9e78b8e372cf04687f14365121	
unchanged	third_party	header	boost/format/internals_fwd.hpp	md5	84d6f0ca3829733139b41d930433d463	md5	84d6f0ca3829733139b41d930433d463	
unchanged	third_party	header	boost/format/parsing.hpp	md5	973fe2e8edfd46402c12aa6cc84e32ca	md5	973fe2e8edfd46402c12aa6cc84e32ca	
unchanged	third_party	header	boost/function.hpp	md5	62d50383fe2c54f925e380bcedc6567b	md5	62d50383fe2c54f925e380bcedc6567b	
unchanged	third_party	header	boost/function/detail/function_iterate.hpp	md5	5b5b105aee5fdecdef64b121c1e25150	md5	5b5b105aee5fdecdef64b121c1e25150	
unchanged	third_party	header	boost/function/detail/maybe_include.hpp	md5	a0f386a113e0efb7bab64bd75968bf94	md5	a0f386a113e0efb7bab64bd75968bf94	
unchanged	third_party	header	boost/function/detail/prologue.hpp	md5	aaf389a419de17b3ffc0b021f4d70990	md5	aaf389a419de17b3ffc0b021f4d70990	
unchanged	third_party	header	boost/function/function_base.hpp	md5	7760951de6425033c6dd68e17f5ab661	md5	7760951de6425033c6dd68e17f5ab661	
unchanged	third_party	header	boost/function/function_fwd.hpp	md5	3b253b64f91180bbaae0e8e00ee799ca	md5	3b253b64f91180bbaae0e8e00ee799ca	
unchanged	third_party	header	boost/function/function_template.hpp	md5	7352350a3dacb13b59ef0d83e398d8f0	md5	7352350a3dacb13b59ef0d83e398d8f0	
unchanged	third_party	header	boost/function_equal.hpp	md5	9baa5de2e03d0b0ccaf5455e00d1e91c	md5	9baa5de2e03d0b0ccaf5455e00d1e91c	
added	third_party	header	boost/functional/hash.hpp			md5	6063a9bd998536389df1333a0ec1f2fc	
added	third_party	header	boost/functional/hash/detail/float_functions.hpp			md5	02bad89e655423b40f3d7cdb024853c6	
added	third_party	header	boost/functional/hash/detail/hash_float.hpp			md5	5c78cfebe6a6fe4cc7fd603b38ae6f93	
added	third_party	header	boost/functional/hash/detail/hash_float_generic.hpp			md5	9c9e837199af2bcac05d910852376614	
added	third_party	header	boost/functional/hash/detail/limits.hpp			md5	e0f60a23e5babd3794b3abce285f1eba	
added	third_party	header	boost/functional/hash/extensions.hpp			md5	d0e385febb47601f9a90649888f1f4cd	
added	third_party	header	boost/functional/hash/hash.hpp			md5	4502db4fa3a02ee1c1c8bd4238769f45	
added	third_party	header	boost/functional/hash/hash_fwd.hpp			md5	0d5f54b90221366eb7fe21de95270a0f	
unchanged	third_party	header	boost/fusion/adapted/mpl/detail/begin_impl.hpp	md5	67464df7661b44858d1fca68982edb47	md5	67464df7661b44858d1fca68982edb47	
unchanged	third_party	header	boost/fusion/adapted/mpl/detail/end_impl.hpp	md5	0def9c5b6acaff6e1021c0b7c11c9716	md5	0def9c5b6acaff6e1021c0b7c11c9716	
unchanged	third_party	header	boost/fusion/adapted/mpl/mpl_iterator.hpp	md5	b8dc67f8e7f2196621ff9feffc483c38	md5	b8dc67f8e7f2196621ff9feffc483c38	
unchanged	third_party	header	boost/fusion/adapted/std_pair.hpp	md5	d7bc6062f736424e192e264494b74daa	md5	d7bc6062f736424e192e264494b74daa	
unchanged	third_party	header	boost/fusion/adapted/struct/adapt_struct.hpp	md5	364c0e0baba1c57cb8bd54013212882b	md5	364c0e0baba1c57cb8bd54013212882b	
unchanged	third_party	header	boost/fusion/adapted/struct/detail/adapt_base.hpp	md5	89c4af26271c79dd553ae437d8bf3f9a	md5	89c4af26271c79dd553ae437d8bf3f9a	
unchanged	third_party	header	boost/fusion/adapted/struct/detail/at_impl.hpp	md5	b18f05a0042aad1029a11ca0995d433f	md5	b18f05a0042aad1029a11ca0995d433f	
unchanged	third_party	header	boost/fusion/adapted/struct/detail/begin_impl.hpp	md5	1b0987ddb149ad2c374ac9c59ef79da7	md5	1b0987ddb149ad2c374ac9c59ef79da7	
unchanged	third_party	header	boost/fusion/adapted/struct/detail/category_of_impl.hpp	md5	94ae99c1a525a0b592a83251de756ff0	md5	94ae99c1a525a0b592a83251de756ff0	
unchanged	third_party	header	boost/fusion/adapted/struct/detail/deref_impl.hpp	md5	6a63c2435a29811a73cea5c801ad0c69	md5	6a63c2435a29811a73cea5c801ad0c69	
unchanged	third_party	header	boost/fusion/adapted/struct/detail/end_impl.hpp	md5	33f5503c409edbbf93208c43da550983	md5	33f5503c409edbbf93208c43da550983	
unchanged	third_party	header	boost/fusion/adapted/struct/detail/extension.hpp	md5	795870288b63ab74e9e5ee1027ce1f85	md5	795870288b63ab74e9e5ee1027ce1f85	
unchanged	third_party	header	boost/fusion/adapted/struct/detail/is_sequence_impl.hpp	md5	293f0265d638f04d9fc59617a8766e4b	md5	293f0265d638f04d9fc59617a8766e4b	
unchanged	third_party	header	boost/fusion/adapted/struct/detail/is_view_impl.hpp	md5	179f92649708fe78f16f797f23113524	md5	179f92649708fe78f16f797f23113524	
unchanged	third_party	header	boost/fusion/adapted/struct/detail/size_impl.hpp	md5	67348f6e34cffb01c1ab4aa4f9d42a74	md5	67348f6e34cffb01c1ab4aa4f9d42a74	
unchanged	third_party	header	boost/fusion/adapted/struct/detail/value_at_impl.hpp	md5	e54a93805eb993fe61697be40f2d5d70	md5	e54a93805eb993fe61697be40f2d5d70	
unchanged	third_party	header	boost/fusion/adapted/struct/detail/value_of_impl.hpp	md5	360481df05ffdb1d35b8cebc945865bb	md5	360481df05ffdb1d35b8cebc945865bb	
unchanged	third_party	header	boost/fusion/algorithm/transformation/push_back.hpp	md5	7d0d24664544cb5cc0d5399aa3ad5a6a	md5	7d0d24664544cb5cc0d5399aa3ad5a6a	
unchanged	third_party	header	boost/fusion/algorithm/transformation/push_front.hpp	md5	6171e49cf1b38f23b326257b1c558032	md5	6171e49cf1b38f23b326257b1c558032	
unchanged	third_party	header	boost/fusion/container/generation/ignore.hpp	md5	b1049bbff46d68a2f345c608b30addae	md5	b1049bbff46d68a2f345c608b30addae	
unchanged	third_party	header	boost/fusion/container/list/cons.hpp	md5	90c09897b693aae2b2c90e0b2f94313b	md5	90c09897b693aae2b2c90e0b2f94313b	
unchanged	third_party	header	boost/fusion/container/list/cons_fwd.hpp	md5	d80c73d4441d628e68a6486dba91592b	md5	d80c73d4441d628e68a6486dba91592b	
unchanged	third_party	header	boost/fusion/container/list/cons_iterator.hpp	md5	3f9aafb2dbed768d4ad6e412a4a36f0a	md5	3f9aafb2dbed768d4ad6e412a4a36f0a	
unchanged	third_party	header	boost/fusion/container/list/detail/at_impl.hpp	md5	3dddcf0cd5f7979db162d22c895d3d51	md5	3dddcf0cd5f7979db162d22c895d3d51	
unchanged	third_party	header	boost/fusion/container/list/detail/begin_impl.hpp	md5	cdee0ced8a10ece5cdd3cdbb0780b39d	md5	cdee0ced8a10ece5cdd3cdbb0780b39d	
unchanged	third_party	header	boost/fusion/container/list/detail/deref_impl.hpp	md5	d43ee3078519315b9d621fcf57dd5569	md5	d43ee3078519315b9d621fcf57dd5569	
unchanged	third_party	header	boost/fusion/container/list/detail/empty_impl.hpp	md5	8eed881dbee3d3f1c2229f5b7cae0060	md5	8eed881dbee3d3f1c2229f5b7cae0060	
unchanged	third_party	header	boost/fusion/container/list/detail/end_impl.hpp	md5	3edbb98f31a567408ea84b3709e9fdd2	md5	3edbb98f31a567408ea84b3709e9fdd2	
unchanged	third_party	header	boost/fusion/container/list/detail/equal_to_impl.hpp	md5	a4a98b7e7a852d483d96f196c4855ea3	md5	a4a98b7e7a852d483d96f196c4855ea3	
unchanged	third_party	header	boost/fusion/container/list/detail/next_impl.hpp	md5	5f8e416e795acacd055def9b95bf3198	md5	5f8e416e795acacd055def9b95bf3198	
unchanged	third_party	header	boost/fusion/container/list/detail/preprocessed/list10_fwd.hpp	md5	b4b5feeb3eca2d802f4be2de5c93efc4	md5	b4b5feeb3eca2d802f4be2de5c93efc4	
unchanged	third_party	header	boost/fusion/container/list/detail/preprocessed/list_fwd.hpp	md5	a7edb8b121119083a51ecf933d91b6b4	md5	a7edb8b121119083a51ecf933d91b6b4	
unchanged	third_party	header	boost/fusion/container/list/detail/reverse_cons.hpp	md5	17e878219ae2596bc7c347c1cace7a81	md5	17e878219ae2596bc7c347c1cace7a81	
unchanged	third_party	header	boost/fusion/container/list/detail/value_at_impl.hpp	md5	e51aed615796f663608166337b37ad63	md5	e51aed615796f663608166337b37ad63	
unchanged	third_party	header	boost/fusion/container/list/detail/value_of_impl.hpp	md5	86ff22b9520fa706a2a05aa93752efcc	md5	86ff22b9520fa706a2a05aa93752efcc	
unchanged	third_party	header	boost/fusion/container/list/limits.hpp	md5	fab3c920cf1fc8670a8ae86014ad548e	md5	fab3c920cf1fc8670a8ae86014ad548e	
unchanged	third_party	header	boost/fusion/container/list/list_fwd.hpp	md5	81250111ea6643f24445b46031d97760	md5	81250111ea6643f24445b46031d97760	
unchanged	third_party	header	boost/fusion/container/vector/detail/advance_impl.hpp	md5	71284161815703bf2ad9f637509606d8	md5	71284161815703bf2ad9f637509606d8	
unchanged	third_party	header	boost/fusion/container/vector/detail/at_impl.hpp	md5	416bc8c0b899f8c069c86a1513a1fdb2	md5	416bc8c0b899f8c069c86a1513a1fdb2	
unchanged	third_party	header	boost/fusion/container/vector/detail/begin_impl.hpp	md5	3f1264713f0c8e36c79d84cecb6e6ee2	md5	3f1264713f0c8e36c79d84cecb6e6ee2	
unchanged	third_party	header	boost/fusion/container/vector/detail/deref_impl.hpp	md5	d6dfc348a8af3e68eb10d3a76412d2bd	md5	d6dfc348a8af3e68eb10d3a76412d2bd	
unchanged	third_party	header	boost/fusion/container/vector/detail/distance_impl.hpp	md5	50830558b3fd029c4a7d3de78fdcac8c	md5	50830558b3fd029c4a7d3de78fdcac8c	
unchanged	third_party	header	boost/fusion/container/vector/detail/end_impl.hpp	md5	61182393def4ae68b22af86d347d1437	md5	61182393def4ae68b22af86d347d1437	
unchanged	third_party	header	boost/fusion/container/vector/detail/equal_to_impl.hpp	md5	0bcc61bd6daf6e86991092fd555574a6	md5	0bcc61bd6daf6e86991092fd555574a6	
unchanged	third_party	header	boost/fusion/container/vector/detail/next_impl.hpp	md5	b7b7c537aa794286e8490394a0bed43e	md5	b7b7c537aa794286e8490394a0bed43e	
unchanged	third_party	header	boost/fusion/container/vector/detail/preprocessed/vector.hpp	md5	d7ea0e81a2d85b72d44177bc447c4b15	md5	d7ea0e81a2d85b72d44177bc447c4b15	
unchanged	third_party	header	boost/fusion/container/vector/detail/preprocessed/vector10.hpp	md5	903e977bd3f4142cfa29a1e4b429e8be	md5	903e977bd3f4142cfa29a1e4b429e8be	
unchanged	third_party	header	boost/fusion/container/vector/detail/preprocessed/vector10_fwd.hpp	md5	65eb521d050ab621f3bccaa1b6a7ca51	md5	65eb521d050ab621f3bccaa1b6a7ca51	
unchanged	third_party	header	boost/fusion/container/vector/detail/preprocessed/vector_chooser.hpp	md5	747e7b86a3b7f13a08a98b7d0e0a2a87	md5	747e7b86a3b7f13a08a98b7d0e0a2a87	
unchanged	third_party	header	boost/fusion/container/vector/detail/preprocessed/vector_chooser10.hpp	md5	e9d27227c3ba1f33c0afaee627076eb7	md5	e9d27227c3ba1f33c0afaee627076eb7	
unchanged	third_party	header	boost/fusion/container/vector/detail/preprocessed/vector_fwd.hpp	md5	9f34ff7950e26ebf8d9c0c39e12da0dc	md5	9f34ff7950e26ebf8d9c0c39e12da0dc	
unchanged	third_party	header	boost/fusion/container/vector/detail/preprocessed/vvector10.hpp	md5	db5a6fba2822f3a09a3ee409ef1cb0b8	md5	db5a6fba2822f3a09a3ee409ef1cb0b8	
unchanged	third_party	header	boost/fusion/container/vector/detail/preprocessed/vvector10_fwd.hpp	md5	046500bf9788983abb68fede9a8030ba	md5	046500bf9788983abb68fede9a8030ba	
unchanged	third_party	header	boost/fusion/container/vector/detail/prior_impl.hpp	md5	301375de2af58b3d73449684c04cb97b	md5	301375de2af58b3d73449684c04cb97b	
unchanged	third_party	header	boost/fusion/container/vector/detail/value_at_impl.hpp	md5	486690030c4f9e0d8a47606d53b07687	md5	486690030c4f9e0d8a47606d53b07687	
unchanged	third_party	header	boost/fusion/container/vector/detail/value_of_impl.hpp	md5	56f2f64bd61b6d23481f84d95e38bc8c	md5	56f2f64bd61b6d23481f84d95e38bc8c	
unchanged	third_party	header	boost/fusion/container/vector/detail/vector_n_chooser.hpp	md5	2f80919a387f50d9e3c61ffcef9e46b5	md5	2f80919a387f50d9e3c61ffcef9e46b5	
unchanged	third_party	header	boost/fusion/container/vector/limits.hpp	md5	590dc1fc667dc7894b71e04d7f747d3a	md5	590dc1fc667dc7894b71e04d7f747d3a	
unchanged	third_party	header	boost/fusion/container/vector/vector.hpp	md5	60a200880345ee1b84de5f1162f03e9f	md5	60a200880345ee1b84de5f1162f03e9f	
unchanged	third_party	header	boost/fusion/container/vector/vector10.hpp	md5	d42a1c606aa6662cf12263d8e53f5c44	md5	d42a1c606aa6662cf12263d8e53f5c44	
unchanged	third_party	header	boost/fusion/container/vector/vector10_fwd.hpp	md5	a73632e107c4ec9914dc4bb79371ddaa	md5	a73632e107c4ec9914dc4bb79371ddaa	
unchanged	third_party	header	boost/fusion/container/vector/vector_fwd.hpp	md5	83294d8dc583775f40011dcdda60832d	md5	83294d8dc583775f40011dcdda60832d	
unchanged	third_party	header	boost/fusion/container/vector/vector_iterator.hpp	md5	6f2fd5a3802fbbd9df373a44c36930f8	md5	6f2fd5a3802fbbd9df373a44c36930f8	
unchanged	third_party	header	boost/fusion/include/std_pair.hpp	md5	1ffc36e90a00b8b044383e0db4892687	md5	1ffc36e90a00b8b044383e0db4892687	
unchanged	third_party	header	boost/fusion/include/tuple.hpp	md5	8bf4f3d07167b5831fb23eb3fa610bd9	md5	8bf4f3d07167b5831fb23eb3fa610bd9	
unchanged	third_party	header	boost/fusion/iterator/advance.hpp	md5	03f790236b7f2d3e5c680d60f871a02c	md5	03f790236b7f2d3e5c680d60f871a02c	
unchanged	third_party	header	boost/fusion/iterator/basic_iterator.hpp	md5	09dc4ddfa08b0eeda01a7c2ce9c90335	md5	09dc4ddfa08b0eeda01a7c2ce9c90335	
unchanged	third_party	header	boost/fusion/iterator/deref.hpp	md5	4093e3e127d9ca4905b6c081cecc112e	md5	4093e3e127d9ca4905b6c081cecc112e	
unchanged	third_party	header	boost/fusion/iterator/deref_data.hpp	md5	613eee70d809a88a37085e2213cc6c5d	md5	613eee70d809a88a37085e2213cc6c5d	
unchanged	third_party	header	boost/fusion/iterator/detail/adapt_deref_traits.hpp	md5	ae8370e828a4decf8c62bc30043bb55f	md5	ae8370e828a4decf8c62bc30043bb55f	
unchanged	third_party	header	boost/fusion/iterator/detail/adapt_value_traits.hpp	md5	19ac3e52d21482513e88b3f019a7ba9c	md5	19ac3e52d21482513e88b3f019a7ba9c	
unchanged	third_party	header	boost/fusion/iterator/detail/advance.hpp	md5	d431b1a13840ad072aca54f35941bf68	md5	d431b1a13840ad072aca54f35941bf68	
unchanged	third_party	header	boost/fusion/iterator/detail/distance.hpp	md5	0f066cf4753b1ecb8249066a24470e03	md5	0f066cf4753b1ecb8249066a24470e03	
unchanged	third_party	header	boost/fusion/iterator/detail/segment_sequence.hpp	md5	1aacca406c2fe44b161da3e16d3b28f4	md5	1aacca406c2fe44b161da3e16d3b28f4	
unchanged	third_party	header	boost/fusion/iterator/detail/segmented_equal_to.hpp	md5	ed8a5e4c4731c5c22f4a1c6547bd2428	md5	ed8a5e4c4731c5c22f4a1c6547bd2428	
unchanged	third_party	header	boost/fusion/iterator/detail/segmented_iterator.hpp	md5	8f2e1509e2c3f00b01e38b82b360cafc	md5	8f2e1509e2c3f00b01e38b82b360cafc	
unchanged	third_party	header	boost/fusion/iterator/detail/segmented_next_impl.hpp	md5	4be05a88362aed62fbdd57a52f7f90cf	md5	4be05a88362aed62fbdd57a52f7f90cf	
unchanged	third_party	header	boost/fusion/iterator/distance.hpp	md5	4bccd76a87916f1a350efed9da20790f	md5	4bccd76a87916f1a350efed9da20790f	
unchanged	third_party	header	boost/fusion/iterator/equal_to.hpp	md5	0305942165990f3220558acdc1012593	md5	0305942165990f3220558acdc1012593	
unchanged	third_party	header	boost/fusion/iterator/iterator_facade.hpp	md5	9d5e98b7bb2a21f2eac85d7047cc7e97	md5	9d5e98b7bb2a21f2eac85d7047cc7e97	
unchanged	third_party	header	boost/fusion/iterator/key_of.hpp	md5	84fd7bdec867384fdcc8e792daca87eb	md5	84fd7bdec867384fdcc8e792daca87eb	
unchanged	third_party	header	boost/fusion/iterator/mpl/convert_iterator.hpp	md5	67f4191fae9e0ea8c81a86b278d9bfd4	md5	67f4191fae9e0ea8c81a86b278d9bfd4	
unchanged	third_party	header	boost/fusion/iterator/mpl/fusion_iterator.hpp	md5	49a25a8432cf2ed23651f2e9d0e2d8f2	md5	49a25a8432cf2ed23651f2e9d0e2d8f2	
unchanged	third_party	header	boost/fusion/iterator/next.hpp	md5	1eceec7829a419013a0738ed71e7c76b	md5	1eceec7829a419013a0738ed71e7c76b	
unchanged	third_party	header	boost/fusion/iterator/prior.hpp	md5	ed42569cfca27cdeae4fed8872f595ce	md5	ed42569cfca27cdeae4fed8872f595ce	
unchanged	third_party	header	boost/fusion/iterator/segmented_iterator.hpp	md5	3c6ea8b2f7503ce5963beb8f5e2bb13b	md5	3c6ea8b2f7503ce5963beb8f5e2bb13b	
unchanged	third_party	header	boost/fusion/iterator/value_of.hpp	md5	35f1d73d3d40a54bd35a63021272128e	md5	35f1d73d3d40a54bd35a63021272128e	
unchanged	third_party	header	boost/fusion/iterator/value_of_data.hpp	md5	d71668847df6c167a19cadc679d8dc02	md5	d71668847df6c167a19cadc679d8dc02	
unchanged	third_party	header	boost/fusion/mpl/begin.hpp	md5	524f86239b9ed4fb8bf107dbce7b5dab	md5	524f86239b9ed4fb8bf107dbce7b5dab	
unchanged	third_party	header	boost/fusion/mpl/end.hpp	md5	c9d22f6136a55f48c0c3ddb125644951	md5	c9d22f6136a55f48c0c3ddb125644951	
unchanged	third_party	header	boost/fusion/sequence/comparison.hpp	md5	1268df3c27bb076a046d444d916f559d	md5	1268df3c27bb076a046d444d916f559d	
unchanged	third_party	header	boost/fusion/sequence/comparison/detail/equal_to.hpp	md5	b9ace9c6e5b6a122f6584241f6b5eb7f	md5	b9ace9c6e5b6a122f6584241f6b5eb7f	
unchanged	third_party	header	boost/fusion/sequence/comparison/detail/less.hpp	md5	e3bc65201dac4d419554fc975ca4aca0	md5	e3bc65201dac4d419554fc975ca4aca0	
unchanged	third_party	header	boost/fusion/sequence/comparison/enable_comparison.hpp	md5	ee1b423a41bd11cd6e022a8105e0effe	md5	ee1b423a41bd11cd6e022a8105e0effe	
unchanged	third_party	header	boost/fusion/sequence/comparison/equal_to.hpp	md5	d7eca46ee26b8cc619b0337dd404e93b	md5	d7eca46ee26b8cc619b0337dd404e93b	
unchanged	third_party	header	boost/fusion/sequence/comparison/greater.hpp	md5	c5b59659edb9bec8a2b8d65308101cd0	md5	c5b59659edb9bec8a2b8d65308101cd0	
unchanged	third_party	header	boost/fusion/sequence/comparison/greater_equal.hpp	md5	4cfeac644808bdf8c81a1615aa7982fc	md5	4cfeac644808bdf8c81a1615aa7982fc	
unchanged	third_party	header	boost/fusion/sequence/comparison/less.hpp	md5	b5991959154923448ec34a8d78ed5907	md5	b5991959154923448ec34a8d78ed5907	
unchanged	third_party	header	boost/fusion/sequence/comparison/less_equal.hpp	md5	d6b8d28a7133f54cff963b075f23f87e	md5	d6b8d28a7133f54cff963b075f23f87e	
unchanged	third_party	header	boost/fusion/sequence/comparison/not_equal_to.hpp	md5	e6932e1c7094b574102120684939dcf3	md5	e6932e1c7094b574102120684939dcf3	
unchanged	third_party	header	boost/fusion/sequence/intrinsic/at.hpp	md5	799263bfb5899c17991c9fe309fce6d0	md5	799263bfb5899c17991c9fe309fce6d0	
unchanged	third_party	header	boost/fusion/sequence/intrinsic/begin.hpp	md5	e5e4de034b79ea57d76e2528096fd6f0	md5	e5e4de034b79ea57d76e2528096fd6f0	
unchanged	third_party	header	boost/fusion/sequence/intrinsic/detail/segmented_begin.hpp	md5	4738fb3ad0582c4e76e388eca20775ad	md5	4738fb3ad0582c4e76e388eca20775ad	
unchanged	third_party	header	boost/fusion/sequence/intrinsic/detail/segmented_begin_impl.hpp	md5	036b7d34e885e2dccc12880c1ac4aeb8	md5	036b7d34e885e2dccc12880c1ac4aeb8	
unchanged	third_party	header	boost/fusion/sequence/intrinsic/detail/segmented_end.hpp	md5	322796fdf93e1fd92e2a2ae533fb28d4	md5	322796fdf93e1fd92e2a2ae533fb28d4	
unchanged	third_party	header	boost/fusion/sequence/intrinsic/detail/segmented_end_impl.hpp	md5	f99eba233cf93f302dc8e212fb26e396	md5	f99eba233cf93f302dc8e212fb26e396	
unchanged	third_party	header	boost/fusion/sequence/intrinsic/detail/segmented_size.hpp	md5	cc9d4bbffc3cbf480a640efe594b018b	md5	cc9d4bbffc3cbf480a640efe594b018b	
unchanged	third_party	header	boost/fusion/sequence/intrinsic/empty.hpp	md5	0855a204ebbd1d660edc1f6b4a7111b1	md5	0855a204ebbd1d660edc1f6b4a7111b1	
unchanged	third_party	header	boost/fusion/sequence/intrinsic/end.hpp	md5	25c7e18207a5e98fe883a035f8636d57	md5	25c7e18207a5e98fe883a035f8636d57	
unchanged	third_party	header	boost/fusion/sequence/intrinsic/segments.hpp	md5	fb549b1f68d0bd2f5db5bd87c7b1a900	md5	fb549b1f68d0bd2f5db5bd87c7b1a900	
unchanged	third_party	header	boost/fusion/sequence/intrinsic/size.hpp	md5	33632488caa1e0b58da58b1a96423dac	md5	33632488caa1e0b58da58b1a96423dac	
unchanged	third_party	header	boost/fusion/sequence/intrinsic/value_at.hpp	md5	ebaa058533d43dad77d4e82d3e670ba6	md5	ebaa058533d43dad77d4e82d3e670ba6	
unchanged	third_party	header	boost/fusion/sequence/intrinsic_fwd.hpp	md5	bf57529074eab91515ce95ff21aa991e	md5	bf57529074eab91515ce95ff21aa991e	
unchanged	third_party	header	boost/fusion/sequence/io.hpp	md5	0db70dbc034f83bfb55aa566e8e1a263	md5	0db70dbc034f83bfb55aa566e8e1a263	
unchanged	third_party	header	boost/fusion/sequence/io/detail/in.hpp	md5	ed1dc167086616e16f5048b73d405b08	md5	ed1dc167086616e16f5048b73d405b08	
unchanged	third_party	header	boost/fusion/sequence/io/detail/manip.hpp	md5	5589305c95dae3bbf941df4ecd9fac09	md5	5589305c95dae3bbf941df4ecd9fac09	
unchanged	third_party	header	boost/fusion/sequence/io/detail/out.hpp	md5	4c7cdb18e7e77675c65b9221e7c6c883	md5	4c7cdb18e7e77675c65b9221e7c6c883	
unchanged	third_party	header	boost/fusion/sequence/io/in.hpp	md5	48e73a639f14d0881bd19059a1e72705	md5	48e73a639f14d0881bd19059a1e72705	
unchanged	third_party	header	boost/fusion/sequence/io/out.hpp	md5	2c3717ead10014c6daf6f8bcc8431eef	md5	2c3717ead10014c6daf6f8bcc8431eef	
unchanged	third_party	header	boost/fusion/support/category_of.hpp	md5	061428d1cf7ca82c85c6e8d2f7d6ef93	md5	061428d1cf7ca82c85c6e8d2f7d6ef93	
unchanged	third_party	header	boost/fusion/support/detail/access.hpp	md5	74231a07b8d530881b08cf4216ca221f	md5	74231a07b8d530881b08cf4216ca221f	
unchanged	third_party	header	boost/fusion/support/detail/as_fusion_element.hpp	md5	e79119f4b2fbc6da0b2e601f414502c7	md5	e79119f4b2fbc6da0b2e601f414502c7	
unchanged	third_party	header	boost/fusion/support/detail/category_of.hpp	md5	d332814b6f18211d067a3ffd948b3a9e	md5	d332814b6f18211d067a3ffd948b3a9e	
unchanged	third_party	header	boost/fusion/support/detail/is_mpl_sequence.hpp	md5	15ebd8a58d8da15b93750a0eaa204f96	md5	15ebd8a58d8da15b93750a0eaa204f96	
unchanged	third_party	header	boost/fusion/support/detail/is_view.hpp	md5	c2e482bb51fa4e6bee986c8c0bfc5410	md5	c2e482bb51fa4e6bee986c8c0bfc5410	
unchanged	third_party	header	boost/fusion/support/detail/mpl_iterator_category.hpp	md5	bda347b3770e2e9114438fb7f37a87ae	md5	bda347b3770e2e9114438fb7f37a87ae	
unchanged	third_party	header	boost/fusion/support/detail/pp_round.hpp	md5	20fb23915969ae189c94773a2e04f39b	md5	20fb23915969ae189c94773a2e04f39b	
unchanged	third_party	header	boost/fusion/support/detail/segmented_fold_until_impl.hpp	md5	c53faf3f0de960a68fb11582c5340554	md5	c53faf3f0de960a68fb11582c5340554	
unchanged	third_party	header	boost/fusion/support/is_iterator.hpp	md5	e5c41d07320f8e3ef9a0cd0e54343184	md5	e5c41d07320f8e3ef9a0cd0e54343184	
unchanged	third_party	header	boost/fusion/support/is_segmented.hpp	md5	e07d83c513d475b3042603832dece39d	md5	e07d83c513d475b3042603832dece39d	
unchanged	third_party	header	boost/fusion/support/is_sequence.hpp	md5	a6d492aaa3fe83da2ab36040c345b2f8	md5	a6d492aaa3fe83da2ab36040c345b2f8	
unchanged	third_party	header	boost/fusion/support/is_view.hpp	md5	328e69da84e62065d6d4287159e0c243	md5	328e69da84e62065d6d4287159e0c243	
unchanged	third_party	header	boost/fusion/support/iterator_base.hpp	md5	2cbcd323994b8ccce4e0584130dd31f5	md5	2cbcd323994b8ccce4e0584130dd31f5	
unchanged	third_party	header	boost/fusion/support/sequence_base.hpp	md5	74791cbe3a6634168b17c18bcdc1c6d5	md5	74791cbe3a6634168b17c18bcdc1c6d5	
unchanged	third_party	header	boost/fusion/support/tag_of.hpp	md5	ff70602a110c598377237da8d7f5233e	md5	ff70602a110c598377237da8d7f5233e	
unchanged	third_party	header	boost/fusion/support/tag_of_fwd.hpp	md5	804b7ef612e586e2fe681b68a07e7cf8	md5	804b7ef612e586e2fe681b68a07e7cf8	
unchanged	third_party	header	boost/fusion/support/void.hpp	md5	b79eb1b6a62ca34096a45ec5657661a4	md5	b79eb1b6a62ca34096a45ec5657661a4	
unchanged	third_party	header	boost/fusion/tuple.hpp	md5	8dcba09bb73d295dd1105351919091cb	md5	8dcba09bb73d295dd1105351919091cb	
unchanged	third_party	header	boost/fusion/tuple/detail/preprocessed/make_tuple.hpp	md5	56baeaa01f7b6c605cdd0fcfa747474b	md5	56baeaa01f7b6c605cdd0fcfa747474b	
unchanged	third_party	header	boost/fusion/tuple/detail/preprocessed/make_tuple10.hpp	md5	f0a5fa7639bbc1e94028ac5af1ddb05b	md5	f0a5fa7639bbc1e94028ac5af1ddb05b	
unchanged	third_party	header	boost/fusion/tuple/detail/preprocessed/tuple.hpp	md5	fd448ae4d1ed152fed6f0514bd068b4a	md5	fd448ae4d1ed152fed6f0514bd068b4a	
unchanged	third_party	header	boost/fusion/tuple/detail/preprocessed/tuple10.hpp	md5	0b6229d58d172aeec8131fc73614324f	md5	0b6229d58d172aeec8131fc73614324f	
unchanged	third_party	header	boost/fusion/tuple/detail/preprocessed/tuple10_fwd.hpp	md5	443758b17f690c029f2c68febb1f664b	md5	443758b17f690c029f2c68febb1f664b	
unchanged	third_party	header	boost/fusion/tuple/detail/preprocessed/tuple_fwd.hpp	md5	9ad303739db4632b72acccdbd1b372ff	md5	9ad303739db4632b72acccdbd1b372ff	
unchanged	third_party	header	boost/fusion/tuple/detail/preprocessed/tuple_tie.hpp	md5	e5d6e9563dda22a4a77313232002adc9	md5	e5d6e9563dda22a4a77313232002adc9	
unchanged	third_party	header	boost/fusion/tuple/detail/preprocessed/tuple_tie10.hpp	md5	0e405018a829cc4ba5a0c75c5fca3d3d	md5	0e405018a829cc4ba5a0c75c5fca3d3d	
unchanged	third_party	header	boost/fusion/tuple/make_tuple.hpp	md5	c3fb8164a2471cda210c5344f4451b49	md5	c3fb8164a2471cda210c5344f4451b49	
unchanged	third_party	header	boost/fusion/tuple/tuple.hpp	md5	551ba202a755176e1ca52c213f00a2a1	md5	551ba202a755176e1ca52c213f00a2a1	
unchanged	third_party	header	boost/fusion/tuple/tuple_fwd.hpp	md5	2c2f6bbce9eb108e87195661b8bbf378	md5	2c2f6bbce9eb108e87195661b8bbf378	
unchanged	third_party	header	boost/fusion/tuple/tuple_tie.hpp	md5	09bd1fd3a412245d0cce6ec77b50c048	md5	09bd1fd3a412245d0cce6ec77b50c048	
unchanged	third_party	header	boost/fusion/view/iterator_range.hpp	md5	65a8491e5e533a5bda78fb2323e6987a	md5	65a8491e5e533a5bda78fb2323e6987a	
unchanged	third_party	header	boost/fusion/view/iterator_range/detail/at_impl.hpp	md5	e3dc794c93f6ace97784a3125511250f	md5	e3dc794c93f6ace97784a3125511250f	
unchanged	third_party	header	boost/fusion/view/iterator_range/detail/begin_impl.hpp	md5	75d1fccd8eedbf4b361e2059eaef7958	md5	75d1fccd8eedbf4b361e2059eaef7958	
unchanged	third_party	header	boost/fusion/view/iterator_range/detail/end_impl.hpp	md5	298ad034495e53aa6c90ea6b31510353	md5	298ad034495e53aa6c90ea6b31510353	
unchanged	third_party	header	boost/fusion/view/iterator_range/detail/is_segmented_impl.hpp	md5	218657107822a9cda3efd0107cb52ba6	md5	218657107822a9cda3efd0107cb52ba6	
unchanged	third_party	header	boost/fusion/view/iterator_range/detail/segmented_iterator_range.hpp	md5	10417866ae92ca19e2f76d16cb323b8b	md5	10417866ae92ca19e2f76d16cb323b8b	
unchanged	third_party	header	boost/fusion/view/iterator_range/detail/segments_impl.hpp	md5	3199c06d903bbb2fafdb14d8e5403364	md5	3199c06d903bbb2fafdb14d8e5403364	
unchanged	third_party	header	boost/fusion/view/iterator_range/detail/size_impl.hpp	md5	92b9ded97624c52a1fb4a356acbd6d18	md5	92b9ded97624c52a1fb4a356acbd6d18	
unchanged	third_party	header	boost/fusion/view/iterator_range/detail/value_at_impl.hpp	md5	6528c0d6d512864350cbdd42d0543d33	md5	6528c0d6d512864350cbdd42d0543d33	
unchanged	third_party	header	boost/fusion/view/iterator_range/iterator_range.hpp	md5	3691ae82901907d8de72c9c14aa4c22c	md5	3691ae82901907d8de72c9c14aa4c22c	
unchanged	third_party	header	boost/fusion/view/joint_view/detail/begin_impl.hpp	md5	f68b74a7313c5840bd0e1294cc21a0d3	md5	f68b74a7313c5840bd0e1294cc21a0d3	
unchanged	third_party	header	boost/fusion/view/joint_view/detail/deref_data_impl.hpp	md5	fdf1e2cd6761131e80da9471930f9c05	md5	fdf1e2cd6761131e80da9471930f9c05	
unchanged	third_party	header	boost/fusion/view/joint_view/detail/deref_impl.hpp	md5	55a466b1683a5b8de99a9caa93aa9399	md5	55a466b1683a5b8de99a9caa93aa9399	
unchanged	third_party	header	boost/fusion/view/joint_view/detail/end_impl.hpp	md5	4dfd4803c7a896c115e6b027a764c973	md5	4dfd4803c7a896c115e6b027a764c973	
unchanged	third_party	header	boost/fusion/view/joint_view/detail/key_of_impl.hpp	md5	4df2002d8695916b13a943b9afec65de	md5	4df2002d8695916b13a943b9afec65de	
unchanged	third_party	header	boost/fusion/view/joint_view/detail/next_impl.hpp	md5	532e14eb88770416c0126f3848c4718c	md5	532e14eb88770416c0126f3848c4718c	
unchanged	third_party	header	boost/fusion/view/joint_view/detail/value_of_data_impl.hpp	md5	92453e963d1a5bda90a5604d153ea968	md5	92453e963d1a5bda90a5604d153ea968	
unchanged	third_party	header	boost/fusion/view/joint_view/detail/value_of_impl.hpp	md5	0c28f9d7a7a6803f2ff650c4d7184ba3	md5	0c28f9d7a7a6803f2ff650c4d7184ba3	
unchanged	third_party	header	boost/fusion/view/joint_view/joint_view.hpp	md5	7ff87e8b542a86141386456ba7fa09cc	md5	7ff87e8b542a86141386456ba7fa09cc	
unchanged	third_party	header	boost/fusion/view/joint_view/joint_view_fwd.hpp	md5	5ec365e9e2c2a29fd429926aed2f4724	md5	5ec365e9e2c2a29fd429926aed2f4724	
unchanged	third_party	header	boost/fusion/view/joint_view/joint_view_iterator.hpp	md5	db9ec922908eed60c4b358b721a41ccd	md5	db9ec922908eed60c4b358b721a41ccd	
unchanged	third_party	header	boost/fusion/view/single_view/detail/advance_impl.hpp	md5	44554f33c0f35677d3e9d6c52a8fd44d	md5	44554f33c0f35677d3e9d6c52a8fd44d	
unchanged	third_party	header	boost/fusion/view/single_view/detail/at_impl.hpp	md5	86a75b1ae7a54ccb711135627a447ebb	md5	86a75b1ae7a54ccb711135627a447ebb	
unchanged	third_party	header	boost/fusion/view/single_view/detail/begin_impl.hpp	md5	0438c9697737258450a5d18a4c23df14	md5	0438c9697737258450a5d18a4c23df14	
unchanged	third_party	header	boost/fusion/view/single_view/detail/deref_impl.hpp	md5	382e07d0d5930e1ad01c0fd83f7ffc61	md5	382e07d0d5930e1ad01c0fd83f7ffc61	
unchanged	third_party	header	boost/fusion/view/single_view/detail/distance_impl.hpp	md5	bde245b715973d6903c3c72d1247c893	md5	bde245b715973d6903c3c72d1247c893	
unchanged	third_party	header	boost/fusion/view/single_view/detail/end_impl.hpp	md5	ccc665ec3b843d8f19442156b8530a19	md5	ccc665ec3b843d8f19442156b8530a19	
unchanged	third_party	header	boost/fusion/view/single_view/detail/equal_to_impl.hpp	md5	4bec13bbd99189364053445dbfc010b4	md5	4bec13bbd99189364053445dbfc010b4	
unchanged	third_party	header	boost/fusion/view/single_view/detail/next_impl.hpp	md5	dbfbfddc08beae91e2df448a7d853bb3	md5	dbfbfddc08beae91e2df448a7d853bb3	
unchanged	third_party	header	boost/fusion/view/single_view/detail/prior_impl.hpp	md5	8fa99cc78b1e02f765b504f431e207af	md5	8fa99cc78b1e02f765b504f431e207af	
unchanged	third_party	header	boost/fusion/view/single_view/detail/size_impl.hpp	md5	e1945ca22b1e3f7ff598e70282f19d52	md5	e1945ca22b1e3f7ff598e70282f19d52	
unchanged	third_party	header	boost/fusion/view/single_view/detail/value_at_impl.hpp	md5	b126f22669cd52141e806cd94d43d626	md5	b126f22669cd52141e806cd94d43d626	
unchanged	third_party	header	boost/fusion/view/single_view/detail/value_of_impl.hpp	md5	598a11adfd3a5872d599b34b4760b531	md5	598a11adfd3a5872d599b34b4760b531	
unchanged	third_party	header	boost/fusion/view/single_view/single_view.hpp	md5	8dc5101dae82609ffe57f977b0eb3e39	md5	8dc5101dae82609ffe57f977b0eb3e39	
unchanged	third_party	header	boost/fusion/view/single_view/single_view_iterator.hpp	md5	3e39f904d57f2d0d4d37939a9a56f9a2	md5	3e39f904d57f2d0d4d37939a9a56f9a2	
unchanged	third_party	header	boost/get_pointer.hpp	md5	254956e577731d787116351d11f47629	md5	254956e577731d787116351d11f47629	
unchanged	third_party	header	boost/implicit_cast.hpp	md5	cb339d8d892066a621abc060e9aa02af	md5	cb339d8d892066a621abc060e9aa02af	
unchanged	third_party	header	boost/integer.hpp	md5	22bd6a28263056ae24fb437b3548d983	md5	22bd6a28263056ae24fb437b3548d983	
unchanged	third_party	header	boost/integer/integer_mask.hpp	md5	5d7dce57d659d85f65a4168c79438ac8	md5	5d7dce57d659d85f65a4168c79438ac8	
unchanged	third_party	header	boost/integer/static_log2.hpp	md5	fa8c067f6aa531b7f32686651653cc3f	md5	fa8c067f6aa531b7f32686651653cc3f	
unchanged	third_party	header	boost/integer/static_min_max.hpp	md5	ec4dd79291aef8772af7f322b0b3ad02	md5	ec4dd79291aef8772af7f322b0b3ad02	
unchanged	third_party	header	boost/integer_fwd.hpp	md5	303c57852ed1db2e6ff0f0232591c20f	md5	303c57852ed1db2e6ff0f0232591c20f	
unchanged	third_party	header	boost/integer_traits.hpp	md5	25842604478e7bf43e113a40d2aabb61	md5	25842604478e7bf43e113a40d2aabb61	
unchanged	third_party	header	boost/intrusive/detail/assert.hpp	md5	d584f79004e5f56e89ded297235a8e75	md5	d584f79004e5f56e89ded297235a8e75	
unchanged	third_party	header	boost/intrusive/detail/clear_on_destructor_base.hpp	md5	c9f7d08b2891822820c2568123e53672	md5	c9f7d08b2891822820c2568123e53672	
unchanged	third_party	header	boost/intrusive/detail/config_begin.hpp	md5	8dd081b058cc98396764ea3f21ea753e	md5	8dd081b058cc98396764ea3f21ea753e	
unchanged	third_party	header	boost/intrusive/detail/config_end.hpp	md5	eb1985ff0eb5672dc78061fb0303079b	md5	eb1985ff0eb5672dc78061fb0303079b	
unchanged	third_party	header	boost/intrusive/detail/ebo_functor_holder.hpp	md5	8cb9d39da7106654df57072b6fb1609b	md5	8cb9d39da7106654df57072b6fb1609b	
unchanged	third_party	header	boost/intrusive/detail/function_detector.hpp	md5	408b1cd5005538d24f6336431973f852	md5	408b1cd5005538d24f6336431973f852	
unchanged	third_party	header	boost/intrusive/detail/generic_hook.hpp	md5	915e3071790d2cfe9a06267f320c8693	md5	915e3071790d2cfe9a06267f320c8693	
unchanged	third_party	header	boost/intrusive/detail/is_stateful_value_traits.hpp	md5	99d15bcca9f461dc6a0c3ffe5515888d	md5	99d15bcca9f461dc6a0c3ffe5515888d	
unchanged	third_party	header	boost/intrusive/detail/mpl.hpp	md5	86daccf46263105ea735a5c1f0bfe812	md5	86daccf46263105ea735a5c1f0bfe812	
unchanged	third_party	header	boost/intrusive/detail/parent_from_member.hpp	md5	0dd5464647a62a5f8ff9d361835d03d8	md5	0dd5464647a62a5f8ff9d361835d03d8	
unchanged	third_party	header	boost/intrusive/detail/pointer_to_other.hpp	md5	9c7a671fa27e9d19cb845c7a82a7c968	md5	9c7a671fa27e9d19cb845c7a82a7c968	
unchanged	third_party	header	boost/intrusive/detail/rbtree_node.hpp	md5	11ffec9257e09d10ff4a07488c487ea1	md5	11ffec9257e09d10ff4a07488c487ea1	
unchanged	third_party	header	boost/intrusive/detail/tree_algorithms.hpp	md5	26c1964dbe5a8faae85c710db0c0006b	md5	26c1964dbe5a8faae85c710db0c0006b	
unchanged	third_party	header	boost/intrusive/detail/tree_node.hpp	md5	51cae2537aefab107a56aa47bcd16e36	md5	51cae2537aefab107a56aa47bcd16e36	
unchanged	third_party	header	boost/intrusive/detail/utilities.hpp	md5	d1e3b27b694e1bf3ebbf98330ae1d493	md5	d1e3b27b694e1bf3ebbf98330ae1d493	
unchanged	third_party	header	boost/intrusive/detail/workaround.hpp	md5	72b15e02feacfa242664198239ea9ab4	md5	72b15e02feacfa242664198239ea9ab4	
unchanged	third_party	header	boost/intrusive/intrusive_fwd.hpp	md5	720531925dab9b15d9f2d668e5b6d2cb	md5	720531925dab9b15d9f2d668e5b6d2cb	
unchanged	third_party	header	boost/intrusive/link_mode.hpp	md5	8fcc6e1b2154539e7ad03d2dd05f8f3f	md5	8fcc6e1b2154539e7ad03d2dd05f8f3f	
unchanged	third_party	header	boost/intrusive/options.hpp	md5	f8da72c9cd5c250d146415ac21903f73	md5	f8da72c9cd5c250d146415ac21903f73	
unchanged	third_party	header	boost/intrusive/pointer_plus_bits.hpp	md5	0f6e23a0b93af424488017f6ba46aa64	md5	0f6e23a0b93af424488017f6ba46aa64	
unchanged	third_party	header	boost/intrusive/rbtree.hpp	md5	9058e2e01ac2f0e6c6b788cdb85e942f	md5	9058e2e01ac2f0e6c6b788cdb85e942f	
unchanged	third_party	header	boost/intrusive/rbtree_algorithms.hpp	md5	a8f706e5762502fb60134fe6e0325201	md5	a8f706e5762502fb60134fe6e0325201	
unchanged	third_party	header	boost/intrusive/set.hpp	md5	fe42a1ce1ce5a827e506fd39e9172411	md5	fe42a1ce1ce5a827e506fd39e9172411	
unchanged	third_party	header	boost/intrusive/set_hook.hpp	md5	82625d2e23b1965b4d0e5650eb4d04cf	md5	82625d2e23b1965b4d0e5650eb4d04cf	
unchanged	third_party	header	boost/is_placeholder.hpp	md5	9bafd3c10624a60b9bc1d520ca55c4f6	md5	9bafd3c10624a60b9bc1d520ca55c4f6	
unchanged	third_party	header	boost/iterator.hpp	md5	0b30c8a5f2ba605d31dcc6b81d5574cf	md5	0b30c8a5f2ba605d31dcc6b81d5574cf	
unchanged	third_party	header	boost/iterator/detail/config_def.hpp	md5	b29eeb505345999d0f4e5a29691f227a	md5	b29eeb505345999d0f4e5a29691f227a	
unchanged	third_party	header	boost/iterator/detail/config_undef.hpp	md5	fd7d7741902623499b1c7822cfee4c83	md5	fd7d7741902623499b1c7822cfee4c83	
unchanged	third_party	header	boost/iterator/detail/enable_if.hpp	md5	60deabe8a99b250846b680711fb1947e	md5	60deabe8a99b250846b680711fb1947e	
unchanged	third_party	header	boost/iterator/detail/facade_iterator_category.hpp	md5	2b8eb2a686b332f7441c8fd2bc857c9d	md5	2b8eb2a686b332f7441c8fd2bc857c9d	
unchanged	third_party	header	boost/iterator/interoperable.hpp	md5	5d870d998540888357fa7fc35f7c5b5e	md5	5d870d998540888357fa7fc35f7c5b5e	
unchanged	third_party	header	boost/iterator/iterator_adaptor.hpp	md5	6be2548caac4dba87f67fc6e99c4f872	md5	6be2548caac4dba87f67fc6e99c4f872	
unchanged	third_party	header	boost/iterator/iterator_categories.hpp	md5	71da971980fed7078438df78ba8bcbec	md5	71da971980fed7078438df78ba8bcbec	
unchanged	third_party	header	boost/iterator/iterator_concepts.hpp	md5	6fb5815826093efe47a10bcbc7acac96	md5	6fb5815826093efe47a10bcbc7acac96	
unchanged	third_party	header	boost/iterator/iterator_facade.hpp	md5	98087b8a9dc6ddd2077fbd4a0df8d4ff	md5	98087b8a9dc6ddd2077fbd4a0df8d4ff	
unchanged	third_party	header	boost/iterator/iterator_traits.hpp	md5	31125164013cf36ddaf44faf02b1440d	md5	31125164013cf36ddaf44faf02b1440d	
unchanged	third_party	header	boost/iterator/reverse_iterator.hpp	md5	dc107571c00cb0eacf69f908db165e55	md5	dc107571c00cb0eacf69f908db165e55	
unchanged	third_party	header	boost/lexical_cast.hpp	md5	bd89a4fccf258e4fcd46c201b66116ee	md5	bd89a4fccf258e4fcd46c201b66116ee	
unchanged	third_party	header	boost/limits.hpp	md5	53899e04c4869b26e28d45ae9602dacc	md5	53899e04c4869b26e28d45ae9602dacc	
unchanged	third_party	header	boost/math/constants/constants.hpp	md5	ef3be6a260948b6d25b99dc09afef073	md5	ef3be6a260948b6d25b99dc09afef073	
unchanged	third_party	header	boost/math/policies/error_handling.hpp	md5	15616ece7891985e1aadc5be21941acf	md5	15616ece7891985e1aadc5be21941acf	
unchanged	third_party	header	boost/math/policies/policy.hpp	md5	826d302de0e87a2cd0345f05a4b33bda	md5	826d302de0e87a2cd0345f05a4b33bda	
unchanged	third_party	header	boost/math/special_functions.hpp	md5	e82acf2ee081666aba3d015ef81694b5	md5	e82acf2ee081666aba3d015ef81694b5	
unchanged	third_party	header	boost/math/special_functions/acosh.hpp	md5	56dd05ad123971ccaa828c294841f254	md5	56dd05ad123971ccaa828c294841f254	
unchanged	third_party	header	boost/math/special_functions/asinh.hpp	md5	a401dba622eecab6462cfd1c8725304a	md5	a401dba622eecab6462cfd1c8725304a	
unchanged	third_party	header	boost/math/special_functions/atanh.hpp	md5	72e9504dc708719a8fb00022562a779b	md5	72e9504dc708719a8fb00022562a779b	
unchanged	third_party	header	boost/math/special_functions/bessel.hpp	md5	0f4667b1b9f118da4b2638f2ab61c127	md5	0f4667b1b9f118da4b2638f2ab61c127	
unchanged	third_party	header	boost/math/special_functions/beta.hpp	md5	967368c62f16cb42147aba396673b154	md5	967368c62f16cb42147aba396673b154	
unchanged	third_party	header	boost/math/special_functions/binomial.hpp	md5	2b66a75ffcdf8263bc117a09fffcb22a	md5	2b66a75ffcdf8263bc117a09fffcb22a	
unchanged	third_party	header	boost/math/special_functions/cbrt.hpp	md5	1cad70140b2b71a05c87bf2bc8610086	md5	1cad70140b2b71a05c87bf2bc8610086	
unchanged	third_party	header	boost/math/special_functions/cos_pi.hpp	md5	7cf4b676bfc34fa18b097ba723ad0f49	md5	7cf4b676bfc34fa18b097ba723ad0f49	
unchanged	third_party	header	boost/math/special_functions/detail/bessel_i0.hpp	md5	91af1003083925e85afa0f4db9d9b814	md5	91af1003083925e85afa0f4db9d9b814	
unchanged	third_party	header	boost/math/special_functions/detail/bessel_i1.hpp	md5	4d762b908564a8f30e426df3c2c5c69b	md5	4d762b908564a8f30e426df3c2c5c69b	
unchanged	third_party	header	boost/math/special_functions/detail/bessel_ik.hpp	md5	1544f7a3892131e9d3a8d6d8cc1ffc0c	md5	1544f7a3892131e9d3a8d6d8cc1ffc0c	
unchanged	third_party	header	boost/math/special_functions/detail/bessel_j0.hpp	md5	279d8c60aa99f9e8a1e58122b307d910	md5	279d8c60aa99f9e8a1e58122b307d910	
unchanged	third_party	header	boost/math/special_functions/detail/bessel_j1.hpp	md5	a21f7c1eabbb72d48f28827463174d6c	md5	a21f7c1eabbb72d48f28827463174d6c	
unchanged	third_party	header	boost/math/special_functions/detail/bessel_jn.hpp	md5	70a4102ed8c83480cb252bcf72aea989	md5	70a4102ed8c83480cb252bcf72aea989	
unchanged	third_party	header	boost/math/special_functions/detail/bessel_jy.hpp	md5	18c0573b847ebafd892124e2732fcdba	md5	18c0573b847ebafd892124e2732fcdba	
unchanged	third_party	header	boost/math/special_functions/detail/bessel_jy_asym.hpp	md5	1087b9e32ed50d6715b2973ef19de1b7	md5	1087b9e32ed50d6715b2973ef19de1b7	
unchanged	third_party	header	boost/math/special_functions/detail/bessel_jy_series.hpp	md5	11845e09b8093ec77bea555eb53a3494	md5	11845e09b8093ec77bea555eb53a3494	
unchanged	third_party	header	boost/math/special_functions/detail/bessel_k0.hpp	md5	51ff13f61c70dd9e26e72dd36015c3e1	md5	51ff13f61c70dd9e26e72dd36015c3e1	
unchanged	third_party	header	boost/math/special_functions/detail/bessel_k1.hpp	md5	8197585701b95bb0fa8168fd144ad6ea	md5	8197585701b95bb0fa8168fd144ad6ea	
unchanged	third_party	header	boost/math/special_functions/detail/bessel_kn.hpp	md5	5f4475c70ec7e96075d421bb285e2e5f	md5	5f4475c70ec7e96075d421bb285e2e5f	
unchanged	third_party	header	boost/math/special_functions/detail/bessel_y0.hpp	md5	94da6e8444fc411970d23b00f40fbf49	md5	94da6e8444fc411970d23b00f40fbf49	
unchanged	third_party	header	boost/math/special_functions/detail/bessel_y1.hpp	md5	7c15efbf04a67bd8f86ea5e7b8c41996	md5	7c15efbf04a67bd8f86ea5e7b8c41996	
unchanged	third_party	header	boost/math/special_functions/detail/bessel_yn.hpp	md5	911f8dcdbdae538a68f5394d1329320f	md5	911f8dcdbdae538a68f5394d1329320f	
unchanged	third_party	header	boost/math/special_functions/detail/erf_inv.hpp	md5	4e5eb069ead815b8df30b1a0dab1761f	md5	4e5eb069ead815b8df30b1a0dab1761f	
unchanged	third_party	header	boost/math/special_functions/detail/fp_traits.hpp	md5	3a23a1b63c9f7d48d7ded1234896e4ac	md5	3a23a1b63c9f7d48d7ded1234896e4ac	
unchanged	third_party	header	boost/math/special_functions/detail/gamma_inva.hpp	md5	f0d146f6a53976df7e05850f5e5280a2	md5	f0d146f6a53976df7e05850f5e5280a2	
unchanged	third_party	header	boost/math/special_functions/detail/ibeta_inv_ab.hpp	md5	c43f9e5e82fe6e2da4d1e4ee15d5231b	md5	c43f9e5e82fe6e2da4d1e4ee15d5231b	
unchanged	third_party	header	boost/math/special_functions/detail/ibeta_inverse.hpp	md5	105a6dd45ac0a203390175373fe9187d	md5	105a6dd45ac0a203390175373fe9187d	
unchanged	third_party	header	boost/math/special_functions/detail/iconv.hpp	md5	eeb0160b1af3aa199e0226e4a5b0f451	md5	eeb0160b1af3aa199e0226e4a5b0f451	
unchanged	third_party	header	boost/math/special_functions/detail/igamma_inverse.hpp	md5	681e7e0da468b87d5d6b965c52734c71	md5	681e7e0da468b87d5d6b965c52734c71	
unchanged	third_party	header	boost/math/special_functions/detail/igamma_large.hpp	md5	2b81fe6246e062a3622cadec77c51170	md5	2b81fe6246e062a3622cadec77c51170	
unchanged	third_party	header	boost/math/special_functions/detail/lanczos_sse2.hpp	md5	4d7c5a964268483727235a761ea940c0	md5	4d7c5a964268483727235a761ea940c0	
unchanged	third_party	header	boost/math/special_functions/detail/lgamma_small.hpp	md5	214a1861016fe1596e12ee782e82bf00	md5	214a1861016fe1596e12ee782e82bf00	
unchanged	third_party	header	boost/math/special_functions/detail/round_fwd.hpp	md5	1e8a25db8c410e96811a9f9cbe697eb6	md5	1e8a25db8c410e96811a9f9cbe697eb6	
unchanged	third_party	header	boost/math/special_functions/detail/t_distribution_inv.hpp	md5	25ef5741cbb51a8f9c4780bbea5f3e08	md5	25ef5741cbb51a8f9c4780bbea5f3e08	
unchanged	third_party	header	boost/math/special_functions/detail/unchecked_factorial.hpp	md5	1062f843763052a4509629c5979a9c70	md5	1062f843763052a4509629c5979a9c70	
unchanged	third_party	header	boost/math/special_functions/digamma.hpp	md5	1c2311d804e69a9b021322b8bb795824	md5	1c2311d804e69a9b021322b8bb795824	
unchanged	third_party	header	boost/math/special_functions/ellint_1.hpp	md5	07d86bad747a5a1bf8b9a4e11d3592e2	md5	07d86bad747a5a1bf8b9a4e11d3592e2	
unchanged	third_party	header	boost/math/special_functions/ellint_2.hpp	md5	033a9c6f6afe95f9401da10f4d11e147	md5	033a9c6f6afe95f9401da10f4d11e147	
unchanged	third_party	header	boost/math/special_functions/ellint_3.hpp	md5	7bb6a220548c16901d00809bc307dd84	md5	7bb6a220548c16901d00809bc307dd84	
unchanged	third_party	header	boost/math/special_functions/ellint_rc.hpp	md5	2d2e91aab944e7f82fc3128be29326a4	md5	2d2e91aab944e7f82fc3128be29326a4	
unchanged	third_party	header	boost/math/special_functions/ellint_rd.hpp	md5	e874ab58fd8f31d4a9291cd8e7bf916e	md5	e874ab58fd8f31d4a9291cd8e7bf916e	
unchanged	third_party	header	boost/math/special_functions/ellint_rf.hpp	md5	646f6db8015ae5f2e8291cc59844cb67	md5	646f6db8015ae5f2e8291cc59844cb67	
unchanged	third_party	header	boost/math/special_functions/ellint_rj.hpp	md5	cfb5e10f3d33774ff41209e3cac2a41f	md5	cfb5e10f3d33774ff41209e3cac2a41f	
unchanged	third_party	header	boost/math/special_functions/erf.hpp	md5	3539fafc8656ef73272677302c10ec74	md5	3539fafc8656ef73272677302c10ec74	
unchanged	third_party	header	boost/math/special_functions/expint.hpp	md5	8e19e567d704ecfa6eaabe74563afb6d	md5	8e19e567d704ecfa6eaabe74563afb6d	
unchanged	third_party	header	boost/math/special_functions/expm1.hpp	md5	46c24c0633fc9f482f64ae4eee4153b9	md5	46c24c0633fc9f482f64ae4eee4153b9	
unchanged	third_party	header	boost/math/special_functions/factorials.hpp	md5	0eff429445e163c7f9c0933be00d4175	md5	0eff429445e163c7f9c0933be00d4175	
unchanged	third_party	header	boost/math/special_functions/fpclassify.hpp	md5	0eb8ecf7e5c2e614fd6af36330d38fe0	md5	0eb8ecf7e5c2e614fd6af36330d38fe0	
unchanged	third_party	header	boost/math/special_functions/gamma.hpp	md5	83ce72f1beaf73a75d32cf9f2de08f7b	md5	83ce72f1beaf73a75d32cf9f2de08f7b	
unchanged	third_party	header	boost/math/special_functions/hermite.hpp	md5	813eca78aec9dfd9f10a69dc7a673e7e	md5	813eca78aec9dfd9f10a69dc7a673e7e	
unchanged	third_party	header	boost/math/special_functions/hypot.hpp	md5	32c28b17ac80a8cf7f37c8608550531b	md5	32c28b17ac80a8cf7f37c8608550531b	
unchanged	third_party	header	boost/math/special_functions/laguerre.hpp	md5	2eb48543b478229f8f5e1b67fea58504	md5	2eb48543b478229f8f5e1b67fea58504	
unchanged	third_party	header	boost/math/special_functions/lanczos.hpp	md5	2170c0af5139426d362396c072278e19	md5	2170c0af5139426d362396c072278e19	
unchanged	third_party	header	boost/math/special_functions/legendre.hpp	md5	f37b75900b856ecd05d6da72e553b94f	md5	f37b75900b856ecd05d6da72e553b94f	
unchanged	third_party	header	boost/math/special_functions/log1p.hpp	md5	7bec4dfb7e7250aaa0ea46fa63a0c03b	md5	7bec4dfb7e7250aaa0ea46fa63a0c03b	
unchanged	third_party	header	boost/math/special_functions/math_fwd.hpp	md5	a777b6d5138841973c019b4a87c51ae0	md5	a777b6d5138841973c019b4a87c51ae0	
unchanged	third_party	header	boost/math/special_functions/modf.hpp	md5	f2caaa1c4e3b2d62654e195aab804f69	md5	f2caaa1c4e3b2d62654e195aab804f69	
unchanged	third_party	header	boost/math/special_functions/next.hpp	md5	7dddcd405ea72e081966742ae2b0622f	md5	7dddcd405ea72e081966742ae2b0622f	
unchanged	third_party	header	boost/math/special_functions/pow.hpp	md5	bf4de018b553ab3c3753c39d348b6a10	md5	bf4de018b553ab3c3753c39d348b6a10	
unchanged	third_party	header	boost/math/special_functions/powm1.hpp	md5	759535b3b7390691a75444c4630985e4	md5	759535b3b7390691a75444c4630985e4	
unchanged	third_party	header	boost/math/special_functions/round.hpp	md5	4df4b707afa4cf3296af8600ccb0687c	md5	4df4b707afa4cf3296af8600ccb0687c	
unchanged	third_party	header	boost/math/special_functions/sign.hpp	md5	5fd512118da24d27ce1bd30f4de07a6a	md5	5fd512118da24d27ce1bd30f4de07a6a	
unchanged	third_party	header	boost/math/special_functions/sin_pi.hpp	md5	4a43f6dfaa73e5c379a3c22589fe15eb	md5	4a43f6dfaa73e5c379a3c22589fe15eb	
unchanged	third_party	header	boost/math/special_functions/sinc.hpp	md5	38a9847ff2d4329de77425259ad6653f	md5	38a9847ff2d4329de77425259ad6653f	
unchanged	third_party	header	boost/math/special_functions/sinhc.hpp	md5	5c036c47d822cfc44a1051870172b8a7	md5	5c036c47d822cfc44a1051870172b8a7	
unchanged	third_party	header	boost/math/special_functions/spherical_harmonic.hpp	md5	87a207f0dddbf849136460c6acd171ea	md5	87a207f0dddbf849136460c6acd171ea	
unchanged	third_party	header	boost/math/special_functions/sqrt1pm1.hpp	md5	86b3fd4a2b0f45e654816dff2bfc6d71	md5	86b3fd4a2b0f45e654816dff2bfc6d71	
unchanged	third_party	header	boost/math/special_functions/trunc.hpp	md5	379cee515725ca90766717effdbc48ca	md5	379cee515725ca90766717effdbc48ca	
unchanged	third_party	header	boost/math/special_functions/zeta.hpp	md5	3074d9969d3acf0ef717e5901002999e	md5	3074d9969d3acf0ef717e5901002999e	
unchanged	third_party	header	boost/math/tools/config.hpp	md5	ebb92886b48a06d4769dab5fa903f70c	md5	ebb92886b48a06d4769dab5fa903f70c	
unchanged	third_party	header	boost/math/tools/detail/polynomial_horner2_17.hpp	md5	3ce523ca6b5dc5dc8c4ad133dbb4f588	md5	3ce523ca6b5dc5dc8c4ad133dbb4f588	
unchanged	third_party	header	boost/math/tools/fraction.hpp	md5	604dfc7787f11172b780efb0e4a495dc	md5	604dfc7787f11172b780efb0e4a495dc	
unchanged	third_party	header	boost/math/tools/precision.hpp	md5	f6cd08d628444c28c52ff7f913c34b5e	md5	f6cd08d628444c28c52ff7f913c34b5e	
unchanged	third_party	header	boost/math/tools/promotion.hpp	md5	cb13853d7f708fdc7524091a08be807c	md5	cb13853d7f708fdc7524091a08be807c	
unchanged	third_party	header	boost/math/tools/rational.hpp	md5	63bef3cb7494787bc221634f4139a990	md5	63bef3cb7494787bc221634f4139a990	
unchanged	third_party	header	boost/math/tools/real_cast.hpp	md5	2e945373fc1d3e8ce3c4e3aa9a2e1cca	md5	2e945373fc1d3e8ce3c4e3aa9a2e1cca	
unchanged	third_party	header	boost/math/tools/roots.hpp	md5	3bd30702644b44119be6f91286172533	md5	3bd30702644b44119be6f91286172533	
unchanged	third_party	header	boost/math/tools/series.hpp	md5	7989d2554e1cacae5da72255361bc67d	md5	7989d2554e1cacae5da72255361bc67d	
unchanged	third_party	header	boost/math/tools/toms748_solve.hpp	md5	49c1a3a75fd279317a69e597486c1d23	md5	49c1a3a75fd279317a69e597486c1d23	
unchanged	third_party	header	boost/math/tools/tuple.hpp	md5	a9b5006aa77429a37f363b0f9c28de35	md5	a9b5006aa77429a37f363b0f9c28de35	
unchanged	third_party	header	boost/math/tools/user.hpp	md5	53ae936a05005978854db29254642afc	md5	53ae936a05005978854db29254642afc	
unchanged	third_party	header	boost/math/tools/workaround.hpp	md5	c5b6808d9c4ccf535946e9f50cd39906	md5	c5b6808d9c4ccf535946e9f50cd39906	
unchanged	third_party	header	boost/mem_fn.hpp	md5	e4914cdf6693d4d99804b63165a64ab5	md5	e4914cdf6693d4d99804b63165a64ab5	
unchanged	third_party	header	boost/memory_order.hpp	md5	92762cbaff7ca166a76575c1d83fc317	md5	92762cbaff7ca166a76575c1d83fc317	
unchanged	third_party	header	boost/move/move.hpp	md5	e23885537fbb1d6c64c9a426319cea6a	md5	e23885537fbb1d6c64c9a426319cea6a	
unchanged	third_party	header	boost/mpl/advance.hpp	md5	a15998f203ba188f8bf2f8467355688f	md5	a15998f203ba188f8bf2f8467355688f	
unchanged	third_party	header	boost/mpl/advance_fwd.hpp	md5	5e0c405b498628995183d3cbd83498ce	md5	5e0c405b498628995183d3cbd83498ce	
unchanged	third_party	header	boost/mpl/always.hpp	md5	3be25749434385d046fd7edfff7904eb	md5	3be25749434385d046fd7edfff7904eb	
unchanged	third_party	header	boost/mpl/and.hpp	md5	8d9609bf72e5fc420c4aa92dc56f6475	md5	8d9609bf72e5fc420c4aa92dc56f6475	
unchanged	third_party	header	boost/mpl/apply.hpp	md5	1d1f8da10f4969671d7f1a0acc82f2ca	md5	1d1f8da10f4969671d7f1a0acc82f2ca	
unchanged	third_party	header	boost/mpl/apply_fwd.hpp	md5	770250d3540107459dd7a68ce3b64ac8	md5	770250d3540107459dd7a68ce3b64ac8	
unchanged	third_party	header	boost/mpl/apply_wrap.hpp	md5	ab1e5675cfd19effd1f8e64a1b6b7f86	md5	ab1e5675cfd19effd1f8e64a1b6b7f86	
unchanged	third_party	header	boost/mpl/arg.hpp	md5	cd34d7e8e26fff7c67027ee810e0408d	md5	cd34d7e8e26fff7c67027ee810e0408d	
unchanged	third_party	header	boost/mpl/arg_fwd.hpp	md5	b72b557f6c39c1e9de1716f027e58b04	md5	b72b557f6c39c1e9de1716f027e58b04	
unchanged	third_party	header	boost/mpl/assert.hpp	md5	23b2e253fbb70db725e1fa43bd783c02	md5	23b2e253fbb70db725e1fa43bd783c02	
unchanged	third_party	header	boost/mpl/at.hpp	md5	82a0acf4d131f265d6bf026931d38d1c	md5	82a0acf4d131f265d6bf026931d38d1c	
unchanged	third_party	header	boost/mpl/at_fwd.hpp	md5	baa099d547430c3e1ddc9f4c15420b14	md5	baa099d547430c3e1ddc9f4c15420b14	
unchanged	third_party	header	boost/mpl/aux_/adl_barrier.hpp	md5	cd08d78f9e5eb7d19e7cc18007ad843a	md5	cd08d78f9e5eb7d19e7cc18007ad843a	
unchanged	third_party	header	boost/mpl/aux_/advance_backward.hpp	md5	62216e9dcb08db03294e4a0b660226e9	md5	62216e9dcb08db03294e4a0b660226e9	
unchanged	third_party	header	boost/mpl/aux_/advance_forward.hpp	md5	d0d28e36b6d7fece66726937edad508d	md5	d0d28e36b6d7fece66726937edad508d	
unchanged	third_party	header	boost/mpl/aux_/arg_typedef.hpp	md5	d872877d25c49bbc34715ed13392e42d	md5	d872877d25c49bbc34715ed13392e42d	
unchanged	third_party	header	boost/mpl/aux_/arithmetic_op.hpp	md5	d0beefc99bcdf7d66be3400f6218bd25	md5	d0beefc99bcdf7d66be3400f6218bd25	
unchanged	third_party	header	boost/mpl/aux_/arity.hpp	md5	cfddbf207e9055e8c4ebb3ca14dbf56a	md5	cfddbf207e9055e8c4ebb3ca14dbf56a	
unchanged	third_party	header	boost/mpl/aux_/arity_spec.hpp	md5	88ec9e85619caa10b4f95d7a45a113be	md5	88ec9e85619caa10b4f95d7a45a113be	
unchanged	third_party	header	boost/mpl/aux_/at_impl.hpp	md5	d31bfc448a54830efaf34ef3127b68f8	md5	d31bfc448a54830efaf34ef3127b68f8	
unchanged	third_party	header	boost/mpl/aux_/begin_end_impl.hpp	md5	29581bdabce6652b7e0f6e902c292cb5	md5	29581bdabce6652b7e0f6e902c292cb5	
unchanged	third_party	header	boost/mpl/aux_/clear_impl.hpp	md5	9532cfa58c4167900ebe61d213c13e41	md5	9532cfa58c4167900ebe61d213c13e41	
unchanged	third_party	header	boost/mpl/aux_/common_name_wknd.hpp	md5	80e950897c843deede12cd6a80fa4937	md5	80e950897c843deede12cd6a80fa4937	
unchanged	third_party	header	boost/mpl/aux_/comparison_op.hpp	md5	78e5375459bd9bb568adaaa580b8f443	md5	78e5375459bd9bb568adaaa580b8f443	
unchanged	third_party	header	boost/mpl/aux_/config/adl.hpp	md5	f83ad25942c9532958d95e54aa88d0d9	md5	f83ad25942c9532958d95e54aa88d0d9	
unchanged	third_party	header	boost/mpl/aux_/config/arrays.hpp	md5	27b8288fff6541257d984c0c14c3f3a2	md5	27b8288fff6541257d984c0c14c3f3a2	
unchanged	third_party	header	boost/mpl/aux_/config/bcc.hpp	md5	72016f7f4a57ab8d89f642e8df937861	md5	72016f7f4a57ab8d89f642e8df937861	
unchanged	third_party	header	boost/mpl/aux_/config/bind.hpp	md5	67823cd9dfc3a113d03e13ad865d47bc	md5	67823cd9dfc3a113d03e13ad865d47bc	
unchanged	third_party	header	boost/mpl/aux_/config/compiler.hpp	md5	0295139c81ae8efdb71022ec1d065681	md5	0295139c81ae8efdb71022ec1d065681	
unchanged	third_party	header	boost/mpl/aux_/config/ctps.hpp	md5	211be7ca6874ff66b57ff497780cf793	md5	211be7ca6874ff66b57ff497780cf793	
unchanged	third_party	header	boost/mpl/aux_/config/dtp.hpp	md5	d01b38006d6c5e3ec6652445f98fcef2	md5	d01b38006d6c5e3ec6652445f98fcef2	
unchanged	third_party	header	boost/mpl/aux_/config/eti.hpp	md5	e4959e177955f7dd82f5e2b10d054a2e	md5	e4959e177955f7dd82f5e2b10d054a2e	
unchanged	third_party	header	boost/mpl/aux_/config/forwarding.hpp	md5	8e8b4f9e249710eb6c06eeb751279379	md5	8e8b4f9e249710eb6c06eeb751279379	
unchanged	third_party	header	boost/mpl/aux_/config/gcc.hpp	md5	83e1923d926c5b9543856541d7828c5a	md5	83e1923d926c5b9543856541d7828c5a	
unchanged	third_party	header	boost/mpl/aux_/config/has_apply.hpp	md5	e525ea16733e5ae78ed1d7afbffb013b	md5	e525ea16733e5ae78ed1d7afbffb013b	
unchanged	third_party	header	boost/mpl/aux_/config/has_xxx.hpp	md5	8ddcc46046e5c73b0e4103b5a520cbe4	md5	8ddcc46046e5c73b0e4103b5a520cbe4	
unchanged	third_party	header	boost/mpl/aux_/config/integral.hpp	md5	f3831587168422833d603021c9f8fc97	md5	f3831587168422833d603021c9f8fc97	
unchanged	third_party	header	boost/mpl/aux_/config/intel.hpp	md5	0a7b9f2138854b8581de01f1d7f62e96	md5	0a7b9f2138854b8581de01f1d7f62e96	
unchanged	third_party	header	boost/mpl/aux_/config/lambda.hpp	md5	69187274189d826bba2e6ef6b8f00a3f	md5	69187274189d826bba2e6ef6b8f00a3f	
unchanged	third_party	header	boost/mpl/aux_/config/msvc.hpp	md5	14cb5119ee459b69e8f90fe4c4894ce9	md5	14cb5119ee459b69e8f90fe4c4894ce9	
unchanged	third_party	header	boost/mpl/aux_/config/msvc_typename.hpp	md5	cbf01a885bd096fda459058d70ff96f6	md5	cbf01a885bd096fda459058d70ff96f6	
unchanged	third_party	header	boost/mpl/aux_/config/nttp.hpp	md5	28b9e0e56d8aff419cb66772acaca454	md5	28b9e0e56d8aff419cb66772acaca454	
unchanged	third_party	header	boost/mpl/aux_/config/overload_resolution.hpp	md5	5509fbbd47543b33b2ab944d88e33738	md5	5509fbbd47543b33b2ab944d88e33738	
unchanged	third_party	header	boost/mpl/aux_/config/pp_counter.hpp	md5	e3ca4afd5f99721e61ef36031835ab49	md5	e3ca4afd5f99721e61ef36031835ab49	
unchanged	third_party	header	boost/mpl/aux_/config/preprocessor.hpp	md5	77cfa7227f78db949fc1011fbe95d618	md5	77cfa7227f78db949fc1011fbe95d618	
unchanged	third_party	header	boost/mpl/aux_/config/static_constant.hpp	md5	f39019d9f0bc170304d746a062f6d206	md5	f39019d9f0bc170304d746a062f6d206	
unchanged	third_party	header	boost/mpl/aux_/config/ttp.hpp	md5	812b67686c4324683d98fe9a11a0d18f	md5	812b67686c4324683d98fe9a11a0d18f	
unchanged	third_party	header	boost/mpl/aux_/config/typeof.hpp	md5	6cf6e8679c7659e81e16f011e2de31a2	md5	6cf6e8679c7659e81e16f011e2de31a2	
unchanged	third_party	header	boost/mpl/aux_/config/use_preprocessed.hpp	md5	202dd2afaecfdabf0bd93407d6b8de41	md5	202dd2afaecfdabf0bd93407d6b8de41	
unchanged	third_party	header	boost/mpl/aux_/config/workaround.hpp	md5	71d1aed2b592800dca2e8f212232541d	md5	71d1aed2b592800dca2e8f212232541d	
unchanged	third_party	header	boost/mpl/aux_/contains_impl.hpp	md5	dbbb0a3e26a296353ce1c6d206686ee6	md5	dbbb0a3e26a296353ce1c6d206686ee6	
unchanged	third_party	header	boost/mpl/aux_/find_if_pred.hpp	md5	cdbd75bf8d31c5f4b67c3435dced726d	md5	cdbd75bf8d31c5f4b67c3435dced726d	
unchanged	third_party	header	boost/mpl/aux_/fold_impl.hpp	md5	56eed4415e455768521decd1e5705344	md5	56eed4415e455768521decd1e5705344	
unchanged	third_party	header	boost/mpl/aux_/full_lambda.hpp	md5	36a2d5b832f0ec16fd7ae1440cbf051d	md5	36a2d5b832f0ec16fd7ae1440cbf051d	
unchanged	third_party	header	boost/mpl/aux_/has_apply.hpp	md5	27702b703e3ee99a1462f45ea45ee99a	md5	27702b703e3ee99a1462f45ea45ee99a	
unchanged	third_party	header	boost/mpl/aux_/has_begin.hpp	md5	a18f5ad8cd1446a2fb363feb9afc4f1d	md5	a18f5ad8cd1446a2fb363feb9afc4f1d	
unchanged	third_party	header	boost/mpl/aux_/has_size.hpp	md5	6c9d32c426b3651549391cf3009b0b8c	md5	6c9d32c426b3651549391cf3009b0b8c	
unchanged	third_party	header	boost/mpl/aux_/has_tag.hpp	md5	905976c86b24ab083e2dedb961cbc77a	md5	905976c86b24ab083e2dedb961cbc77a	
unchanged	third_party	header	boost/mpl/aux_/has_type.hpp	md5	497439136fcc8bf18a43c574d6426284	md5	497439136fcc8bf18a43c574d6426284	
unchanged	third_party	header	boost/mpl/aux_/include_preprocessed.hpp	md5	7bee111a864c1591ed73b04b6f31df57	md5	7bee111a864c1591ed73b04b6f31df57	
unchanged	third_party	header	boost/mpl/aux_/inserter_algorithm.hpp	md5	c479859be1a9e9dfb63e8d8431724765	md5	c479859be1a9e9dfb63e8d8431724765	
unchanged	third_party	header	boost/mpl/aux_/integral_wrapper.hpp	md5	cacedbf8fb5b38d73c65b427a19bdae1	md5	cacedbf8fb5b38d73c65b427a19bdae1	
unchanged	third_party	header	boost/mpl/aux_/is_msvc_eti_arg.hpp	md5	caefed6978bbf29718f9590e6e8a002b	md5	caefed6978bbf29718f9590e6e8a002b	
unchanged	third_party	header	boost/mpl/aux_/iter_apply.hpp	md5	61036a9a1a0ecb4b96266f1d299b2997	md5	61036a9a1a0ecb4b96266f1d299b2997	
unchanged	third_party	header	boost/mpl/aux_/iter_fold_if_impl.hpp	md5	6602c611e868585e89a10b0f904c323a	md5	6602c611e868585e89a10b0f904c323a	
unchanged	third_party	header	boost/mpl/aux_/iter_fold_impl.hpp	md5	31bf3a34dfa057fc512633de92d58b20	md5	31bf3a34dfa057fc512633de92d58b20	
unchanged	third_party	header	boost/mpl/aux_/lambda_arity_param.hpp	md5	a9944da2b46ad4a9d9f9ff6d74533bcf	md5	a9944da2b46ad4a9d9f9ff6d74533bcf	
unchanged	third_party	header	boost/mpl/aux_/lambda_spec.hpp	md5	dc612a4ebe84152d1a850abdd1c3c87c	md5	dc612a4ebe84152d1a850abdd1c3c87c	
unchanged	third_party	header	boost/mpl/aux_/lambda_support.hpp	md5	4cfb5d61344aed2dd84b3ad38e1f6aa9	md5	4cfb5d61344aed2dd84b3ad38e1f6aa9	
unchanged	third_party	header	boost/mpl/aux_/largest_int.hpp	md5	8bb4344efd8795b3a1980c9c209bc33f	md5	8bb4344efd8795b3a1980c9c209bc33f	
unchanged	third_party	header	boost/mpl/aux_/msvc_eti_base.hpp	md5	fb01fb6837f1d564eb29b8e5b5b6674b	md5	fb01fb6837f1d564eb29b8e5b5b6674b	
unchanged	third_party	header	boost/mpl/aux_/msvc_never_true.hpp	md5	984058a445c9550c35b02d19a98ee15d	md5	984058a445c9550c35b02d19a98ee15d	
unchanged	third_party	header	boost/mpl/aux_/msvc_type.hpp	md5	bb36a307b86219e0bb1ad147cd15912e	md5	bb36a307b86219e0bb1ad147cd15912e	
unchanged	third_party	header	boost/mpl/aux_/na.hpp	md5	3fdc0fa065fe744660805d02c4fb4c98	md5	3fdc0fa065fe744660805d02c4fb4c98	
unchanged	third_party	header	boost/mpl/aux_/na_assert.hpp	md5	cafb0f232c7557cbb2db3b588d9ab2c8	md5	cafb0f232c7557cbb2db3b588d9ab2c8	
unchanged	third_party	header	boost/mpl/aux_/na_fwd.hpp	md5	48dd5c7e46b104e9ac1696d9c9a2a7c5	md5	48dd5c7e46b104e9ac1696d9c9a2a7c5	
unchanged	third_party	header	boost/mpl/aux_/na_spec.hpp	md5	fbf3afb73d12a2be4e430a1372d4510c	md5	fbf3afb73d12a2be4e430a1372d4510c	
unchanged	third_party	header	boost/mpl/aux_/nested_type_wknd.hpp	md5	6261cd22f46de6c77a176bab614d8289	md5	6261cd22f46de6c77a176bab614d8289	
unchanged	third_party	header	boost/mpl/aux_/nttp_decl.hpp	md5	e02e31908a911b46762b44d40c74d5c3	md5	e02e31908a911b46762b44d40c74d5c3	
unchanged	third_party	header	boost/mpl/aux_/numeric_cast_utils.hpp	md5	2e757754153a74251fe0bd79f624aa63	md5	2e757754153a74251fe0bd79f624aa63	
unchanged	third_party	header	boost/mpl/aux_/numeric_op.hpp	md5	19790e519900e46a14b472d407217dc6	md5	19790e519900e46a14b472d407217dc6	
unchanged	third_party	header	boost/mpl/aux_/o1_size_impl.hpp	md5	9362feba3591911d3915dd0e20a78c27	md5	9362feba3591911d3915dd0e20a78c27	
unchanged	third_party	header	boost/mpl/aux_/preprocessed/plain/advance_backward.hpp	md5	d51c2794b3d9214668680fdaa86e25e3	md5	d51c2794b3d9214668680fdaa86e25e3	
unchanged	third_party	header	boost/mpl/aux_/preprocessed/plain/advance_forward.hpp	md5	2698be31dedae8c119106657bfb16766	md5	2698be31dedae8c119106657bfb16766	
unchanged	third_party	header	boost/mpl/aux_/preprocessed/plain/and.hpp	md5	281554e12af14ef20be9d14358d38831	md5	281554e12af14ef20be9d14358d38831	
unchanged	third_party	header	boost/mpl/aux_/preprocessed/plain/apply.hpp	md5	4b6d2b9d51b11f8d2be8463a546bc36e	md5	4b6d2b9d51b11f8d2be8463a546bc36e	
unchanged	third_party	header	boost/mpl/aux_/preprocessed/plain/apply_fwd.hpp	md5	53623106255867551f66759274b3c8e8	md5	53623106255867551f66759274b3c8e8	
unchanged	third_party	header	boost/mpl/aux_/preprocessed/plain/apply_wrap.hpp	md5	0b61fe82c938573f9827bc3663f08276	md5	0b61fe82c938573f9827bc3663f08276	
unchanged	third_party	header	boost/mpl/aux_/preprocessed/plain/arg.hpp	md5	b8e3105d3dfe14a14d2a3c9e71ac0a3b	md5	b8e3105d3dfe14a14d2a3c9e71ac0a3b	
unchanged	third_party	header	boost/mpl/aux_/preprocessed/plain/bind.hpp	md5	0799d838f91c92e4ec398afe0296a1e3	md5	0799d838f91c92e4ec398afe0296a1e3	
unchanged	third_party	header	boost/mpl/aux_/preprocessed/plain/bind_fwd.hpp	md5	8a47ae3f67a52c7e12d5510d2dcda0b2	md5	8a47ae3f67a52c7e12d5510d2dcda0b2	
unchanged	third_party	header	boost/mpl/aux_/preprocessed/plain/divides.hpp	md5	07f9aac7261b9b6042d2eb076fe59815	md5	07f9aac7261b9b6042d2eb076fe59815	
unchanged	third_party	header	boost/mpl/aux_/preprocessed/plain/equal_to.hpp	md5	c6af6033131eb734e4d91199c316015d	md5	c6af6033131eb734e4d91199c316015d	
unchanged	third_party	header	boost/mpl/aux_/preprocessed/plain/fold_impl.hpp	md5	49e5cb5a977c789613416afdd266dbfd	md5	49e5cb5a977c789613416afdd266dbfd	
unchanged	third_party	header	boost/mpl/aux_/preprocessed/plain/full_lambda.hpp	md5	b42dd71114840ca951876f7100d3dcb3	md5	b42dd71114840ca951876f7100d3dcb3	
unchanged	third_party	header	boost/mpl/aux_/preprocessed/plain/greater.hpp	md5	eac6b7babdad55ad487516d1bd06453e	md5	eac6b7babdad55ad487516d1bd06453e	
unchanged	third_party	header	boost/mpl/aux_/preprocessed/plain/greater_equal.hpp	md5	241503047b69fd8d04d40d3414a83801	md5	241503047b69fd8d04d40d3414a83801	
unchanged	third_party	header	boost/mpl/aux_/preprocessed/plain/inherit.hpp	md5	67ce9cfb38e7b8afba96e3e2dcc967f6	md5	67ce9cfb38e7b8afba96e3e2dcc967f6	
unchanged	third_party	header	boost/mpl/aux_/preprocessed/plain/iter_fold_if_impl.hpp	md5	f68078eed4e8e23c6fd33b3f596673fb	md5	f68078eed4e8e23c6fd33b3f596673fb	
unchanged	third_party	header	boost/mpl/aux_/preprocessed/plain/iter_fold_impl.hpp	md5	fdfb68fae0b4d954021039fcbbf37322	md5	fdfb68fae0b4d954021039fcbbf37322	
unchanged	third_party	header	boost/mpl/aux_/preprocessed/plain/less.hpp	md5	21d8c61df446650012854b781dbf322e	md5	21d8c61df446650012854b781dbf322e	
unchanged	third_party	header	boost/mpl/aux_/preprocessed/plain/less_equal.hpp	md5	24a195f8d0ba1e87c46746ecdf2094d6	md5	24a195f8d0ba1e87c46746ecdf2094d6	
unchanged	third_party	header	boost/mpl/aux_/preprocessed/plain/list.hpp	md5	42b4e0a014f3b49190a9b3bb52634e8b	md5	42b4e0a014f3b49190a9b3bb52634e8b	
unchanged	third_party	header	boost/mpl/aux_/preprocessed/plain/minus.hpp	md5	84dfd0410e1a3b4a98c4cd0c34adbb3d	md5	84dfd0410e1a3b4a98c4cd0c34adbb3d	
unchanged	third_party	header	boost/mpl/aux_/preprocessed/plain/not_equal_to.hpp	md5	af956e32b59693dba79d46978a7e5650	md5	af956e32b59693dba79d46978a7e5650	
unchanged	third_party	header	boost/mpl/aux_/preprocessed/plain/or.hpp	md5	277fb349803bd99ebf8195be80df880a	md5	277fb349803bd99ebf8195be80df880a	
unchanged	third_party	header	boost/mpl/aux_/preprocessed/plain/placeholders.hpp	md5	cc4535490cb9b6b7e6deab812e783359	md5	cc4535490cb9b6b7e6deab812e783359	
unchanged	third_party	header	boost/mpl/aux_/preprocessed/plain/plus.hpp	md5	28a701dd7e413a949d8e5a95be06e537	md5	28a701dd7e413a949d8e5a95be06e537	
unchanged	third_party	header	boost/mpl/aux_/preprocessed/plain/quote.hpp	md5	fe76006f968ec73d89f11cf04256b6fd	md5	fe76006f968ec73d89f11cf04256b6fd	
unchanged	third_party	header	boost/mpl/aux_/preprocessed/plain/reverse_fold_impl.hpp	md5	69675b96a254f3703ad7f83ff04f1940	md5	69675b96a254f3703ad7f83ff04f1940	
unchanged	third_party	header	boost/mpl/aux_/preprocessed/plain/template_arity.hpp	md5	355c2e580c6470b86deb5d8995dc497d	md5	355c2e580c6470b86deb5d8995dc497d	
unchanged	third_party	header	boost/mpl/aux_/preprocessed/plain/times.hpp	md5	87794a5b4dbe197eedce83d4b99d8630	md5	87794a5b4dbe197eedce83d4b99d8630	
unchanged	third_party	header	boost/mpl/aux_/preprocessed/plain/vector.hpp	md5	7f53c5f03eb454e190e39f9222d8bec4	md5	7f53c5f03eb454e190e39f9222d8bec4	
unchanged	third_party	header	boost/mpl/aux_/preprocessor/def_params_tail.hpp	md5	2a061ee23a0a54adb5dd82b5e4990148	md5	2a061ee23a0a54adb5dd82b5e4990148	
unchanged	third_party	header	boost/mpl/aux_/preprocessor/default_params.hpp	md5	eddb71f604e3914018e830d37b9194d7	md5	eddb71f604e3914018e830d37b9194d7	
unchanged	third_party	header	boost/mpl/aux_/preprocessor/enum.hpp	md5	542c4855d6890c79a1acf4c5543d4bf8	md5	542c4855d6890c79a1acf4c5543d4bf8	
unchanged	third_party	header	boost/mpl/aux_/preprocessor/params.hpp	md5	de35415ffee853491062d1bb69b82293	md5	de35415ffee853491062d1bb69b82293	
unchanged	third_party	header	boost/mpl/aux_/push_back_impl.hpp	md5	495d13f209b237456da0069e3d357361	md5	495d13f209b237456da0069e3d357361	
unchanged	third_party	header	boost/mpl/aux_/push_front_impl.hpp	md5	b79d02c61fd731276e7f79f511fe2dc7	md5	b79d02c61fd731276e7f79f511fe2dc7	
unchanged	third_party	header	boost/mpl/aux_/reverse_fold_impl.hpp	md5	43660b31c980db3bfb3444a67f707b1d	md5	43660b31c980db3bfb3444a67f707b1d	
unchanged	third_party	header	boost/mpl/aux_/size_impl.hpp	md5	3ab696272692a718b33d6f93489b88a1	md5	3ab696272692a718b33d6f93489b88a1	
unchanged	third_party	header	boost/mpl/aux_/static_cast.hpp	md5	b6d8e503aada78040fc19a6826e93ed1	md5	b6d8e503aada78040fc19a6826e93ed1	
unchanged	third_party	header	boost/mpl/aux_/template_arity.hpp	md5	2a4468f141c0723f8dbede69bdf1162d	md5	2a4468f141c0723f8dbede69bdf1162d	
unchanged	third_party	header	boost/mpl/aux_/template_arity_fwd.hpp	md5	98776a1d80f0b968d0d69ddf0524192d	md5	98776a1d80f0b968d0d69ddf0524192d	
unchanged	third_party	header	boost/mpl/aux_/traits_lambda_spec.hpp	md5	7bd29a9baf0e0d8df8ff514b2a2b23f0	md5	7bd29a9baf0e0d8df8ff514b2a2b23f0	
unchanged	third_party	header	boost/mpl/aux_/type_wrapper.hpp	md5	f9db7bb351df323f16abb1960845fb7e	md5	f9db7bb351df323f16abb1960845fb7e	
unchanged	third_party	header	boost/mpl/aux_/value_wknd.hpp	md5	336cf31563dd9bdbfa66ae66ec6bb59f	md5	336cf31563dd9bdbfa66ae66ec6bb59f	
unchanged	third_party	header	boost/mpl/aux_/yes_no.hpp	md5	9ca4b47cbdcf2a2a252541692e429124	md5	9ca4b47cbdcf2a2a252541692e429124	
unchanged	third_party	header	boost/mpl/back_fwd.hpp	md5	6c0019934e5847a48a370815cc0df3a4	md5	6c0019934e5847a48a370815cc0df3a4	
unchanged	third_party	header	boost/mpl/back_inserter.hpp	md5	21e649d435a0ef8c65df1be82c1b4561	md5	21e649d435a0ef8c65df1be82c1b4561	
unchanged	third_party	header	boost/mpl/begin.hpp	md5	aafaea1bfb31cddde22796f8fac4cd17	md5	aafaea1bfb31cddde22796f8fac4cd17	
unchanged	third_party	header	boost/mpl/begin_end.hpp	md5	cc3049ca202c991ea9600e3777920745	md5	cc3049ca202c991ea9600e3777920745	
unchanged	third_party	header	boost/mpl/begin_end_fwd.hpp	md5	65cf4e8db07c6016819c3f90937d6954	md5	65cf4e8db07c6016819c3f90937d6954	
unchanged	third_party	header	boost/mpl/bind.hpp	md5	65a9a540d8b959c8ca5485fd498cf016	md5	65a9a540d8b959c8ca5485fd498cf016	
unchanged	third_party	header	boost/mpl/bind_fwd.hpp	md5	717a9d300c02c6a189c6aaa19bf6c448	md5	717a9d300c02c6a189c6aaa19bf6c448	
unchanged	third_party	header	boost/mpl/bool.hpp	md5	b8b1b82bcc39abbc94ec46f6f5248f57	md5	b8b1b82bcc39abbc94ec46f6f5248f57	
unchanged	third_party	header	boost/mpl/bool_fwd.hpp	md5	d58ff8d6a81059ff4732111b1bf77171	md5	d58ff8d6a81059ff4732111b1bf77171	
unchanged	third_party	header	boost/mpl/clear.hpp	md5	f6e218a29a78a578a97c262fe41a81bc	md5	f6e218a29a78a578a97c262fe41a81bc	
unchanged	third_party	header	boost/mpl/clear_fwd.hpp	md5	d19ec4ddb46d115c6104d4187a6b3b5b	md5	d19ec4ddb46d115c6104d4187a6b3b5b	
unchanged	third_party	header	boost/mpl/comparison.hpp	md5	6083eeec8fbe4a5132c82b49fb12f33b	md5	6083eeec8fbe4a5132c82b49fb12f33b	
unchanged	third_party	header	boost/mpl/contains.hpp	md5	6debc44c1b2ce7535cb9ce031505924e	md5	6debc44c1b2ce7535cb9ce031505924e	
unchanged	third_party	header	boost/mpl/contains_fwd.hpp	md5	58d9b5f99bf366bdac6a9d1213d9083e	md5	58d9b5f99bf366bdac6a9d1213d9083e	
unchanged	third_party	header	boost/mpl/deref.hpp	md5	979ee9ea2fb6d0afa42aa87cb9d75162	md5	979ee9ea2fb6d0afa42aa87cb9d75162	
unchanged	third_party	header	boost/mpl/distance.hpp	md5	f3c0dc43068815e34ca414ad6b7a8e2d	md5	f3c0dc43068815e34ca414ad6b7a8e2d	
unchanged	third_party	header	boost/mpl/distance_fwd.hpp	md5	4dac926f0d59493d3f9e2955f5201c14	md5	4dac926f0d59493d3f9e2955f5201c14	
unchanged	third_party	header	boost/mpl/divides.hpp	md5	03faa19c4d714c4037c07089601576b6	md5	03faa19c4d714c4037c07089601576b6	
unchanged	third_party	header	boost/mpl/empty_base.hpp	md5	c5ef071474425053c18779aa0967f995	md5	c5ef071474425053c18779aa0967f995	
unchanged	third_party	header	boost/mpl/empty_fwd.hpp	md5	68a08255d6ff653d11aa87fd214d6ce1	md5	68a08255d6ff653d11aa87fd214d6ce1	
unchanged	third_party	header	boost/mpl/end.hpp	md5	6723c5e5fd936084ce33aac4c6405264	md5	6723c5e5fd936084ce33aac4c6405264	
unchanged	third_party	header	boost/mpl/equal_to.hpp	md5	3a79cdbb7c3d517a42e181d13332b731	md5	3a79cdbb7c3d517a42e181d13332b731	
unchanged	third_party	header	boost/mpl/eval_if.hpp	md5	6156410b851c8ade910536284093f670	md5	6156410b851c8ade910536284093f670	
unchanged	third_party	header	boost/mpl/find.hpp	md5	f6691f3c8a0909149fd080dd49a4e818	md5	f6691f3c8a0909149fd080dd49a4e818	
unchanged	third_party	header	boost/mpl/find_if.hpp	md5	c7181450230239131713c5aca123dad8	md5	c7181450230239131713c5aca123dad8	
unchanged	third_party	header	boost/mpl/fold.hpp	md5	62e7f57c1a4c0a434a4a04d9740ec098	md5	62e7f57c1a4c0a434a4a04d9740ec098	
unchanged	third_party	header	boost/mpl/front_fwd.hpp	md5	e046d256b403e8d616fb2a2a371d3289	md5	e046d256b403e8d616fb2a2a371d3289	
unchanged	third_party	header	boost/mpl/front_inserter.hpp	md5	ea4e0940efbbccf065b9e510287be1ca	md5	ea4e0940efbbccf065b9e510287be1ca	
unchanged	third_party	header	boost/mpl/greater.hpp	md5	aebce3c5be010e339f671ec46dc3074f	md5	aebce3c5be010e339f671ec46dc3074f	
unchanged	third_party	header	boost/mpl/greater_equal.hpp	md5	96554f40a35db50b691a0c600c405c95	md5	96554f40a35db50b691a0c600c405c95	
unchanged	third_party	header	boost/mpl/has_xxx.hpp	md5	aeaffd62e3e935477a8be16aa12cea87	md5	aeaffd62e3e935477a8be16aa12cea87	
unchanged	third_party	header	boost/mpl/identity.hpp	md5	252fbeffd368ac6e7cd2034cac8e942f	md5	252fbeffd368ac6e7cd2034cac8e942f	
unchanged	third_party	header	boost/mpl/if.hpp	md5	7cd0892c4dfceb376edbc140722095e9	md5	7cd0892c4dfceb376edbc140722095e9	
unchanged	third_party	header	boost/mpl/inherit.hpp	md5	ef29328d6b82d5971fdfea50a1c81541	md5	ef29328d6b82d5971fdfea50a1c81541	
unchanged	third_party	header	boost/mpl/inserter.hpp	md5	19cdacbab339c1c2a693c7c8ac3d2d6c	md5	19cdacbab339c1c2a693c7c8ac3d2d6c	
unchanged	third_party	header	boost/mpl/int.hpp	md5	76676cefcd4ec712326bb64fdc599147	md5	76676cefcd4ec712326bb64fdc599147	
unchanged	third_party	header	boost/mpl/int_fwd.hpp	md5	a6fff525a7b2ba3c06518954a1034606	md5	a6fff525a7b2ba3c06518954a1034606	
unchanged	third_party	header	boost/mpl/integral_c.hpp	md5	b324ec63e20fd228402360160a5ac37c	md5	b324ec63e20fd228402360160a5ac37c	
unchanged	third_party	header	boost/mpl/integral_c_fwd.hpp	md5	b306f6e0c81d5ec3d4c92926694e6633	md5	b306f6e0c81d5ec3d4c92926694e6633	
unchanged	third_party	header	boost/mpl/integral_c_tag.hpp	md5	fb392e7ff8332738aaa5ab61e86a01ee	md5	fb392e7ff8332738aaa5ab61e86a01ee	
unchanged	third_party	header	boost/mpl/is_sequence.hpp	md5	ffbf4a5bc059e76d5f251cf165a2299d	md5	ffbf4a5bc059e76d5f251cf165a2299d	
unchanged	third_party	header	boost/mpl/iter_fold.hpp	md5	eab3f6da0d626cc6616361caaacd0fbc	md5	eab3f6da0d626cc6616361caaacd0fbc	
unchanged	third_party	header	boost/mpl/iter_fold_if.hpp	md5	b4256cd127f5dee17bb7b6e2a838f767	md5	b4256cd127f5dee17bb7b6e2a838f767	
unchanged	third_party	header	boost/mpl/iterator_range.hpp	md5	ab0b5315a7a05463043b0432372402b8	md5	ab0b5315a7a05463043b0432372402b8	
unchanged	third_party	header	boost/mpl/iterator_tags.hpp	md5	1b1f2aa5a91c3389f10f285e2a98a117	md5	1b1f2aa5a91c3389f10f285e2a98a117	
unchanged	third_party	header	boost/mpl/lambda.hpp	md5	1d28693fbe32c97e93b06c85c19d386d	md5	1d28693fbe32c97e93b06c85c19d386d	
unchanged	third_party	header	boost/mpl/lambda_fwd.hpp	md5	09fc81893a568dad1e4798669da2c8bb	md5	09fc81893a568dad1e4798669da2c8bb	
unchanged	third_party	header	boost/mpl/less.hpp	md5	9d5ca752b67c2341d7481b24e256655c	md5	9d5ca752b67c2341d7481b24e256655c	
unchanged	third_party	header	boost/mpl/less_equal.hpp	md5	d8789fc58fcfc93552a8c6b1fff76d3f	md5	d8789fc58fcfc93552a8c6b1fff76d3f	
unchanged	third_party	header	boost/mpl/limits/arity.hpp	md5	8522feed711d4059706ec888ee5a9db5	md5	8522feed711d4059706ec888ee5a9db5	
unchanged	third_party	header	boost/mpl/limits/list.hpp	md5	617f563615f4bb91ea32def93a7dfe96	md5	617f563615f4bb91ea32def93a7dfe96	
unchanged	third_party	header	boost/mpl/limits/vector.hpp	md5	a905658024cdb179d968fe1a77f76737	md5	a905658024cdb179d968fe1a77f76737	
unchanged	third_party	header	boost/mpl/list.hpp	md5	932641d27a4c65152aef2897f0b0f2f4	md5	932641d27a4c65152aef2897f0b0f2f4	
unchanged	third_party	header	boost/mpl/list/aux_/begin_end.hpp	md5	e762917972c3b9b39f61ddce7a0eaab7	md5	e762917972c3b9b39f61ddce7a0eaab7	
unchanged	third_party	header	boost/mpl/list/aux_/clear.hpp	md5	4702ecf37aaa7a75ccf05ee1bdfa8105	md5	4702ecf37aaa7a75ccf05ee1bdfa8105	
unchanged	third_party	header	boost/mpl/list/aux_/empty.hpp	md5	8d8c2bdef559571ce982b13610413880	md5	8d8c2bdef559571ce982b13610413880	
unchanged	third_party	header	boost/mpl/list/aux_/front.hpp	md5	00b426307ff95cd57c04357ad40c0284	md5	00b426307ff95cd57c04357ad40c0284	
unchanged	third_party	header	boost/mpl/list/aux_/include_preprocessed.hpp	md5	b5bf215b81f34c0065eaade3df879c90	md5	b5bf215b81f34c0065eaade3df879c90	
unchanged	third_party	header	boost/mpl/list/aux_/item.hpp	md5	c4f96ac216c7d76b23b90fd4d6d4a550	md5	c4f96ac216c7d76b23b90fd4d6d4a550	
unchanged	third_party	header	boost/mpl/list/aux_/iterator.hpp	md5	99a69748436bc7772331ba080aa61fed	md5	99a69748436bc7772331ba080aa61fed	
unchanged	third_party	header	boost/mpl/list/aux_/o1_size.hpp	md5	7b0892f0c4b78a565c5e2e81522c17cb	md5	7b0892f0c4b78a565c5e2e81522c17cb	
unchanged	third_party	header	boost/mpl/list/aux_/pop_front.hpp	md5	5a61fcbfea8a1f4f80d8014619494312	md5	5a61fcbfea8a1f4f80d8014619494312	
unchanged	third_party	header	boost/mpl/list/aux_/preprocessed/plain/list10.hpp	md5	aa1ccbbd14bfd6f281818a0b19d6c1d3	md5	aa1ccbbd14bfd6f281818a0b19d6c1d3	
unchanged	third_party	header	boost/mpl/list/aux_/preprocessed/plain/list20.hpp	md5	49f9a87f2d8620a89ca4b99f223a94ab	md5	49f9a87f2d8620a89ca4b99f223a94ab	
unchanged	third_party	header	boost/mpl/list/aux_/push_back.hpp	md5	8ab652764efb0e0fd426b6e3f2d89eef	md5	8ab652764efb0e0fd426b6e3f2d89eef	
unchanged	third_party	header	boost/mpl/list/aux_/push_front.hpp	md5	a0f37b5704ad96dfe5209ad73e7dc9cb	md5	a0f37b5704ad96dfe5209ad73e7dc9cb	
unchanged	third_party	header	boost/mpl/list/aux_/size.hpp	md5	06c498fbb95f39685e953e4576dc4581	md5	06c498fbb95f39685e953e4576dc4581	
unchanged	third_party	header	boost/mpl/list/aux_/tag.hpp	md5	6d64d40212f73c8bda366d54a63505b2	md5	6d64d40212f73c8bda366d54a63505b2	
unchanged	third_party	header	boost/mpl/list/list0.hpp	md5	dec798ec8c869c077937b96ec47602d9	md5	dec798ec8c869c077937b96ec47602d9	
unchanged	third_party	header	boost/mpl/list/list10.hpp	md5	ffb7bc815a0204808dcb086d25b01fdc	md5	ffb7bc815a0204808dcb086d25b01fdc	
unchanged	third_party	header	boost/mpl/list/list20.hpp	md5	047cdeb1e454cf03e8f99c3171284e6d	md5	047cdeb1e454cf03e8f99c3171284e6d	
unchanged	third_party	header	boost/mpl/logical.hpp	md5	092d22aed0a1a66487a6e922b28f5d77	md5	092d22aed0a1a66487a6e922b28f5d77	
unchanged	third_party	header	boost/mpl/long.hpp	md5	de6d9e288b8c187a54ed36d888ee5dbb	md5	de6d9e288b8c187a54ed36d888ee5dbb	
unchanged	third_party	header	boost/mpl/long_fwd.hpp	md5	794b1d38ac4b94b77e29671020ee4a2b	md5	794b1d38ac4b94b77e29671020ee4a2b	
unchanged	third_party	header	boost/mpl/minus.hpp	md5	d775091d2bf5657c4a04fe6f2ccc6369	md5	d775091d2bf5657c4a04fe6f2ccc6369	
unchanged	third_party	header	boost/mpl/multiplies.hpp	md5	302ef8b1aff5c8564a71607f3f978bfd	md5	302ef8b1aff5c8564a71607f3f978bfd	
unchanged	third_party	header	boost/mpl/negate.hpp	md5	ec07a717785ee1e446caf77e00885e8a	md5	ec07a717785ee1e446caf77e00885e8a	
unchanged	third_party	header	boost/mpl/next.hpp	md5	1f7c6b6f3a59809aab70a368b870ff25	md5	1f7c6b6f3a59809aab70a368b870ff25	
unchanged	third_party	header	boost/mpl/next_prior.hpp	md5	5e175dad8b01cc1d1d09b1282ac13383	md5	5e175dad8b01cc1d1d09b1282ac13383	
unchanged	third_party	header	boost/mpl/not.hpp	md5	d6cd14dabb042ad496f1228d68e2a3b1	md5	d6cd14dabb042ad496f1228d68e2a3b1	
unchanged	third_party	header	boost/mpl/not_equal_to.hpp	md5	5aae334b34512d744e535c5d63a59db9	md5	5aae334b34512d744e535c5d63a59db9	
unchanged	third_party	header	boost/mpl/numeric_cast.hpp	md5	8f598114bceed29cc59f6554d3fffde7	md5	8f598114bceed29cc59f6554d3fffde7	
unchanged	third_party	header	boost/mpl/o1_size.hpp	md5	fb2c75979c11a6e9b987e95bcba066c5	md5	fb2c75979c11a6e9b987e95bcba066c5	
unchanged	third_party	header	boost/mpl/o1_size_fwd.hpp	md5	c3cbb84a3bfc10e0e4ae1b6c738515f0	md5	c3cbb84a3bfc10e0e4ae1b6c738515f0	
unchanged	third_party	header	boost/mpl/or.hpp	md5	6b57e7e6e0791990101fba3e9946bfac	md5	6b57e7e6e0791990101fba3e9946bfac	
unchanged	third_party	header	boost/mpl/pair.hpp	md5	6703392efd9bae06dcf572f56dac3fd0	md5	6703392efd9bae06dcf572f56dac3fd0	
unchanged	third_party	header	boost/mpl/placeholders.hpp	md5	9d9f9124a37858229fb85bf2198b9f30	md5	9d9f9124a37858229fb85bf2198b9f30	
unchanged	third_party	header	boost/mpl/plus.hpp	md5	20f0dde730291f7ac800e6ae7bac3e90	md5	20f0dde730291f7ac800e6ae7bac3e90	
unchanged	third_party	header	boost/mpl/pop_back_fwd.hpp	md5	0aa5e6e53eef71cb584232e7531ad1e7	md5	0aa5e6e53eef71cb584232e7531ad1e7	
unchanged	third_party	header	boost/mpl/pop_front_fwd.hpp	md5	792c24ea34cf75769bf7727a9c78b003	md5	792c24ea34cf75769bf7727a9c78b003	
unchanged	third_party	header	boost/mpl/prior.hpp	md5	f5ae12d993657d4f38d539b5ab46b71c	md5	f5ae12d993657d4f38d539b5ab46b71c	
unchanged	third_party	header	boost/mpl/protect.hpp	md5	827f259565977a08c4467cdc0e553137	md5	827f259565977a08c4467cdc0e553137	
unchanged	third_party	header	boost/mpl/push_back.hpp	md5	c12c9de2bd5554197994967bcdf7f423	md5	c12c9de2bd5554197994967bcdf7f423	
unchanged	third_party	header	boost/mpl/push_back_fwd.hpp	md5	56204cd8d9433e5ab52676b20026abb2	md5	56204cd8d9433e5ab52676b20026abb2	
unchanged	third_party	header	boost/mpl/push_front.hpp	md5	c28e3e84b743b93bcaa55e49c7e0ea43	md5	c28e3e84b743b93bcaa55e49c7e0ea43	
unchanged	third_party	header	boost/mpl/push_front_fwd.hpp	md5	9c3488ee3b7b65c5f1e85d442f53604b	md5	9c3488ee3b7b65c5f1e85d442f53604b	
unchanged	third_party	header	boost/mpl/quote.hpp	md5	07274eb3777e90bb1af0feaca3dd4da9	md5	07274eb3777e90bb1af0feaca3dd4da9	
unchanged	third_party	header	boost/mpl/remove_if.hpp	md5	cf5e794e0d0d736214c43426502fe3ec	md5	cf5e794e0d0d736214c43426502fe3ec	
unchanged	third_party	header	boost/mpl/reverse_fold.hpp	md5	f2f2aa166eac1e258a154dc4e209d21e	md5	f2f2aa166eac1e258a154dc4e209d21e	
unchanged	third_party	header	boost/mpl/same_as.hpp	md5	222f787c6b7ca19d38b430c6b2e3ec1f	md5	222f787c6b7ca19d38b430c6b2e3ec1f	
unchanged	third_party	header	boost/mpl/sequence_tag.hpp	md5	666418ffb7c39855da4bbcdb803fe553	md5	666418ffb7c39855da4bbcdb803fe553	
unchanged	third_party	header	boost/mpl/sequence_tag_fwd.hpp	md5	5d3b30ab5442333a1b3273cd1403fe61	md5	5d3b30ab5442333a1b3273cd1403fe61	
unchanged	third_party	header	boost/mpl/size.hpp	md5	63e7701b6d09d1093f5ea88eb66b6be4	md5	63e7701b6d09d1093f5ea88eb66b6be4	
unchanged	third_party	header	boost/mpl/size_fwd.hpp	md5	0e9709e9c0b238d8278dfd901d9c4af3	md5	0e9709e9c0b238d8278dfd901d9c4af3	
unchanged	third_party	header	boost/mpl/size_t.hpp	md5	440c0234a93831e7a6891cc853085af3	md5	440c0234a93831e7a6891cc853085af3	
unchanged	third_party	header	boost/mpl/size_t_fwd.hpp	md5	7ed40921b2f509cb78eb1c27d97236ef	md5	7ed40921b2f509cb78eb1c27d97236ef	
unchanged	third_party	header	boost/mpl/tag.hpp	md5	8f829d0c931df65dc2e1d21ca7c575d8	md5	8f829d0c931df65dc2e1d21ca7c575d8	
unchanged	third_party	header	boost/mpl/times.hpp	md5	f8ee75b0bef3daebd7a2d48f8e84bcef	md5	f8ee75b0bef3daebd7a2d48f8e84bcef	
unchanged	third_party	header	boost/mpl/vector.hpp	md5	646d88ac33a63c21c22f6dd0ffd1476e	md5	646d88ac33a63c21c22f6dd0ffd1476e	
unchanged	third_party	header	boost/mpl/vector/aux_/at.hpp	md5	bb94d0bc0d7ff89db0d7b90c33af9eca	md5	bb94d0bc0d7ff89db0d7b90c33af9eca	
unchanged	third_party	header	boost/mpl/vector/aux_/back.hpp	md5	e09f2ad4e26a8cb898fa8aa993799133	md5	e09f2ad4e26a8cb898fa8aa993799133	
unchanged	third_party	header	boost/mpl/vector/aux_/begin_end.hpp	md5	b774e794dc21987c7c398651f52f494d	md5	b774e794dc21987c7c398651f52f494d	
unchanged	third_party	header	boost/mpl/vector/aux_/clear.hpp	md5	657dcaceafe04705ceb898a3f6f68564	md5	657dcaceafe04705ceb898a3f6f68564	
unchanged	third_party	header	boost/mpl/vector/aux_/empty.hpp	md5	b7f3c4da5b9e84e404394a2e6df5e314	md5	b7f3c4da5b9e84e404394a2e6df5e314	
unchanged	third_party	header	boost/mpl/vector/aux_/front.hpp	md5	c568910dbbded455d83ddd410f78aae8	md5	c568910dbbded455d83ddd410f78aae8	
unchanged	third_party	header	boost/mpl/vector/aux_/include_preprocessed.hpp	md5	555c01bfe1731d12edf7e19914129215	md5	555c01bfe1731d12edf7e19914129215	
unchanged	third_party	header	boost/mpl/vector/aux_/item.hpp	md5	a2c98eaaed7ccd5550ee62ee692cf046	md5	a2c98eaaed7ccd5550ee62ee692cf046	
unchanged	third_party	header	boost/mpl/vector/aux_/iterator.hpp	md5	b60c05eea696df529d08a1086442b408	md5	b60c05eea696df529d08a1086442b408	
unchanged	third_party	header	boost/mpl/vector/aux_/o1_size.hpp	md5	5a18eb644dd3a2a6a5b2294eb3eafbec	md5	5a18eb644dd3a2a6a5b2294eb3eafbec	
unchanged	third_party	header	boost/mpl/vector/aux_/pop_back.hpp	md5	46aba7ac7d8ae9e4ce8ef9f1303c3451	md5	46aba7ac7d8ae9e4ce8ef9f1303c3451	
unchanged	third_party	header	boost/mpl/vector/aux_/pop_front.hpp	md5	d812e89653e4e0affcfa71dd77abe5ee	md5	d812e89653e4e0affcfa71dd77abe5ee	
unchanged	third_party	header	boost/mpl/vector/aux_/preprocessed/plain/vector10.hpp	md5	45d640b322e21480526a95c83a56dc89	md5	45d640b322e21480526a95c83a56dc89	
unchanged	third_party	header	boost/mpl/vector/aux_/preprocessed/plain/vector20.hpp	md5	d157fc0f2c3fab151eeb60058a5f5926	md5	d157fc0f2c3fab151eeb60058a5f5926	
unchanged	third_party	header	boost/mpl/vector/aux_/push_back.hpp	md5	77c0468e29180e58f3611fc447b1784a	md5	77c0468e29180e58f3611fc447b1784a	
unchanged	third_party	header	boost/mpl/vector/aux_/push_front.hpp	md5	0731d22f84950420da4c7c20555e8882	md5	0731d22f84950420da4c7c20555e8882	
unchanged	third_party	header	boost/mpl/vector/aux_/size.hpp	md5	3b20e120f286a41ac18fd1f74ed89eb4	md5	3b20e120f286a41ac18fd1f74ed89eb4	
unchanged	third_party	header	boost/mpl/vector/aux_/tag.hpp	md5	be50c5d967b0f6ea4d67040854e61fb7	md5	be50c5d967b0f6ea4d67040854e61fb7	
unchanged	third_party	header	boost/mpl/vector/aux_/vector0.hpp	md5	07e86a82fcb892f64f638418146ebd8a	md5	07e86a82fcb892f64f638418146ebd8a	
unchanged	third_party	header	boost/mpl/vector/vector0.hpp	md5	cc4fc54d61cd157c087c253945b162fe	md5	cc4fc54d61cd157c087c253945b162fe	
unchanged	third_party	header	boost/mpl/vector/vector10.hpp	md5	bb29232233fbc1bd8ef43242e9300664	md5	bb29232233fbc1bd8ef43242e9300664	
unchanged	third_party	header	boost/mpl/vector/vector20.hpp	md5	be800ba7b9e00884a7b006b112554cf8	md5	be800ba7b9e00884a7b006b112554cf8	
unchanged	third_party	header	boost/mpl/void.hpp	md5	5520fb1c2715c90b0dc20cc9549c76ab	md5	5520fb1c2715c90b0dc20cc9549c76ab	
unchanged	third_party	header	boost/mpl/void_fwd.hpp	md5	a6d621a9a81de6e987b89eb3fb78773d	md5	a6d621a9a81de6e987b89eb3fb78773d	
unchanged	third_party	header	boost/next_prior.hpp	md5	ecad512ab56914b84387ca46dde7ec89	md5	ecad512ab56914b84387ca46dde7ec89	
unchanged	third_party	header	boost/noncopyable.hpp	md5	4e8696610ba0509dd3dfdbf9af255516	md5	4e8696610ba0509dd3dfdbf9af255516	
unchanged	third_party	header	boost/none.hpp	md5	f42a73d69b217e9ad7d7ac61b4608185	md5	f42a73d69b217e9ad7d7ac61b4608185	
unchanged	third_party	header	boost/none_t.hpp	md5	aaf040d3aa14efa64d90228886ba89ef	md5	aaf040d3aa14efa64d90228886ba89ef	
unchanged	third_party	header	boost/numeric/conversion/bounds.hpp	md5	67532947b6e45e06c6989b522772cec9	md5	67532947b6e45e06c6989b522772cec9	
unchanged	third_party	header	boost/numeric/conversion/cast.hpp	md5	2b028f4393c2b16fc32c308797519773	md5	2b028f4393c2b16fc32c308797519773	
unchanged	third_party	header	boost/numeric/conversion/conversion_traits.hpp	md5	c03457ed0f6413ddf78935c7fc6d8c2f	md5	c03457ed0f6413ddf78935c7fc6d8c2f	
unchanged	third_party	header	boost/numeric/conversion/converter.hpp	md5	742a65ff4a63a26a4f41540506eaa71d	md5	742a65ff4a63a26a4f41540506eaa71d	
unchanged	third_party	header	boost/numeric/conversion/converter_policies.hpp	md5	034f0b6d2ca7a5dd03bdd29eb17774fa	md5	034f0b6d2ca7a5dd03bdd29eb17774fa	
unchanged	third_party	header	boost/numeric/conversion/detail/bounds.hpp	md5	97f3ac36096903657459231427f3d90e	md5	97f3ac36096903657459231427f3d90e	
unchanged	third_party	header	boost/numeric/conversion/detail/conversion_traits.hpp	md5	a9a261d7844520a3f7cef0e865d60e9a	md5	a9a261d7844520a3f7cef0e865d60e9a	
unchanged	third_party	header	boost/numeric/conversion/detail/converter.hpp	md5	567c8e9a5fedcd3d21c0c6aca2a8b85b	md5	567c8e9a5fedcd3d21c0c6aca2a8b85b	
unchanged	third_party	header	boost/numeric/conversion/detail/int_float_mixture.hpp	md5	bd892869a2870359eeb3593e879f114f	md5	bd892869a2870359eeb3593e879f114f	
unchanged	third_party	header	boost/numeric/conversion/detail/is_subranged.hpp	md5	3a82cb5d3a410f5b99a51135f28a4e19	md5	3a82cb5d3a410f5b99a51135f28a4e19	
unchanged	third_party	header	boost/numeric/conversion/detail/meta.hpp	md5	9b684514b754dc4487f9c2bbc5fced42	md5	9b684514b754dc4487f9c2bbc5fced42	
unchanged	third_party	header	boost/numeric/conversion/detail/numeric_cast_traits.hpp	md5	68da98ff177e21e8e02e22da1adf91a1	md5	68da98ff177e21e8e02e22da1adf91a1	
unchanged	third_party	header	boost/numeric/conversion/detail/preprocessed/numeric_cast_traits.hpp	md5	96db73bba470aff16eacb15335a502db	md5	96db73bba470aff16eacb15335a502db	
unchanged	third_party	header	boost/numeric/conversion/detail/sign_mixture.hpp	md5	f68837c09d4df947fb6475568c91cfbf	md5	f68837c09d4df947fb6475568c91cfbf	
unchanged	third_party	header	boost/numeric/conversion/detail/udt_builtin_mixture.hpp	md5	49ca7174d8ae7616aa36d4eb815985c5	md5	49ca7174d8ae7616aa36d4eb815985c5	
unchanged	third_party	header	boost/numeric/conversion/int_float_mixture_enum.hpp	md5	b418984a50e2ea03ee12a469ae5687f9	md5	b418984a50e2ea03ee12a469ae5687f9	
unchanged	third_party	header	boost/numeric/conversion/numeric_cast_traits.hpp	md5	72c51fdd07f79f3d534886653cb5f59c	md5	72c51fdd07f79f3d534886653cb5f59c	
unchanged	third_party	header	boost/numeric/conversion/sign_mixture_enum.hpp	md5	29304e9440cddb22dcf36542d0214c68	md5	29304e9440cddb22dcf36542d0214c68	
unchanged	third_party	header	boost/numeric/conversion/udt_builtin_mixture_enum.hpp	md5	8fe1b6dae4802d5541dbc7a515c880a8	md5	8fe1b6dae4802d5541dbc7a515c880a8	
unchanged	third_party	header	boost/operators.hpp	md5	b172178993e230ae00dda1d17e6005e7	md5	b172178993e230ae00dda1d17e6005e7	
unchanged	third_party	header	boost/optional.hpp	md5	d1723dd718b03116961a7227fcf83234	md5	d1723dd718b03116961a7227fcf83234	
unchanged	third_party	header	boost/optional/optional.hpp	md5	534d7216b7b998de3d8953b1b737984e	md5	534d7216b7b998de3d8953b1b737984e	
unchanged	third_party	header	boost/optional/optional_fwd.hpp	md5	8f514acdd58655eab15574d94929a8e5	md5	8f514acdd58655eab15574d94929a8e5	
unchanged	third_party	header	boost/pending/integer_log2.hpp	md5	3b0fd7af786cf7a70ae3cb374dd7ffd5	md5	3b0fd7af786cf7a70ae3cb374dd7ffd5	
unchanged	third_party	header	boost/pointer_to_other.hpp	md5	4703fe8dcb579080af4215a1e91f1984	md5	4703fe8dcb579080af4215a1e91f1984	
unchanged	third_party	header	boost/preprocessor/arithmetic/add.hpp	md5	195d36f40fb199926528b464622a39a6	md5	195d36f40fb199926528b464622a39a6	
unchanged	third_party	header	boost/preprocessor/arithmetic/dec.hpp	md5	28ed8d2ee6cd6c6e7a950ea2082be7d7	md5	28ed8d2ee6cd6c6e7a950ea2082be7d7	
unchanged	third_party	header	boost/preprocessor/arithmetic/detail/div_base.hpp	md5	0953e25b8e2e3f6d3222ec3e56680cd2	md5	0953e25b8e2e3f6d3222ec3e56680cd2	
unchanged	third_party	header	boost/preprocessor/arithmetic/inc.hpp	md5	79c0b1ea969db08e7e73079f41aa2e96	md5	79c0b1ea969db08e7e73079f41aa2e96	
unchanged	third_party	header	boost/preprocessor/arithmetic/mod.hpp	md5	0b3e2c103d3d0a12d00c334ee11be9b5	md5	0b3e2c103d3d0a12d00c334ee11be9b5	
unchanged	third_party	header	boost/preprocessor/arithmetic/sub.hpp	md5	b3360ea4a81e00d2bee9cb37a2073469	md5	b3360ea4a81e00d2bee9cb37a2073469	
unchanged	third_party	header	boost/preprocessor/array/data.hpp	md5	c75549f5dc5840430e8278226b7db870	md5	c75549f5dc5840430e8278226b7db870	
unchanged	third_party	header	boost/preprocessor/array/elem.hpp	md5	00e37f5f6dad7aa19f4f4434dd73f71e	md5	00e37f5f6dad7aa19f4f4434dd73f71e	
unchanged	third_party	header	boost/preprocessor/array/size.hpp	md5	aee2adc9659763d4ac699e2f85b48bea	md5	aee2adc9659763d4ac699e2f85b48bea	
unchanged	third_party	header	boost/preprocessor/cat.hpp	md5	e43fdb113661b6cd3a5568e99774427c	md5	e43fdb113661b6cd3a5568e99774427c	
unchanged	third_party	header	boost/preprocessor/comma_if.hpp	md5	7cd818765240c22e20451d1627342ce5	md5	7cd818765240c22e20451d1627342ce5	
unchanged	third_party	header	boost/preprocessor/comparison/less.hpp	md5	023456218f9bf76da1867d96cd8aea60	md5	023456218f9bf76da1867d96cd8aea60	
unchanged	third_party	header	boost/preprocessor/comparison/less_equal.hpp	md5	85788979a7e25082c8b01f9931d0d01b	md5	85788979a7e25082c8b01f9931d0d01b	
unchanged	third_party	header	boost/preprocessor/comparison/not_equal.hpp	md5	f7ac87baecedcf87ef664487e45764c8	md5	f7ac87baecedcf87ef664487e45764c8	
unchanged	third_party	header	boost/preprocessor/config/config.hpp	md5	ab04cc635da8b904d08ca82a0ac722e6	md5	ab04cc635da8b904d08ca82a0ac722e6	
unchanged	third_party	header	boost/preprocessor/control/deduce_d.hpp	md5	d11fdf93e3b32373b3bb88b7b3290e39	md5	d11fdf93e3b32373b3bb88b7b3290e39	
unchanged	third_party	header	boost/preprocessor/control/detail/msvc/while.hpp	md5	cb33e9c41e4511ee0545edad86e6d7fe	md5	cb33e9c41e4511ee0545edad86e6d7fe	
unchanged	third_party	header	boost/preprocessor/control/expr_iif.hpp	md5	339fb2e919f2f965d1d4b737f219a025	md5	339fb2e919f2f965d1d4b737f219a025	
unchanged	third_party	header	boost/preprocessor/control/if.hpp	md5	bb06f4ce33dc4504481c620c26683d60	md5	bb06f4ce33dc4504481c620c26683d60	
unchanged	third_party	header	boost/preprocessor/control/iif.hpp	md5	2da559742d8f3696a0db8cd9650283e0	md5	2da559742d8f3696a0db8cd9650283e0	
unchanged	third_party	header	boost/preprocessor/control/while.hpp	md5	d04141803d101eb57605fa0fdf6a7863	md5	d04141803d101eb57605fa0fdf6a7863	
unchanged	third_party	header	boost/preprocessor/debug/error.hpp	md5	4e07df647ca84142cb626fdec1900602	md5	4e07df647ca84142cb626fdec1900602	
unchanged	third_party	header	boost/preprocessor/dec.hpp	md5	2dc2f797a25b0c6df611750df3668ce4	md5	2dc2f797a25b0c6df611750df3668ce4	
unchanged	third_party	header	boost/preprocessor/detail/auto_rec.hpp	md5	8bf43ae09037703609a36ddfc7037412	md5	8bf43ae09037703609a36ddfc7037412	
unchanged	third_party	header	boost/preprocessor/detail/check.hpp	md5	404b000321db1414ef11cbc515b39dcf	md5	404b000321db1414ef11cbc515b39dcf	
unchanged	third_party	header	boost/preprocessor/detail/is_binary.hpp	md5	839323b8f7b34f0e3a00c8bae3ae2142	md5	839323b8f7b34f0e3a00c8bae3ae2142	
unchanged	third_party	header	boost/preprocessor/empty.hpp	md5	a3925905a4fa7d80161d78ba18c36d38	md5	a3925905a4fa7d80161d78ba18c36d38	
unchanged	third_party	header	boost/preprocessor/enum.hpp	md5	4de6dadb5f09d5b2a807b468c581ec40	md5	4de6dadb5f09d5b2a807b468c581ec40	
unchanged	third_party	header	boost/preprocessor/enum_params.hpp	md5	50170a3a38f27942e9361a6ccc30e91f	md5	50170a3a38f27942e9361a6ccc30e91f	
unchanged	third_party	header	boost/preprocessor/facilities/empty.hpp	md5	f621863d066a61d111f6f32c30cc8653	md5	f621863d066a61d111f6f32c30cc8653	
unchanged	third_party	header	boost/preprocessor/facilities/identity.hpp	md5	a26998a24ca0806ee5c75d52d49a6851	md5	a26998a24ca0806ee5c75d52d49a6851	
unchanged	third_party	header	boost/preprocessor/facilities/intercept.hpp	md5	8730abd3dc10ef781708998e536d1fe9	md5	8730abd3dc10ef781708998e536d1fe9	
unchanged	third_party	header	boost/preprocessor/identity.hpp	md5	1f73caa5d2905f856113f891f0834886	md5	1f73caa5d2905f856113f891f0834886	
unchanged	third_party	header	boost/preprocessor/inc.hpp	md5	e1c883768592334cbff3759d2899f169	md5	e1c883768592334cbff3759d2899f169	
unchanged	third_party	header	boost/preprocessor/iterate.hpp	md5	21e759477682784517147cd8f3ad5073	md5	21e759477682784517147cd8f3ad5073	
unchanged	third_party	header	boost/preprocessor/iteration/detail/bounds/lower1.hpp	md5	05df5caf1d4b98ee623cbf1af1d1f318	md5	05df5caf1d4b98ee623cbf1af1d1f318	
unchanged	third_party	header	boost/preprocessor/iteration/detail/bounds/upper1.hpp	md5	1aa1efe26c93543a3ac6583f236e8992	md5	1aa1efe26c93543a3ac6583f236e8992	
unchanged	third_party	header	boost/preprocessor/iteration/detail/iter/forward1.hpp	md5	552c015c683de51dc3838272b514d64f	md5	552c015c683de51dc3838272b514d64f	
unchanged	third_party	header	boost/preprocessor/iteration/iterate.hpp	md5	1e30a9577384e35224936d0ef6cfe798	md5	1e30a9577384e35224936d0ef6cfe798	
unchanged	third_party	header	boost/preprocessor/list/adt.hpp	md5	dbf9c68533bc30978b3d875ac42bef8c	md5	dbf9c68533bc30978b3d875ac42bef8c	
unchanged	third_party	header	boost/preprocessor/list/append.hpp	md5	a0f1f82e066e386b16ad79bc443c7503	md5	a0f1f82e066e386b16ad79bc443c7503	
unchanged	third_party	header	boost/preprocessor/list/detail/fold_left.hpp	md5	d396ff7179b45ebd6a3f26e30a8544ec	md5	d396ff7179b45ebd6a3f26e30a8544ec	
unchanged	third_party	header	boost/preprocessor/list/detail/fold_right.hpp	md5	81ecee3c6b348278e6087866a7bf5db4	md5	81ecee3c6b348278e6087866a7bf5db4	
unchanged	third_party	header	boost/preprocessor/list/fold_left.hpp	md5	37feafaa7f09a05f97caf7737ed81dc3	md5	37feafaa7f09a05f97caf7737ed81dc3	
unchanged	third_party	header	boost/preprocessor/list/fold_right.hpp	md5	c53eeb2d9196954d58e56e3b82a11314	md5	c53eeb2d9196954d58e56e3b82a11314	
unchanged	third_party	header	boost/preprocessor/list/for_each_i.hpp	md5	20d00d3a121d5dacf50de468e2f6169e	md5	20d00d3a121d5dacf50de468e2f6169e	
unchanged	third_party	header	boost/preprocessor/list/reverse.hpp	md5	ad40722d7d3aa0df791faf699f2cd225	md5	ad40722d7d3aa0df791faf699f2cd225	
unchanged	third_party	header	boost/preprocessor/list/transform.hpp	md5	bf22114e5ba67577b164867f02b1fd1f	md5	bf22114e5ba67577b164867f02b1fd1f	
unchanged	third_party	header	boost/preprocessor/logical/and.hpp	md5	9be2f5076d1ad79bb1752445adc0c193	md5	9be2f5076d1ad79bb1752445adc0c193	
unchanged	third_party	header	boost/preprocessor/logical/bitand.hpp	md5	637c34141d4c5f35a52fc51d7178cd58	md5	637c34141d4c5f35a52fc51d7178cd58	
unchanged	third_party	header	boost/preprocessor/logical/bool.hpp	md5	fa940ae31797996d531e06bcc09dd9b9	md5	fa940ae31797996d531e06bcc09dd9b9	
unchanged	third_party	header	boost/preprocessor/logical/compl.hpp	md5	a7bc5034c3f68a6e79d706bf0080b844	md5	a7bc5034c3f68a6e79d706bf0080b844	
unchanged	third_party	header	boost/preprocessor/logical/not.hpp	md5	2169a3be49e38f7a9c5149b5cbbca511	md5	2169a3be49e38f7a9c5149b5cbbca511	
unchanged	third_party	header	boost/preprocessor/punctuation/comma.hpp	md5	69d1e2d6609ca564b84a96becdf0617e	md5	69d1e2d6609ca564b84a96becdf0617e	
unchanged	third_party	header	boost/preprocessor/punctuation/comma_if.hpp	md5	b567b9813f9ab0ddbbc0bd2318f88ab5	md5	b567b9813f9ab0ddbbc0bd2318f88ab5	
unchanged	third_party	header	boost/preprocessor/punctuation/paren.hpp	md5	6b1653d8d901e7737c998663c4f66f41	md5	6b1653d8d901e7737c998663c4f66f41	
unchanged	third_party	header	boost/preprocessor/repeat.hpp	md5	5c4eb2c7169eda0abcf721b6b55e860a	md5	5c4eb2c7169eda0abcf721b6b55e860a	
unchanged	third_party	header	boost/preprocessor/repetition/detail/msvc/for.hpp	md5	37eca3fc9f06dc84d0d3736a2449a820	md5	37eca3fc9f06dc84d0d3736a2449a820	
unchanged	third_party	header	boost/preprocessor/repetition/enum.hpp	md5	2745e05bc69fbd9026aee338e5b76fb3	md5	2745e05bc69fbd9026aee338e5b76fb3	
unchanged	third_party	header	boost/preprocessor/repetition/enum_binary_params.hpp	md5	9a1f3815201c38e49f7eaf867efc2254	md5	9a1f3815201c38e49f7eaf867efc2254	
unchanged	third_party	header	boost/preprocessor/repetition/enum_params.hpp	md5	b24429a26b85a83ba37bd96a477328d8	md5	b24429a26b85a83ba37bd96a477328d8	
unchanged	third_party	header	boost/preprocessor/repetition/enum_params_with_a_default.hpp	md5	76a634db6c9b57fb6d4741e5fc552566	md5	76a634db6c9b57fb6d4741e5fc552566	
unchanged	third_party	header	boost/preprocessor/repetition/enum_shifted.hpp	md5	4b47156aac5137acaed8a6725abc87d6	md5	4b47156aac5137acaed8a6725abc87d6	
unchanged	third_party	header	boost/preprocessor/repetition/enum_shifted_params.hpp	md5	dc013fdf098e21e8244570988d105363	md5	dc013fdf098e21e8244570988d105363	
unchanged	third_party	header	boost/preprocessor/repetition/enum_trailing_params.hpp	md5	37aa75ede51636837f9796ae97f7af94	md5	37aa75ede51636837f9796ae97f7af94	
unchanged	third_party	header	boost/preprocessor/repetition/for.hpp	md5	9a5e624450372c1ee16431c49cba1085	md5	9a5e624450372c1ee16431c49cba1085	
unchanged	third_party	header	boost/preprocessor/repetition/repeat.hpp	md5	23f7bc1a5c9b3c1f3d80b8a29cf0bbc4	md5	23f7bc1a5c9b3c1f3d80b8a29cf0bbc4	
unchanged	third_party	header	boost/preprocessor/repetition/repeat_from_to.hpp	md5	d528db2c76b068beaa2bd86dce79f457	md5	d528db2c76b068beaa2bd86dce79f457	
unchanged	third_party	header	boost/preprocessor/seq/cat.hpp	md5	ae84ec8e013497bc6b0410d1fd518b69	md5	ae84ec8e013497bc6b0410d1fd518b69	
unchanged	third_party	header	boost/preprocessor/seq/elem.hpp	md5	8b3da7936113f0baaeb6c40299c900d0	md5	8b3da7936113f0baaeb6c40299c900d0	
unchanged	third_party	header	boost/preprocessor/seq/enum.hpp	md5	51053aedfa34687e56da7aad4e22fdfc	md5	51053aedfa34687e56da7aad4e22fdfc	
unchanged	third_party	header	boost/preprocessor/seq/fold_left.hpp	md5	cb77c98c731f7ab920b9501f9b77310a	md5	cb77c98c731f7ab920b9501f9b77310a	
unchanged	third_party	header	boost/preprocessor/seq/for_each.hpp	md5	a42543c26a51a6f44a0ca9632fdff313	md5	a42543c26a51a6f44a0ca9632fdff313	
unchanged	third_party	header	boost/preprocessor/seq/for_each_i.hpp	md5	0d3ea463b69f86df5df17415e952738d	md5	0d3ea463b69f86df5df17415e952738d	
unchanged	third_party	header	boost/preprocessor/seq/seq.hpp	md5	162aeeec61b84ad8bbc8deb967e4e01d	md5	162aeeec61b84ad8bbc8deb967e4e01d	
unchanged	third_party	header	boost/preprocessor/seq/size.hpp	md5	2b0957cf2dcefe669db9164e74f71f14	md5	2b0957cf2dcefe669db9164e74f71f14	
unchanged	third_party	header	boost/preprocessor/seq/transform.hpp	md5	b01200c53924bab94752e941c5d2a23a	md5	b01200c53924bab94752e941c5d2a23a	
unchanged	third_party	header	boost/preprocessor/slot/detail/def.hpp	md5	e5d3fc1095a75e9862668d57ce8816c1	md5	e5d3fc1095a75e9862668d57ce8816c1	
unchanged	third_party	header	boost/preprocessor/slot/detail/shared.hpp	md5	cdddd86ebedb1e0405de018346d7d171	md5	cdddd86ebedb1e0405de018346d7d171	
unchanged	third_party	header	boost/preprocessor/slot/slot.hpp	md5	34b24ee8fe750bbae4594fdefbb11019	md5	34b24ee8fe750bbae4594fdefbb11019	
unchanged	third_party	header	boost/preprocessor/stringize.hpp	md5	d987ad814358b2c1e82914fcbaec7291	md5	d987ad814358b2c1e82914fcbaec7291	
unchanged	third_party	header	boost/preprocessor/tuple/eat.hpp	md5	673cb8d3aae4645ddf4cd25978bad4a6	md5	673cb8d3aae4645ddf4cd25978bad4a6	
unchanged	third_party	header	boost/preprocessor/tuple/elem.hpp	md5	1ef1113962353b628b45162b0ea1e0eb	md5	1ef1113962353b628b45162b0ea1e0eb	
unchanged	third_party	header	boost/preprocessor/tuple/rem.hpp	md5	5e0f50b788bd83775fcfd5b559515ee4	md5	5e0f50b788bd83775fcfd5b559515ee4	
unchanged	third_party	header	boost/preprocessor/tuple/to_list.hpp	md5	3d9a760fe98b5be6357a22f8bc11afa3	md5	3d9a760fe98b5be6357a22f8bc11afa3	
unchanged	third_party	header	boost/random.hpp	md5	24d372d1901ad75cb3af022438d229a3	md5	24d372d1901ad75cb3af022438d229a3	
unchanged	third_party	header	boost/random/additive_combine.hpp	md5	514529cb3e49aaeb212168af4e886f8a	md5	514529cb3e49aaeb212168af4e886f8a	
unchanged	third_party	header	boost/random/bernoulli_distribution.hpp	md5	174806e6d9e84f15661e77bb5719e137	md5	174806e6d9e84f15661e77bb5719e137	
unchanged	third_party	header	boost/random/binomial_distribution.hpp	md5	346447897857b07e4062c41af8d40a8c	md5	346447897857b07e4062c41af8d40a8c	
unchanged	third_party	header	boost/random/cauchy_distribution.hpp	md5	f4b3428d525662652ab7e3b1831553a6	md5	f4b3428d525662652ab7e3b1831553a6	
unchanged	third_party	header	boost/random/chi_squared_distribution.hpp	md5	a6224459cbbe2f6414f3cfbc664870c3	md5	a6224459cbbe2f6414f3cfbc664870c3	
unchanged	third_party	header	boost/random/detail/config.hpp	md5	a83b981800457d0e66dda79bbf2ec23b	md5	a83b981800457d0e66dda79bbf2ec23b	
unchanged	third_party	header	boost/random/detail/const_mod.hpp	md5	6c171211d9bfbcb8dec0ed9697b87d36	md5	6c171211d9bfbcb8dec0ed9697b87d36	
unchanged	third_party	header	boost/random/detail/disable_warnings.hpp	md5	542e6524afbcaebcaef1e7ca087cb2ea	md5	542e6524afbcaebcaef1e7ca087cb2ea	
unchanged	third_party	header	boost/random/detail/enable_warnings.hpp	md5	95c785e5f146033b3cadd05aa8586a88	md5	95c785e5f146033b3cadd05aa8586a88	
unchanged	third_party	header	boost/random/detail/generator_bits.hpp	md5	51ed9d2e2aea6293182e5916ba71aaf5	md5	51ed9d2e2aea6293182e5916ba71aaf5	
unchanged	third_party	header	boost/random/detail/generator_seed_seq.hpp	md5	6437531b4f5ca63e470dac4d60cef941	md5	6437531b4f5ca63e470dac4d60cef941	
unchanged	third_party	header	boost/random/detail/integer_log2.hpp	md5	0c2090edc32987bc1f4a9229cc3d553c	md5	0c2090edc32987bc1f4a9229cc3d553c	
unchanged	third_party	header	boost/random/detail/large_arithmetic.hpp	md5	70bbd2c74237e8d4d97445aaf070b6d2	md5	70bbd2c74237e8d4d97445aaf070b6d2	
unchanged	third_party	header	boost/random/detail/operators.hpp	md5	affd94188be0af4c3f8bd947844ecd12	md5	affd94188be0af4c3f8bd947844ecd12	
unchanged	third_party	header	boost/random/detail/ptr_helper.hpp	md5	8b15febf2f704e0aac105f405e230473	md5	8b15febf2f704e0aac105f405e230473	
unchanged	third_party	header	boost/random/detail/seed.hpp	md5	76a25750ccc4cb60152bf1ca9bca2219	md5	76a25750ccc4cb60152bf1ca9bca2219	
unchanged	third_party	header	boost/random/detail/seed_impl.hpp	md5	d6f7192971f11e5b67179713767ebb87	md5	d6f7192971f11e5b67179713767ebb87	
unchanged	third_party	header	boost/random/detail/signed_unsigned_tools.hpp	md5	28658facb70d35e5d7b0a3e55c2fba2f	md5	28658facb70d35e5d7b0a3e55c2fba2f	
unchanged	third_party	header	boost/random/detail/uniform_int_float.hpp	md5	375bde6b51bf7cf736aaabfc1323dfea	md5	375bde6b51bf7cf736aaabfc1323dfea	
unchanged	third_party	header	boost/random/detail/vector_io.hpp	md5	f0ee6e63158e7b3296186fc284bee9c0	md5	f0ee6e63158e7b3296186fc284bee9c0	
unchanged	third_party	header	boost/random/discard_block.hpp	md5	2e01b7ee8e1c3cf6ad1c98d344619b43	md5	2e01b7ee8e1c3cf6ad1c98d344619b43	
unchanged	third_party	header	boost/random/discrete_distribution.hpp	md5	c361c9d5b3d94b5de5882b0443e6c5cb	md5	c361c9d5b3d94b5de5882b0443e6c5cb	
unchanged	third_party	header	boost/random/exponential_distribution.hpp	md5	b911de09db394528cf7f93cc2cf99e5a	md5	b911de09db394528cf7f93cc2cf99e5a	
unchanged	third_party	header	boost/random/extreme_value_distribution.hpp	md5	c85210c5f87aec05f631b6d084421606	md5	c85210c5f87aec05f631b6d084421606	
unchanged	third_party	header	boost/random/fisher_f_distribution.hpp	md5	2a9c63029fe81035f0903bd258d6ac4e	md5	2a9c63029fe81035f0903bd258d6ac4e	
unchanged	third_party	header	boost/random/gamma_distribution.hpp	md5	cb74b01351acbcce4f875b801e1c6e6b	md5	cb74b01351acbcce4f875b801e1c6e6b	
unchanged	third_party	header	boost/random/generate_canonical.hpp	md5	6e3615e9ff45d05220f370cfad3de6b1	md5	6e3615e9ff45d05220f370cfad3de6b1	
unchanged	third_party	header	boost/random/geometric_distribution.hpp	md5	c02674899233b960d70eedc6b7cbdeaa	md5	c02674899233b960d70eedc6b7cbdeaa	
unchanged	third_party	header	boost/random/independent_bits.hpp	md5	708621def85ba1d7dbd88bbfb697708a	md5	708621def85ba1d7dbd88bbfb697708a	
unchanged	third_party	header	boost/random/inversive_congruential.hpp	md5	6dcbe5f730459c7c29cc798816b4bc5a	md5	6dcbe5f730459c7c29cc798816b4bc5a	
unchanged	third_party	header	boost/random/lagged_fibonacci.hpp	md5	4c80847f8e8cb8dcab496ccc2671c05c	md5	4c80847f8e8cb8dcab496ccc2671c05c	
unchanged	third_party	header	boost/random/linear_congruential.hpp	md5	1339c456de201b82ae5495ad120c9e7e	md5	1339c456de201b82ae5495ad120c9e7e	
unchanged	third_party	header	boost/random/linear_feedback_shift.hpp	md5	89b57355afa0f2ff5417e838599e8617	md5	89b57355afa0f2ff5417e838599e8617	
unchanged	third_party	header	boost/random/lognormal_distribution.hpp	md5	dfa5cef49732f5ac5367b52164f83df7	md5	dfa5cef49732f5ac5367b52164f83df7	
unchanged	third_party	header	boost/random/mersenne_twister.hpp	md5	5c42a47b13592b28725a2e72d56788c9	md5	5c42a47b13592b28725a2e72d56788c9	
unchanged	third_party	header	boost/random/negative_binomial_distribution.hpp	md5	b7198ba389990ecd19f7f20964cf1065	md5	b7198ba389990ecd19f7f20964cf1065	
unchanged	third_party	header	boost/random/normal_distribution.hpp	md5	ec9e74be534da76dd20951f726181b9d	md5	ec9e74be534da76dd20951f726181b9d	
unchanged	third_party	header	boost/random/piecewise_constant_distribution.hpp	md5	7d438ac3672508f061a22c2fec56ca31	md5	7d438ac3672508f061a22c2fec56ca31	
unchanged	third_party	header	boost/random/piecewise_linear_distribution.hpp	md5	924d12fa4ccf4619a9ac2e3197cedc2a	md5	924d12fa4ccf4619a9ac2e3197cedc2a	
unchanged	third_party	header	boost/random/poisson_distribution.hpp	md5	a3579e42e5f06311cdc431fad6df6e46	md5	a3579e42e5f06311cdc431fad6df6e46	
unchanged	third_party	header	boost/random/random_number_generator.hpp	md5	c67cf05e08eaf2d583a9172977d4d715	md5	c67cf05e08eaf2d583a9172977d4d715	
unchanged	third_party	header	boost/random/ranlux.hpp	md5	158b20002bac6f938d5188e7d1b2ddf3	md5	158b20002bac6f938d5188e7d1b2ddf3	
unchanged	third_party	header	boost/random/seed_seq.hpp	md5	2fa3f31bd99777c0eee3aa688d0053b5	md5	2fa3f31bd99777c0eee3aa688d0053b5	
unchanged	third_party	header	boost/random/shuffle_order.hpp	md5	eee08233d5a2a955b2423a6358664f93	md5	eee08233d5a2a955b2423a6358664f93	
unchanged	third_party	header	boost/random/shuffle_output.hpp	md5	0246101dd1087b402bb6c34a468d1781	md5	0246101dd1087b402bb6c34a468d1781	
unchanged	third_party	header	boost/random/student_t_distribution.hpp	md5	72bb543060843ef532a0d56084586134	md5	72bb543060843ef532a0d56084586134	
unchanged	third_party	header	boost/random/subtract_with_carry.hpp	md5	518f22bdd6789c6b0a6bef67125976d4	md5	518f22bdd6789c6b0a6bef67125976d4	
unchanged	third_party	header	boost/random/taus88.hpp	md5	870c2497d2c45aadd576afe48d70ad1b	md5	870c2497d2c45aadd576afe48d70ad1b	
unchanged	third_party	header	boost/random/triangle_distribution.hpp	md5	bb79d04aec29b02c7c738331ba1ba36c	md5	bb79d04aec29b02c7c738331ba1ba36c	
unchanged	third_party	header	boost/random/uniform_01.hpp	md5	9d6ad4a1e99e00348f6e8e710f91bd5d	md5	9d6ad4a1e99e00348f6e8e710f91bd5d	
unchanged	third_party	header	boost/random/uniform_int.hpp	md5	73fd3987f32c8ed2ad7192a8dc76a69a	md5	73fd3987f32c8ed2ad7192a8dc76a69a	
unchanged	third_party	header	boost/random/uniform_int_distribution.hpp	md5	bf1c8e1736a88fb5e3e85ac0ab7d9867	md5	bf1c8e1736a88fb5e3e85ac0ab7d9867	
unchanged	third_party	header	boost/random/uniform_on_sphere.hpp	md5	c5148d0ad1779a553d2781e546f6bae2	md5	c5148d0ad1779a553d2781e546f6bae2	
unchanged	third_party	header	boost/random/uniform_real.hpp	md5	f23d08dc9b2bf05b7cee52cdcc797b63	md5	f23d08dc9b2bf05b7cee52cdcc797b63	
unchanged	third_party	header	boost/random/uniform_real_distribution.hpp	md5	cab42231463cf1b4288ee9615e593d33	md5	cab42231463cf1b4288ee9615e593d33	
unchanged	third_party	header	boost/random/uniform_smallint.hpp	md5	e383b3b8514a5c6c74c46ad008b336c0	md5	e383b3b8514a5c6c74c46ad008b336c0	
unchanged	third_party	header	boost/random/variate_generator.hpp	md5	3898886fa7de61d30f8eaa0e4594e20e	md5	3898886fa7de61d30f8eaa0e4594e20e	
unchanged	third_party	header	boost/random/weibull_distribution.hpp	md5	84dd3134b864e2de6f28d4ba3c5306bc	md5	84dd3134b864e2de6f28d4ba3c5306bc	
unchanged	third_party	header	boost/random/xor_combine.hpp	md5	5dedd4a60956d083033148933e5854d9	md5	5dedd4a60956d083033148933e5854d9	
unchanged	third_party	header	boost/range/algorithm/equal.hpp	md5	74dc1742c6d8c9cf99eea03a8e43c1e9	md5	74dc1742c6d8c9cf99eea03a8e43c1e9	
unchanged	third_party	header	boost/range/as_literal.hpp	md5	852e8a17ce99090cf55e310e51a25a4b	md5	852e8a17ce99090cf55e310e51a25a4b	
unchanged	third_party	header	boost/range/begin.hpp	md5	4570942101a84ec6c9b576a5aad7b989	md5	4570942101a84ec6c9b576a5aad7b989	
unchanged	third_party	header	boost/range/concepts.hpp	md5	c8c3f1f35b804f8ab72cf2238b3e132f	md5	c8c3f1f35b804f8ab72cf2238b3e132f	
unchanged	third_party	header	boost/range/config.hpp	md5	0bd889dc66e9fb5dae92f16cbd3792d3	md5	0bd889dc66e9fb5dae92f16cbd3792d3	
unchanged	third_party	header	boost/range/const_iterator.hpp	md5	c967aa1d12b3716764e76d1d1519c241	md5	c967aa1d12b3716764e76d1d1519c241	
unchanged	third_party	header	boost/range/detail/common.hpp	md5	8628991016ac5facaa1779d49821b848	md5	8628991016ac5facaa1779d49821b848	
unchanged	third_party	header	boost/range/detail/extract_optional_type.hpp	md5	d97b32c8cb6557ffea617f195ff6f590	md5	d97b32c8cb6557ffea617f195ff6f590	
unchanged	third_party	header	boost/range/detail/implementation_help.hpp	md5	0e517880f8a0e337c9c3d439c9996925	md5	0e517880f8a0e337c9c3d439c9996925	
unchanged	third_party	header	boost/range/detail/misc_concept.hpp	md5	51379c0270c461bab2c68cae4c5b9547	md5	51379c0270c461bab2c68cae4c5b9547	
unchanged	third_party	header	boost/range/detail/safe_bool.hpp	md5	b6b41b6e0f47a2ca7007982f9ed1b553	md5	b6b41b6e0f47a2ca7007982f9ed1b553	
unchanged	third_party	header	boost/range/detail/sfinae.hpp	md5	89114c7525fc392325a2d286db0e59fd	md5	89114c7525fc392325a2d286db0e59fd	
unchanged	third_party	header	boost/range/detail/str_types.hpp	md5	6045479e512b10ade83943abbff9f7b4	md5	6045479e512b10ade83943abbff9f7b4	
unchanged	third_party	header	boost/range/difference_type.hpp	md5	741e9629d4be3d0e22dd39dd0d3291a0	md5	741e9629d4be3d0e22dd39dd0d3291a0	
unchanged	third_party	header	boost/range/distance.hpp	md5	39c960bdf9578ab0c274591a5c01f7a9	md5	39c960bdf9578ab0c274591a5c01f7a9	
unchanged	third_party	header	boost/range/empty.hpp	md5	fa46ee463e4ac4c74af17cb14bc21e6e	md5	fa46ee463e4ac4c74af17cb14bc21e6e	
unchanged	third_party	header	boost/range/end.hpp	md5	221afda607cb2f3810a95a6872612396	md5	221afda607cb2f3810a95a6872612396	
unchanged	third_party	header	boost/range/functions.hpp	md5	ff986cde52420b046015f515a0e9a644	md5	ff986cde52420b046015f515a0e9a644	
unchanged	third_party	header	boost/range/iterator.hpp	md5	9a70f7d4521f934063d5f55c2705604f	md5	9a70f7d4521f934063d5f55c2705604f	
unchanged	third_party	header	boost/range/iterator_range.hpp	md5	d3388d3e09a93b747ec46ad9b04061a5	md5	d3388d3e09a93b747ec46ad9b04061a5	
unchanged	third_party	header	boost/range/iterator_range_core.hpp	md5	a4cd0a3b72c49715bd8459131825fab1	md5	a4cd0a3b72c49715bd8459131825fab1	
unchanged	third_party	header	boost/range/iterator_range_io.hpp	md5	5f137d62d82cfcca6b2418d1dfd8aa44	md5	5f137d62d82cfcca6b2418d1dfd8aa44	
unchanged	third_party	header	boost/range/mutable_iterator.hpp	md5	050f38f3c80caaa20df9e29a00257c39	md5	050f38f3c80caaa20df9e29a00257c39	
unchanged	third_party	header	boost/range/rbegin.hpp	md5	5ea41faf6d22221e933fd3540cb9c3af	md5	5ea41faf6d22221e933fd3540cb9c3af	
unchanged	third_party	header	boost/range/rend.hpp	md5	095099fd53274030cf8093f75f451d83	md5	095099fd53274030cf8093f75f451d83	
unchanged	third_party	header	boost/range/reverse_iterator.hpp	md5	9bb7a3f38e6c76ad2c291b8b88859ef5	md5	9bb7a3f38e6c76ad2c291b8b88859ef5	
unchanged	third_party	header	boost/range/size.hpp	md5	b811901b27b574ab44223272ac7e93b1	md5	b811901b27b574ab44223272ac7e93b1	
unchanged	third_party	header	boost/range/size_type.hpp	md5	6feaa3f7066f820699d6c3fc3233af1d	md5	6feaa3f7066f820699d6c3fc3233af1d	
unchanged	third_party	header	boost/range/value_type.hpp	md5	35e10eec8fc48beac6f97e0b393366da	md5	35e10eec8fc48beac6f97e0b393366da	
unchanged	third_party	header	boost/ref.hpp	md5	db3cd5ebbf947df79ff7accf968327fd	md5	db3cd5ebbf947df79ff7accf968327fd	
added	third_party	header	boost/regex.hpp			md5	dd7a3b857af839c505a0b3ef0017add2	
unchanged	third_party	header	boost/regex/config.hpp	md5	2373427f1e230999eb7d36bdced94690	md5	2373427f1e230999eb7d36bdced94690	
unchanged	third_party	header	boost/regex/config/cwchar.hpp	md5	e6fe68eaa63d881f5e41d1c14a901518	md5	e6fe68eaa63d881f5e41d1c14a901518	
added	third_party	header	boost/regex/pattern_except.hpp			md5	fb17f4c0f84ee98d4e9db320d7f65c95	
added	third_party	header	boost/regex/pending/object_cache.hpp			md5	7a671adde7b82674effa8eed7b48a467	
added	third_party	header	boost/regex/pending/static_mutex.hpp			md5	9ade533dc1cbe9c3eb839d535dc5f293	
added	third_party	header	boost/regex/regex_traits.hpp			md5	e422b1172709b88d6d77a07382a3f45d	
unchanged	third_party	header	boost/regex/user.hpp	md5	2fd4098bb434c83046f283ca3badde36	md5	2fd4098bb434c83046f283ca3badde36	
added	third_party	header	boost/regex/v4/basic_regex.hpp			md5	4ce2a6aa2db49d58d69469b31a2e72b9	
added	third_party	header	boost/regex/v4/basic_regex_creator.hpp			md5	71494587f639e7e7309d6adfd602e125	
added	third_party	header	boost/regex/v4/basic_regex_parser.hpp			md5	487f35f70195f3cde2e24ac84975c829	
added	third_party	header	boost/regex/v4/c_regex_traits.hpp			md5	7da90f29a8e47fce02be6bb43e4cda55	
added	third_party	header	boost/regex/v4/char_regex_traits.hpp			md5	0ff436cd16e14d1017e1be794d4db1b2	
added	third_party	header	boost/regex/v4/cpp_regex_traits.hpp			md5	6a1981a99d1038681e4bca84d0f4dd11	
added	third_party	header	boost/regex/v4/error_type.hpp			md5	9df4b5b7ede45e2734b834ec2a0971a3	
added	third_party	header	boost/regex/v4/instances.hpp			md5	3d9071dd5be06b3030fbf768071eac1e	
added	third_party	header	boost/regex/v4/iterator_category.hpp			md5	87f5143541b843ce6104f5d06a80c04d	
added	third_party	header	boost/regex/v4/iterator_traits.hpp			md5	c20d9736bf2f247f67b30e4049224f3f	
unchanged	third_party	header	boost/regex/v4/match_flags.hpp	md5	e4bdf3668b5012114dbf8bc4739fa524	md5	e4bdf3668b5012114dbf8bc4739fa524	
added	third_party	header	boost/regex/v4/match_results.hpp			md5	ec40429d5ec2a2d9989761b1d4a823fb	
added	third_party	header	boost/regex/v4/perl_matcher.hpp			md5	1f305920abd2dd015275ab45bbc5107c	
added	third_party	header	boost/regex/v4/perl_matcher_common.hpp			md5	11fba849b001eeb0f6604e744ec6721f	
added	third_party	header	boost/regex/v4/perl_matcher_non_recursive.hpp			md5	8e4d73cdebc89fbf0bac5be61af66aba	
added	third_party	header	boost/regex/v4/primary_transform.hpp			md5	6454f778e00f3ef76b5b9645175c322e	
added	third_party	header	boost/regex/v4/protected_call.hpp			md5	099c309155491e4f170803d8f8a7d0da	
added	third_party	header	boost/regex/v4/regbase.hpp			md5	77cdab2c33e04e107e1d41878260c1e7	
added	third_party	header	boost/regex/v4/regex.hpp			md5	403210a6db3bc304d0783084ae1f1146	
added	third_party	header	boost/regex/v4/regex_format.hpp			md5	e17bd04448ebdbbf6bc761284363d5bd	
unchanged	third_party	header	boost/regex/v4/regex_fwd.hpp	md5	fca64b9072c4a9b42d96fb77744c9d04	md5	fca64b9072c4a9b42d96fb77744c9d04	
added	third_party	header	boost/regex/v4/regex_grep.hpp			md5	187f8e616d63bbb944456e5289556594	
added	third_party	header	boost/regex/v4/regex_iterator.hpp			md5	1f102584ea439777b587ce749c674349	
added	third_party	header	boost/regex/v4/regex_match.hpp			md5	902472f2703b806ec52be77994efe51a	
added	third_party	header	boost/regex/v4/regex_merge.hpp			md5	6c33365d265044098af4bbb9e49030ee	
added	third_party	header	boost/regex/v4/regex_raw_buffer.hpp			md5	798b5a82ce5e44f03328b58dcee0a41a	
added	third_party	header	boost/regex/v4/regex_replace.hpp			md5	fb730f989f527208ed8502f85d7d7fe7	
added	third_party	header	boost/regex/v4/regex_search.hpp			md5	61a38a07912429fa9b971f90b2aeb2b0	
added	third_party	header	boost/regex/v4/regex_split.hpp			md5	b9fe8727a87c22f214128a5d2b780aa4	
added	third_party	header	boost/regex/v4/regex_token_iterator.hpp			md5	cf45a1bf4f0277d9f5fb5da9be63d732	
added	third_party	header	boost/regex/v4/regex_traits.hpp			md5	ca1cf8316bc59d1f880dfe0080eb5e3e	
added	third_party	header	boost/regex/v4/regex_traits_defaults.hpp			md5	12fce986c504f414c7cdfe6cb9190559	
added	third_party	header	boost/regex/v4/regex_workaround.hpp			md5	484491db8633fe11b8dd1ac1b057993c	
added	third_party	header	boost/regex/v4/states.hpp			md5	b73e56510bfe200f7c91a2822cbd6b96	
added	third_party	header	boost/regex/v4/sub_match.hpp			md5	ccb62e014e57b1077f051092f491ac41	
added	third_party	header	boost/regex/v4/syntax_type.hpp			md5	597f46d97aa26f92b859de7d2b27854f	
added	third_party	header	boost/regex/v4/w32_regex_traits.hpp			md5	1322a4d93110ce50b10384f4f49a0732	
unchanged	third_party	header	boost/regex_fwd.hpp	md5	f275c30558b0feebc2252ca31e3d1e61	md5	f275c30558b0feebc2252ca31e3d1e61	
added	third_party	header	boost/scoped_array.hpp			md5	2974b074c52bfc343f8cecb008fec80a	
added	third_party	header	boost/scoped_ptr.hpp			md5	9b6029cf4c7cfc306c50d68525743fd6	
unchanged	third_party	header	boost/shared_ptr.hpp	md5	a5c53df847fe95a9178a8a01febfd81f	md5	a5c53df847fe95a9178a8a01febfd81f	
unchanged	third_party	header	boost/smart_ptr/bad_weak_ptr.hpp	md5	7f61498b0da464a4d199ccb87236f31f	md5	7f61498b0da464a4d199ccb87236f31f	
unchanged	third_party	header	boost/smart_ptr/detail/operator_bool.hpp	md5	5149b9cd314006120ae3f69af773b098	md5	5149b9cd314006120ae3f69af773b098	
unchanged	third_party	header	boost/smart_ptr/detail/shared_count.hpp	md5	73d8148cc0bcda5efb29fce08196e72d	md5	73d8148cc0bcda5efb29fce08196e72d	
unchanged	third_party	header	boost/smart_ptr/detail/sp_convertible.hpp	md5	0464f1c8aca07708bf760b953431a566	md5	0464f1c8aca07708bf760b953431a566	
unchanged	third_party	header	boost/smart_ptr/detail/sp_counted_base.hpp	md5	20ff35c70fc3b324c23ec8fa6c81d655	md5	20ff35c70fc3b324c23ec8fa6c81d655	
unchanged	third_party	header	boost/smart_ptr/detail/sp_counted_base_w32.hpp	md5	bee641ff8ab27b909ea6e06dbf82be4d	md5	bee641ff8ab27b909ea6e06dbf82be4d	
unchanged	third_party	header	boost/smart_ptr/detail/sp_counted_impl.hpp	md5	2c0d159d145597d84dfcc5e86ec56fd9	md5	2c0d159d145597d84dfcc5e86ec56fd9	
unchanged	third_party	header	boost/smart_ptr/detail/sp_has_sync.hpp	md5	0f28b5703edde156b72ecefd8e5a473d	md5	0f28b5703edde156b72ecefd8e5a473d	
unchanged	third_party	header	boost/smart_ptr/detail/spinlock.hpp	md5	865a6a9b40c7f174be295a188f284e12	md5	865a6a9b40c7f174be295a188f284e12	
unchanged	third_party	header	boost/smart_ptr/detail/spinlock_pool.hpp	md5	bdc2d0c6fd092f78f3f69b71384f4a38	md5	bdc2d0c6fd092f78f3f69b71384f4a38	
unchanged	third_party	header	boost/smart_ptr/detail/spinlock_w32.hpp	md5	0080e6316989aefd43032677f1fd102a	md5	0080e6316989aefd43032677f1fd102a	
unchanged	third_party	header	boost/smart_ptr/detail/yield_k.hpp	md5	95a7a93c24b686b2add1e85ccd299392	md5	95a7a93c24b686b2add1e85ccd299392	
added	third_party	header	boost/smart_ptr/scoped_array.hpp			md5	acacdcba2cebadbfb4b56121edebfba2	
added	third_party	header	boost/smart_ptr/scoped_ptr.hpp			md5	44a8271afc4eeffab16397171e1e082a	
unchanged	third_party	header	boost/smart_ptr/shared_ptr.hpp	md5	51649f5a194f886d43676d834119e83b	md5	51649f5a194f886d43676d834119e83b	
unchanged	third_party	header	boost/smart_ptr/weak_ptr.hpp	md5	40aeb9e8036fd8965f8c3992125dbb5c	md5	40aeb9e8036fd8965f8c3992125dbb5c	
unchanged	third_party	header	boost/static_assert.hpp	md5	3c61de80e473a30fd3b41e4303a662df	md5	3c61de80e473a30fd3b41e4303a662df	
unchanged	third_party	header	boost/swap.hpp	md5	d43cf6a5b61390789b0a2f08a76de4cc	md5	d43cf6a5b61390789b0a2f08a76de4cc	
unchanged	third_party	header	boost/system/api_config.hpp	md5	954e1693796112423544fca149bdf300	md5	954e1693796112423544fca149bdf300	
unchanged	third_party	header	boost/system/config.hpp	md5	619bf2719cebb03f8b899e6df2b3a805	md5	619bf2719cebb03f8b899e6df2b3a805	
unchanged	third_party	header	boost/system/error_code.hpp	md5	93f3b4c84499215e664df618ca10f1d1	md5	93f3b4c84499215e664df618ca10f1d1	
unchanged	third_party	header	boost/system/system_error.hpp	md5	8c05c6de0d182656e6c3b2a9d6d5b1dc	md5	8c05c6de0d182656e6c3b2a9d6d5b1dc	
unchanged	third_party	header	boost/throw_exception.hpp	md5	881701f76a64939e14b114b9ff8f2307	md5	881701f76a64939e14b114b9ff8f2307	
unchanged	third_party	header	boost/tr1/detail/config.hpp	md5	879214150c6b8b03adbcf7e59faf2dc3	md5	879214150c6b8b03adbcf7e59faf2dc3	
unchanged	third_party	header	boost/type.hpp	md5	8e021c7e2cfcc36466c58d89c13c7dcc	md5	8e021c7e2cfcc36466c58d89c13c7dcc	
unchanged	third_party	header	boost/type_traits/add_const.hpp	md5	e07a3966d2ab44c0d08452dfbe7828ac	md5	e07a3966d2ab44c0d08452dfbe7828ac	
unchanged	third_party	header	boost/type_traits/add_pointer.hpp	md5	d8f231dda1d777b7dd99cd5438e0166c	md5	d8f231dda1d777b7dd99cd5438e0166c	
unchanged	third_party	header	boost/type_traits/add_reference.hpp	md5	ced386e28ca3d8b4bf4cc50f084ef53d	md5	ced386e28ca3d8b4bf4cc50f084ef53d	
unchanged	third_party	header	boost/type_traits/add_volatile.hpp	md5	87e89f430c545ea8656aa8bdc5a85d0d	md5	87e89f430c545ea8656aa8bdc5a85d0d	
unchanged	third_party	header	boost/type_traits/alignment_of.hpp	md5	a91f781d88d2bbd69460493f4944780d	md5	a91f781d88d2bbd69460493f4944780d	
unchanged	third_party	header	boost/type_traits/broken_compiler_spec.hpp	md5	6d5e684400a05e07900e618593e61d18	md5	6d5e684400a05e07900e618593e61d18	
unchanged	third_party	header	boost/type_traits/composite_traits.hpp	md5	e0fd0612cebd1b362ccbf6d44ab9d2ac	md5	e0fd0612cebd1b362ccbf6d44ab9d2ac	
unchanged	third_party	header	boost/type_traits/config.hpp	md5	58b7c1ba84450de4202b404ea2ae2c5f	md5	58b7c1ba84450de4202b404ea2ae2c5f	
unchanged	third_party	header	boost/type_traits/conversion_traits.hpp	md5	f9626c8bfb6010a9194050083f70fc16	md5	f9626c8bfb6010a9194050083f70fc16	
unchanged	third_party	header	boost/type_traits/detail/bool_trait_def.hpp	md5	f1b713684d30808f5e465f9ea1891be7	md5	f1b713684d30808f5e465f9ea1891be7	
unchanged	third_party	header	boost/type_traits/detail/bool_trait_undef.hpp	md5	40932610123ab127f6686c4c603fd280	md5	40932610123ab127f6686c4c603fd280	
unchanged	third_party	header	boost/type_traits/detail/cv_traits_impl.hpp	md5	cccf778a5ef3225aa6103e53afa42a60	md5	cccf778a5ef3225aa6103e53afa42a60	
unchanged	third_party	header	boost/type_traits/detail/false_result.hpp	md5	6c5e2caf391641b2d5462d4141b88c41	md5	6c5e2caf391641b2d5462d4141b88c41	
unchanged	third_party	header	boost/type_traits/detail/ice_and.hpp	md5	45c816495f426eba7ef86d93c4606842	md5	45c816495f426eba7ef86d93c4606842	
unchanged	third_party	header	boost/type_traits/detail/ice_eq.hpp	md5	523e00bdbdc84aeb8e0dfe70bc09848c	md5	523e00bdbdc84aeb8e0dfe70bc09848c	
unchanged	third_party	header	boost/type_traits/detail/ice_not.hpp	md5	e4d46f7d76a0a789ec731ee68a881ffb	md5	e4d46f7d76a0a789ec731ee68a881ffb	
unchanged	third_party	header	boost/type_traits/detail/ice_or.hpp	md5	e471cda3bb45e4611b92e142381f9a82	md5	e471cda3bb45e4611b92e142381f9a82	
unchanged	third_party	header	boost/type_traits/detail/is_function_ptr_tester.hpp	md5	a4619ac3c6362a9b3705c8893651e1ba	md5	a4619ac3c6362a9b3705c8893651e1ba	
unchanged	third_party	header	boost/type_traits/detail/is_mem_fun_pointer_tester.hpp	md5	d3633d02d034f53bdc5df0941e2bdfde	md5	d3633d02d034f53bdc5df0941e2bdfde	
unchanged	third_party	header	boost/type_traits/detail/size_t_trait_def.hpp	md5	8d6208795e0abacebf4d81dca8c4eb25	md5	8d6208795e0abacebf4d81dca8c4eb25	
unchanged	third_party	header	boost/type_traits/detail/size_t_trait_undef.hpp	md5	97bdc766c75cf61bdbef5843c10b3637	md5	97bdc766c75cf61bdbef5843c10b3637	
unchanged	third_party	header	boost/type_traits/detail/template_arity_spec.hpp	md5	7a709861408e282da599f35d8f44d93b	md5	7a709861408e282da599f35d8f44d93b	
unchanged	third_party	header	boost/type_traits/detail/type_trait_def.hpp	md5	d50074240074450e5edaeddf11667cb7	md5	d50074240074450e5edaeddf11667cb7	
unchanged	third_party	header	boost/type_traits/detail/type_trait_undef.hpp	md5	222936213f828b2254ca970c96445735	md5	222936213f828b2254ca970c96445735	
unchanged	third_party	header	boost/type_traits/detail/yes_no_type.hpp	md5	b45cf3af3417c2f591267bd9ceac0d89	md5	b45cf3af3417c2f591267bd9ceac0d89	
unchanged	third_party	header	boost/type_traits/has_nothrow_constructor.hpp	md5	4f7fee543cd3f61d85a5717a3274ee2b	md5	4f7fee543cd3f61d85a5717a3274ee2b	
unchanged	third_party	header	boost/type_traits/has_nothrow_copy.hpp	md5	f43030b3fee47e5f89d2065c4ed1c2ab	md5	f43030b3fee47e5f89d2065c4ed1c2ab	
unchanged	third_party	header	boost/type_traits/has_trivial_constructor.hpp	md5	f4b3dac26d40752a0c930ba674cab01c	md5	f4b3dac26d40752a0c930ba674cab01c	
unchanged	third_party	header	boost/type_traits/has_trivial_copy.hpp	md5	22e216860726ccaa3a988efde6e1d994	md5	22e216860726ccaa3a988efde6e1d994	
unchanged	third_party	header	boost/type_traits/has_trivial_destructor.hpp	md5	88bd668e9913283c95cc13cbba5da634	md5	88bd668e9913283c95cc13cbba5da634	
unchanged	third_party	header	boost/type_traits/ice.hpp	md5	5d3b7fcfd6c0e0d4b6b27dd7ce6a1c30	md5	5d3b7fcfd6c0e0d4b6b27dd7ce6a1c30	
unchanged	third_party	header	boost/type_traits/integral_constant.hpp	md5	3a17695c72491e38cc32b4382c01f81f	md5	3a17695c72491e38cc32b4382c01f81f	
unchanged	third_party	header	boost/type_traits/intrinsics.hpp	md5	11e89e626b457f1d198b20180772097b	md5	11e89e626b457f1d198b20180772097b	
unchanged	third_party	header	boost/type_traits/is_abstract.hpp	md5	139296a90e4a592955e5c2173ead078f	md5	139296a90e4a592955e5c2173ead078f	
unchanged	third_party	header	boost/type_traits/is_arithmetic.hpp	md5	5498c0388105e54c7b48e7288b04cc11	md5	5498c0388105e54c7b48e7288b04cc11	
unchanged	third_party	header	boost/type_traits/is_array.hpp	md5	e3c96db3b3a6962a987ab07df24a7e4a	md5	e3c96db3b3a6962a987ab07df24a7e4a	
unchanged	third_party	header	boost/type_traits/is_base_and_derived.hpp	md5	7bd085b9e0227522a993d29ac57e385f	md5	7bd085b9e0227522a993d29ac57e385f	
unchanged	third_party	header	boost/type_traits/is_base_of.hpp	md5	49847ffb356f029d9a779afd22a8c1be	md5	49847ffb356f029d9a779afd22a8c1be	
unchanged	third_party	header	boost/type_traits/is_class.hpp	md5	c25085db6f74aa9ea073eb9df3f4a2d8	md5	c25085db6f74aa9ea073eb9df3f4a2d8	
unchanged	third_party	header	boost/type_traits/is_const.hpp	md5	a2eac4295a8d33e2ef7c3b0c0c4effed	md5	a2eac4295a8d33e2ef7c3b0c0c4effed	
unchanged	third_party	header	boost/type_traits/is_convertible.hpp	md5	f322279837998bd21eba2e21ae7a6ac3	md5	f322279837998bd21eba2e21ae7a6ac3	
unchanged	third_party	header	boost/type_traits/is_empty.hpp	md5	016aed3a8387887ceabd413501391521	md5	016aed3a8387887ceabd413501391521	
unchanged	third_party	header	boost/type_traits/is_enum.hpp	md5	7c4a53b78682effbb9e289e4c1198f96	md5	7c4a53b78682effbb9e289e4c1198f96	
unchanged	third_party	header	boost/type_traits/is_float.hpp	md5	269bdbd2abb0f69e770c92cf0c69ff37	md5	269bdbd2abb0f69e770c92cf0c69ff37	
unchanged	third_party	header	boost/type_traits/is_floating_point.hpp	md5	6d993d0965ea65a9c2991429dbbbf81a	md5	6d993d0965ea65a9c2991429dbbbf81a	
unchanged	third_party	header	boost/type_traits/is_function.hpp	md5	1508c2eef6447b535f08d82c2b4b3f54	md5	1508c2eef6447b535f08d82c2b4b3f54	
unchanged	third_party	header	boost/type_traits/is_integral.hpp	md5	88c4375069d002edde78f41e43a92ac7	md5	88c4375069d002edde78f41e43a92ac7	
unchanged	third_party	header	boost/type_traits/is_lvalue_reference.hpp	md5	46494d1dbe4d7e5e69bd779c309630a4	md5	46494d1dbe4d7e5e69bd779c309630a4	
unchanged	third_party	header	boost/type_traits/is_member_function_pointer.hpp	md5	988ebed29753d8eeff9b9e5df452c9da	md5	988ebed29753d8eeff9b9e5df452c9da	
unchanged	third_party	header	boost/type_traits/is_member_pointer.hpp	md5	cbe771d8291ecebc1fbe30813cc9ad2c	md5	cbe771d8291ecebc1fbe30813cc9ad2c	
unchanged	third_party	header	boost/type_traits/is_pod.hpp	md5	0f55d86c46180522dae47cf016196de9	md5	0f55d86c46180522dae47cf016196de9	
unchanged	third_party	header	boost/type_traits/is_pointer.hpp	md5	a996c7ffe38beee2d6219343c1b51764	md5	a996c7ffe38beee2d6219343c1b51764	
unchanged	third_party	header	boost/type_traits/is_polymorphic.hpp	md5	898e70071b38377bddd81aae8de33666	md5	898e70071b38377bddd81aae8de33666	
unchanged	third_party	header	boost/type_traits/is_reference.hpp	md5	bb1e151323cb8dac0a12db6f81b49970	md5	bb1e151323cb8dac0a12db6f81b49970	
unchanged	third_party	header	boost/type_traits/is_rvalue_reference.hpp	md5	513796e9724afe3b6245f482f5024535	md5	513796e9724afe3b6245f482f5024535	
unchanged	third_party	header	boost/type_traits/is_same.hpp	md5	52f9fd6d53bec770e2e323af2769034c	md5	52f9fd6d53bec770e2e323af2769034c	
unchanged	third_party	header	boost/type_traits/is_scalar.hpp	md5	dcea864c182e33779b32243322e9f56f	md5	dcea864c182e33779b32243322e9f56f	
unchanged	third_party	header	boost/type_traits/is_signed.hpp	md5	9a48250bed0b5fffab2eb0f1a3535547	md5	9a48250bed0b5fffab2eb0f1a3535547	
unchanged	third_party	header	boost/type_traits/is_stateless.hpp	md5	5cbf71e2466b76241594d2f0b4d640ae	md5	5cbf71e2466b76241594d2f0b4d640ae	
unchanged	third_party	header	boost/type_traits/is_union.hpp	md5	216ebe67a11c55a3b0e656678c4f399e	md5	216ebe67a11c55a3b0e656678c4f399e	
unchanged	third_party	header	boost/type_traits/is_unsigned.hpp	md5	39f3655ea182667d13dd2819d3a1f831	md5	39f3655ea182667d13dd2819d3a1f831	
unchanged	third_party	header	boost/type_traits/is_void.hpp	md5	52319b859dc454a6fd927ccfdeb645e0	md5	52319b859dc454a6fd927ccfdeb645e0	
unchanged	third_party	header	boost/type_traits/is_volatile.hpp	md5	4f176dc76bb2ef4c22e8bffe55d43d72	md5	4f176dc76bb2ef4c22e8bffe55d43d72	
unchanged	third_party	header	boost/type_traits/make_unsigned.hpp	md5	8c6864eff336b7a67a9b4c24e664c22f	md5	8c6864eff336b7a67a9b4c24e664c22f	
unchanged	third_party	header	boost/type_traits/remove_const.hpp	md5	6f2f2d051917a98466155f2a37b65994	md5	6f2f2d051917a98466155f2a37b65994	
unchanged	third_party	header	boost/type_traits/remove_cv.hpp	md5	a08f6afefd6d139282edeb8879cb6282	md5	a08f6afefd6d139282edeb8879cb6282	
unchanged	third_party	header	boost/type_traits/remove_pointer.hpp	md5	1dc8259e49c1f09efd175f52b924c9b8	md5	1dc8259e49c1f09efd175f52b924c9b8	
unchanged	third_party	header	boost/type_traits/remove_reference.hpp	md5	3b97d42c39496bee65062a36fad80836	md5	3b97d42c39496bee65062a36fad80836	
unchanged	third_party	header	boost/type_traits/type_with_alignment.hpp	md5	247234aed0f17cfa5bbf4b278729425d	md5	247234aed0f17cfa5bbf4b278729425d	
unchanged	third_party	header	boost/utility.hpp	md5	4c4b2fd798ed950d46066e941549967f	md5	4c4b2fd798ed950d46066e941549967f	
unchanged	third_party	header	boost/utility/addressof.hpp	md5	7e111703054cd6612a6a1eb6fb0256d0	md5	7e111703054cd6612a6a1eb6fb0256d0	
unchanged	third_party	header	boost/utility/base_from_member.hpp	md5	865ea70a73dee1f2193a65f518622a99	md5	865ea70a73dee1f2193a65f518622a99	
unchanged	third_party	header	boost/utility/binary.hpp	md5	73712c335a76a2c9dae2e2f9478b6c2a	md5	73712c335a76a2c9dae2e2f9478b6c2a	
unchanged	third_party	header	boost/utility/compare_pointees.hpp	md5	8b6dcc14918a7702d4af31a39787f325	md5	8b6dcc14918a7702d4af31a39787f325	
unchanged	third_party	header	boost/utility/detail/in_place_factory_prefix.hpp	md5	f47029b33f918af56df1cdfb46abf861	md5	f47029b33f918af56df1cdfb46abf861	
unchanged	third_party	header	boost/utility/detail/in_place_factory_suffix.hpp	md5	c35a0badfab56c3b11acae27ffc41cc1	md5	c35a0badfab56c3b11acae27ffc41cc1	
unchanged	third_party	header	boost/utility/detail/result_of_iterate.hpp	md5	1b1ee4217ae92cb0722ccf49b5b8b933	md5	1b1ee4217ae92cb0722ccf49b5b8b933	
unchanged	third_party	header	boost/utility/enable_if.hpp	md5	394baac9f6362d7b33febb07892368ba	md5	394baac9f6362d7b33febb07892368ba	
unchanged	third_party	header	boost/utility/in_place_factory.hpp	md5	00ed6ae3d91c3f612729a3a7f5c0b2c3	md5	00ed6ae3d91c3f612729a3a7f5c0b2c3	
unchanged	third_party	header	boost/utility/result_of.hpp	md5	176be48aa800e29506f6b57a5c5f65f6	md5	176be48aa800e29506f6b57a5c5f65f6	
unchanged	third_party	header	boost/utility/swap.hpp	md5	b0e10fd73c0d1cfd64aefb38e60a1bef	md5	b0e10fd73c0d1cfd64aefb38e60a1bef	
unchanged	third_party	header	boost/version.hpp	md5	b2d773e85f3c0f4b81f830cc58ea7ad4	md5	b2d773e85f3c0f4b81f830cc58ea7ad4	
unchanged	third_party	header	boost/visit_each.hpp	md5	8af33118a9cb6f6e52cadc226c9010fa	md5	8af33118a9cb6f6e52cadc226c9010fa	
unchanged	third_party	header	boost/weak_ptr.hpp	md5	6f39414c35e6cc7124a1bbd24be46f8e	md5	6f39414c35e6cc7124a1bbd24be46f8e	
unchanged	third_party	header	bugtrap/bttrace.h	md5	ff2332b6e8e4c2407fdb3300bb6b50b9	md5	ff2332b6e8e4c2407fdb3300bb6b50b9	
unchanged	third_party	header	bugtrap/bugtrap.h	md5	ff995b651a748deb2e52a4cdc0181cf6	md5	ff995b651a748deb2e52a4cdc0181cf6	
unchanged	third_party	source	bullet/bulletcollision/broadphasecollision/btaxissweep3.cpp	md5	c0856dc75541391fe69d3370d32fa87d	md5	c0856dc75541391fe69d3370d32fa87d	
unchanged	third_party	header	bullet/bulletcollision/broadphasecollision/btaxissweep3.h	md5	3a801b6986432871cdc4944f01a037a9	md5	3a801b6986432871cdc4944f01a037a9	
unchanged	third_party	header	bullet/bulletcollision/broadphasecollision/btbroadphaseinterface.h	md5	e1a5e02e0e8b5d42703caed2a84970b7	md5	e1a5e02e0e8b5d42703caed2a84970b7	
unchanged	third_party	header	bullet/bulletcollision/broadphasecollision/btbroadphaseproxy.h	md5	b08159d9c8356ab3b4bb928a4b6e407e	md5	b08159d9c8356ab3b4bb928a4b6e407e	
unchanged	third_party	source	bullet/bulletcollision/broadphasecollision/btcollisionalgorithm.cpp	md5	32922bc6c75a672380bfc5d5cf869bc7	md5	32922bc6c75a672380bfc5d5cf869bc7	
unchanged	third_party	header	bullet/bulletcollision/broadphasecollision/btcollisionalgorithm.h	md5	77111532b14b1a8b327866902e53d306	md5	77111532b14b1a8b327866902e53d306	
unchanged	third_party	source	bullet/bulletcollision/broadphasecollision/btdbvt.cpp	md5	9eef1dd9297c10252e8e04519feae80c	md5	9eef1dd9297c10252e8e04519feae80c	
unchanged	third_party	header	bullet/bulletcollision/broadphasecollision/btdbvt.h	md5	6475dd3c852c0da7a210e24941d4b5d2	md5	6475dd3c852c0da7a210e24941d4b5d2	
unchanged	third_party	source	bullet/bulletcollision/broadphasecollision/btdbvtbroadphase.cpp	md5	b0c2d9e69552226e30dd94837d05f680	md5	b0c2d9e69552226e30dd94837d05f680	
unchanged	third_party	header	bullet/bulletcollision/broadphasecollision/btdbvtbroadphase.h	md5	192e0002d6b302cb4368b54a2de5d547	md5	192e0002d6b302cb4368b54a2de5d547	
unchanged	third_party	source	bullet/bulletcollision/broadphasecollision/btdispatcher.cpp	md5	2705c02aa8e0b285d396d45d0f41953c	md5	2705c02aa8e0b285d396d45d0f41953c	
unchanged	third_party	header	bullet/bulletcollision/broadphasecollision/btdispatcher.h	md5	a5d6af7cc25a9083c9c2fca4e066216d	md5	a5d6af7cc25a9083c9c2fca4e066216d	
unchanged	third_party	source	bullet/bulletcollision/broadphasecollision/btoverlappingpaircache.cpp	md5	dc3107d8438e46c21eec9620d6cd686e	md5	dc3107d8438e46c21eec9620d6cd686e	
unchanged	third_party	header	bullet/bulletcollision/broadphasecollision/btoverlappingpaircache.h	md5	cadf484995d7f8be0fdf46533470299d	md5	cadf484995d7f8be0fdf46533470299d	
unchanged	third_party	header	bullet/bulletcollision/broadphasecollision/btoverlappingpaircallback.h	md5	1f01a2263b4a5246d71acfcabe7d0d73	md5	1f01a2263b4a5246d71acfcabe7d0d73	
unchanged	third_party	source	bullet/bulletcollision/broadphasecollision/btquantizedbvh.cpp	md5	8c72149ed0c5b4edc593543c112b3451	md5	8c72149ed0c5b4edc593543c112b3451	
unchanged	third_party	header	bullet/bulletcollision/broadphasecollision/btquantizedbvh.h	md5	4dc2bc8e55be6e0cf1694247cd66e073	md5	4dc2bc8e55be6e0cf1694247cd66e073	
unchanged	third_party	header	bullet/bulletcollision/broadphasecollision/btsimplebroadphase.h	md5	58fe9b5bd323796b77967d396b7a6099	md5	58fe9b5bd323796b77967d396b7a6099	
unchanged	third_party	source	bullet/bulletcollision/collisiondispatch/btactivatingcollisionalgorithm.cpp	md5	cdaa838bf371e9bd6a294a7aab1f07ba	md5	cdaa838bf371e9bd6a294a7aab1f07ba	
unchanged	third_party	header	bullet/bulletcollision/collisiondispatch/btactivatingcollisionalgorithm.h	md5	87c813f5b02075f0cd4a21a5b74b2a32	md5	87c813f5b02075f0cd4a21a5b74b2a32	
unchanged	third_party	source	bullet/bulletcollision/collisiondispatch/btboxboxcollisionalgorithm.cpp	md5	f8138787f5f3aa292cdd10e70d0d5844	md5	f8138787f5f3aa292cdd10e70d0d5844	
unchanged	third_party	header	bullet/bulletcollision/collisiondispatch/btboxboxcollisionalgorithm.h	md5	5797ded31ccaef326d28df0ed6b722df	md5	5797ded31ccaef326d28df0ed6b722df	
unchanged	third_party	source	bullet/bulletcollision/collisiondispatch/btboxboxdetector.cpp	md5	00af57bf793996fe6458496c3380575a	md5	00af57bf793996fe6458496c3380575a	
unchanged	third_party	header	bullet/bulletcollision/collisiondispatch/btboxboxdetector.h	md5	e089e2a2b17ab4ede675a24d7b6c8ff8	md5	e089e2a2b17ab4ede675a24d7b6c8ff8	
unchanged	third_party	header	bullet/bulletcollision/collisiondispatch/btcollisionconfiguration.h	md5	fbe5ff224b161a7f468200efd4964c8e	md5	fbe5ff224b161a7f468200efd4964c8e	
unchanged	third_party	header	bullet/bulletcollision/collisiondispatch/btcollisioncreatefunc.h	md5	6286e38f4b20b6120bb71f3660d88015	md5	6286e38f4b20b6120bb71f3660d88015	
unchanged	third_party	source	bullet/bulletcollision/collisiondispatch/btcollisiondispatcher.cpp	md5	50e05e72d696c24fdc006b529c6219e8	md5	50e05e72d696c24fdc006b529c6219e8	
unchanged	third_party	header	bullet/bulletcollision/collisiondispatch/btcollisiondispatcher.h	md5	65d7bd14fc23672cd4e6fe183bf306ef	md5	65d7bd14fc23672cd4e6fe183bf306ef	
unchanged	third_party	source	bullet/bulletcollision/collisiondispatch/btcollisionobject.cpp	md5	4afe30c4494270eb84f0b26ceeb5f5c8	md5	4afe30c4494270eb84f0b26ceeb5f5c8	
unchanged	third_party	header	bullet/bulletcollision/collisiondispatch/btcollisionobject.h	md5	eab3e33d7819124f7e74f0a70d8944f9	md5	eab3e33d7819124f7e74f0a70d8944f9	
unchanged	third_party	source	bullet/bulletcollision/collisiondispatch/btcollisionworld.cpp	md5	b4abc551f015ec0098ce38a781922b0d	md5	b4abc551f015ec0098ce38a781922b0d	
unchanged	third_party	header	bullet/bulletcollision/collisiondispatch/btcollisionworld.h	md5	7f1662b545b07d1c4f0fb05f3e3aa47d	md5	7f1662b545b07d1c4f0fb05f3e3aa47d	
unchanged	third_party	source	bullet/bulletcollision/collisiondispatch/btcompoundcollisionalgorithm.cpp	md5	91745aaec69cd15935a655465c70d328	md5	91745aaec69cd15935a655465c70d328	
unchanged	third_party	header	bullet/bulletcollision/collisiondispatch/btcompoundcollisionalgorithm.h	md5	3e1347825f4e6a31fa9c718725534a10	md5	3e1347825f4e6a31fa9c718725534a10	
unchanged	third_party	source	bullet/bulletcollision/collisiondispatch/btconvexconcavecollisionalgorithm.cpp	md5	ecdec62e035ae87d91698f08b149e478	md5	ecdec62e035ae87d91698f08b149e478	
unchanged	third_party	header	bullet/bulletcollision/collisiondispatch/btconvexconcavecollisionalgorithm.h	md5	5034cc84d3d249af35f91ed4a6d18bbc	md5	5034cc84d3d249af35f91ed4a6d18bbc	
unchanged	third_party	source	bullet/bulletcollision/collisiondispatch/btconvexconvexalgorithm.cpp	md5	02e6b667eb91c9939cc14411f8da9406	md5	02e6b667eb91c9939cc14411f8da9406	
unchanged	third_party	header	bullet/bulletcollision/collisiondispatch/btconvexconvexalgorithm.h	md5	e23039502f3320e448660efa64750196	md5	e23039502f3320e448660efa64750196	
unchanged	third_party	source	bullet/bulletcollision/collisiondispatch/btconvexplanecollisionalgorithm.cpp	md5	63bec5ba19e3924fbea83beba70791a0	md5	63bec5ba19e3924fbea83beba70791a0	
unchanged	third_party	header	bullet/bulletcollision/collisiondispatch/btconvexplanecollisionalgorithm.h	md5	6e3957e42e5ca749621ac90750ecbae5	md5	6e3957e42e5ca749621ac90750ecbae5	
unchanged	third_party	source	bullet/bulletcollision/collisiondispatch/btdefaultcollisionconfiguration.cpp	md5	39c54029a63154da58458bb8c53e0918	md5	39c54029a63154da58458bb8c53e0918	
unchanged	third_party	header	bullet/bulletcollision/collisiondispatch/btdefaultcollisionconfiguration.h	md5	d82f6f1f2d5bf1ad19d91eacc9fe84cb	md5	d82f6f1f2d5bf1ad19d91eacc9fe84cb	
unchanged	third_party	source	bullet/bulletcollision/collisiondispatch/btemptycollisionalgorithm.cpp	md5	d78c1ec0d9eccf8a714f0da0eec96668	md5	d78c1ec0d9eccf8a714f0da0eec96668	
unchanged	third_party	header	bullet/bulletcollision/collisiondispatch/btemptycollisionalgorithm.h	md5	cbfaf8ea6daa58cce7c36ecf1f78b745	md5	cbfaf8ea6daa58cce7c36ecf1f78b745	
unchanged	third_party	source	bullet/bulletcollision/collisiondispatch/btghostobject.cpp	md5	27e067c3d5f9a43b18679bd38676fb49	md5	27e067c3d5f9a43b18679bd38676fb49	
unchanged	third_party	header	bullet/bulletcollision/collisiondispatch/btghostobject.h	md5	238a8d7a3cc178e1fd8bbb2dbe6d59ce	md5	238a8d7a3cc178e1fd8bbb2dbe6d59ce	
unchanged	third_party	source	bullet/bulletcollision/collisiondispatch/btmanifoldresult.cpp	md5	ecaaea4b2a73a324e6f5793762f725a2	md5	ecaaea4b2a73a324e6f5793762f725a2	
unchanged	third_party	header	bullet/bulletcollision/collisiondispatch/btmanifoldresult.h	md5	cc68f6aacd7b6f5f40685ae312dd360b	md5	cc68f6aacd7b6f5f40685ae312dd360b	
unchanged	third_party	source	bullet/bulletcollision/collisiondispatch/btsimulationislandmanager.cpp	md5	6695d513f92e91bbdca0499d66c8bb7d	md5	6695d513f92e91bbdca0499d66c8bb7d	
unchanged	third_party	header	bullet/bulletcollision/collisiondispatch/btsimulationislandmanager.h	md5	77ed83313d8f341b7e67f496c3fbd622	md5	77ed83313d8f341b7e67f496c3fbd622	
unchanged	third_party	source	bullet/bulletcollision/collisiondispatch/btspherespherecollisionalgorithm.cpp	md5	b4d5c2b45da5de6aef45469c1958f29c	md5	b4d5c2b45da5de6aef45469c1958f29c	
unchanged	third_party	header	bullet/bulletcollision/collisiondispatch/btspherespherecollisionalgorithm.h	md5	fb7b59e43ef8784b9df7c9d301cecd2f	md5	fb7b59e43ef8784b9df7c9d301cecd2f	
unchanged	third_party	source	bullet/bulletcollision/collisiondispatch/btspheretrianglecollisionalgorithm.cpp	md5	42e1f790cfcf0938eed9127d23aecb67	md5	42e1f790cfcf0938eed9127d23aecb67	
unchanged	third_party	header	bullet/bulletcollision/collisiondispatch/btspheretrianglecollisionalgorithm.h	md5	829330ca9234f71e9033b3e5e04fc3df	md5	829330ca9234f71e9033b3e5e04fc3df	
unchanged	third_party	source	bullet/bulletcollision/collisiondispatch/btunionfind.cpp	md5	a926493a7cf121ca227f4828a8bc57cc	md5	a926493a7cf121ca227f4828a8bc57cc	
unchanged	third_party	header	bullet/bulletcollision/collisiondispatch/btunionfind.h	md5	f23767c504889ddc344902bb9d74f669	md5	f23767c504889ddc344902bb9d74f669	
unchanged	third_party	source	bullet/bulletcollision/collisiondispatch/spheretriangledetector.cpp	md5	751e6399ad425b505ab7fb479a7e01d6	md5	751e6399ad425b505ab7fb479a7e01d6	
unchanged	third_party	header	bullet/bulletcollision/collisiondispatch/spheretriangledetector.h	md5	288b4d1ea6909af458d24c5a26c564ec	md5	288b4d1ea6909af458d24c5a26c564ec	
unchanged	third_party	source	bullet/bulletcollision/collisionshapes/btboxshape.cpp	md5	7a423f0e6bad32e0a89c2383f1bfec8e	md5	7a423f0e6bad32e0a89c2383f1bfec8e	
unchanged	third_party	header	bullet/bulletcollision/collisionshapes/btboxshape.h	md5	7bd3e9aa161a7b46f785351f0aff8041	md5	7bd3e9aa161a7b46f785351f0aff8041	
unchanged	third_party	source	bullet/bulletcollision/collisionshapes/btbvhtrianglemeshshape.cpp	md5	fca8aeec2b40264d85decd9eb1cb6767	md5	fca8aeec2b40264d85decd9eb1cb6767	
unchanged	third_party	header	bullet/bulletcollision/collisionshapes/btbvhtrianglemeshshape.h	md5	1ec2126f8178efe48f00106c11008167	md5	1ec2126f8178efe48f00106c11008167	
unchanged	third_party	source	bullet/bulletcollision/collisionshapes/btcapsuleshape.cpp	md5	8cb7bd572507edcf4d1b346416541cbf	md5	8cb7bd572507edcf4d1b346416541cbf	
unchanged	third_party	header	bullet/bulletcollision/collisionshapes/btcapsuleshape.h	md5	04be80ef87470a01ac89e7dc222b7238	md5	04be80ef87470a01ac89e7dc222b7238	
unchanged	third_party	header	bullet/bulletcollision/collisionshapes/btcollisionmargin.h	md5	cdf65667af8773829cdbd609d4bcf474	md5	cdf65667af8773829cdbd609d4bcf474	
unchanged	third_party	source	bullet/bulletcollision/collisionshapes/btcollisionshape.cpp	md5	84b2640d634f78ac359463cb5f24a1ad	md5	84b2640d634f78ac359463cb5f24a1ad	
unchanged	third_party	header	bullet/bulletcollision/collisionshapes/btcollisionshape.h	md5	defd7ac605d5cde8f5513e698dbffa9b	md5	defd7ac605d5cde8f5513e698dbffa9b	
unchanged	third_party	source	bullet/bulletcollision/collisionshapes/btcompoundshape.cpp	md5	9370995977e24c2b5f4bcfebd152ca1a	md5	9370995977e24c2b5f4bcfebd152ca1a	
unchanged	third_party	header	bullet/bulletcollision/collisionshapes/btcompoundshape.h	md5	55c212425f9e280d266e62f4f24da1ef	md5	55c212425f9e280d266e62f4f24da1ef	
unchanged	third_party	source	bullet/bulletcollision/collisionshapes/btconcaveshape.cpp	md5	77464804d447633bf4d085f00908cbfc	md5	77464804d447633bf4d085f00908cbfc	
unchanged	third_party	header	bullet/bulletcollision/collisionshapes/btconcaveshape.h	md5	c338c6f3f664ea56d71f08ff6822e27e	md5	c338c6f3f664ea56d71f08ff6822e27e	
unchanged	third_party	header	bullet/bulletcollision/collisionshapes/btconeshape.h	md5	2065c6564fd4db15dc8bacb14fc0b492	md5	2065c6564fd4db15dc8bacb14fc0b492	
unchanged	third_party	source	bullet/bulletcollision/collisionshapes/btconvexhullshape.cpp	md5	0e1e1dbba43314506394952df2660ea3	md5	0e1e1dbba43314506394952df2660ea3	
unchanged	third_party	header	bullet/bulletcollision/collisionshapes/btconvexhullshape.h	md5	e93fd7e3e2c034280c5490e1c79b0886	md5	e93fd7e3e2c034280c5490e1c79b0886	
unchanged	third_party	source	bullet/bulletcollision/collisionshapes/btconvexinternalshape.cpp	md5	2f072b6ef083f998a281167ec9b134b5	md5	2f072b6ef083f998a281167ec9b134b5	
unchanged	third_party	header	bullet/bulletcollision/collisionshapes/btconvexinternalshape.h	md5	c57c4a4d69391de44e743356ff6276d6	md5	c57c4a4d69391de44e743356ff6276d6	
unchanged	third_party	header	bullet/bulletcollision/collisionshapes/btconvexpointcloudshape.h	md5	2ed43286254e5da1aed9c80d53d8ed66	md5	2ed43286254e5da1aed9c80d53d8ed66	
unchanged	third_party	source	bullet/bulletcollision/collisionshapes/btconvexpolyhedron.cpp	md5	e7ae5d2a7e3afcf75362ea82c8dc0969	md5	e7ae5d2a7e3afcf75362ea82c8dc0969	
unchanged	third_party	header	bullet/bulletcollision/collisionshapes/btconvexpolyhedron.h	md5	4617a05cb5d437ac5641cae2cb986986	md5	4617a05cb5d437ac5641cae2cb986986	
unchanged	third_party	source	bullet/bulletcollision/collisionshapes/btconvexshape.cpp	md5	c4d8c54314894465eff5759ffc19f608	md5	c4d8c54314894465eff5759ffc19f608	
unchanged	third_party	header	bullet/bulletcollision/collisionshapes/btconvexshape.h	md5	20ffe704de65a79c69c0c2701e2f3ddb	md5	20ffe704de65a79c69c0c2701e2f3ddb	
unchanged	third_party	header	bullet/bulletcollision/collisionshapes/btconvextrianglemeshshape.h	md5	cdcad33a9f42199bf7e76382f257c4f3	md5	cdcad33a9f42199bf7e76382f257c4f3	
unchanged	third_party	source	bullet/bulletcollision/collisionshapes/btcylindershape.cpp	md5	eb183979db484afb430f356e26f41bad	md5	eb183979db484afb430f356e26f41bad	
unchanged	third_party	header	bullet/bulletcollision/collisionshapes/btcylindershape.h	md5	472d708320ec4e550e910436cfd6f99a	md5	472d708320ec4e550e910436cfd6f99a	
unchanged	third_party	header	bullet/bulletcollision/collisionshapes/btminkowskisumshape.h	md5	4455c8709dce2bee645ce04d334fe7e3	md5	4455c8709dce2bee645ce04d334fe7e3	
unchanged	third_party	header	bullet/bulletcollision/collisionshapes/btmultisphereshape.h	md5	7af3582407c72e6bdd48bb5a6d0be696	md5	7af3582407c72e6bdd48bb5a6d0be696	
unchanged	third_party	source	bullet/bulletcollision/collisionshapes/btoptimizedbvh.cpp	md5	7541e07b4e39bd2969b2744255bd1fea	md5	7541e07b4e39bd2969b2744255bd1fea	
unchanged	third_party	header	bullet/bulletcollision/collisionshapes/btoptimizedbvh.h	md5	a3ffd21b96655ef1622377e3861542f5	md5	a3ffd21b96655ef1622377e3861542f5	
unchanged	third_party	source	bullet/bulletcollision/collisionshapes/btpolyhedralconvexshape.cpp	md5	a11beeac16eedd5c866c2d87f97978d4	md5	a11beeac16eedd5c866c2d87f97978d4	
unchanged	third_party	header	bullet/bulletcollision/collisionshapes/btpolyhedralconvexshape.h	md5	9319ce205e61fddb206fdbedb22cfe2d	md5	9319ce205e61fddb206fdbedb22cfe2d	
unchanged	third_party	source	bullet/bulletcollision/collisionshapes/btsphereshape.cpp	md5	7cd65a4526518789978437266074c91f	md5	7cd65a4526518789978437266074c91f	
unchanged	third_party	header	bullet/bulletcollision/collisionshapes/btsphereshape.h	md5	0693737f8e642324f93e7862c371e1c1	md5	0693737f8e642324f93e7862c371e1c1	
unchanged	third_party	header	bullet/bulletcollision/collisionshapes/btstaticplaneshape.h	md5	22ea44a4f1ca6cdaaa9ad5ca2db99cd8	md5	22ea44a4f1ca6cdaaa9ad5ca2db99cd8	
unchanged	third_party	source	bullet/bulletcollision/collisionshapes/btstridingmeshinterface.cpp	md5	4053cdccf9ac60ffeb869c2373f8ee0c	md5	4053cdccf9ac60ffeb869c2373f8ee0c	
unchanged	third_party	header	bullet/bulletcollision/collisionshapes/btstridingmeshinterface.h	md5	e12fb0ab9a5a6e731547e59e531b428e	md5	e12fb0ab9a5a6e731547e59e531b428e	
unchanged	third_party	source	bullet/bulletcollision/collisionshapes/bttetrahedronshape.cpp	md5	f6a5e695b3641bfb049d2eedde24d383	md5	f6a5e695b3641bfb049d2eedde24d383	
unchanged	third_party	header	bullet/bulletcollision/collisionshapes/bttetrahedronshape.h	md5	a543ddf8125e395bab62b52e52e9ba80	md5	a543ddf8125e395bab62b52e52e9ba80	
unchanged	third_party	source	bullet/bulletcollision/collisionshapes/bttrianglecallback.cpp	md5	483d88a24477bc24bb0c1ceff3a81e3d	md5	483d88a24477bc24bb0c1ceff3a81e3d	
unchanged	third_party	header	bullet/bulletcollision/collisionshapes/bttrianglecallback.h	md5	73a8d03f474a2be047f2eb95090daa8f	md5	73a8d03f474a2be047f2eb95090daa8f	
unchanged	third_party	source	bullet/bulletcollision/collisionshapes/bttriangleindexvertexarray.cpp	md5	95c072c4ff50e283fdd546f07086bdfc	md5	95c072c4ff50e283fdd546f07086bdfc	
unchanged	third_party	header	bullet/bulletcollision/collisionshapes/bttriangleindexvertexarray.h	md5	1d307ff4b8470ed93f84b40a5edba2ba	md5	1d307ff4b8470ed93f84b40a5edba2ba	
unchanged	third_party	header	bullet/bulletcollision/collisionshapes/bttriangleinfomap.h	md5	4ffd48e2f7ba07fd86d598ceabe0e1a3	md5	4ffd48e2f7ba07fd86d598ceabe0e1a3	
unchanged	third_party	source	bullet/bulletcollision/collisionshapes/bttrianglemeshshape.cpp	md5	7d1ddcd7d26990223c6db6a5c74d3642	md5	7d1ddcd7d26990223c6db6a5c74d3642	
unchanged	third_party	header	bullet/bulletcollision/collisionshapes/bttrianglemeshshape.h	md5	946792fd7f307d0c3f1bd846e5b8252f	md5	946792fd7f307d0c3f1bd846e5b8252f	
unchanged	third_party	header	bullet/bulletcollision/collisionshapes/bttriangleshape.h	md5	00a6ca631816658af62895b60b8b5e8c	md5	00a6ca631816658af62895b60b8b5e8c	
unchanged	third_party	header	bullet/bulletcollision/gimpact/btboxcollision.h	md5	4ac129143a3805086612ba1e1af00b08	md5	4ac129143a3805086612ba1e1af00b08	
unchanged	third_party	header	bullet/bulletcollision/gimpact/btclippolygon.h	md5	d22f3377520d5f60c02dd0125e53b7fb	md5	d22f3377520d5f60c02dd0125e53b7fb	
unchanged	third_party	header	bullet/bulletcollision/gimpact/btcontactprocessing.h	md5	d8887be533c6e05b8fd9f45aea35e060	md5	d8887be533c6e05b8fd9f45aea35e060	
unchanged	third_party	header	bullet/bulletcollision/gimpact/btgeometryoperations.h	md5	7ffdf1610426c0369bb27b5a0b464fc6	md5	7ffdf1610426c0369bb27b5a0b464fc6	
unchanged	third_party	header	bullet/bulletcollision/gimpact/btgimpactbvh.h	md5	d204c58ab2a9c265d5397b14ae7585eb	md5	d204c58ab2a9c265d5397b14ae7585eb	
unchanged	third_party	source	bullet/bulletcollision/gimpact/btgimpactcollisionalgorithm.cpp	md5	b29cf8708704e90e57656f255404bf41	md5	b29cf8708704e90e57656f255404bf41	
unchanged	third_party	header	bullet/bulletcollision/gimpact/btgimpactcollisionalgorithm.h	md5	6f3914acd7e57f6c2af778867d1e9906	md5	6f3914acd7e57f6c2af778867d1e9906	
unchanged	third_party	source	bullet/bulletcollision/gimpact/btgimpactquantizedbvh.cpp	md5	706573c51a7563bbeddc5620ed15c005	md5	706573c51a7563bbeddc5620ed15c005	
unchanged	third_party	header	bullet/bulletcollision/gimpact/btgimpactquantizedbvh.h	md5	9824612bce559e6e8667de6fb24db043	md5	9824612bce559e6e8667de6fb24db043	
unchanged	third_party	header	bullet/bulletcollision/gimpact/btgimpactshape.h	md5	449165f2615e2a2fddd5eb0b99193027	md5	449165f2615e2a2fddd5eb0b99193027	
unchanged	third_party	header	bullet/bulletcollision/gimpact/btquantization.h	md5	c11f07d06d4692fb9c2951080aa6cf2c	md5	c11f07d06d4692fb9c2951080aa6cf2c	
unchanged	third_party	source	bullet/bulletcollision/gimpact/bttriangleshapeex.cpp	md5	691e700d58366e667c263a5ef2a60d52	md5	691e700d58366e667c263a5ef2a60d52	
unchanged	third_party	header	bullet/bulletcollision/gimpact/bttriangleshapeex.h	md5	46d02703ee7406e635fa7deea1d74495	md5	46d02703ee7406e635fa7deea1d74495	
unchanged	third_party	source	bullet/bulletcollision/narrowphasecollision/btcontinuousconvexcollision.cpp	md5	d8657e1b603697d25925f6fb66af91b2	md5	d8657e1b603697d25925f6fb66af91b2	
unchanged	third_party	header	bullet/bulletcollision/narrowphasecollision/btcontinuousconvexcollision.h	md5	9fd438d6336c1711af15c2674d6865f6	md5	9fd438d6336c1711af15c2674d6865f6	
unchanged	third_party	source	bullet/bulletcollision/narrowphasecollision/btconvexcast.cpp	md5	0b1a540d07fa549e63e12f48568b29d1	md5	0b1a540d07fa549e63e12f48568b29d1	
unchanged	third_party	header	bullet/bulletcollision/narrowphasecollision/btconvexcast.h	md5	82c4da0afb93858b00a5f9c1b7676c2f	md5	82c4da0afb93858b00a5f9c1b7676c2f	
unchanged	third_party	header	bullet/bulletcollision/narrowphasecollision/btconvexpenetrationdepthsolver.h	md5	0a07024d34fd13898275884602253c46	md5	0a07024d34fd13898275884602253c46	
unchanged	third_party	header	bullet/bulletcollision/narrowphasecollision/btdiscretecollisiondetectorinterface.h	md5	3fd8cd4c682fa14e24a9443161fc4205	md5	3fd8cd4c682fa14e24a9443161fc4205	
unchanged	third_party	source	bullet/bulletcollision/narrowphasecollision/btgjkconvexcast.cpp	md5	cb5bde8dc441a17b2ef14b1e1ce501a3	md5	cb5bde8dc441a17b2ef14b1e1ce501a3	
unchanged	third_party	header	bullet/bulletcollision/narrowphasecollision/btgjkconvexcast.h	md5	2658010cf5d6eb77628cedecd84a1fd4	md5	2658010cf5d6eb77628cedecd84a1fd4	
unchanged	third_party	source	bullet/bulletcollision/narrowphasecollision/btgjkepa2.cpp	md5	6e9f6e929ac3946011e11bb87eb99019	md5	6e9f6e929ac3946011e11bb87eb99019	
unchanged	third_party	header	bullet/bulletcollision/narrowphasecollision/btgjkepa2.h	md5	e1c447cf5ed96631d8315215c2598429	md5	e1c447cf5ed96631d8315215c2598429	
unchanged	third_party	source	bullet/bulletcollision/narrowphasecollision/btgjkepapenetrationdepthsolver.cpp	md5	df50f6500010378a9d49101305626dc2	md5	df50f6500010378a9d49101305626dc2	
unchanged	third_party	header	bullet/bulletcollision/narrowphasecollision/btgjkepapenetrationdepthsolver.h	md5	c0ea0bf99ec4993959390959c41a4ff6	md5	c0ea0bf99ec4993959390959c41a4ff6	
unchanged	third_party	source	bullet/bulletcollision/narrowphasecollision/btgjkpairdetector.cpp	md5	986888c89a8a685815cd2e88904ed9d5	md5	986888c89a8a685815cd2e88904ed9d5	
unchanged	third_party	header	bullet/bulletcollision/narrowphasecollision/btgjkpairdetector.h	md5	c4c5b8c133c56c2f148cded1fd68eefe	md5	c4c5b8c133c56c2f148cded1fd68eefe	
unchanged	third_party	header	bullet/bulletcollision/narrowphasecollision/btmanifoldpoint.h	md5	acb8496209a80eaf43db369ee9aff58c	md5	acb8496209a80eaf43db369ee9aff58c	
unchanged	third_party	source	bullet/bulletcollision/narrowphasecollision/btminkowskipenetrationdepthsolver.cpp	md5	9ecf727d246a7279ba4b5ce4a29fa3f5	md5	9ecf727d246a7279ba4b5ce4a29fa3f5	
unchanged	third_party	header	bullet/bulletcollision/narrowphasecollision/btminkowskipenetrationdepthsolver.h	md5	d59a985884666b378b9578a7622cb9e5	md5	d59a985884666b378b9578a7622cb9e5	
unchanged	third_party	source	bullet/bulletcollision/narrowphasecollision/btpersistentmanifold.cpp	md5	2cdf79b72fc711a36d9c158d6d72c958	md5	2cdf79b72fc711a36d9c158d6d72c958	
unchanged	third_party	header	bullet/bulletcollision/narrowphasecollision/btpersistentmanifold.h	md5	d40bda2e51e59505b0bc3234054a0b06	md5	d40bda2e51e59505b0bc3234054a0b06	
unchanged	third_party	header	bullet/bulletcollision/narrowphasecollision/btpointcollector.h	md5	c33a911133e94a5147b911b0c7eee54c	md5	c33a911133e94a5147b911b0c7eee54c	
unchanged	third_party	source	bullet/bulletcollision/narrowphasecollision/btpolyhedralcontactclipping.cpp	md5	d26b5698d99e55429b63ece89e10ef7f	md5	d26b5698d99e55429b63ece89e10ef7f	
unchanged	third_party	header	bullet/bulletcollision/narrowphasecollision/btpolyhedralcontactclipping.h	md5	68c0c8b0f4581ef3d631dffab6a8d440	md5	68c0c8b0f4581ef3d631dffab6a8d440	
unchanged	third_party	source	bullet/bulletcollision/narrowphasecollision/btraycastcallback.cpp	md5	9638fdfce00952c1153284742b10e2c2	md5	9638fdfce00952c1153284742b10e2c2	
unchanged	third_party	header	bullet/bulletcollision/narrowphasecollision/btraycastcallback.h	md5	219d6742c2ea1b5d01622e45f10295a7	md5	219d6742c2ea1b5d01622e45f10295a7	
unchanged	third_party	header	bullet/bulletcollision/narrowphasecollision/btsimplexsolverinterface.h	md5	a4dae81db1a04420421f43c36f84da11	md5	a4dae81db1a04420421f43c36f84da11	
unchanged	third_party	source	bullet/bulletcollision/narrowphasecollision/btsubsimplexconvexcast.cpp	md5	b65e4679254098143589e144de45714b	md5	b65e4679254098143589e144de45714b	
unchanged	third_party	header	bullet/bulletcollision/narrowphasecollision/btsubsimplexconvexcast.h	md5	40ffd04b6e45616bc8b8a3803f92c927	md5	40ffd04b6e45616bc8b8a3803f92c927	
unchanged	third_party	source	bullet/bulletcollision/narrowphasecollision/btvoronoisimplexsolver.cpp	md5	5f0521d46a8a0e2faa6774bc66cb1e94	md5	5f0521d46a8a0e2faa6774bc66cb1e94	
unchanged	third_party	header	bullet/bulletcollision/narrowphasecollision/btvoronoisimplexsolver.h	md5	9ca8037379b3096325d40af79d626def	md5	9ca8037379b3096325d40af79d626def	
unchanged	third_party	header	bullet/bulletdynamics/character/btcharactercontrollerinterface.h	md5	f8cf71b98f738592d411b4fcb3d93f55	md5	f8cf71b98f738592d411b4fcb3d93f55	
unchanged	third_party	header	bullet/bulletdynamics/character/btkinematiccharactercontroller.h	md5	6c2cd5974ee5c690305f7b874c3650c5	md5	6c2cd5974ee5c690305f7b874c3650c5	
unchanged	third_party	source	bullet/bulletdynamics/constraintsolver/btconetwistconstraint.cpp	md5	1dcc390a5f5096683bbe123471ef47bc	md5	1dcc390a5f5096683bbe123471ef47bc	
unchanged	third_party	header	bullet/bulletdynamics/constraintsolver/btconetwistconstraint.h	md5	61c4890e4a32ce92f82d8d70403fdfd5	md5	61c4890e4a32ce92f82d8d70403fdfd5	
unchanged	third_party	header	bullet/bulletdynamics/constraintsolver/btconstraintsolver.h	md5	72db4f00f5a99e05f729c733d2483d04	md5	72db4f00f5a99e05f729c733d2483d04	
unchanged	third_party	header	bullet/bulletdynamics/constraintsolver/btcontactconstraint.h	md5	d1c8d25c8a2666132b068d9b005c701a	md5	d1c8d25c8a2666132b068d9b005c701a	
unchanged	third_party	header	bullet/bulletdynamics/constraintsolver/btcontactsolverinfo.h	md5	dcd190d5edf84dcb4222e77f2aecbc5b	md5	dcd190d5edf84dcb4222e77f2aecbc5b	
unchanged	third_party	source	bullet/bulletdynamics/constraintsolver/btgeneric6dofconstraint.cpp	md5	9413669625f2e8168452ddfb2ef5be66	md5	9413669625f2e8168452ddfb2ef5be66	
unchanged	third_party	header	bullet/bulletdynamics/constraintsolver/btgeneric6dofconstraint.h	md5	b367fc766163bac76873d0b1f58826dc	md5	b367fc766163bac76873d0b1f58826dc	
unchanged	third_party	header	bullet/bulletdynamics/constraintsolver/bthingeconstraint.h	md5	75b01aa1bb70dedc044e3eccbd521458	md5	75b01aa1bb70dedc044e3eccbd521458	
unchanged	third_party	header	bullet/bulletdynamics/constraintsolver/btjacobianentry.h	md5	4017f653e4c93ee2d9cab65ddae7053a	md5	4017f653e4c93ee2d9cab65ddae7053a	
unchanged	third_party	header	bullet/bulletdynamics/constraintsolver/btpoint2pointconstraint.h	md5	3624abc07950228558a562204b88850b	md5	3624abc07950228558a562204b88850b	
unchanged	third_party	source	bullet/bulletdynamics/constraintsolver/btsequentialimpulseconstraintsolver.cpp	md5	c8de03d6d6d493c89e7d6cb88a221ff1	md5	c8de03d6d6d493c89e7d6cb88a221ff1	
unchanged	third_party	header	bullet/bulletdynamics/constraintsolver/btsequentialimpulseconstraintsolver.h	md5	5d6c740b6bdc15ffe899942e7de931d1	md5	5d6c740b6bdc15ffe899942e7de931d1	
unchanged	third_party	header	bullet/bulletdynamics/constraintsolver/btsliderconstraint.h	md5	3fb0ba4e535098d56f30255c5a164eab	md5	3fb0ba4e535098d56f30255c5a164eab	
unchanged	third_party	header	bullet/bulletdynamics/constraintsolver/btsolve2linearconstraint.h	md5	dd2418cf1c791db348ce0a201e901220	md5	dd2418cf1c791db348ce0a201e901220	
unchanged	third_party	header	bullet/bulletdynamics/constraintsolver/btsolverbody.h	md5	5af2fdc558dd57bb8e470eae077c9728	md5	5af2fdc558dd57bb8e470eae077c9728	
unchanged	third_party	header	bullet/bulletdynamics/constraintsolver/btsolverconstraint.h	md5	3e5b3eae450afb9b1a9b7358c7650d75	md5	3e5b3eae450afb9b1a9b7358c7650d75	
unchanged	third_party	source	bullet/bulletdynamics/constraintsolver/bttypedconstraint.cpp	md5	a3f8583165e4059d1418796ec3214b4e	md5	a3f8583165e4059d1418796ec3214b4e	
unchanged	third_party	header	bullet/bulletdynamics/constraintsolver/bttypedconstraint.h	md5	6e6bc654838a558cd40bc79710bfc628	md5	6e6bc654838a558cd40bc79710bfc628	
unchanged	third_party	header	bullet/bulletdynamics/dynamics/btactioninterface.h	md5	c9bf12f04275c54fe1c9f9bab2587976	md5	c9bf12f04275c54fe1c9f9bab2587976	
unchanged	third_party	source	bullet/bulletdynamics/dynamics/btdiscretedynamicsworld.cpp	md5	02a195524e8b785b0ca8927859e21be3	md5	02a195524e8b785b0ca8927859e21be3	
unchanged	third_party	header	bullet/bulletdynamics/dynamics/btdiscretedynamicsworld.h	md5	88796fac9f8e6cfd0fba7495cfe03300	md5	88796fac9f8e6cfd0fba7495cfe03300	
unchanged	third_party	header	bullet/bulletdynamics/dynamics/btdynamicsworld.h	md5	4d93c1819b6e6e4caa91a3812a3a671e	md5	4d93c1819b6e6e4caa91a3812a3a671e	
unchanged	third_party	source	bullet/bulletdynamics/dynamics/btrigidbody.cpp	md5	d23c038805781d6aa6ee1e785ad0fae6	md5	d23c038805781d6aa6ee1e785ad0fae6	
unchanged	third_party	header	bullet/bulletdynamics/dynamics/btrigidbody.h	md5	0aa084d92a6d8cbb1f2d52a5dbd9c681	md5	0aa084d92a6d8cbb1f2d52a5dbd9c681	
unchanged	third_party	source	bullet/bulletsoftbody/btdefaultsoftbodysolver.cpp	md5	1d0a5467c357c94d4e8d586e9e7f0d78	md5	1d0a5467c357c94d4e8d586e9e7f0d78	
unchanged	third_party	header	bullet/bulletsoftbody/btdefaultsoftbodysolver.h	md5	dff3b9dffc4033a1d4cdd0ae03b6191e	md5	dff3b9dffc4033a1d4cdd0ae03b6191e	
unchanged	third_party	source	bullet/bulletsoftbody/btsoftbody.cpp	md5	41a396edc8e733510edd92c7144d32bc	md5	41a396edc8e733510edd92c7144d32bc	
unchanged	third_party	header	bullet/bulletsoftbody/btsoftbody.h	md5	8eb5d8676d4fd637cdcce4192f57ed0f	md5	8eb5d8676d4fd637cdcce4192f57ed0f	
unchanged	third_party	source	bullet/bulletsoftbody/btsoftbodyconcavecollisionalgorithm.cpp	md5	3762e6dbe49c963370832fafe302003f	md5	3762e6dbe49c963370832fafe302003f	
unchanged	third_party	header	bullet/bulletsoftbody/btsoftbodyconcavecollisionalgorithm.h	md5	3c96e9fc4cb5e570777adfd34152f554	md5	3c96e9fc4cb5e570777adfd34152f554	
unchanged	third_party	header	bullet/bulletsoftbody/btsoftbodydata.h	md5	ae0d8b8f730aabff6956d443498310af	md5	ae0d8b8f730aabff6956d443498310af	
unchanged	third_party	source	bullet/bulletsoftbody/btsoftbodyhelpers.cpp	md5	588a676813eb45e804ac686ae3c4cec3	md5	588a676813eb45e804ac686ae3c4cec3	
unchanged	third_party	header	bullet/bulletsoftbody/btsoftbodyhelpers.h	md5	ec889f6b4c53a3f44dfa1dc9fa1d6d54	md5	ec889f6b4c53a3f44dfa1dc9fa1d6d54	
unchanged	third_party	header	bullet/bulletsoftbody/btsoftbodyinternals.h	md5	e79d998849607111777f338038fd1e03	md5	e79d998849607111777f338038fd1e03	
unchanged	third_party	source	bullet/bulletsoftbody/btsoftbodyrigidbodycollisionconfiguration.cpp	md5	24494e3949de141b2d5684d033245bfe	md5	24494e3949de141b2d5684d033245bfe	
unchanged	third_party	header	bullet/bulletsoftbody/btsoftbodyrigidbodycollisionconfiguration.h	md5	cf9c3cac52440ca0a1ed47ef4f81e65f	md5	cf9c3cac52440ca0a1ed47ef4f81e65f	
unchanged	third_party	header	bullet/bulletsoftbody/btsoftbodysolvers.h	md5	6ac95648cce1c934566fc03a70fa55be	md5	6ac95648cce1c934566fc03a70fa55be	
unchanged	third_party	header	bullet/bulletsoftbody/btsoftbodysolververtexbuffer.h	md5	20e1fac5d4a47cfa44db96cb42188d4a	md5	20e1fac5d4a47cfa44db96cb42188d4a	
unchanged	third_party	source	bullet/bulletsoftbody/btsoftrigidcollisionalgorithm.cpp	md5	0bebf1766e96db815708498d6795fb51	md5	0bebf1766e96db815708498d6795fb51	
unchanged	third_party	header	bullet/bulletsoftbody/btsoftrigidcollisionalgorithm.h	md5	06c4928367391aec57756fc5c0bd99ae	md5	06c4928367391aec57756fc5c0bd99ae	
unchanged	third_party	source	bullet/bulletsoftbody/btsoftrigiddynamicsworld.cpp	md5	61e80f9195e597b500455239e4643cfa	md5	61e80f9195e597b500455239e4643cfa	
unchanged	third_party	header	bullet/bulletsoftbody/btsoftrigiddynamicsworld.h	md5	bafac6c4ad8f61d678333587745e5a9a	md5	bafac6c4ad8f61d678333587745e5a9a	
unchanged	third_party	source	bullet/bulletsoftbody/btsoftsoftcollisionalgorithm.cpp	md5	240bed55cd37110dd00235fcf30d85f5	md5	240bed55cd37110dd00235fcf30d85f5	
unchanged	third_party	header	bullet/bulletsoftbody/btsoftsoftcollisionalgorithm.h	md5	088130c64a3b30652494894489291166	md5	088130c64a3b30652494894489291166	
unchanged	third_party	header	bullet/bulletsoftbody/btsparsesdf.h	md5	338773345a2c630c324c802a0566e206	md5	338773345a2c630c324c802a0566e206	
unchanged	third_party	header	bullet/linearmath/btaabbutil2.h	md5	cc709315e7871d158978603e50aeff2e	md5	cc709315e7871d158978603e50aeff2e	
unchanged	third_party	source	bullet/linearmath/btalignedallocator.cpp	md5	a48f4ddec186eac7cfe18c6bb705eb2d	md5	a48f4ddec186eac7cfe18c6bb705eb2d	
unchanged	third_party	header	bullet/linearmath/btalignedallocator.h	md5	d81bb7e36962b590e4005c70dc947af8	md5	d81bb7e36962b590e4005c70dc947af8	
unchanged	third_party	header	bullet/linearmath/btalignedobjectarray.h	md5	0a3bdcea65ce5869eadb9cb59037af38	md5	0a3bdcea65ce5869eadb9cb59037af38	
unchanged	third_party	source	bullet/linearmath/btconvexhull.cpp	md5	58f15f3611f85c7cdbf47016f85038f5	md5	58f15f3611f85c7cdbf47016f85038f5	
unchanged	third_party	header	bullet/linearmath/btconvexhull.h	md5	27ffa143c2a4aa1163c1c30db6e8e571	md5	27ffa143c2a4aa1163c1c30db6e8e571	
unchanged	third_party	source	bullet/linearmath/btconvexhullcomputer.cpp	md5	8ec606aee964de9a3ff9706233a03f91	md5	8ec606aee964de9a3ff9706233a03f91	
unchanged	third_party	header	bullet/linearmath/btconvexhullcomputer.h	md5	736c65acc1334882fb427091ffcaffd0	md5	736c65acc1334882fb427091ffcaffd0	
unchanged	third_party	header	bullet/linearmath/btdefaultmotionstate.h	md5	d41999bd072478f6cd2ef905ea63d5cb	md5	d41999bd072478f6cd2ef905ea63d5cb	
unchanged	third_party	header	bullet/linearmath/btgeometryutil.h	md5	48fd3901fdb9022c5cd79239323b89a2	md5	48fd3901fdb9022c5cd79239323b89a2	
unchanged	third_party	header	bullet/linearmath/btgrahamscan2dconvexhull.h	md5	a3c3c9e685a1d20bee4dac4bd4cf7da7	md5	a3c3c9e685a1d20bee4dac4bd4cf7da7	
unchanged	third_party	header	bullet/linearmath/bthashmap.h	md5	fa15089271d4b6783a1053c111f260b6	md5	fa15089271d4b6783a1053c111f260b6	
unchanged	third_party	header	bullet/linearmath/btidebugdraw.h	md5	70d534fbfc04e3343495870b4fab3988	md5	70d534fbfc04e3343495870b4fab3988	
unchanged	third_party	header	bullet/linearmath/btmatrix3x3.h	md5	5104e19ac022704f64c5eb024dc67700	md5	5104e19ac022704f64c5eb024dc67700	
unchanged	third_party	header	bullet/linearmath/btminmax.h	md5	993642ac5f61a3e8d46ca0062ec82b7f	md5	993642ac5f61a3e8d46ca0062ec82b7f	
unchanged	third_party	header	bullet/linearmath/btmotionstate.h	md5	11ee05ecc6d4961888178721814bab04	md5	11ee05ecc6d4961888178721814bab04	
unchanged	third_party	header	bullet/linearmath/btpoolallocator.h	md5	80e62c377a5942e87e39444fdccc24ed	md5	80e62c377a5942e87e39444fdccc24ed	
unchanged	third_party	header	bullet/linearmath/btquadword.h	md5	324f35e504fc15be2825341ee6decad4	md5	324f35e504fc15be2825341ee6decad4	
unchanged	third_party	header	bullet/linearmath/btquaternion.h	md5	4f255f776443e3e775a8fd42e75f8c7c	md5	4f255f776443e3e775a8fd42e75f8c7c	
unchanged	third_party	source	bullet/linearmath/btquickprof.cpp	md5	99f1b9b69e601b197082252d18c658c0	md5	99f1b9b69e601b197082252d18c658c0	
unchanged	third_party	header	bullet/linearmath/btquickprof.h	md5	ed89909d2d990f04c39083d417c835c4	md5	ed89909d2d990f04c39083d417c835c4	
unchanged	third_party	header	bullet/linearmath/btscalar.h	md5	855d68801c2e0ee8ba30409b7743f294	md5	855d68801c2e0ee8ba30409b7743f294	
unchanged	third_party	header	bullet/linearmath/btserializer.h	md5	e675d1e94863f6f5dd0148c25c3db5b5	md5	e675d1e94863f6f5dd0148c25c3db5b5	
unchanged	third_party	header	bullet/linearmath/btstackalloc.h	md5	d6704a02c54b7572714bbe4b2e7eb32c	md5	d6704a02c54b7572714bbe4b2e7eb32c	
unchanged	third_party	header	bullet/linearmath/bttransform.h	md5	1d58cabf9bd746e329c8d970146530dd	md5	1d58cabf9bd746e329c8d970146530dd	
unchanged	third_party	header	bullet/linearmath/bttransformutil.h	md5	986630f9adde9bbe28a8dc9da276b071	md5	986630f9adde9bbe28a8dc9da276b071	
unchanged	third_party	header	bullet/linearmath/btvector3.h	md5	c694a4b7c8bb947f0834a701a76f8489	md5	c694a4b7c8bb947f0834a701a76f8489	
unchanged	third_party	header	cs/gtl/comparison/array.h	md5	fef9025cc1220b72f5fa91fe019ff522	md5	fef9025cc1220b72f5fa91fe019ff522	
unchanged	third_party	header	cs/gtl/comparison/c_string.h	md5	27c6940250abcbf23248e605426d0cb1	md5	27c6940250abcbf23248e605426d0cb1	
unchanged	third_party	header	cs/gtl/comparison/compare.h	md5	6a33a218ad3a8bce5b73d6370fe95d08	md5	6a33a218ad3a8bce5b73d6370fe95d08	
unchanged	third_party	header	cs/gtl/comparison/pair.h	md5	3c42008ab0c000c3fbff8533993b9d58	md5	3c42008ab0c000c3fbff8533993b9d58	
unchanged	third_party	header	cs/gtl/type_traits.h	md5	6a6b3ba9b4139d071061e0922bcfbb8e	md5	6a6b3ba9b4139d071061e0922bcfbb8e	
unchanged	third_party	header	fastdelegate/fastdelegate.h	md5	3073f14a604a634d3782fa1b1628776d	md5	3073f14a604a634d3782fa1b1628776d	
added	third_party	header	libtorrent/config.hpp			md5	dda284af6cfeb0c25f78afc4195727ff	
added	third_party	header	libtorrent/utf8.hpp			md5	b43571bdb2980c7d9fa8833e4d831765	
unchanged	third_party	header	ogg/ogg.h	md5	b2359f5f5db629ddbe471f4912eaea36	md5	b2359f5f5db629ddbe471f4912eaea36	
unchanged	third_party	header	ogg/os_types.h	md5	88903e68f765a40cfb0844d0be009fc4	md5	88903e68f765a40cfb0844d0be009fc4	
unchanged	third_party	source	ogg/sources/src/bitwise.c	md5	6f77db8d7ad2d2562364cd9e1c90f05b	md5	6f77db8d7ad2d2562364cd9e1c90f05b	
unchanged	third_party	source	ogg/sources/src/framing.c	md5	da734b53d92a17fe8461ae306914b956	md5	da734b53d92a17fe8461ae306914b956	
unchanged	third_party	header	opcode/api.h	md5	6e1cccb9fe5a9ef9394f622887d8d3ff	md5	6e1cccb9fe5a9ef9394f622887d8d3ff	
unchanged	third_party	source	opcode/ice/iceaabb.cpp	md5	00b89f6177a04c907214744e255046d3	md5	00b89f6177a04c907214744e255046d3	
unchanged	third_party	header	opcode/ice/iceaabb.h	md5	bf3f7dbc626655a0c7237d4af51f7d51	md5	bf3f7dbc626655a0c7237d4af51f7d51	
unchanged	third_party	header	opcode/ice/iceaxes.h	md5	8f8e6c4c31528a78aee823ef9ee7d0f0	md5	8f8e6c4c31528a78aee823ef9ee7d0f0	
unchanged	third_party	header	opcode/ice/iceboundingsphere.h	md5	d3fe36585937877b564e95f9771b42ea	md5	d3fe36585937877b564e95f9771b42ea	
unchanged	third_party	header	opcode/ice/icecontainer.h	md5	efb600444975cd435a29461c0e9b03fb	md5	efb600444975cd435a29461c0e9b03fb	
unchanged	third_party	header	opcode/ice/icefpu.h	md5	65bf7d3b696402135b8250c829568ea4	md5	65bf7d3b696402135b8250c829568ea4	
unchanged	third_party	source	opcode/ice/icehpoint.cpp	md5	250794010d246a5ed9e7c071285689a5	md5	250794010d246a5ed9e7c071285689a5	
unchanged	third_party	header	opcode/ice/icehpoint.h	md5	bceb5063b33ffe767f56000cc80f9814	md5	bceb5063b33ffe767f56000cc80f9814	
unchanged	third_party	header	opcode/ice/iceindexedtriangle.h	md5	7fca8a947d942cbfbad58ecbf95ebd24	md5	7fca8a947d942cbfbad58ecbf95ebd24	
unchanged	third_party	header	opcode/ice/icelss.h	md5	b13c719c156e1ce1c5e17bf14727daa9	md5	b13c719c156e1ce1c5e17bf14727daa9	
unchanged	third_party	header	opcode/ice/icematrix3x3.h	md5	f32ad1e0d75a8fd13307a2add536787c	md5	f32ad1e0d75a8fd13307a2add536787c	
unchanged	third_party	header	opcode/ice/icematrix4x4.h	md5	4104e089a454a19d391579598bde45ed	md5	4104e089a454a19d391579598bde45ed	
unchanged	third_party	header	opcode/ice/icememorymacros.h	md5	a31ac175630088ab309099284c9fab8d	md5	a31ac175630088ab309099284c9fab8d	
unchanged	third_party	header	opcode/ice/iceobb.h	md5	fc6a595fcfd30a8ad43e99e1a2ccac08	md5	fc6a595fcfd30a8ad43e99e1a2ccac08	
unchanged	third_party	header	opcode/ice/icepairs.h	md5	af50b06d27adca800184819fb26a3dd8	md5	af50b06d27adca800184819fb26a3dd8	
unchanged	third_party	header	opcode/ice/iceplane.h	md5	22412b0c79be0df9f1b8f5ee30f9ffd7	md5	22412b0c79be0df9f1b8f5ee30f9ffd7	
unchanged	third_party	source	opcode/ice/icepoint.cpp	md5	273fc864b2c1fe42551a23d2e0771c1b	md5	273fc864b2c1fe42551a23d2e0771c1b	
unchanged	third_party	header	opcode/ice/icepoint.h	md5	183436ce2efd37b44135cd3c703266a8	md5	183436ce2efd37b44135cd3c703266a8	
unchanged	third_party	header	opcode/ice/icepreprocessor.h	md5	a3e6393bb97dc904e92524173043be5c	md5	a3e6393bb97dc904e92524173043be5c	
unchanged	third_party	source	opcode/ice/icerandom.cpp	md5	3945c0f72641cd6d33727a673c85a2dc	md5	3945c0f72641cd6d33727a673c85a2dc	
unchanged	third_party	header	opcode/ice/icerandom.h	md5	18735f9b8dffb4a4542fc0bb91afa260	md5	18735f9b8dffb4a4542fc0bb91afa260	
unchanged	third_party	header	opcode/ice/iceray.h	md5	d7388d5e93b1803aad11a8188c4af909	md5	d7388d5e93b1803aad11a8188c4af909	
unchanged	third_party	header	opcode/ice/icerevisitedradix.h	md5	11840c6e68cfc633d75b6e6601ffbb59	md5	11840c6e68cfc633d75b6e6601ffbb59	
unchanged	third_party	header	opcode/ice/icesegment.h	md5	d85bf6dd52ade182b5952ac251a77016	md5	d85bf6dd52ade182b5952ac251a77016	
unchanged	third_party	header	opcode/ice/icetriangle.h	md5	cb9c3f863ab0e22b9c3329194d5133a9	md5	cb9c3f863ab0e22b9c3329194d5133a9	
unchanged	third_party	header	opcode/ice/icetrilist.h	md5	96e1c8b10b5aa45cd10167ff1310ce9c	md5	96e1c8b10b5aa45cd10167ff1310ce9c	
unchanged	third_party	header	opcode/ice/icetypes.h	md5	eae42faaccaae65141410ff1e58e528b	md5	eae42faaccaae65141410ff1e58e528b	
unchanged	third_party	header	opcode/ice/iceutils.h	md5	1f0504c4119058ab86436a686c839873	md5	1f0504c4119058ab86436a686c839873	
unchanged	third_party	header	opcode/opc_aabbcollider.h	md5	42b3c29e8cb357fdbcc60c76f260bbe8	md5	42b3c29e8cb357fdbcc60c76f260bbe8	
unchanged	third_party	source	opcode/opc_aabbtree.cpp	md5	bf7531abed0af3f7df6434d49c6128e7	md5	bf7531abed0af3f7df6434d49c6128e7	
unchanged	third_party	header	opcode/opc_aabbtree.h	md5	ca8c298dbcf19d646a20c7a84670f30b	md5	ca8c298dbcf19d646a20c7a84670f30b	
unchanged	third_party	source	opcode/opc_basemodel.cpp	md5	6e7a424ae3dd02b85c72d6c0d32e3831	md5	6e7a424ae3dd02b85c72d6c0d32e3831	
unchanged	third_party	header	opcode/opc_basemodel.h	md5	ce38e9b741a8c1cc530c2b35d0eeeca5	md5	ce38e9b741a8c1cc530c2b35d0eeeca5	
unchanged	third_party	header	opcode/opc_boxpruning.h	md5	f53d17ab12a3f62e1d1d59828d7a92e7	md5	f53d17ab12a3f62e1d1d59828d7a92e7	
unchanged	third_party	header	opcode/opc_collider.h	md5	6afe43cfc33f6bbf515ffdb6d81e2f9c	md5	6afe43cfc33f6bbf515ffdb6d81e2f9c	
unchanged	third_party	header	opcode/opc_common.h	md5	6c295c785485a2da8fcbb8eb90060445	md5	6c295c785485a2da8fcbb8eb90060445	
unchanged	third_party	header	opcode/opc_hybridmodel.h	md5	291bc67117eda1bfb2c95cceb0c0041e	md5	291bc67117eda1bfb2c95cceb0c0041e	
unchanged	third_party	header	opcode/opc_icehook.h	md5	7c5cc99a50793fa29fc0cd592e77ad82	md5	7c5cc99a50793fa29fc0cd592e77ad82	
unchanged	third_party	header	opcode/opc_lsscollider.h	md5	b7c37f8b0d6c1b0408dd3f2d47fa0d7a	md5	b7c37f8b0d6c1b0408dd3f2d47fa0d7a	
unchanged	third_party	source	opcode/opc_meshinterface.cpp	md5	d6ec23e970d127ca9e73eda2e3d6eb29	md5	d6ec23e970d127ca9e73eda2e3d6eb29	
unchanged	third_party	header	opcode/opc_meshinterface.h	md5	c9a3affb5c52cf4e33134ae7f25698c3	md5	c9a3affb5c52cf4e33134ae7f25698c3	
unchanged	third_party	source	opcode/opc_model.cpp	md5	78d36b0798a9d90feda8970cfe1160d4	md5	78d36b0798a9d90feda8970cfe1160d4	
unchanged	third_party	header	opcode/opc_model.h	md5	80fe8c7827451ee6e39ec936f8842a16	md5	80fe8c7827451ee6e39ec936f8842a16	
unchanged	third_party	header	opcode/opc_obbcollider.h	md5	5a10e12b6700a4e9d7551be28c74eef4	md5	5a10e12b6700a4e9d7551be28c74eef4	
unchanged	third_party	source	opcode/opc_optimizedtree.cpp	md5	da4ded3366f1837bff3d904f2a18e323	md5	da4ded3366f1837bff3d904f2a18e323	
unchanged	third_party	header	opcode/opc_optimizedtree.h	md5	5492e3823cf484706b156c2dcbfe07f6	md5	5492e3823cf484706b156c2dcbfe07f6	
unchanged	third_party	header	opcode/opc_picking.h	md5	9e0c12026ed118a92aa3c70175135ea8	md5	9e0c12026ed118a92aa3c70175135ea8	
unchanged	third_party	header	opcode/opc_planescollider.h	md5	6b627f7362f26aec4d7be4d86c490b18	md5	6b627f7362f26aec4d7be4d86c490b18	
unchanged	third_party	header	opcode/opc_raycollider.h	md5	f37cbd145a1047c6a2317a298615e2ae	md5	f37cbd145a1047c6a2317a298615e2ae	
unchanged	third_party	header	opcode/opc_settings.h	md5	738ff7c9a008598c3f5105154a0a0765	md5	738ff7c9a008598c3f5105154a0a0765	
unchanged	third_party	header	opcode/opc_spherecollider.h	md5	7bfd7c8dcdedd426e4f1c755879e9d58	md5	7bfd7c8dcdedd426e4f1c755879e9d58	
unchanged	third_party	header	opcode/opc_sweepandprune.h	md5	8fb134fe407c41c5ddcba7de0beecf23	md5	8fb134fe407c41c5ddcba7de0beecf23	
unchanged	third_party	source	opcode/opc_treebuilders.cpp	md5	b9eeec02108b76b72e57fc18e4d50a2f	md5	b9eeec02108b76b72e57fc18e4d50a2f	
unchanged	third_party	header	opcode/opc_treebuilders.h	md5	31557238f2afcc42a5e3191dce5be7c7	md5	31557238f2afcc42a5e3191dce5be7c7	
unchanged	third_party	header	opcode/opc_treecollider.h	md5	6158be066e2acc20f4eda8752e13b6d5	md5	6158be066e2acc20f4eda8752e13b6d5	
unchanged	third_party	header	opcode/opc_volumecollider.h	md5	d166545d9f051744d78b1a526d664974	md5	d166545d9f051744d78b1a526d664974	
unchanged	third_party	header	opcode/opcode.h	md5	c9b4d6c5119d0c5dbdf3ba19b06b1134	md5	c9b4d6c5119d0c5dbdf3ba19b06b1134	
unchanged	third_party	source	opcode/stdafx.cpp	md5	05d76c94483cf35403b465e6c0828e79	md5	05d76c94483cf35403b465e6c0828e79	
unchanged	third_party	header	opcode/stdafx.h	md5	33be9019d5b419c41ab48cc7159bdbb7	md5	33be9019d5b419c41ab48cc7159bdbb7	
unchanged	third_party	header	openssl/asn1.h	md5	b23940ea6265002d3bef86551f30122d	md5	b23940ea6265002d3bef86551f30122d	
unchanged	third_party	header	openssl/bio.h	md5	eb78277ccb819775d31e54d5799465e9	md5	eb78277ccb819775d31e54d5799465e9	
unchanged	third_party	header	openssl/bn.h	md5	8869840913d3c97dcca53d8f568d8d66	md5	8869840913d3c97dcca53d8f568d8d66	
unchanged	third_party	header	openssl/buffer.h	md5	4b317596735f8e6f491b2ab5117ffb35	md5	4b317596735f8e6f491b2ab5117ffb35	
unchanged	third_party	header	openssl/comp.h	md5	ff60edfd2df2b76b1b5f35a07ea7e259	md5	ff60edfd2df2b76b1b5f35a07ea7e259	
unchanged	third_party	header	openssl/conf.h	md5	20e7da2267520a43cd59119fffc856b7	md5	20e7da2267520a43cd59119fffc856b7	
unchanged	third_party	header	openssl/crypto.h	md5	4bc36788056cb2662506e8b64b5689cc	md5	4bc36788056cb2662506e8b64b5689cc	
unchanged	third_party	header	openssl/dh.h	md5	b99ed36181a6d6f79301fd6dcde1cd50	md5	b99ed36181a6d6f79301fd6dcde1cd50	
unchanged	third_party	header	openssl/dsa.h	md5	7a6b5f9cdb2bfcca80ab6b573b92b114	md5	7a6b5f9cdb2bfcca80ab6b573b92b114	
unchanged	third_party	header	openssl/dtls1.h	md5	35cd24a2fa5984b7020a2df66b49e12c	md5	35cd24a2fa5984b7020a2df66b49e12c	
unchanged	third_party	header	openssl/e_os2.h	md5	ea74309026b2eb45ed878a4d594fb7b7	md5	ea74309026b2eb45ed878a4d594fb7b7	
unchanged	third_party	header	openssl/ec.h	md5	6681dd3b4b50d1daf42c06c8184e6685	md5	6681dd3b4b50d1daf42c06c8184e6685	
unchanged	third_party	header	openssl/ecdh.h	md5	e72fc2d62dec5ce57c3831e9131ecbfa	md5	e72fc2d62dec5ce57c3831e9131ecbfa	
unchanged	third_party	header	openssl/ecdsa.h	md5	4320a333e43be69ebfc6dfa668b9edfe	md5	4320a333e43be69ebfc6dfa668b9edfe	
unchanged	third_party	header	openssl/engine.h	md5	7666dfc2ab130a97faea367e927f3fe4	md5	7666dfc2ab130a97faea367e927f3fe4	
unchanged	third_party	header	openssl/err.h	md5	ac9c9b695a5a79dc3b9f4d77d851224a	md5	ac9c9b695a5a79dc3b9f4d77d851224a	
unchanged	third_party	header	openssl/evp.h	md5	fadad4ac57c503f462674408e8a294cf	md5	fadad4ac57c503f462674408e8a294cf	
unchanged	third_party	header	openssl/hmac.h	md5	44725f35454bf676ad1fce986a9b6d25	md5	44725f35454bf676ad1fce986a9b6d25	
unchanged	third_party	header	openssl/kssl.h	md5	87782aa600e2ea1e27ee36c39d0df937	md5	87782aa600e2ea1e27ee36c39d0df937	
unchanged	third_party	header	openssl/lhash.h	md5	21735af68543cd0a54499538fb2aad91	md5	21735af68543cd0a54499538fb2aad91	
unchanged	third_party	header	openssl/obj_mac.h	md5	d731c12bbc470074601657d5f9e2a215	md5	d731c12bbc470074601657d5f9e2a215	
unchanged	third_party	header	openssl/objects.h	md5	8e0d582c3832716776507f5e5377e382	md5	8e0d582c3832716776507f5e5377e382	
unchanged	third_party	header	openssl/opensslconf.h	md5	21bc84d5b20a1666624fcc06915098c6	md5	21bc84d5b20a1666624fcc06915098c6	
unchanged	third_party	header	openssl/opensslv.h	md5	516f4e17ce04b2b34053b97f51df5bdf	md5	516f4e17ce04b2b34053b97f51df5bdf	
unchanged	third_party	header	openssl/ossl_typ.h	md5	2f3de126e56c6c9f93c78102aa7eef29	md5	2f3de126e56c6c9f93c78102aa7eef29	
unchanged	third_party	header	openssl/pem.h	md5	e19ea67a4c1f7eaf0b3cb14430d4de23	md5	e19ea67a4c1f7eaf0b3cb14430d4de23	
unchanged	third_party	header	openssl/pem2.h	md5	2aee9bcf129f9962f3afaed608385850	md5	2aee9bcf129f9962f3afaed608385850	
unchanged	third_party	header	openssl/pkcs7.h	md5	660a5bf9e7dd14c50f93635229f6b02c	md5	660a5bf9e7dd14c50f93635229f6b02c	
unchanged	third_party	header	openssl/pqueue.h	md5	08e291548d9a920f534ea0717ee3ed88	md5	08e291548d9a920f534ea0717ee3ed88	
unchanged	third_party	header	openssl/rand.h	md5	215437d5458a7d975f9da94f8cfc8ef9	md5	215437d5458a7d975f9da94f8cfc8ef9	
unchanged	third_party	header	openssl/rsa.h	md5	c661580e56874600638ae5b69e23a725	md5	c661580e56874600638ae5b69e23a725	
unchanged	third_party	header	openssl/safestack.h	md5	01711cc8a57408e8bcc7fcd3235702aa	md5	01711cc8a57408e8bcc7fcd3235702aa	
unchanged	third_party	header	openssl/sha.h	md5	8236814f11294e691c9331f423234da7	md5	8236814f11294e691c9331f423234da7	
unchanged	third_party	header	openssl/ssl.h	md5	5977374d7124e7929d2620eac623312f	md5	5977374d7124e7929d2620eac623312f	
unchanged	third_party	header	openssl/ssl2.h	md5	79f783feecf62b2c93432d680f117f08	md5	79f783feecf62b2c93432d680f117f08	
unchanged	third_party	header	openssl/ssl23.h	md5	71ae764cc97086829353194e4d9ff2e9	md5	71ae764cc97086829353194e4d9ff2e9	
unchanged	third_party	header	openssl/ssl3.h	md5	3ec34daaeb6df722d87c4406b3ee945d	md5	3ec34daaeb6df722d87c4406b3ee945d	
unchanged	third_party	header	openssl/stack.h	md5	496edebcb9743ece2afc4bc30633b78f	md5	496edebcb9743ece2afc4bc30633b78f	
unchanged	third_party	header	openssl/symhacks.h	md5	01633aa1fbc704cf1c89d3c4848e99c7	md5	01633aa1fbc704cf1c89d3c4848e99c7	
unchanged	third_party	header	openssl/tls1.h	md5	9f5e47048019791dd97967ea00f4ba7f	md5	9f5e47048019791dd97967ea00f4ba7f	
unchanged	third_party	header	openssl/ui.h	md5	fbb7992799a68866b1070e7f69619ecb	md5	fbb7992799a68866b1070e7f69619ecb	
unchanged	third_party	header	openssl/x509.h	md5	f773371222cc59d23f18d72a20de7a87	md5	f773371222cc59d23f18d72a20de7a87	
unchanged	third_party	header	openssl/x509_vfy.h	md5	68e8b940490ae136faf07c437c0e0cf8	md5	68e8b940490ae136faf07c437c0e0cf8	
unchanged	third_party	header	openssl/x509v3.h	md5	2c1df9631ca5c445bb46a01de1046a04	md5	2c1df9631ca5c445bb46a01de1046a04	
unchanged	third_party	header	scaleform/include/gfx.h	md5	40dbb51e4d301e0085184015a4ae4d7f	md5	40dbb51e4d301e0085184015a4ae4d7f	
unchanged	third_party	header	scaleform/include/gfx_fontprovider_win32.h	md5	d75a8a23f543a66cbe164c7a26fef752	md5	d75a8a23f543a66cbe164c7a26fef752	
unchanged	third_party	header	scaleform/include/gfx_kernel.h	md5	769951ad14076b1eb35d03f0be6defda	md5	769951ad14076b1eb35d03f0be6defda	
changed	third_party	header	scaleform/include/gfxconfig.h	md5	fdda17993f9f9f07fb750fb6f46e7f96	md5	29298e7bac5772e6a885f4191635b9db	
unchanged	third_party	header	scaleform/include/gfxconfigaddons.h	md5	15129a812f4655322bf4a35f80ffcc73	md5	15129a812f4655322bf4a35f80ffcc73	
unchanged	third_party	header	scaleform/include/gfxversion.h	md5	13333c53e4ce5ea3819b3a4bf1d5271d	md5	13333c53e4ce5ea3819b3a4bf1d5271d	
unchanged	third_party	header	scaleform/src/gfx/amp/amp_profileframe.h	md5	7822f62a3be55f9d5befeb51121b31a7	md5	7822f62a3be55f9d5befeb51121b31a7	
unchanged	third_party	header	scaleform/src/gfx/amp/amp_viewstats.h	md5	01a609bae6b027cbe5a0fc9331b96424	md5	01a609bae6b027cbe5a0fc9331b96424	
unchanged	third_party	header	scaleform/src/gfx/as2/as2_action.h	md5	880e124c713c2e80bd53e4ffdbe64c27	md5	880e124c713c2e80bd53e4ffdbe64c27	
unchanged	third_party	header	scaleform/src/gfx/as2/as2_actiontypes.h	md5	40fdeb1b8d6613474f67f0239bd33a99	md5	40fdeb1b8d6613474f67f0239bd33a99	
unchanged	third_party	header	scaleform/src/gfx/as2/as2_avmcharacter.h	md5	74be4223d18e97fadf2555f458d67f9b	md5	74be4223d18e97fadf2555f458d67f9b	
unchanged	third_party	header	scaleform/src/gfx/as2/as2_avmsprite.h	md5	28045686300d480953e17af0178819c7	md5	28045686300d480953e17af0178819c7	
unchanged	third_party	header	scaleform/src/gfx/as2/as2_functionref.h	md5	85eef633dc13228386be05fd7486d9c6	md5	85eef633dc13228386be05fd7486d9c6	
unchanged	third_party	header	scaleform/src/gfx/as2/as2_functionrefimpl.h	md5	d407f57b374efc70eeb38a05abe7ef51	md5	d407f57b374efc70eeb38a05abe7ef51	
unchanged	third_party	header	scaleform/src/gfx/as2/as2_loadvars.h	md5	dcbc2fb579afdc88d23ee0a1e3592c16	md5	dcbc2fb579afdc88d23ee0a1e3592c16	
unchanged	third_party	header	scaleform/src/gfx/as2/as2_moviecliploader.h	md5	56db586a12696abf84ba2a7999e3656d	md5	56db586a12696abf84ba2a7999e3656d	
unchanged	third_party	header	scaleform/src/gfx/as2/as2_movieroot.h	md5	a2c76afed4a34a92dd0fe059a8a5aa84	md5	a2c76afed4a34a92dd0fe059a8a5aa84	
unchanged	third_party	header	scaleform/src/gfx/as2/as2_object.h	md5	2b0866615de17299d41827f914f0560a	md5	2b0866615de17299d41827f914f0560a	
unchanged	third_party	header	scaleform/src/gfx/as2/as2_objectproto.h	md5	41f69704e564dc2426efce7a60280945	md5	41f69704e564dc2426efce7a60280945	
unchanged	third_party	header	scaleform/src/gfx/as2/as2_refcountcollector.h	md5	c5dd90c08c5892d56af0b154efac84a2	md5	c5dd90c08c5892d56af0b154efac84a2	
unchanged	third_party	header	scaleform/src/gfx/as2/as2_stringmanager.h	md5	1ea25d77aa73e14a9b60a2c0cc34f011	md5	1ea25d77aa73e14a9b60a2c0cc34f011	
unchanged	third_party	header	scaleform/src/gfx/as2/as2_stylesheet.h	md5	665ff1cded57fe5da16227fb20e5ebc1	md5	665ff1cded57fe5da16227fb20e5ebc1	
unchanged	third_party	header	scaleform/src/gfx/as2/as2_value.h	md5	d9f585a4dec746f9884eb371fa79cd1f	md5	d9f585a4dec746f9884eb371fa79cd1f	
unchanged	third_party	header	scaleform/src/gfx/as2/ime/as2_imemanager.h	md5	da136073091983fcbf631cdb1a1b914b	md5	da136073091983fcbf631cdb1a1b914b	
unchanged	third_party	header	scaleform/src/gfx/as2/ime/gasime.h	md5	d733c9f616882654b9eb691b5eca08d2	md5	d733c9f616882654b9eb691b5eca08d2	
unchanged	third_party	header	scaleform/src/gfx/as3/abc/as3_abc_type.h	md5	4cd6edf775cdff292a27ccfb18693ac0	md5	4cd6edf775cdff292a27ccfb18693ac0	
unchanged	third_party	header	scaleform/src/gfx/as3/as3_global.h	md5	3584c367494f07d39268a98bb3b76724	md5	3584c367494f07d39268a98bb3b76724	
unchanged	third_party	header	scaleform/src/gfx/as3/as3_stringmanager.h	md5	f0b50efede7c58d6893bba1a9bba9330	md5	f0b50efede7c58d6893bba1a9bba9330	
unchanged	third_party	header	scaleform/src/gfx/as3/as3_value.h	md5	60a243fd05a139d4ca094af48e461ddb	md5	60a243fd05a139d4ca094af48e461ddb	
unchanged	third_party	header	scaleform/src/gfx/as3/ime/as3_imemanager.h	md5	5f092063188a207c7fd026c4012983e9	md5	5f092063188a207c7fd026c4012983e9	
unchanged	third_party	header	scaleform/src/gfx/audio/gfx_sound.h	md5	ea50653934edd4a6512e3123a8cf7385	md5	ea50653934edd4a6512e3123a8cf7385	
unchanged	third_party	header	scaleform/src/gfx/audio/gfx_soundresource.h	md5	1f246706d73232279c43281e7f1f33d9	md5	1f246706d73232279c43281e7f1f33d9	
unchanged	third_party	header	scaleform/src/gfx/gfx_as2support.h	md5	480cc1c82e12e67273896533d344d874	md5	480cc1c82e12e67273896533d344d874	
unchanged	third_party	header	scaleform/src/gfx/gfx_as3support.h	md5	72ca18dcd311ba036986daa9a4c21952	md5	72ca18dcd311ba036986daa9a4c21952	
unchanged	third_party	header	scaleform/src/gfx/gfx_asimemanager.h	md5	060fb1a2c5abc7a99408230d3b234b3c	md5	060fb1a2c5abc7a99408230d3b234b3c	
unchanged	third_party	header	scaleform/src/gfx/gfx_asmovierootbase.h	md5	044c3ba3bae9156da55e0491724d9855	md5	044c3ba3bae9156da55e0491724d9855	
unchanged	third_party	header	scaleform/src/gfx/gfx_assoundintf.h	md5	ed7e24404a2103754dc1df5eb64d386f	md5	ed7e24404a2103754dc1df5eb64d386f	
unchanged	third_party	header	scaleform/src/gfx/gfx_asstring.h	md5	9a4e4cde46b4e2ed757a13aca92bc6c8	md5	9a4e4cde46b4e2ed757a13aca92bc6c8	
unchanged	third_party	header	scaleform/src/gfx/gfx_asutils.h	md5	d00d434e7fdf4651f111a0b5bc3dd8e6	md5	d00d434e7fdf4651f111a0b5bc3dd8e6	
unchanged	third_party	header	scaleform/src/gfx/gfx_audio.h	md5	ba0e5c2012e5b4bc325bc703e9ada0cd	md5	ba0e5c2012e5b4bc325bc703e9ada0cd	
unchanged	third_party	header	scaleform/src/gfx/gfx_button.h	md5	26c79728fff6e8bff7bd165a70d805d9	md5	26c79728fff6e8bff7bd165a70d805d9	
unchanged	third_party	header	scaleform/src/gfx/gfx_buttondef.h	md5	e90fb56081cabbccd4648fb4fee1c896	md5	e90fb56081cabbccd4648fb4fee1c896	
unchanged	third_party	header	scaleform/src/gfx/gfx_characterdef.h	md5	0eeda227b0393dd5f5422e940899a5fa	md5	0eeda227b0393dd5f5422e940899a5fa	
unchanged	third_party	header	scaleform/src/gfx/gfx_charposinfo.h	md5	483c19d6b0fbf62d363504a5a69545eb	md5	483c19d6b0fbf62d363504a5a69545eb	
unchanged	third_party	header	scaleform/src/gfx/gfx_displaylist.h	md5	91e3b60471a06e1c85d8158934e0f743	md5	91e3b60471a06e1c85d8158934e0f743	
unchanged	third_party	header	scaleform/src/gfx/gfx_displayobjcontainer.h	md5	77459564dbe76b13a5eb0f8c8657262a	md5	77459564dbe76b13a5eb0f8c8657262a	
unchanged	third_party	header	scaleform/src/gfx/gfx_displayobject.h	md5	f09c1e76df83e3c810dc9c70388c5852	md5	f09c1e76df83e3c810dc9c70388c5852	
unchanged	third_party	header	scaleform/src/gfx/gfx_drawingcontext.h	md5	d5c7f4abfb770cfe3ee944b80d26af8f	md5	d5c7f4abfb770cfe3ee944b80d26af8f	
unchanged	third_party	header	scaleform/src/gfx/gfx_drawtext.h	md5	41d88a12156533b1d01b6e3c4206f086	md5	41d88a12156533b1d01b6e3c4206f086	
unchanged	third_party	header	scaleform/src/gfx/gfx_event.h	md5	6bc3e1b4e86322322e285261ade19d6f	md5	6bc3e1b4e86322322e285261ade19d6f	
unchanged	third_party	header	scaleform/src/gfx/gfx_filterdesc.h	md5	68bac87d5ff8310f5bab349b7001f555	md5	68bac87d5ff8310f5bab349b7001f555	
unchanged	third_party	header	scaleform/src/gfx/gfx_fontcompactor.h	md5	9bcc722a0f5d7ffc8a8ff0fc04325693	md5	9bcc722a0f5d7ffc8a8ff0fc04325693	
unchanged	third_party	header	scaleform/src/gfx/gfx_fontlib.h	md5	42921be543dc66539fae7b515c63d80e	md5	42921be543dc66539fae7b515c63d80e	
unchanged	third_party	header	scaleform/src/gfx/gfx_fontmanager.h	md5	5d2b0db4efe5f657576522f766a54ea5	md5	5d2b0db4efe5f657576522f766a54ea5	
unchanged	third_party	header	scaleform/src/gfx/gfx_fontproviderwin32.h	md5	648dd2a596c2406e9f960964cc846ca0	md5	648dd2a596c2406e9f960964cc846ca0	
unchanged	third_party	header	scaleform/src/gfx/gfx_fontresource.h	md5	e07feadb4f821936b2a0c7df626f23dd	md5	e07feadb4f821936b2a0c7df626f23dd	
unchanged	third_party	header	scaleform/src/gfx/gfx_imagecreator.h	md5	8d6d5ec42da29d82396fbfb515379f69	md5	8d6d5ec42da29d82396fbfb515379f69	
unchanged	third_party	header	scaleform/src/gfx/gfx_imageresource.h	md5	b08fe21b7f030efb624adb11d5fe18b8	md5	b08fe21b7f030efb624adb11d5fe18b8	
unchanged	third_party	header	scaleform/src/gfx/gfx_imagesupport.h	md5	9c5c76bc3c7a795f67003c7977c87131	md5	9c5c76bc3c7a795f67003c7977c87131	
unchanged	third_party	header	scaleform/src/gfx/gfx_input.h	md5	d7ea45edf0bf60a3b981747616c9535b	md5	d7ea45edf0bf60a3b981747616c9535b	
unchanged	third_party	header	scaleform/src/gfx/gfx_interactiveobject.h	md5	4a3c0743c69a71784ac05a1a92f129bd	md5	4a3c0743c69a71784ac05a1a92f129bd	
unchanged	third_party	header	scaleform/src/gfx/gfx_loader.h	md5	df149b6d5e2ede00511a002e41bf99b1	md5	df149b6d5e2ede00511a002e41bf99b1	
unchanged	third_party	header	scaleform/src/gfx/gfx_loaderimpl.h	md5	30be13686005f70bf6b67577c61e6452	md5	30be13686005f70bf6b67577c61e6452	
unchanged	third_party	header	scaleform/src/gfx/gfx_log.h	md5	7d4c7e8ee4145186e01a102692912bc1	md5	7d4c7e8ee4145186e01a102692912bc1	
unchanged	third_party	header	scaleform/src/gfx/gfx_mediainterfaces.h	md5	86f2d5d2123c38e17969cca04f449f79	md5	86f2d5d2123c38e17969cca04f449f79	
unchanged	third_party	header	scaleform/src/gfx/gfx_moviedef.h	md5	1f6e3f33fce4a1876af992415ff6f959	md5	1f6e3f33fce4a1876af992415ff6f959	
unchanged	third_party	header	scaleform/src/gfx/gfx_pathdatastorage.h	md5	d9fc7b9f403b5ab4d17221b65694c6d1	md5	d9fc7b9f403b5ab4d17221b65694c6d1	
unchanged	third_party	header	scaleform/src/gfx/gfx_player.h	md5	a211371df77fd6570458b00173d214c0	md5	a211371df77fd6570458b00173d214c0	
unchanged	third_party	header	scaleform/src/gfx/gfx_playerimpl.h	md5	7885e3025ad688aac4a8da61efbd6b3d	md5	7885e3025ad688aac4a8da61efbd6b3d	
unchanged	third_party	header	scaleform/src/gfx/gfx_playerstats.h	md5	c5882eddd93263363683832699692157	md5	c5882eddd93263363683832699692157	
unchanged	third_party	header	scaleform/src/gfx/gfx_playertasks.h	md5	974f894b37278cd5872af63f3e7f791f	md5	974f894b37278cd5872af63f3e7f791f	
unchanged	third_party	header	scaleform/src/gfx/gfx_resource.h	md5	1602053983f15f7fd18c51bf433f2ea3	md5	1602053983f15f7fd18c51bf433f2ea3	
unchanged	third_party	header	scaleform/src/gfx/gfx_resourcehandle.h	md5	eefffa622a7178ea9a1eed73e2b50b51	md5	eefffa622a7178ea9a1eed73e2b50b51	
unchanged	third_party	header	scaleform/src/gfx/gfx_shape.h	md5	ab93f477bb96aca2cc2cae52488703de	md5	ab93f477bb96aca2cc2cae52488703de	
unchanged	third_party	header	scaleform/src/gfx/gfx_shapeswf.h	md5	54adb2e2a641c2c8a910929899200064	md5	54adb2e2a641c2c8a910929899200064	
unchanged	third_party	header	scaleform/src/gfx/gfx_sharedobject.h	md5	db7c7864f42a2abf7803d2315a27f5f9	md5	db7c7864f42a2abf7803d2315a27f5f9	
unchanged	third_party	header	scaleform/src/gfx/gfx_sprite.h	md5	4e4f62e6e277314c8dc74b419de713a0	md5	4e4f62e6e277314c8dc74b419de713a0	
unchanged	third_party	header	scaleform/src/gfx/gfx_spritedef.h	md5	f7a95234dea1a2692efb8760a8d5d844	md5	f7a95234dea1a2692efb8760a8d5d844	
unchanged	third_party	header	scaleform/src/gfx/gfx_stats.h	md5	1763ee2a73ec938ba246cbdfe43c3a3f	md5	1763ee2a73ec938ba246cbdfe43c3a3f	
unchanged	third_party	header	scaleform/src/gfx/gfx_stream.h	md5	b459fcc29140043e7e4b5c00cd26596e	md5	b459fcc29140043e7e4b5c00cd26596e	
unchanged	third_party	header	scaleform/src/gfx/gfx_streamcontext.h	md5	c9e52624caf9e02d9c89cf411ad914c5	md5	c9e52624caf9e02d9c89cf411ad914c5	
unchanged	third_party	header	scaleform/src/gfx/gfx_string.h	md5	c037de575184a1c82de3404973962575	md5	c037de575184a1c82de3404973962575	
unchanged	third_party	header	scaleform/src/gfx/gfx_stringhash.h	md5	e09a9e1922554007048001b8144fb773	md5	e09a9e1922554007048001b8144fb773	
unchanged	third_party	header	scaleform/src/gfx/gfx_tagloaders.h	md5	a833442f7fa1ee9dc7abd2b86f251e34	md5	a833442f7fa1ee9dc7abd2b86f251e34	
unchanged	third_party	header	scaleform/src/gfx/gfx_tags.h	md5	b56dba5dd95b9d285e23730c4627ade6	md5	b56dba5dd95b9d285e23730c4627ade6	
unchanged	third_party	header	scaleform/src/gfx/gfx_taskmanager.h	md5	52be1e7be597a78a9a896ffb7b593949	md5	52be1e7be597a78a9a896ffb7b593949	
unchanged	third_party	header	scaleform/src/gfx/gfx_textfield.h	md5	0e2915267a42105b64f8aec96ce51bfe	md5	0e2915267a42105b64f8aec96ce51bfe	
unchanged	third_party	header	scaleform/src/gfx/gfx_textfielddef.h	md5	43f30475d5e505d8fce9545239bcfc9f	md5	43f30475d5e505d8fce9545239bcfc9f	
unchanged	third_party	header	scaleform/src/gfx/gfx_types.h	md5	e515cb9aaa4461c1e9257047713367f6	md5	e515cb9aaa4461c1e9257047713367f6	
unchanged	third_party	header	scaleform/src/gfx/gfx_videobase.h	md5	729299b96477708f124a9d1c6bc3686c	md5	729299b96477708f124a9d1c6bc3686c	
unchanged	third_party	header	scaleform/src/gfx/gfx_wwhelper.h	md5	3597c2b5fc40b312205a4ade50cca0b5	md5	3597c2b5fc40b312205a4ade50cca0b5	
unchanged	third_party	header	scaleform/src/gfx/ime/gfx_imemanager.h	md5	450eae16f0042f704550f96975aad8af	md5	450eae16f0042f704550f96975aad8af	
unchanged	third_party	header	scaleform/src/gfx/text/text_editorkit.h	md5	b0ed47dc0f48ce62028dffcd65ed367f	md5	b0ed47dc0f48ce62028dffcd65ed367f	
unchanged	third_party	header	scaleform/src/gfx/text/text_stylesheet.h	md5	8cc748c3ffaec50fc7d1bf3d0fc36c2c	md5	8cc748c3ffaec50fc7d1bf3d0fc36c2c	
unchanged	third_party	header	scaleform/src/gfx/xml/xml_support.h	md5	23586e85303406890a6f4ecc0e126892	md5	23586e85303406890a6f4ecc0e126892	
unchanged	third_party	header	scaleform/src/kernel/heapmh/heapmh_memoryheap.h	md5	0d15fed9fe5e1a39e1911ab6c93b1714	md5	0d15fed9fe5e1a39e1911ab6c93b1714	
changed	third_party	header	scaleform/src/kernel/heapmh/heapmh_sysallocmalloc.h	md5	22d378e0c9aeae521d833e9b25c94fe2	md5	d4b1ea24c10a7cdeb8faafc36e630062	
unchanged	third_party	header	scaleform/src/kernel/heappt/heappt_memoryheap.h	md5	920d619b35a9714ed6e950d18b4f80ee	md5	920d619b35a9714ed6e950d18b4f80ee	
unchanged	third_party	header	scaleform/src/kernel/heappt/heappt_sysallocmalloc.h	md5	6b8ff003afe54acc24134dac11046a51	md5	6b8ff003afe54acc24134dac11046a51	
unchanged	third_party	header	scaleform/src/kernel/heappt/heappt_sysallocwinapi.h	md5	d9ae7aff16347742542198cf00d659c1	md5	d9ae7aff16347742542198cf00d659c1	
unchanged	third_party	header	scaleform/src/kernel/sf_alg.h	md5	11bb830e86f3ac198931286a35acd013	md5	11bb830e86f3ac198931286a35acd013	
unchanged	third_party	header	scaleform/src/kernel/sf_allocaddr.h	md5	5db8c207f6b49eb22cad64456e7cf4e1	md5	5db8c207f6b49eb22cad64456e7cf4e1	
unchanged	third_party	header	scaleform/src/kernel/sf_allocator.h	md5	c1d3cdc78a1dccd981d1b7ce89b3f921	md5	c1d3cdc78a1dccd981d1b7ce89b3f921	
unchanged	third_party	header	scaleform/src/kernel/sf_allocinfo.h	md5	72167ee94fffba28b77121f569147b55	md5	72167ee94fffba28b77121f569147b55	
unchanged	third_party	header	scaleform/src/kernel/sf_ampinterface.h	md5	5eae4ab8cac5f365804ebfc7b0742947	md5	5eae4ab8cac5f365804ebfc7b0742947	
unchanged	third_party	header	scaleform/src/kernel/sf_array.h	md5	962d096f6833b8c1820469a8889b8305	md5	962d096f6833b8c1820469a8889b8305	
unchanged	third_party	header	scaleform/src/kernel/sf_arraypaged.h	md5	857c63384b8c3bfec54dc9eb9be57485	md5	857c63384b8c3bfec54dc9eb9be57485	
unchanged	third_party	header	scaleform/src/kernel/sf_arraystaticbuff.h	md5	f632f7a3b51b5756e6af814d6091ca8a	md5	f632f7a3b51b5756e6af814d6091ca8a	
unchanged	third_party	header	scaleform/src/kernel/sf_arrayunsafe.h	md5	f8f68c13a5cc48d03dfb96aa8b8586a7	md5	f8f68c13a5cc48d03dfb96aa8b8586a7	
unchanged	third_party	header	scaleform/src/kernel/sf_atomic.h	md5	943d0dbde85413de8d5600274dc919ed	md5	943d0dbde85413de8d5600274dc919ed	
unchanged	third_party	header	scaleform/src/kernel/sf_autoptr.h	md5	9674f79383fba71d27bff8a45192bf0e	md5	9674f79383fba71d27bff8a45192bf0e	
unchanged	third_party	header	scaleform/src/kernel/sf_debug.h	md5	d6f822d11826c4c4154f12aca0d32d46	md5	d6f822d11826c4c4154f12aca0d32d46	
unchanged	third_party	header	scaleform/src/kernel/sf_file.h	md5	b61abfcfb39f342b7baeb601a871c98c	md5	b61abfcfb39f342b7baeb601a871c98c	
unchanged	third_party	header	scaleform/src/kernel/sf_hash.h	md5	020252785e5c6bf894f366e705176e22	md5	020252785e5c6bf894f366e705176e22	
unchanged	third_party	header	scaleform/src/kernel/sf_heapnew.h	md5	a6c1c9fd1122eb995060b4ac4678baaa	md5	a6c1c9fd1122eb995060b4ac4678baaa	
unchanged	third_party	header	scaleform/src/kernel/sf_keycodes.h	md5	0544df90ed1e85ad2d05d45c1fa01813	md5	0544df90ed1e85ad2d05d45c1fa01813	
unchanged	third_party	header	scaleform/src/kernel/sf_list.h	md5	f64e0f97c6b33c518ef68152ff5c9b9f	md5	f64e0f97c6b33c518ef68152ff5c9b9f	
unchanged	third_party	header	scaleform/src/kernel/sf_listalloc.h	md5	5a0a87a4e462f1a7ab728367a485eb28	md5	5a0a87a4e462f1a7ab728367a485eb28	
unchanged	third_party	header	scaleform/src/kernel/sf_locale.h	md5	8baa0373c7fd83f86cc02ad02080275e	md5	8baa0373c7fd83f86cc02ad02080275e	
unchanged	third_party	header	scaleform/src/kernel/sf_log.h	md5	ade711a9177a99a455386b44fec01f6a	md5	ade711a9177a99a455386b44fec01f6a	
unchanged	third_party	header	scaleform/src/kernel/sf_math.h	md5	8abe978a615b97c19fa702d6b0bf318d	md5	8abe978a615b97c19fa702d6b0bf318d	
unchanged	third_party	header	scaleform/src/kernel/sf_memitem.h	md5	f9ddcdf40661374c8f9214ea36d21a45	md5	f9ddcdf40661374c8f9214ea36d21a45	
unchanged	third_party	header	scaleform/src/kernel/sf_memory.h	md5	71874fd1e16a460b798db5d8784c9c2d	md5	71874fd1e16a460b798db5d8784c9c2d	
unchanged	third_party	header	scaleform/src/kernel/sf_memoryheap.h	md5	e143fd5bbdcfaba7b27f49e01f8fb095	md5	e143fd5bbdcfaba7b27f49e01f8fb095	
unchanged	third_party	header	scaleform/src/kernel/sf_radixtree.h	md5	e0021936b349f5cd71b0d8728e59db9c	md5	e0021936b349f5cd71b0d8728e59db9c	
unchanged	third_party	header	scaleform/src/kernel/sf_random.h	md5	f824c1dfbffde3adc7be98acf3d7ec16	md5	f824c1dfbffde3adc7be98acf3d7ec16	
unchanged	third_party	header	scaleform/src/kernel/sf_range.h	md5	9ae1d8d577c74b7714a6846aa0222297	md5	9ae1d8d577c74b7714a6846aa0222297	
unchanged	third_party	header	scaleform/src/kernel/sf_refcount.h	md5	e0ccbe8624c2ab9dd14e5c379934c675	md5	e0ccbe8624c2ab9dd14e5c379934c675	
unchanged	third_party	header	scaleform/src/kernel/sf_simd.h	md5	e532e619edc2d27d02b6adec93984f26	md5	e532e619edc2d27d02b6adec93984f26	
unchanged	third_party	header	scaleform/src/kernel/sf_simd_sse.h	md5	c26654a8ad1ce148d54aae908f9eec68	md5	c26654a8ad1ce148d54aae908f9eec68	
unchanged	third_party	header	scaleform/src/kernel/sf_stackmempool.h	md5	929138739b36537aba7a617b2bdc98c5	md5	929138739b36537aba7a617b2bdc98c5	
unchanged	third_party	header	scaleform/src/kernel/sf_stats.h	md5	be13f1949406fc4616b9f3f987765245	md5	be13f1949406fc4616b9f3f987765245	
unchanged	third_party	header	scaleform/src/kernel/sf_std.h	md5	89086f752b7a7e6243c946f293df4f6c	md5	89086f752b7a7e6243c946f293df4f6c	
unchanged	third_party	header	scaleform/src/kernel/sf_string.h	md5	d153f3bfa2b8ffdf233c7e76f11c8b1f	md5	d153f3bfa2b8ffdf233c7e76f11c8b1f	
unchanged	third_party	header	scaleform/src/kernel/sf_stringhash.h	md5	5ab4ba7c14aad0fdc1c0cd2f978bcb38	md5	5ab4ba7c14aad0fdc1c0cd2f978bcb38	
unchanged	third_party	header	scaleform/src/kernel/sf_sysalloc.h	md5	300a69a20ea04c08865652c738000f06	md5	300a69a20ea04c08865652c738000f06	
unchanged	third_party	header	scaleform/src/kernel/sf_sysfile.h	md5	a43b0def62b628f15221950204190238	md5	a43b0def62b628f15221950204190238	
unchanged	third_party	header	scaleform/src/kernel/sf_system.h	md5	ed912d5815034f9365a1b8828247a91b	md5	ed912d5815034f9365a1b8828247a91b	
unchanged	third_party	header	scaleform/src/kernel/sf_threads.h	md5	2865c0e80d05cf2824463679aee761f6	md5	2865c0e80d05cf2824463679aee761f6	
unchanged	third_party	header	scaleform/src/kernel/sf_timer.h	md5	a35010ed30f41bfecff6e8f881abf25a	md5	a35010ed30f41bfecff6e8f881abf25a	
unchanged	third_party	header	scaleform/src/kernel/sf_types.h	md5	ac51b4a092cb3ad9b6f3cebca8329fa8	md5	ac51b4a092cb3ad9b6f3cebca8329fa8	
unchanged	third_party	header	scaleform/src/kernel/sf_utf8util.h	md5	7a0d82ef07962f4fbda6017db74b4984	md5	7a0d82ef07962f4fbda6017db74b4984	
unchanged	third_party	header	scaleform/src/kernel/sf_wstring.h	md5	a543c067f4bed4e5dfae4c64f7ce2437	md5	a543c067f4bed4e5dfae4c64f7ce2437	
unchanged	third_party	header	scaleform/src/render/fontprovider/render_fontproviderwinapi.h	md5	7200b5f8619f8b15a53dd8f581c933c2	md5	7200b5f8619f8b15a53dd8f581c933c2	
unchanged	third_party	header	scaleform/src/render/imagefiles/dds_imagefile.h	md5	759cefe26662f7fde844e7f261afb190	md5	759cefe26662f7fde844e7f261afb190	
unchanged	third_party	header	scaleform/src/render/imagefiles/jpeg_imagefile.h	md5	18a113fdd81c32309a316294d9b8acf8	md5	18a113fdd81c32309a316294d9b8acf8	
unchanged	third_party	header	scaleform/src/render/imagefiles/png_imagefile.h	md5	7c41ff47313dc50a3159229cc7066892	md5	7c41ff47313dc50a3159229cc7066892	
unchanged	third_party	header	scaleform/src/render/imagefiles/render_imagefile.h	md5	40096f1397435ca229f00109ce20a3b4	md5	40096f1397435ca229f00109ce20a3b4	
unchanged	third_party	header	scaleform/src/render/imagefiles/render_imagefileutil.h	md5	2516223f67271b258e89661673b3819c	md5	2516223f67271b258e89661673b3819c	
unchanged	third_party	header	scaleform/src/render/imagefiles/tga_imagefile.h	md5	6c5fb2e126a7150976fbe9bd1ed66d0c	md5	6c5fb2e126a7150976fbe9bd1ed66d0c	
unchanged	third_party	header	scaleform/src/render/render_buffer.h	md5	98eba1d400cc5fc06f2d46cfa6fbb672	md5	98eba1d400cc5fc06f2d46cfa6fbb672	
unchanged	third_party	header	scaleform/src/render/render_buffergeneric.h	md5	1eb328368d2d37341bd15c67618b8985	md5	1eb328368d2d37341bd15c67618b8985	
unchanged	third_party	header	scaleform/src/render/render_bundle.h	md5	b368f559b26ce2413b96cc15ec152dee	md5	b368f559b26ce2413b96cc15ec152dee	
unchanged	third_party	header	scaleform/src/render/render_color.h	md5	475f38bfd0aed0c49994467a1cdb827f	md5	475f38bfd0aed0c49994467a1cdb827f	
unchanged	third_party	header	scaleform/src/render/render_constants.h	md5	59cc0ca06bcda05fc61aaff04cdc39a3	md5	59cc0ca06bcda05fc61aaff04cdc39a3	
unchanged	third_party	header	scaleform/src/render/render_containers.h	md5	2ae74fa87db0d5556ce54f634bc0c4f9	md5	2ae74fa87db0d5556ce54f634bc0c4f9	
unchanged	third_party	header	scaleform/src/render/render_context.h	md5	96aa61ee541cb879c93a0c5d74772e05	md5	96aa61ee541cb879c93a0c5d74772e05	
unchanged	third_party	header	scaleform/src/render/render_cxform.h	md5	2e9e7ea68cb12e77c01306f63033e16f	md5	2e9e7ea68cb12e77c01306f63033e16f	
unchanged	third_party	header	scaleform/src/render/render_drawableimage.h	md5	9dbf9f0304ad141f64f85178b6320740	md5	9dbf9f0304ad141f64f85178b6320740	
unchanged	third_party	header	scaleform/src/render/render_events.h	md5	5d4fe40f0b044d7ff160b5a4f655fbb2	md5	5d4fe40f0b044d7ff160b5a4f655fbb2	
unchanged	third_party	header	scaleform/src/render/render_filterparams.h	md5	0daba161bf6551b2247af71a38aaca7c	md5	0daba161bf6551b2247af71a38aaca7c	
unchanged	third_party	header	scaleform/src/render/render_filters.h	md5	2f57e391e4ac10bc10c5a28749c6916f	md5	2f57e391e4ac10bc10c5a28749c6916f	
unchanged	third_party	header	scaleform/src/render/render_font.h	md5	1e0193be75b338e451f91899f4babda7	md5	1e0193be75b338e451f91899f4babda7	
unchanged	third_party	header	scaleform/src/render/render_glyphcacheconfig.h	md5	ea3f634f72f80809bb657bb521dae60b	md5	ea3f634f72f80809bb657bb521dae60b	
unchanged	third_party	header	scaleform/src/render/render_glyphparam.h	md5	4c2256e56e506fdeee034a4336084353	md5	4c2256e56e506fdeee034a4336084353	
unchanged	third_party	header	scaleform/src/render/render_gradients.h	md5	cdd51e1c720250c38137ea782c9c456f	md5	cdd51e1c720250c38137ea782c9c456f	
unchanged	third_party	header	scaleform/src/render/render_hal.h	md5	2b102c0226345b60d19fc0b6d4942d4e	md5	2b102c0226345b60d19fc0b6d4942d4e	
unchanged	third_party	header	scaleform/src/render/render_image.h	md5	a9f8066a51008b4bdb028795606f9a28	md5	a9f8066a51008b4bdb028795606f9a28	
unchanged	third_party	header	scaleform/src/render/render_imagefiles.h	md5	954e2a2a10e85ce6aa7a326026fb382c	md5	954e2a2a10e85ce6aa7a326026fb382c	
unchanged	third_party	header	scaleform/src/render/render_math2d.h	md5	b33ea2e55497cb81739b3822a8a7061f	md5	b33ea2e55497cb81739b3822a8a7061f	
unchanged	third_party	header	scaleform/src/render/render_matrix2x4.h	md5	434b7c24b8520c2b412d0316f137948b	md5	434b7c24b8520c2b412d0316f137948b	
unchanged	third_party	header	scaleform/src/render/render_matrix3x4.h	md5	562e97b81f37d797763fcfde25a00bed	md5	562e97b81f37d797763fcfde25a00bed	
unchanged	third_party	header	scaleform/src/render/render_matrix4x4.h	md5	1c0ebc327d69436761f93420be4bde87	md5	1c0ebc327d69436761f93420be4bde87	
unchanged	third_party	header	scaleform/src/render/render_matrixpool.h	md5	b88b70104cc5c0be3be58dd718b8cb66	md5	b88b70104cc5c0be3be58dd718b8cb66	
unchanged	third_party	header	scaleform/src/render/render_meshcache.h	md5	e65e9a59f479747a95bc1f8d756b8afc	md5	e65e9a59f479747a95bc1f8d756b8afc	
unchanged	third_party	header	scaleform/src/render/render_meshcacheconfig.h	md5	935db089e6691513b68cb6c7ecdcf8c1	md5	935db089e6691513b68cb6c7ecdcf8c1	
unchanged	third_party	header	scaleform/src/render/render_meshkey.h	md5	122e4a00a671f9326c473504df4a6aa0	md5	122e4a00a671f9326c473504df4a6aa0	
unchanged	third_party	header	scaleform/src/render/render_pathdatapacker.h	md5	9653378f2dfb495722b9283b231da91c	md5	9653378f2dfb495722b9283b231da91c	
unchanged	third_party	header	scaleform/src/render/render_point3.h	md5	d0f38d3f780e252d8c72597a6baf5e25	md5	d0f38d3f780e252d8c72597a6baf5e25	
unchanged	third_party	header	scaleform/src/render/render_primitive.h	md5	92dcfbe84904646041061d59b13eefae	md5	92dcfbe84904646041061d59b13eefae	
unchanged	third_party	header	scaleform/src/render/render_queue.h	md5	7dc2314d5ab3fc85586d97e7c43f7703	md5	7dc2314d5ab3fc85586d97e7c43f7703	
unchanged	third_party	header	scaleform/src/render/render_resizeimage.h	md5	5bd0cf0437b5148dc37595ce387c75e1	md5	5bd0cf0437b5148dc37595ce387c75e1	
unchanged	third_party	header	scaleform/src/render/render_scale9grid.h	md5	3b283be7b52001a9832f3f29f0a617bf	md5	3b283be7b52001a9832f3f29f0a617bf	
unchanged	third_party	header	scaleform/src/render/render_screentoworld.h	md5	578e6346aaaeedbbd36e1953ee29c003	md5	578e6346aaaeedbbd36e1953ee29c003	
unchanged	third_party	header	scaleform/src/render/render_shader.h	md5	c33344e52c0a40fcc151e7c8c3c8eef0	md5	c33344e52c0a40fcc151e7c8c3c8eef0	
unchanged	third_party	header	scaleform/src/render/render_shaderhal.h	md5	37487f1b1c287e665848f90295b9706c	md5	37487f1b1c287e665848f90295b9706c	
unchanged	third_party	header	scaleform/src/render/render_shapedatadefs.h	md5	5dff028f43276334ae5ee2694c9efcef	md5	5dff028f43276334ae5ee2694c9efcef	
unchanged	third_party	header	scaleform/src/render/render_shapedatafloat.h	md5	969374295e5f47eb7fb42717c3ea94da	md5	969374295e5f47eb7fb42717c3ea94da	
unchanged	third_party	header	scaleform/src/render/render_shapedatapacked.h	md5	36f7a7b8eedab50d551a53d1f0ccdb42	md5	36f7a7b8eedab50d551a53d1f0ccdb42	
unchanged	third_party	header	scaleform/src/render/render_shapemeshprovider.h	md5	ba281dae25c17823c4bf61784b02b986	md5	ba281dae25c17823c4bf61784b02b986	
unchanged	third_party	header	scaleform/src/render/render_statebag.h	md5	04d21ddb7c35f675836110250361985a	md5	04d21ddb7c35f675836110250361985a	
unchanged	third_party	header	scaleform/src/render/render_states.h	md5	9377080b8cb1e076447e122763aadeed	md5	9377080b8cb1e076447e122763aadeed	
unchanged	third_party	header	scaleform/src/render/render_stats.h	md5	2f34a8d4a35ca30a3184ef21b224e0f9	md5	2f34a8d4a35ca30a3184ef21b224e0f9	
unchanged	third_party	header	scaleform/src/render/render_sync.h	md5	53e6a9e6c64ffda5ee54df0e6834b571	md5	53e6a9e6c64ffda5ee54df0e6834b571	
unchanged	third_party	header	scaleform/src/render/render_tessdefs.h	md5	28a95ee9f4194d4bab6343f6bdb3a926	md5	28a95ee9f4194d4bab6343f6bdb3a926	
unchanged	third_party	header	scaleform/src/render/render_textlayout.h	md5	c13e8afaf70bb0aa28e9fef3e5057450	md5	c13e8afaf70bb0aa28e9fef3e5057450	
unchanged	third_party	header	scaleform/src/render/render_textmeshprovider.h	md5	1deb4a7959e1b14fdaaed6d7808cc82b	md5	1deb4a7959e1b14fdaaed6d7808cc82b	
unchanged	third_party	header	scaleform/src/render/render_texturecache.h	md5	72ce84516af11135c42d49588e0aaa27	md5	72ce84516af11135c42d49588e0aaa27	
unchanged	third_party	header	scaleform/src/render/render_texturecachegeneric.h	md5	8f9a68eb25da457208fdced82d446a0e	md5	8f9a68eb25da457208fdced82d446a0e	
unchanged	third_party	header	scaleform/src/render/render_textureutil.h	md5	bc3236678c5af40a28d6fdd4bedf706c	md5	bc3236678c5af40a28d6fdd4bedf706c	
unchanged	third_party	header	scaleform/src/render/render_threadcommandqueue.h	md5	96d56e75eb911b7e6fe606da908eaf79	md5	96d56e75eb911b7e6fe606da908eaf79	
unchanged	third_party	header	scaleform/src/render/render_toleranceparams.h	md5	8da61e665ec6c6ccef357e9d87b4b9fb	md5	8da61e665ec6c6ccef357e9d87b4b9fb	
unchanged	third_party	header	scaleform/src/render/render_treenode.h	md5	1cf8d77f9302043e2997cd3d0650f44c	md5	1cf8d77f9302043e2997cd3d0650f44c	
unchanged	third_party	header	scaleform/src/render/render_treeshape.h	md5	ee2fa22775c84a4725e87fef47ff1dba	md5	ee2fa22775c84a4725e87fef47ff1dba	
unchanged	third_party	header	scaleform/src/render/render_treetext.h	md5	1ca39f937798cd8b93fbfad9de50c005	md5	1ca39f937798cd8b93fbfad9de50c005	
unchanged	third_party	header	scaleform/src/render/render_twips.h	md5	9e82ff1a8afc4cc141e227490d2778b4	md5	9e82ff1a8afc4cc141e227490d2778b4	
unchanged	third_party	header	scaleform/src/render/render_types2d.h	md5	fab828255f8502ceb3ccb3112e74358c	md5	fab828255f8502ceb3ccb3112e74358c	
unchanged	third_party	header	scaleform/src/render/render_vertex.h	md5	9dd949c1e7e653ad3d686468b5fdd6d6	md5	9dd949c1e7e653ad3d686468b5fdd6d6	
unchanged	third_party	header	scaleform/src/render/render_viewport.h	md5	313b492d6cd9d2cf0d9e3fce13dbed83	md5	313b492d6cd9d2cf0d9e3fce13dbed83	
unchanged	third_party	header	scaleform/src/render/renderer2d.h	md5	a773d024724f5bde3faa5cd2967fbb5b	md5	a773d024724f5bde3faa5cd2967fbb5b	
unchanged	third_party	header	scaleform/src/render/text/text_core.h	md5	f0d8d3d78e6e213f362b1d49f545ea56	md5	f0d8d3d78e6e213f362b1d49f545ea56	
unchanged	third_party	header	scaleform/src/render/text/text_docview.h	md5	bc3e3d361c91ce909518be3b6a6ff1d5	md5	bc3e3d361c91ce909518be3b6a6ff1d5	
unchanged	third_party	header	scaleform/src/render/text/text_filterdesc.h	md5	af0644218fe71916cf8e2fa051aa1485	md5	af0644218fe71916cf8e2fa051aa1485	
unchanged	third_party	header	scaleform/src/render/text/text_fontmanager.h	md5	c909b6ed4bda3301fb02ce3218c06051	md5	c909b6ed4bda3301fb02ce3218c06051	
unchanged	third_party	header	scaleform/src/render/text/text_highlight.h	md5	7eb73c39fa5fcf9133e92c216f91bc2d	md5	7eb73c39fa5fcf9133e92c216f91bc2d	
unchanged	third_party	header	scaleform/src/render/text/text_linebuffer.h	md5	752477f6631f458110ddda3a65300411	md5	752477f6631f458110ddda3a65300411	
unchanged	third_party	header	scaleform/src/render/text/text_sgmlparser.h	md5	2d1fc513f3a76e0b79667cd74fec5156	md5	2d1fc513f3a76e0b79667cd74fec5156	
unchanged	third_party	header	scaleform/src/render/text/text_styledtext.h	md5	8dd336f7d595625f9b1d0b215a981d62	md5	8dd336f7d595625f9b1d0b215a981d62	
unchanged	third_party	header	scaleform/src/render/text/text_wwhelper.h	md5	3a584ebc44b9c0f19356a0e4370862ca	md5	3a584ebc44b9c0f19356a0e4370862ca	
unchanged	third_party	header	scaleform/src/sound/sound_sound.h	md5	625c986153cc122624a1b0e3c9557c61	md5	625c986153cc122624a1b0e3c9557c61	
unchanged	third_party	header	scaleform/src/sound/sound_soundrenderer.h	md5	2ab1cff73757a90975f9bacda61a8f99	md5	2ab1cff73757a90975f9bacda61a8f99	
unchanged	third_party	other	stlport/algorithm	md5	c084bf2f4242ba05390dc691ef3b1e3a	md5	c084bf2f4242ba05390dc691ef3b1e3a	
unchanged	third_party	header	stlport/assert.h	md5	18766c5c08b54497bb9fe2d1511f93ab	md5	18766c5c08b54497bb9fe2d1511f93ab	
added	third_party	other	stlport/bitset			md5	5d0889af8d271b049f897d7f3b71fbeb	
unchanged	third_party	other	stlport/cassert	md5	7f392f22b75c9ff5045bedba2e149483	md5	7f392f22b75c9ff5045bedba2e149483	
unchanged	third_party	other	stlport/cctype	md5	6eb4c11d7055105164affb23cad0382d	md5	6eb4c11d7055105164affb23cad0382d	
unchanged	third_party	other	stlport/cerrno	md5	b0801ef0343ef2f264755aaabf3fa79e	md5	b0801ef0343ef2f264755aaabf3fa79e	
unchanged	third_party	other	stlport/cfloat	md5	7d0c7c81e1214bbc879e19da62b794d7	md5	7d0c7c81e1214bbc879e19da62b794d7	
unchanged	third_party	other	stlport/climits	md5	ad0001b7a68bccf40512243dd8ea27eb	md5	ad0001b7a68bccf40512243dd8ea27eb	
unchanged	third_party	other	stlport/cmath	md5	55936a74b44f468523307963d28bdcf7	md5	55936a74b44f468523307963d28bdcf7	
unchanged	third_party	other	stlport/complex	md5	0128dc238b9a3de977dcf0953a9b2707	md5	0128dc238b9a3de977dcf0953a9b2707	
unchanged	third_party	other	stlport/cstdarg	md5	ba0d2ac5f9486aae4017ad7dc65787d7	md5	ba0d2ac5f9486aae4017ad7dc65787d7	
unchanged	third_party	other	stlport/cstddef	md5	0115259924dec3e7d77329e61dc3e1e4	md5	0115259924dec3e7d77329e61dc3e1e4	
unchanged	third_party	other	stlport/cstdio	md5	3fdd19d7231bfc14ba9de559828c2322	md5	3fdd19d7231bfc14ba9de559828c2322	
unchanged	third_party	other	stlport/cstdlib	md5	84028fd30bdb6ab82404cf7e40222f2b	md5	84028fd30bdb6ab82404cf7e40222f2b	
unchanged	third_party	other	stlport/cstring	md5	6858004c006911e1e58fd57277354f0c	md5	6858004c006911e1e58fd57277354f0c	
unchanged	third_party	other	stlport/ctime	md5	8de11ba536d5748012d5f90ba96b6f63	md5	8de11ba536d5748012d5f90ba96b6f63	
unchanged	third_party	header	stlport/ctype.h	md5	18efbc882dc4edd695dd737d83c307d8	md5	18efbc882dc4edd695dd737d83c307d8	
unchanged	third_party	other	stlport/cwchar	md5	6598537b005ffd175e5b3eb512ca3e08	md5	6598537b005ffd175e5b3eb512ca3e08	
unchanged	third_party	other	stlport/cwctype	md5	d36565949e61c72c13875cd6206bfdc2	md5	d36565949e61c72c13875cd6206bfdc2	
unchanged	third_party	other	stlport/deque	md5	3d90d91895c279b6d94e9fd450a2119b	md5	3d90d91895c279b6d94e9fd450a2119b	
unchanged	third_party	header	stlport/errno.h	md5	df64ee7426ef05672495359f323347b7	md5	df64ee7426ef05672495359f323347b7	
unchanged	third_party	other	stlport/exception	md5	1ebe4521607e4fa9dd8cfbd6ae341212	md5	1ebe4521607e4fa9dd8cfbd6ae341212	
unchanged	third_party	header	stlport/float.h	md5	25c1669f168d0fb2094e474ec0cdcf56	md5	25c1669f168d0fb2094e474ec0cdcf56	
unchanged	third_party	other	stlport/functional	md5	29a37a80e07f5131f703dd91c8a9f7dc	md5	29a37a80e07f5131f703dd91c8a9f7dc	
unchanged	third_party	other	stlport/hash_map	md5	f2de2e74ecca794d5f2022114cf88892	md5	f2de2e74ecca794d5f2022114cf88892	
unchanged	third_party	other	stlport/iomanip	md5	e36ba6dbf1f1a19b9310f2eeeeba5fe7	md5	e36ba6dbf1f1a19b9310f2eeeeba5fe7	
unchanged	third_party	other	stlport/ios	md5	e82c5641ea10849e57edd276946a1d42	md5	e82c5641ea10849e57edd276946a1d42	
unchanged	third_party	other	stlport/iosfwd	md5	cf09e898c30d2459f4157a601ee5f49b	md5	cf09e898c30d2459f4157a601ee5f49b	
unchanged	third_party	other	stlport/iostream	md5	2f4769014f586e119db3c8e425a92716	md5	2f4769014f586e119db3c8e425a92716	
unchanged	third_party	other	stlport/istream	md5	1b101fc2e082f228b027bcf2cd91d1a2	md5	1b101fc2e082f228b027bcf2cd91d1a2	
unchanged	third_party	other	stlport/iterator	md5	b6c8411619260127293730734814018e	md5	b6c8411619260127293730734814018e	
unchanged	third_party	other	stlport/limits	md5	13e1821244ac9a6e5ec1728564556b85	md5	13e1821244ac9a6e5ec1728564556b85	
unchanged	third_party	header	stlport/limits.h	md5	6b4d14b90b087d785235216b08088a9a	md5	6b4d14b90b087d785235216b08088a9a	
unchanged	third_party	other	stlport/list	md5	73d3acbc6ef800c30964b441c06d8eef	md5	73d3acbc6ef800c30964b441c06d8eef	
unchanged	third_party	other	stlport/locale	md5	0a723bf1296b429b9fcc504934f7c62c	md5	0a723bf1296b429b9fcc504934f7c62c	
unchanged	third_party	header	stlport/locale.h	md5	c10fa67d49f23541ae36f75d907f8e4a	md5	c10fa67d49f23541ae36f75d907f8e4a	
unchanged	third_party	other	stlport/map	md5	f018d7039f0cd8f5cde491118b1b9586	md5	f018d7039f0cd8f5cde491118b1b9586	
unchanged	third_party	header	stlport/math.h	md5	bc91456693507cddd712ea406acfd332	md5	bc91456693507cddd712ea406acfd332	
unchanged	third_party	other	stlport/memory	md5	7fb45e49bc02c581367bd3719daf142d	md5	7fb45e49bc02c581367bd3719daf142d	
unchanged	third_party	other	stlport/new	md5	40d5b09880c775e8f61f8cc6becf71c5	md5	40d5b09880c775e8f61f8cc6becf71c5	
unchanged	third_party	header	stlport/new.h	md5	cb983df6da67562560f0ff9007e1c6b1	md5	cb983df6da67562560f0ff9007e1c6b1	
unchanged	third_party	other	stlport/numeric	md5	e15516d81fc1a2321e6eae06a6caa470	md5	e15516d81fc1a2321e6eae06a6caa470	
unchanged	third_party	other	stlport/ostream	md5	8f1f9c72d7fe4c4d8ac920ca2be99566	md5	8f1f9c72d7fe4c4d8ac920ca2be99566	
unchanged	third_party	other	stlport/queue	md5	7c64882e4e86f64cbb5431b1a4fddd05	md5	7c64882e4e86f64cbb5431b1a4fddd05	
unchanged	third_party	other	stlport/set	md5	19049875b45580308d858838e5264620	md5	19049875b45580308d858838e5264620	
unchanged	third_party	header	stlport/setjmp.h	md5	74f39d71394dc48da916a56b7860f122	md5	74f39d71394dc48da916a56b7860f122	
unchanged	third_party	header	stlport/signal.h	md5	88a5d432af1a3bf9b8fb8405ed71133d	md5	88a5d432af1a3bf9b8fb8405ed71133d	
unchanged	third_party	other	stlport/sstream	md5	60ab7ecd447780f790f8ec2868d4853c	md5	60ab7ecd447780f790f8ec2868d4853c	
unchanged	third_party	other	stlport/stack	md5	758aa6619c6c3ad6327400b97e593785	md5	758aa6619c6c3ad6327400b97e593785	
unchanged	third_party	header	stlport/stdarg.h	md5	00dfcb7b42f67d60ce72421d29fe165d	md5	00dfcb7b42f67d60ce72421d29fe165d	
unchanged	third_party	header	stlport/stddef.h	md5	b99203afc6a37d8a86b511990c8fd418	md5	b99203afc6a37d8a86b511990c8fd418	
unchanged	third_party	other	stlport/stdexcept	md5	95f2357ef738537d74054ae7edc78b5c	md5	95f2357ef738537d74054ae7edc78b5c	
unchanged	third_party	header	stlport/stdio.h	md5	86840e522075f9f0e6a3c1bc93267f5e	md5	86840e522075f9f0e6a3c1bc93267f5e	
unchanged	third_party	header	stlport/stdlib.h	md5	3309d207b00b4241d3d096a62ac836c3	md5	3309d207b00b4241d3d096a62ac836c3	
unchanged	third_party	source	stlport/stl/_algo.c	md5	e829d7a69bf0e6930c3a86605ab3cb39	md5	e829d7a69bf0e6930c3a86605ab3cb39	
unchanged	third_party	header	stlport/stl/_algo.h	md5	96cfce0f1a4413b3f23a72cea66d2e3f	md5	96cfce0f1a4413b3f23a72cea66d2e3f	
unchanged	third_party	source	stlport/stl/_algobase.c	md5	63e31c550ae78a82d12575eef69b8d46	md5	63e31c550ae78a82d12575eef69b8d46	
unchanged	third_party	header	stlport/stl/_algobase.h	md5	38ee3a1d96d9e50a5d516f0a6ea44f3b	md5	38ee3a1d96d9e50a5d516f0a6ea44f3b	
unchanged	third_party	header	stlport/stl/_alloc.h	md5	baa05c2587f55d18748b8c77e1ec64d4	md5	baa05c2587f55d18748b8c77e1ec64d4	
unchanged	third_party	header	stlport/stl/_auto_ptr.h	md5	e7fb4b23b0b0852817a41387b0da0a9b	md5	e7fb4b23b0b0852817a41387b0da0a9b	
added	third_party	source	stlport/stl/_bitset.c			md5	f9be3d6a3e073226e3b2b5bfb4ea4950	
added	third_party	header	stlport/stl/_bitset.h			md5	8e446d5dc4ce3ed0f590650d78b1b0b6	
unchanged	third_party	header	stlport/stl/_bvector.h	md5	aa88db3e65019ba82cbfc20b4bb9bf2e	md5	aa88db3e65019ba82cbfc20b4bb9bf2e	
unchanged	third_party	header	stlport/stl/_carray.h	md5	0cb046bec81cfed4149e3287c9f08efc	md5	0cb046bec81cfed4149e3287c9f08efc	
unchanged	third_party	header	stlport/stl/_cctype.h	md5	ebbaf38b9f31527226c56594cc221715	md5	ebbaf38b9f31527226c56594cc221715	
unchanged	third_party	header	stlport/stl/_cmath.h	md5	208d16f7f84eab2e655573cf62a15746	md5	208d16f7f84eab2e655573cf62a15746	
unchanged	third_party	header	stlport/stl/_codecvt.h	md5	2de5b299591353176b364521cd6fe405	md5	2de5b299591353176b364521cd6fe405	
unchanged	third_party	header	stlport/stl/_collate.h	md5	a03d52b31afca16ea2543a574d125627	md5	a03d52b31afca16ea2543a574d125627	
unchanged	third_party	source	stlport/stl/_complex.c	md5	04de9b654461948196fd893ea531783c	md5	04de9b654461948196fd893ea531783c	
unchanged	third_party	header	stlport/stl/_complex.h	md5	8e0bb3edc031b745d22c6a9a83b43251	md5	8e0bb3edc031b745d22c6a9a83b43251	
unchanged	third_party	header	stlport/stl/_config_compat_post.h	md5	536d73a28bfa2c43d17f17d2ad0a24a5	md5	536d73a28bfa2c43d17f17d2ad0a24a5	
unchanged	third_party	header	stlport/stl/_construct.h	md5	cf3b02d1d3ebfdcc62a2162d421bf780	md5	cf3b02d1d3ebfdcc62a2162d421bf780	
unchanged	third_party	header	stlport/stl/_cprolog.h	md5	adac3c4f64c437b744ae1852ed4b7903	md5	adac3c4f64c437b744ae1852ed4b7903	
unchanged	third_party	header	stlport/stl/_cstdarg.h	md5	32253de890eb580e8ec9eca3db6a604f	md5	32253de890eb580e8ec9eca3db6a604f	
unchanged	third_party	header	stlport/stl/_cstddef.h	md5	5dcd353f04e817f160682aef7dd559fa	md5	5dcd353f04e817f160682aef7dd559fa	
unchanged	third_party	header	stlport/stl/_cstdio.h	md5	383d2ebc2f4eed2f5df872d8ebc32027	md5	383d2ebc2f4eed2f5df872d8ebc32027	
unchanged	third_party	header	stlport/stl/_cstdlib.h	md5	21e1c2eb34f3422523726e2ee92f5f39	md5	21e1c2eb34f3422523726e2ee92f5f39	
unchanged	third_party	header	stlport/stl/_cstring.h	md5	3b75e5f10c78d204edbffc1add2a7210	md5	3b75e5f10c78d204edbffc1add2a7210	
unchanged	third_party	header	stlport/stl/_ctime.h	md5	2f29fb08d2395605dcd3d81ce7945c7f	md5	2f29fb08d2395605dcd3d81ce7945c7f	
unchanged	third_party	header	stlport/stl/_ctraits_fns.h	md5	97c34f1d219134c24faeea69abea6712	md5	97c34f1d219134c24faeea69abea6712	
unchanged	third_party	header	stlport/stl/_ctype.h	md5	72bc6f7892efb77949e360a83bd949cc	md5	72bc6f7892efb77949e360a83bd949cc	
unchanged	third_party	header	stlport/stl/_cwchar.h	md5	1fbaa003b3af3626a25c252b5a934dce	md5	1fbaa003b3af3626a25c252b5a934dce	
unchanged	third_party	header	stlport/stl/_cwctype.h	md5	7f3bc2d70784a93811ce62d39d2eed98	md5	7f3bc2d70784a93811ce62d39d2eed98	
unchanged	third_party	source	stlport/stl/_deque.c	md5	8df65a62f94f97fcfbdd45bff6baea48	md5	8df65a62f94f97fcfbdd45bff6baea48	
unchanged	third_party	header	stlport/stl/_deque.h	md5	d4de4eac877d0ad43d3d9910bad86fac	md5	d4de4eac877d0ad43d3d9910bad86fac	
unchanged	third_party	header	stlport/stl/_epilog.h	md5	7a2bcc1a44f9893be6234e14ad4839c6	md5	7a2bcc1a44f9893be6234e14ad4839c6	
unchanged	third_party	header	stlport/stl/_exception.h	md5	ee402dfaa5a3aa1758b52599e0c1d5f1	md5	ee402dfaa5a3aa1758b52599e0c1d5f1	
unchanged	third_party	header	stlport/stl/_facets_fwd.h	md5	51b9718e8ad75a9a6eae6afbb5fb60ff	md5	51b9718e8ad75a9a6eae6afbb5fb60ff	
unchanged	third_party	header	stlport/stl/_function.h	md5	6b233cd1d14b0ea10968a973741de4aa	md5	6b233cd1d14b0ea10968a973741de4aa	
unchanged	third_party	header	stlport/stl/_function_adaptors.h	md5	2b0d0154f11e67bceb034317b6aa0a54	md5	2b0d0154f11e67bceb034317b6aa0a54	
unchanged	third_party	header	stlport/stl/_function_base.h	md5	ad49f18d0adc1316e3ae6849632f4b6b	md5	ad49f18d0adc1316e3ae6849632f4b6b	
unchanged	third_party	header	stlport/stl/_hash_fun.h	md5	64b5ae882566cea89cde53ed252a244b	md5	64b5ae882566cea89cde53ed252a244b	
unchanged	third_party	header	stlport/stl/_hash_map.h	md5	a7f106eb4e7c02381a04be80ebb564be	md5	a7f106eb4e7c02381a04be80ebb564be	
unchanged	third_party	source	stlport/stl/_hashtable.c	md5	3e8822623f80e72912272848ad2acf41	md5	3e8822623f80e72912272848ad2acf41	
unchanged	third_party	header	stlport/stl/_hashtable.h	md5	58d97122320947cce3e5224598b700e5	md5	58d97122320947cce3e5224598b700e5	
unchanged	third_party	source	stlport/stl/_heap.c	md5	ceda4547419018f62f0e4924856d585e	md5	ceda4547419018f62f0e4924856d585e	
unchanged	third_party	header	stlport/stl/_heap.h	md5	19c9796b12f7315b6f5953b87da0632b	md5	19c9796b12f7315b6f5953b87da0632b	
unchanged	third_party	header	stlport/stl/_iomanip.h	md5	ad4aa0c1939446fccbbb222c71a5af2b	md5	ad4aa0c1939446fccbbb222c71a5af2b	
unchanged	third_party	source	stlport/stl/_ios.c	md5	271bd163604fc676a0b245f70cff24a6	md5	271bd163604fc676a0b245f70cff24a6	
unchanged	third_party	header	stlport/stl/_ios.h	md5	099f7da94ae745271f6b1254c52e2de7	md5	099f7da94ae745271f6b1254c52e2de7	
unchanged	third_party	header	stlport/stl/_ios_base.h	md5	a0a096a07f51647e3282f60975bc0053	md5	a0a096a07f51647e3282f60975bc0053	
unchanged	third_party	header	stlport/stl/_ioserr.h	md5	0d4ebd477f3bb3f9e295cfbfc4be4df8	md5	0d4ebd477f3bb3f9e295cfbfc4be4df8	
unchanged	third_party	header	stlport/stl/_iosfwd.h	md5	f2a6b754556946bce82625c3614f54a5	md5	f2a6b754556946bce82625c3614f54a5	
unchanged	third_party	header	stlport/stl/_iostream_string.h	md5	13cd11c504c269c657bb8bef702c7ec9	md5	13cd11c504c269c657bb8bef702c7ec9	
unchanged	third_party	source	stlport/stl/_istream.c	md5	31478726046b8a86ed0a98da9587ce82	md5	31478726046b8a86ed0a98da9587ce82	
unchanged	third_party	header	stlport/stl/_istream.h	md5	912a238cdebb97252bdde96fc131a932	md5	912a238cdebb97252bdde96fc131a932	
unchanged	third_party	header	stlport/stl/_istreambuf_iterator.h	md5	e119336df57a68b43a312586d45358a8	md5	e119336df57a68b43a312586d45358a8	
unchanged	third_party	header	stlport/stl/_iterator.h	md5	bf45cea64f84dffc771085934d13cebd	md5	bf45cea64f84dffc771085934d13cebd	
unchanged	third_party	header	stlport/stl/_iterator_base.h	md5	dc8609642f96fdfa005d6e97e5af5eff	md5	dc8609642f96fdfa005d6e97e5af5eff	
unchanged	third_party	source	stlport/stl/_limits.c	md5	cb7f27fce98aa16e8654bc4ec1871327	md5	cb7f27fce98aa16e8654bc4ec1871327	
unchanged	third_party	header	stlport/stl/_limits.h	md5	1ee5098da3977038db3c148541d480b5	md5	1ee5098da3977038db3c148541d480b5	
unchanged	third_party	source	stlport/stl/_list.c	md5	bf62b4923f674d6d800d3b0461b044e4	md5	bf62b4923f674d6d800d3b0461b044e4	
unchanged	third_party	header	stlport/stl/_list.h	md5	006e52d8dacaa13b37ca288bcced9bbb	md5	006e52d8dacaa13b37ca288bcced9bbb	
unchanged	third_party	header	stlport/stl/_locale.h	md5	1d57541c8ccd17b4d5d152eddce8a5b4	md5	1d57541c8ccd17b4d5d152eddce8a5b4	
unchanged	third_party	header	stlport/stl/_map.h	md5	05e5a57027a4fc1a530e7a895098acbc	md5	05e5a57027a4fc1a530e7a895098acbc	
unchanged	third_party	header	stlport/stl/_mbstate_t.h	md5	98fa2189ac738d808645f16fece0bc2a	md5	98fa2189ac738d808645f16fece0bc2a	
unchanged	third_party	header	stlport/stl/_messages_facets.h	md5	a047fa8b38009b6e30e5176eaa368f63	md5	a047fa8b38009b6e30e5176eaa368f63	
unchanged	third_party	source	stlport/stl/_monetary.c	md5	504ca736aaa62bae42183579faf22b9e	md5	504ca736aaa62bae42183579faf22b9e	
unchanged	third_party	header	stlport/stl/_monetary.h	md5	a73856c071f537a09db195c8de955113	md5	a73856c071f537a09db195c8de955113	
unchanged	third_party	header	stlport/stl/_move_construct_fwk.h	md5	139e74ea9cb02c831fed0f00b75cd79e	md5	139e74ea9cb02c831fed0f00b75cd79e	
unchanged	third_party	header	stlport/stl/_new.h	md5	a478b24904c8f221cbcf636433a8193d	md5	a478b24904c8f221cbcf636433a8193d	
unchanged	third_party	source	stlport/stl/_num_get.c	md5	bdbdbfbaffecabf3e6aa7b269fcae92a	md5	bdbdbfbaffecabf3e6aa7b269fcae92a	
unchanged	third_party	header	stlport/stl/_num_get.h	md5	09aeb8641cc3012f085ae484270b05d2	md5	09aeb8641cc3012f085ae484270b05d2	
unchanged	third_party	source	stlport/stl/_num_put.c	md5	26da72eb8cfc9a9556460c12db1706d1	md5	26da72eb8cfc9a9556460c12db1706d1	
unchanged	third_party	header	stlport/stl/_num_put.h	md5	8d25982eeb4097c2c73dbdbfd0a4b574	md5	8d25982eeb4097c2c73dbdbfd0a4b574	
unchanged	third_party	source	stlport/stl/_numeric.c	md5	c47276bff0c28cbfcf9661aa0d9763a6	md5	c47276bff0c28cbfcf9661aa0d9763a6	
unchanged	third_party	header	stlport/stl/_numeric.h	md5	1d5ded26816823be7ac7b272fd5f3ae4	md5	1d5ded26816823be7ac7b272fd5f3ae4	
unchanged	third_party	header	stlport/stl/_numpunct.h	md5	d28cebdc7ccb6c92393ed0ae410d8fb8	md5	d28cebdc7ccb6c92393ed0ae410d8fb8	
unchanged	third_party	source	stlport/stl/_ostream.c	md5	77d59bd2fea45815021ff3c8b0afa7a4	md5	77d59bd2fea45815021ff3c8b0afa7a4	
unchanged	third_party	header	stlport/stl/_ostream.h	md5	c69fe2f7d39f6d93b8b88701d69bc7e2	md5	c69fe2f7d39f6d93b8b88701d69bc7e2	
unchanged	third_party	header	stlport/stl/_ostreambuf_iterator.h	md5	74b2cfd9f8394841543dd51f003851be	md5	74b2cfd9f8394841543dd51f003851be	
unchanged	third_party	header	stlport/stl/_pair.h	md5	6be5dee768bfd9edb25f735eaa78ecff	md5	6be5dee768bfd9edb25f735eaa78ecff	
unchanged	third_party	header	stlport/stl/_prolog.h	md5	18d8a3924260d3cd53873c6c8d09e123	md5	18d8a3924260d3cd53873c6c8d09e123	
unchanged	third_party	header	stlport/stl/_ptrs_specialize.h	md5	2a7a66df108a6c4c974c1fc3532296cf	md5	2a7a66df108a6c4c974c1fc3532296cf	
unchanged	third_party	header	stlport/stl/_queue.h	md5	d722a9f015de7f98a58c45359d72e061	md5	d722a9f015de7f98a58c45359d72e061	
unchanged	third_party	header	stlport/stl/_range_errors.h	md5	41eeb5c43ab0668301ac3932d7a41979	md5	41eeb5c43ab0668301ac3932d7a41979	
unchanged	third_party	header	stlport/stl/_raw_storage_iter.h	md5	a1b8663beccdf2be3421b6a3ae4eb3c6	md5	a1b8663beccdf2be3421b6a3ae4eb3c6	
unchanged	third_party	header	stlport/stl/_relops_cont.h	md5	3055192683efdaffa08fa662fe8150cb	md5	3055192683efdaffa08fa662fe8150cb	
unchanged	third_party	header	stlport/stl/_relops_hash_cont.h	md5	6a2f7ef11ec13433b56f8e4b4d80f26c	md5	6a2f7ef11ec13433b56f8e4b4d80f26c	
unchanged	third_party	header	stlport/stl/_set.h	md5	9839df50a891632bbd1ebba8b39ddcbf	md5	9839df50a891632bbd1ebba8b39ddcbf	
unchanged	third_party	source	stlport/stl/_slist.c	md5	37418d0734b1253c14090ef54a3b8e6d	md5	37418d0734b1253c14090ef54a3b8e6d	
unchanged	third_party	header	stlport/stl/_slist.h	md5	86378be20a660cf282afc6d7728daca6	md5	86378be20a660cf282afc6d7728daca6	
unchanged	third_party	header	stlport/stl/_slist_base.h	md5	020636634d0d9868782aff3f832685f7	md5	020636634d0d9868782aff3f832685f7	
unchanged	third_party	source	stlport/stl/_sstream.c	md5	18d3eefe1b132df2572132ae57e56577	md5	18d3eefe1b132df2572132ae57e56577	
unchanged	third_party	header	stlport/stl/_sstream.h	md5	bbecae2b1f81de95aeab3ac7b7bdb374	md5	bbecae2b1f81de95aeab3ac7b7bdb374	
unchanged	third_party	header	stlport/stl/_stack.h	md5	e7154213916c51431322de2d36054f8b	md5	e7154213916c51431322de2d36054f8b	
unchanged	third_party	header	stlport/stl/_stdexcept.h	md5	91c26f10f1e147c816d10f52a6f0e9cd	md5	91c26f10f1e147c816d10f52a6f0e9cd	
unchanged	third_party	header	stlport/stl/_stdexcept_base.h	md5	7721033743fecec4d42b6dc9410a5e08	md5	7721033743fecec4d42b6dc9410a5e08	
unchanged	third_party	header	stlport/stl/_stlport_version.h	md5	87f2dbd4f79ad286d627f49491c6c53c	md5	87f2dbd4f79ad286d627f49491c6c53c	
unchanged	third_party	header	stlport/stl/_stream_iterator.h	md5	07167efaecd59ec0efedc3b383a2bc1e	md5	07167efaecd59ec0efedc3b383a2bc1e	
unchanged	third_party	source	stlport/stl/_streambuf.c	md5	fc707026c7428800922326f1cbbcc266	md5	fc707026c7428800922326f1cbbcc266	
unchanged	third_party	header	stlport/stl/_streambuf.h	md5	41ca80b823cdd155b03fac19b90a68f4	md5	41ca80b823cdd155b03fac19b90a68f4	
unchanged	third_party	source	stlport/stl/_string.c	md5	66025077d4b4d050a241f9499101e14d	md5	66025077d4b4d050a241f9499101e14d	
unchanged	third_party	header	stlport/stl/_string.h	md5	c0ee44e490ac45fb33817fe6a6e276f2	md5	c0ee44e490ac45fb33817fe6a6e276f2	
unchanged	third_party	header	stlport/stl/_string_base.h	md5	716cdecdbca01f5c353679eac22f8b2f	md5	716cdecdbca01f5c353679eac22f8b2f	
unchanged	third_party	header	stlport/stl/_string_fwd.h	md5	1be5fbabd3916fb9e34d28bbaf6f7825	md5	1be5fbabd3916fb9e34d28bbaf6f7825	
unchanged	third_party	header	stlport/stl/_string_hash.h	md5	8047b3d98b7a23bc07cc8631a15a7dcc	md5	8047b3d98b7a23bc07cc8631a15a7dcc	
unchanged	third_party	source	stlport/stl/_string_io.c	md5	20841176ba635a7d068152216227feb2	md5	20841176ba635a7d068152216227feb2	
unchanged	third_party	header	stlport/stl/_string_io.h	md5	463bef541289bce518bbfc2851f2d0a0	md5	463bef541289bce518bbfc2851f2d0a0	
unchanged	third_party	header	stlport/stl/_string_npos.h	md5	064b6e3ca010c34307a48882df8265ed	md5	064b6e3ca010c34307a48882df8265ed	
unchanged	third_party	header	stlport/stl/_string_operators.h	md5	2235271a0ee0e989492372c5398bfa2e	md5	2235271a0ee0e989492372c5398bfa2e	
unchanged	third_party	header	stlport/stl/_string_sum.h	md5	a7d1a73b39e8c963c948d729554840c1	md5	a7d1a73b39e8c963c948d729554840c1	
unchanged	third_party	header	stlport/stl/_string_sum_methods.h	md5	ab6038dd9fcf7ee60b23d503a9765606	md5	ab6038dd9fcf7ee60b23d503a9765606	
unchanged	third_party	source	stlport/stl/_tempbuf.c	md5	098f2817298773bde31f1a6a64f9c924	md5	098f2817298773bde31f1a6a64f9c924	
unchanged	third_party	header	stlport/stl/_tempbuf.h	md5	37c637f3169c8588a665c6fe5cc1f340	md5	37c637f3169c8588a665c6fe5cc1f340	
unchanged	third_party	source	stlport/stl/_threads.c	md5	06611653334e6cc0ea3b5a3f8141a180	md5	06611653334e6cc0ea3b5a3f8141a180	
unchanged	third_party	header	stlport/stl/_threads.h	md5	5fdde1921f405da6bd3fb61253b9e228	md5	5fdde1921f405da6bd3fb61253b9e228	
unchanged	third_party	source	stlport/stl/_time_facets.c	md5	163b025c20645cf5fb9bb5669b6d97b2	md5	163b025c20645cf5fb9bb5669b6d97b2	
unchanged	third_party	header	stlport/stl/_time_facets.h	md5	ac73f7bbb693f0b709a393f998709a50	md5	ac73f7bbb693f0b709a393f998709a50	
unchanged	third_party	source	stlport/stl/_tree.c	md5	69fc3a14ce2366407f35810722868f1b	md5	69fc3a14ce2366407f35810722868f1b	
unchanged	third_party	header	stlport/stl/_tree.h	md5	a7c408c6c3b2b52886acde1455c592f6	md5	a7c408c6c3b2b52886acde1455c592f6	
unchanged	third_party	header	stlport/stl/_typeinfo.h	md5	54c7469a5e8e15b327436ec189dedcce	md5	54c7469a5e8e15b327436ec189dedcce	
unchanged	third_party	header	stlport/stl/_uninitialized.h	md5	2250d37d2c6722e3ec604f841f839503	md5	2250d37d2c6722e3ec604f841f839503	
unchanged	third_party	source	stlport/stl/_vector.c	md5	840c4b14fde0453c9e7ddadcc33f00c7	md5	840c4b14fde0453c9e7ddadcc33f00c7	
unchanged	third_party	header	stlport/stl/_vector.h	md5	920387b465ec2b81ab2a4b0233748999	md5	920387b465ec2b81ab2a4b0233748999	
unchanged	third_party	header	stlport/stl/c_locale.h	md5	f19f68f5c24762cb178f6f4ff105d37a	md5	f19f68f5c24762cb178f6f4ff105d37a	
unchanged	third_party	header	stlport/stl/char_traits.h	md5	50d42cd7224a2a43fb490c3c26af7f62	md5	50d42cd7224a2a43fb490c3c26af7f62	
unchanged	third_party	header	stlport/stl/config/_auto_link.h	md5	63d80abc3de2ff753599c8e1d8798026	md5	63d80abc3de2ff753599c8e1d8798026	
unchanged	third_party	header	stlport/stl/config/_detect_dll_or_lib.h	md5	3168fabe38dc85fa96d80675f86cc012	md5	3168fabe38dc85fa96d80675f86cc012	
unchanged	third_party	header	stlport/stl/config/_epilog.h	md5	95df42691b2cd3bb51284bdfc0c7ce98	md5	95df42691b2cd3bb51284bdfc0c7ce98	
unchanged	third_party	header	stlport/stl/config/_feedback.h	md5	a4671ad81cd21ab0fe3bb5b4f23da64e	md5	a4671ad81cd21ab0fe3bb5b4f23da64e	
unchanged	third_party	header	stlport/stl/config/_msvc.h	md5	04f0112ccc6d07069fb852e5ab3332e2	md5	04f0112ccc6d07069fb852e5ab3332e2	
unchanged	third_party	header	stlport/stl/config/_native_headers.h	md5	bf6471b94aef5459747adc6e3a8fb612	md5	bf6471b94aef5459747adc6e3a8fb612	
unchanged	third_party	header	stlport/stl/config/_prolog.h	md5	a7258795af73c6c01abb9887b48d3c48	md5	a7258795af73c6c01abb9887b48d3c48	
unchanged	third_party	header	stlport/stl/config/_system.h	md5	1cb3a0cbaab687162d63aee78797e6df	md5	1cb3a0cbaab687162d63aee78797e6df	
unchanged	third_party	header	stlport/stl/config/_warnings_off.h	md5	d6a03956b5309b04ef0d76a81fdc6e4f	md5	d6a03956b5309b04ef0d76a81fdc6e4f	
unchanged	third_party	header	stlport/stl/config/_windows.h	md5	ad2f85de70018c115bc446a07428fc8a	md5	ad2f85de70018c115bc446a07428fc8a	
unchanged	third_party	header	stlport/stl/config/compat.h	md5	f630e53a25215751cb10ec08578ebf33	md5	f630e53a25215751cb10ec08578ebf33	
unchanged	third_party	header	stlport/stl/config/features.h	md5	5125140d7c83ba41cc3d2eee6b8593ac	md5	5125140d7c83ba41cc3d2eee6b8593ac	
unchanged	third_party	header	stlport/stl/config/host.h	md5	8c2150869b9f84c150079e9a8c265f8e	md5	8c2150869b9f84c150079e9a8c265f8e	
unchanged	third_party	header	stlport/stl/config/stl_confix.h	md5	67d308cc28e4e52fdafd4414112a2e02	md5	67d308cc28e4e52fdafd4414112a2e02	
unchanged	third_party	header	stlport/stl/config/user_config.h	md5	9ac62b48fab64083e62e7ceb19b90a1d	md5	9ac62b48fab64083e62e7ceb19b90a1d	
unchanged	third_party	header	stlport/stl/debug/_debug.h	md5	e85abf4fcd5756e15265cd7677af9ce9	md5	e85abf4fcd5756e15265cd7677af9ce9	
unchanged	third_party	header	stlport/stl/pointers/_deque.h	md5	17ec78d17bc5a6c46b68696a4d6f1cae	md5	17ec78d17bc5a6c46b68696a4d6f1cae	
unchanged	third_party	header	stlport/stl/pointers/_list.h	md5	b56678f987d58532f27eeccde9063ea6	md5	b56678f987d58532f27eeccde9063ea6	
unchanged	third_party	header	stlport/stl/pointers/_set.h	md5	44c57602ca11cc53d61a9766e9ed014c	md5	44c57602ca11cc53d61a9766e9ed014c	
unchanged	third_party	header	stlport/stl/pointers/_slist.h	md5	06f5538c3078e2b27429a527699fb447	md5	06f5538c3078e2b27429a527699fb447	
unchanged	third_party	header	stlport/stl/pointers/_tools.h	md5	0ea410ab523cbb3507fa1404646689bb	md5	0ea410ab523cbb3507fa1404646689bb	
unchanged	third_party	header	stlport/stl/pointers/_vector.h	md5	b45636976610cb8ae310b2838c470ac7	md5	b45636976610cb8ae310b2838c470ac7	
unchanged	third_party	header	stlport/stl/type_manips.h	md5	f4f0593d9b77ff4c703259389f3dc15b	md5	f4f0593d9b77ff4c703259389f3dc15b	
unchanged	third_party	header	stlport/stl/type_traits.h	md5	8898d19a9a185214c1278d823036bd6d	md5	8898d19a9a185214c1278d823036bd6d	
unchanged	third_party	other	stlport/streambuf	md5	b016ce05ab8ba254be2a1048725496f8	md5	b016ce05ab8ba254be2a1048725496f8	
unchanged	third_party	other	stlport/string	md5	ffb80582b3922181b9f5bf64710075a6	md5	ffb80582b3922181b9f5bf64710075a6	
unchanged	third_party	header	stlport/string.h	md5	fdddfc8bf7302c1f82eb8203d3a030ee	md5	fdddfc8bf7302c1f82eb8203d3a030ee	
unchanged	third_party	header	stlport/time.h	md5	4eaef6bc9d05e5d1a86577dbdfb5feab	md5	4eaef6bc9d05e5d1a86577dbdfb5feab	
unchanged	third_party	other	stlport/typeinfo	md5	19d8f3f83dd73d1615ea263e1cb6afe5	md5	19d8f3f83dd73d1615ea263e1cb6afe5	
unchanged	third_party	other	stlport/using/cstring	md5	4ed459f968c38d535208a4570f51ad73	md5	4ed459f968c38d535208a4570f51ad73	
unchanged	third_party	other	stlport/utility	md5	25e58887b9f01f61e6819ba84e17ab13	md5	25e58887b9f01f61e6819ba84e17ab13	
unchanged	third_party	other	stlport/vector	md5	8dd099cd6ab4a22c90ab1f228de14cdc	md5	8dd099cd6ab4a22c90ab1f228de14cdc	
unchanged	third_party	header	stlport/wchar.h	md5	4b46db1d213eaef9c9cd749570cd7aa2	md5	4b46db1d213eaef9c9cd749570cd7aa2	
unchanged	third_party	header	stlport/wctype.h	md5	3c41f1fedd24957fb0e6122ac364a139	md5	3c41f1fedd24957fb0e6122ac364a139	
unchanged	third_party	header	vorbis/codec.h	md5	07c6f9b10314dfae5d9f6ba605936a9c	md5	07c6f9b10314dfae5d9f6ba605936a9c	
unchanged	third_party	header	vorbis/sources/lib/backends.h	md5	2078e838cf8e9ce2380887f1776b1083	md5	2078e838cf8e9ce2380887f1776b1083	
unchanged	third_party	source	vorbis/sources/lib/bitrate.c	md5	eeb04aa685d2fb6f597ed9990490fc5a	md5	eeb04aa685d2fb6f597ed9990490fc5a	
unchanged	third_party	header	vorbis/sources/lib/bitrate.h	md5	962ecce43653707bfab7f6fb36bf80ae	md5	962ecce43653707bfab7f6fb36bf80ae	
unchanged	third_party	source	vorbis/sources/lib/block.c	md5	a2f6b413a2d1479bb4d9249147f7e1e8	md5	a2f6b413a2d1479bb4d9249147f7e1e8	
unchanged	third_party	source	vorbis/sources/lib/codebook.c	md5	361383b3b424aeea14b30299b514631d	md5	361383b3b424aeea14b30299b514631d	
unchanged	third_party	header	vorbis/sources/lib/codebook.h	md5	ec87008e258f0339b20baa8d785188e1	md5	ec87008e258f0339b20baa8d785188e1	
unchanged	third_party	header	vorbis/sources/lib/codec_internal.h	md5	cff4ccbf6365a3318c384a2397cf8914	md5	cff4ccbf6365a3318c384a2397cf8914	
unchanged	third_party	source	vorbis/sources/lib/envelope.c	md5	c1e85b7b7abc8b68600a25bb207dd6b6	md5	c1e85b7b7abc8b68600a25bb207dd6b6	
unchanged	third_party	header	vorbis/sources/lib/envelope.h	md5	49edbebc9c1511cd1fde911bab9644d5	md5	49edbebc9c1511cd1fde911bab9644d5	
unchanged	third_party	source	vorbis/sources/lib/floor0.c	md5	1d0508faa3bc9b3e401d6de4bdb5a6ff	md5	1d0508faa3bc9b3e401d6de4bdb5a6ff	
unchanged	third_party	source	vorbis/sources/lib/floor1.c	md5	4fa13925583c790f57ea5a59c9d89381	md5	4fa13925583c790f57ea5a59c9d89381	
unchanged	third_party	header	vorbis/sources/lib/highlevel.h	md5	d46d84ac16417e47f6758e015d0f58e9	md5	d46d84ac16417e47f6758e015d0f58e9	
unchanged	third_party	source	vorbis/sources/lib/info.c	md5	45a14627b106e8bb5bbc2e043317b7ac	md5	45a14627b106e8bb5bbc2e043317b7ac	
unchanged	third_party	header	vorbis/sources/lib/lookup.h	md5	fdc927a0d016aa5ba6cf49455bd07dc8	md5	fdc927a0d016aa5ba6cf49455bd07dc8	
unchanged	third_party	source	vorbis/sources/lib/lpc.c	md5	1a716fc9fb772a39b49c868c3939fc79	md5	1a716fc9fb772a39b49c868c3939fc79	
unchanged	third_party	header	vorbis/sources/lib/lpc.h	md5	29e4fb99022459624f775b18f4e9b705	md5	29e4fb99022459624f775b18f4e9b705	
unchanged	third_party	source	vorbis/sources/lib/lsp.c	md5	bf1658d7a163fcd40d58625b5fcc1962	md5	bf1658d7a163fcd40d58625b5fcc1962	
unchanged	third_party	header	vorbis/sources/lib/lsp.h	md5	978bfbd81d1e8228a292db186bc87a68	md5	978bfbd81d1e8228a292db186bc87a68	
unchanged	third_party	source	vorbis/sources/lib/mapping0.c	md5	c8fff9690f87970a4be39c643540fdc5	md5	c8fff9690f87970a4be39c643540fdc5	
unchanged	third_party	header	vorbis/sources/lib/masking.h	md5	dc54b25bbdb0c2fe006b32f484507006	md5	dc54b25bbdb0c2fe006b32f484507006	
unchanged	third_party	source	vorbis/sources/lib/mdct.c	md5	df20fdd6286b9ce257e40562156b06df	md5	df20fdd6286b9ce257e40562156b06df	
unchanged	third_party	header	vorbis/sources/lib/mdct.h	md5	c4734260aa22475387cfa53ed44c3e88	md5	c4734260aa22475387cfa53ed44c3e88	
unchanged	third_party	header	vorbis/sources/lib/misc.h	md5	8698684f083e02336e6d6cfcaa237bb9	md5	8698684f083e02336e6d6cfcaa237bb9	
unchanged	third_party	header	vorbis/sources/lib/os.h	md5	9c258c0dfe6d2258925db69018768420	md5	9c258c0dfe6d2258925db69018768420	
unchanged	third_party	source	vorbis/sources/lib/psy.c	md5	08b1972b1353a2cc562ce9f779e982b0	md5	08b1972b1353a2cc562ce9f779e982b0	
unchanged	third_party	header	vorbis/sources/lib/psy.h	md5	1d22c6de7533247fe5a2f20f908c4efe	md5	1d22c6de7533247fe5a2f20f908c4efe	
unchanged	third_party	source	vorbis/sources/lib/registry.c	md5	d20a35a0214f50ff43f98a82129eceb1	md5	d20a35a0214f50ff43f98a82129eceb1	
unchanged	third_party	header	vorbis/sources/lib/registry.h	md5	432fe4bca3665babd955f51cc380788f	md5	432fe4bca3665babd955f51cc380788f	
unchanged	third_party	source	vorbis/sources/lib/res0.c	md5	1dc147e4555a94e3d414ca40242d7c89	md5	1dc147e4555a94e3d414ca40242d7c89	
unchanged	third_party	header	vorbis/sources/lib/scales.h	md5	15a59499648426b4e4e53cfeebef4449	md5	15a59499648426b4e4e53cfeebef4449	
unchanged	third_party	source	vorbis/sources/lib/sharedbook.c	md5	226c08bad2b193f11391a7399af683ea	md5	226c08bad2b193f11391a7399af683ea	
unchanged	third_party	source	vorbis/sources/lib/smallft.c	md5	306ee0306bb34dc9dcca089c0fe1c522	md5	306ee0306bb34dc9dcca089c0fe1c522	
unchanged	third_party	header	vorbis/sources/lib/smallft.h	md5	2ad1b868507156e3b6767c2dc3b9e386	md5	2ad1b868507156e3b6767c2dc3b9e386	
unchanged	third_party	source	vorbis/sources/lib/synthesis.c	md5	f5748cc96dbafc3e6eed179f67078dd5	md5	f5748cc96dbafc3e6eed179f67078dd5	
unchanged	third_party	source	vorbis/sources/lib/vorbisfile.c	md5	fd26d0bf69f95f5153087d8960320bb8	md5	fd26d0bf69f95f5153087d8960320bb8	
unchanged	third_party	source	vorbis/sources/lib/window.c	md5	0df5b770cb3b25f022348d8eb6648251	md5	0df5b770cb3b25f022348d8eb6648251	
unchanged	third_party	header	vorbis/sources/lib/window.h	md5	d0228446ac571b6d97b09788984a5e12	md5	d0228446ac571b6d97b09788984a5e12	
unchanged	third_party	header	vorbis/vorbisenc.h	md5	5f1f91c94f9a38a00d1363e9a018f966	md5	5f1f91c94f9a38a00d1363e9a018f966	
unchanged	third_party	header	vorbis/vorbisfile.h	md5	135ad692a9ba1b8c9cf0ac1ef8bf7d22	md5	135ad692a9ba1b8c9cf0ac1ef8bf7d22	
unchanged	engine	header	vostok/ai/action_types.h	md5	e2f23f7fdf9479ce1ecaa37bf39a55fd	md5	e2f23f7fdf9479ce1ecaa37bf39a55fd	
unchanged	engine	header	vostok/ai/animation_item.h	md5	cc3499d468ee3a3077e149ea7a4e564b	md5	cc3499d468ee3a3077e149ea7a4e564b	
unchanged	engine	header	vostok/ai/api.h	md5	0d630298c7f6925787d2c4e0ed88ed16	md5	0d630298c7f6925787d2c4e0ed88ed16	
unchanged	engine	header	vostok/ai/collision_object.h	md5	f0863cdd5a947db78f7c0f80519a0f2d	md5	f0863cdd5a947db78f7c0f80519a0f2d	
unchanged	engine	header	vostok/ai/engine.h	md5	a124dac5caef0285a24a75aa80d31dc9	md5	a124dac5caef0285a24a75aa80d31dc9	
unchanged	engine	header	vostok/ai/filter_types.h	md5	21bd8adf34cfc65c14f4ad41d54dbcc0	md5	21bd8adf34cfc65c14f4ad41d54dbcc0	
unchanged	engine	header	vostok/ai/fsm.h	md5	4c26efb9c2c231bfcf973dca457a9ced	md5	4c26efb9c2c231bfcf973dca457a9ced	
unchanged	engine	header	vostok/ai/fsm_state.h	md5	2fb0d325f4359678a8983727af65406f	md5	2fb0d325f4359678a8983727af65406f	
unchanged	engine	header	vostok/ai/fsm_state_transition.h	md5	cc70f7be34d02d6475a6f78074ffadf0	md5	cc70f7be34d02d6475a6f78074ffadf0	
unchanged	engine	header	vostok/ai/game_object.h	md5	4223906f1f3e6cbb4d15c04a36b12afa	md5	4223906f1f3e6cbb4d15c04a36b12afa	
unchanged	engine	header	vostok/ai/goal_types.h	md5	4445f4900f57e7cab74c318429c8069f	md5	4445f4900f57e7cab74c318429c8069f	
unchanged	engine	header	vostok/ai/library_linkage.h	md5	26729c84da64896707b313670f0a7457	md5	26729c84da64896707b313670f0a7457	
unchanged	engine	header	vostok/ai/movement_target.h	md5	e98fd1f6af7cd4af61fc2b52b217b1b9	md5	e98fd1f6af7cd4af61fc2b52b217b1b9	
unchanged	engine	header	vostok/ai/navigation_environment.h	md5	5985156156463e8506d8add13febb1d3	md5	5985156156463e8506d8add13febb1d3	
unchanged	engine	header	vostok/ai/npc.h	md5	76761b48d2d6925e0419880b562bee9b	md5	76761b48d2d6925e0419880b562bee9b	
unchanged	engine	header	vostok/ai/npc_statistics.h	md5	51d66eb23b53e9d3d8d118794c413351	md5	51d66eb23b53e9d3d8d118794c413351	
unchanged	engine	header	vostok/ai/parameter_types.h	md5	1b6eb7fd77f3165b295ac60144dde911	md5	1b6eb7fd77f3165b295ac60144dde911	
unchanged	engine	header	vostok/ai/search/a_star.h	md5	d68866c12d938619046ec6ea9fee95d1	md5	d68866c12d938619046ec6ea9fee95d1	
unchanged	engine	header	vostok/ai/search/a_star_inline.h	md5	bf5754dd341f559a25f7c491f1d36edb	md5	bf5754dd341f559a25f7c491f1d36edb	
unchanged	engine	header	vostok/ai/search/base_types.h	md5	1b0dc5211da9a1b7b15cb76d224e5e17	md5	1b0dc5211da9a1b7b15cb76d224e5e17	
unchanged	engine	header	vostok/ai/search/const_oracle.h	md5	29085b8e64b04f3225f20552cac5d67a	md5	29085b8e64b04f3225f20552cac5d67a	
unchanged	engine	header	vostok/ai/search/const_oracle_inline.h	md5	42ccf833daf88947ec82bfb27816fd7c	md5	42ccf833daf88947ec82bfb27816fd7c	
unchanged	engine	header	vostok/ai/search/dnf_world_state.h	md5	b291c57019cbea7d6a91f19ef4b7ab19	md5	b291c57019cbea7d6a91f19ef4b7ab19	
unchanged	engine	header	vostok/ai/search/dnf_world_state_inline.h	md5	18dcc8964a00205e4ec2f1558a4edfd9	md5	18dcc8964a00205e4ec2f1558a4edfd9	
unchanged	engine	header	vostok/ai/search/graph_wrapper_planner_backward.h	md5	4173002107c090539e0760b4c604f76e	md5	4173002107c090539e0760b4c604f76e	
unchanged	engine	header	vostok/ai/search/graph_wrapper_planner_backward_inline.h	md5	2f787c080f8f957479e5a7ade3d088cf	md5	2f787c080f8f957479e5a7ade3d088cf	
unchanged	engine	header	vostok/ai/search/graph_wrapper_planner_base.h	md5	fdec2dc7658e1765729c707c7f61be9c	md5	fdec2dc7658e1765729c707c7f61be9c	
unchanged	engine	header	vostok/ai/search/graph_wrapper_planner_base_inline.h	md5	1c31b78d051b90c5f6150699592a6c4e	md5	1c31b78d051b90c5f6150699592a6c4e	
unchanged	engine	header	vostok/ai/search/graph_wrapper_planner_forward.h	md5	dd00ed84929a32ea03260bf5442d4fb4	md5	dd00ed84929a32ea03260bf5442d4fb4	
unchanged	engine	header	vostok/ai/search/graph_wrapper_planner_forward_inline.h	md5	3edf57ad7d45a59ca68f26827621222c	md5	3edf57ad7d45a59ca68f26827621222c	
unchanged	engine	header	vostok/ai/search/operator.h	md5	8559ba974cd5b429d6124c91f6378603	md5	8559ba974cd5b429d6124c91f6378603	
unchanged	engine	header	vostok/ai/search/operator_base.h	md5	ca06bc54416a30c3cd9ab84e0804a16c	md5	ca06bc54416a30c3cd9ab84e0804a16c	
unchanged	engine	header	vostok/ai/search/operator_base_inline.h	md5	6b5908ac8356d1f52df7088c2845f8b7	md5	6b5908ac8356d1f52df7088c2845f8b7	
unchanged	engine	header	vostok/ai/search/operator_holder.h	md5	b31cbf0ff8d4a069f42907de2228fcf4	md5	b31cbf0ff8d4a069f42907de2228fcf4	
unchanged	engine	header	vostok/ai/search/operator_holder_inline.h	md5	d519e912451db81f989c379b979f5a64	md5	d519e912451db81f989c379b979f5a64	
unchanged	engine	header	vostok/ai/search/operator_inline.h	md5	110ee45d9f617dfeddfab34f58d61cf8	md5	110ee45d9f617dfeddfab34f58d61cf8	
unchanged	engine	header	vostok/ai/search/operator_pair.h	md5	e28e6ae11cbcfcf7b3cd70b6415c1e6f	md5	e28e6ae11cbcfcf7b3cd70b6415c1e6f	
unchanged	engine	header	vostok/ai/search/operator_pair_inline.h	md5	4d03fb2dcad4797ab5e8b7b60e0a768e	md5	4d03fb2dcad4797ab5e8b7b60e0a768e	
unchanged	engine	header	vostok/ai/search/oracle.h	md5	e75ff37fe65e407e57266a16300ad456	md5	e75ff37fe65e407e57266a16300ad456	
unchanged	engine	header	vostok/ai/search/oracle_holder.h	md5	4188dc85371d16c0226be4da8e587208	md5	4188dc85371d16c0226be4da8e587208	
unchanged	engine	header	vostok/ai/search/oracle_holder_inline.h	md5	73cf47546df367b07233cadd9fed4057	md5	73cf47546df367b07233cadd9fed4057	
unchanged	engine	header	vostok/ai/search/oracle_inline.h	md5	c7d98168d45cf224ccf35709a97349b2	md5	c7d98168d45cf224ccf35709a97349b2	
unchanged	engine	header	vostok/ai/search/path_constructor_base.h	md5	b23a5bf90df17922e3cd6c8a59e43c09	md5	b23a5bf90df17922e3cd6c8a59e43c09	
unchanged	engine	header	vostok/ai/search/path_constructor_base_inline.h	md5	e121dc3e26047d448b068e58aae80ef2	md5	e121dc3e26047d448b068e58aae80ef2	
unchanged	engine	header	vostok/ai/search/path_constructor_edge.h	md5	91b660a6a19fa436c34a98ef80bad7a0	md5	91b660a6a19fa436c34a98ef80bad7a0	
unchanged	engine	header	vostok/ai/search/path_constructor_edge_inline.h	md5	bf61fda470a81d14b39ba3ae571789a4	md5	bf61fda470a81d14b39ba3ae571789a4	
unchanged	engine	header	vostok/ai/search/path_constructor_planner_backward.h	md5	048ef003073997a4c9d9c978b29b5862	md5	048ef003073997a4c9d9c978b29b5862	
unchanged	engine	header	vostok/ai/search/path_constructor_planner_backward_inline.h	md5	e42103c3e0ef8a24563d392c5ef09fad	md5	e42103c3e0ef8a24563d392c5ef09fad	
unchanged	engine	header	vostok/ai/search/path_constructor_planner_base.h	md5	9e4f86c16dec072138a117dd2ddb4269	md5	9e4f86c16dec072138a117dd2ddb4269	
unchanged	engine	header	vostok/ai/search/path_constructor_planner_forward.h	md5	4b76ed44a279aac10fa3697aae377689	md5	4b76ed44a279aac10fa3697aae377689	
unchanged	engine	header	vostok/ai/search/path_constructor_vertex.h	md5	94d5c81577d4636651a1507e8e8dc880	md5	94d5c81577d4636651a1507e8e8dc880	
unchanged	engine	header	vostok/ai/search/path_constructor_vertex_inline.h	md5	200bb7f05a83c120b0dd05352764e77f	md5	200bb7f05a83c120b0dd05352764e77f	
unchanged	engine	header	vostok/ai/search/path_heuristics_planner_backward.h	md5	9d88908c15214a26bdb9fbf3d5b425c3	md5	9d88908c15214a26bdb9fbf3d5b425c3	
unchanged	engine	header	vostok/ai/search/path_heuristics_planner_backward_inline.h	md5	104498ae7483acff5b1a851f4201dda5	md5	104498ae7483acff5b1a851f4201dda5	
unchanged	engine	header	vostok/ai/search/path_heuristics_planner_forward.h	md5	098a5cda6bafce9d2576f3f1c95bec97	md5	098a5cda6bafce9d2576f3f1c95bec97	
unchanged	engine	header	vostok/ai/search/path_heuristics_planner_forward_inline.h	md5	b858d049970671616a4c36f33cbe7baf	md5	b858d049970671616a4c36f33cbe7baf	
unchanged	engine	header	vostok/ai/search/path_heuristrics_planner_base.h	md5	953f2308c38d658f65c550e85c697b4c	md5	953f2308c38d658f65c550e85c697b4c	
unchanged	engine	header	vostok/ai/search/path_heuristrics_planner_base_inline.h	md5	952e80f9b6ddd5514daf35c33cb289d9	md5	952e80f9b6ddd5514daf35c33cb289d9	
unchanged	engine	header	vostok/ai/search/plan_tracker.h	md5	8ba8c49ee5fa9412d99dd5d64335d53e	md5	8ba8c49ee5fa9412d99dd5d64335d53e	
unchanged	engine	header	vostok/ai/search/plan_tracker_inline.h	md5	aa5a76c111dc01462dd96bb0ae075914	md5	aa5a76c111dc01462dd96bb0ae075914	
unchanged	engine	header	vostok/ai/search/priority_queue_binary_heap.h	md5	938775e078563b8370d9a0da01e268ae	md5	938775e078563b8370d9a0da01e268ae	
unchanged	engine	header	vostok/ai/search/priority_queue_binary_heap_inline.h	md5	c9063098acccb0b1e4d70b74cc05ffa3	md5	c9063098acccb0b1e4d70b74cc05ffa3	
unchanged	engine	header	vostok/ai/search/propositional_planner.h	md5	2540486cb82d1682d45161b23d9ef319	md5	2540486cb82d1682d45161b23d9ef319	
unchanged	engine	header	vostok/ai/search/propositional_planner_base.h	md5	ce0799e6f7ade0de618bbdabf4cd8c31	md5	ce0799e6f7ade0de618bbdabf4cd8c31	
unchanged	engine	header	vostok/ai/search/propositional_planner_base_inline.h	md5	fbfe1be579ec77967190931fc7572d91	md5	fbfe1be579ec77967190931fc7572d91	
unchanged	engine	header	vostok/ai/search/propositional_planner_inline.h	md5	1f65e551c0a7e1fb0a058ae5d5469d0a	md5	1f65e551c0a7e1fb0a058ae5d5469d0a	
unchanged	engine	header	vostok/ai/search/search.h	md5	5e872e1f29a8b6e38a61adc9be20fbda	md5	5e872e1f29a8b6e38a61adc9be20fbda	
unchanged	engine	header	vostok/ai/search/search_backward.h	md5	83aab897f128d9679deed323e7d987ab	md5	83aab897f128d9679deed323e7d987ab	
unchanged	engine	header	vostok/ai/search/search_backward_inline.h	md5	b23eaa7898543564ef1b184563d75707	md5	b23eaa7898543564ef1b184563d75707	
unchanged	engine	header	vostok/ai/search/search_base.h	md5	7efdd0ab8253b91af7b059ac4438bc25	md5	7efdd0ab8253b91af7b059ac4438bc25	
unchanged	engine	header	vostok/ai/search/search_forward.h	md5	7550194b052b46079bdb41a87106fb6f	md5	7550194b052b46079bdb41a87106fb6f	
unchanged	engine	header	vostok/ai/search/search_forward_inline.h	md5	48f0a22b793f32c84a253d0954fd6413	md5	48f0a22b793f32c84a253d0954fd6413	
unchanged	engine	header	vostok/ai/search/search_inline.h	md5	70cb2a959228c8e4a08a42458d951bc2	md5	70cb2a959228c8e4a08a42458d951bc2	
unchanged	engine	header	vostok/ai/search/search_restrictor_planner_backward.h	md5	a3143c60bf83427a678865156beb173d	md5	a3143c60bf83427a678865156beb173d	
unchanged	engine	header	vostok/ai/search/search_restrictor_planner_backward_inline.h	md5	a048daeb71cd2d9eec932a3b2e3ec40c	md5	a048daeb71cd2d9eec932a3b2e3ec40c	
unchanged	engine	header	vostok/ai/search/search_restrictor_planner_forward.h	md5	18aa772f191951388049ff4a449499f8	md5	18aa772f191951388049ff4a449499f8	
changed	engine	header	vostok/ai/search/search_restrictor_planner_forward_inline.h	md5	ec95a1c67f112a2981a70d7f8be9b833	md5	2852e09fa9d56517f35ad01c9795e100	
unchanged	engine	header	vostok/ai/search/vertex_allocator_fixed_count.h	md5	e662b25fde5657fddc70a84324210ed0	md5	e662b25fde5657fddc70a84324210ed0	
unchanged	engine	header	vostok/ai/search/vertex_allocator_fixed_count_inline.h	md5	1d5427316f46542f4ce111a9938cfa20	md5	1d5427316f46542f4ce111a9938cfa20	
unchanged	engine	header	vostok/ai/search/vertex_manager_fixed_count_hash.h	md5	55252c70e1e9602d227ef6c7a316f069	md5	55252c70e1e9602d227ef6c7a316f069	
unchanged	engine	header	vostok/ai/search/vertex_manager_fixed_count_hash_inline.h	md5	b28194a691737ea2cf93c5076b706202	md5	b28194a691737ea2cf93c5076b706202	
unchanged	engine	header	vostok/ai/search/world_state.h	md5	10bd0e999290c312e3a69dbe843ea546	md5	10bd0e999290c312e3a69dbe843ea546	
unchanged	engine	header	vostok/ai/search/world_state_inline.h	md5	f7bdf7d9cfc6e0248989c52b4ea29086	md5	f7bdf7d9cfc6e0248989c52b4ea29086	
unchanged	engine	header	vostok/ai/search/world_state_property.h	md5	23c637d89d6846076ce4ea4e43c0010e	md5	23c637d89d6846076ce4ea4e43c0010e	
unchanged	engine	header	vostok/ai/search/world_state_property_inline.h	md5	d8bab2fe869d9fb269e331f058891766	md5	d8bab2fe869d9fb269e331f058891766	
unchanged	engine	header	vostok/ai/sensed_hit_object.h	md5	1257dfc6d79568787cca5381fe6998eb	md5	1257dfc6d79568787cca5381fe6998eb	
unchanged	engine	header	vostok/ai/sensed_sound_object.h	md5	747d65ba2ff52feb04bf64c9bd8d2c24	md5	747d65ba2ff52feb04bf64c9bd8d2c24	
unchanged	engine	header	vostok/ai/sensed_visual_object.h	md5	ff7b12d6a3c6a7e7a046c2b3dadef4f8	md5	ff7b12d6a3c6a7e7a046c2b3dadef4f8	
unchanged	engine	header	vostok/ai/sound_collection_types.h	md5	a2919afb0ce737bdb3233280a41177b1	md5	a2919afb0ce737bdb3233280a41177b1	
unchanged	engine	header	vostok/ai/sound_item.h	md5	f6c0591ba23da28c82b3e54242dcfb86	md5	f6c0591ba23da28c82b3e54242dcfb86	
unchanged	engine	header	vostok/ai/sound_player.h	md5	fe3e2b2612eae844b0813f4e6bac3ad9	md5	fe3e2b2612eae844b0813f4e6bac3ad9	
unchanged	engine	source	vostok/ai/sources/action_instance.cpp	md5	50c41467dae9e3d4dedc170b870d168f	md5	50c41467dae9e3d4dedc170b870d168f	
unchanged	engine	header	vostok/ai/sources/action_instance.h	md5	7de2a261b35ed2d2a3e2b7232d74bc44	md5	7de2a261b35ed2d2a3e2b7232d74bc44	
unchanged	engine	header	vostok/ai/sources/action_instance_inline.h	md5	d4ec10cc18b219897724e45206b862e6	md5	d4ec10cc18b219897724e45206b862e6	
unchanged	engine	source	vostok/ai/sources/action_parameter.cpp	md5	054ba1d0a4c505af8f0c9ffa34ba4202	md5	054ba1d0a4c505af8f0c9ffa34ba4202	
unchanged	engine	header	vostok/ai/sources/action_parameter.h	md5	e119d23fe7f425d121310c56389179fe	md5	e119d23fe7f425d121310c56389179fe	
unchanged	engine	header	vostok/ai/sources/active_sensor_base.h	md5	50357facf716db6281344cf461568a2c	md5	50357facf716db6281344cf461568a2c	
unchanged	engine	source	vostok/ai/sources/ai_entry_point.cpp	md5	b36e76cf604d59b9f189c8aeca4095ae	md5	b36e76cf604d59b9f189c8aeca4095ae	
unchanged	engine	header	vostok/ai/sources/ai_memory.h	md5	ca12c1f69788fae6a5edb9d52fc6effb	md5	ca12c1f69788fae6a5edb9d52fc6effb	
unchanged	engine	source	vostok/ai/sources/ai_world.cpp	md5	3b5ed7bfa9c9ece488c7a1593f91507b	md5	3b5ed7bfa9c9ece488c7a1593f91507b	
unchanged	engine	header	vostok/ai/sources/ai_world.h	md5	296e40410e4800b7eac6c6197113e430	md5	296e40410e4800b7eac6c6197113e430	
unchanged	engine	source	vostok/ai/sources/animation_filter.cpp	md5	322a0bdf3b5272cad766d6906b5864a6	md5	322a0bdf3b5272cad766d6906b5864a6	
unchanged	engine	header	vostok/ai/sources/animation_filter.h	md5	d9e4e49ba012f4570c342cbf263e860f	md5	d9e4e49ba012f4570c342cbf263e860f	
unchanged	engine	source	vostok/ai/sources/animation_item.cpp	md5	28a39a7ca669d19d4aa6a94f1ef9120a	md5	28a39a7ca669d19d4aa6a94f1ef9120a	
unchanged	engine	source	vostok/ai/sources/animation_target_selector.cpp	md5	1a0f84897de6009d6d1b5cba6cf7e195	md5	1a0f84897de6009d6d1b5cba6cf7e195	
unchanged	engine	header	vostok/ai/sources/animation_target_selector.h	md5	2c78490830cb189cc8f83d62ac7947b7	md5	2c78490830cb189cc8f83d62ac7947b7	
unchanged	engine	source	vostok/ai/sources/base_filter.cpp	md5	1f74519279f765825c6c61d388f78e3a	md5	1f74519279f765825c6c61d388f78e3a	
unchanged	engine	header	vostok/ai/sources/base_filter.h	md5	c088dee72c1eb716074e018cda0fa2e2	md5	c088dee72c1eb716074e018cda0fa2e2	
unchanged	engine	source	vostok/ai/sources/base_lexeme.cpp	md5	1536bb1385a284ea618c5d16c5044223	md5	1536bb1385a284ea618c5d16c5044223	
unchanged	engine	header	vostok/ai/sources/base_lexeme.h	md5	d6a3edbd5918fe4e04c1c1530134a8cd	md5	d6a3edbd5918fe4e04c1c1530134a8cd	
unchanged	engine	header	vostok/ai/sources/base_lexeme_inline.h	md5	3536e2ff8119d90a0f5b8d588169fbab	md5	3536e2ff8119d90a0f5b8d588169fbab	
unchanged	engine	source	vostok/ai/sources/base_lexeme_ptr.cpp	md5	48bb9a5ff4f033a5d1dbc3891ab0b332	md5	48bb9a5ff4f033a5d1dbc3891ab0b332	
unchanged	engine	header	vostok/ai/sources/base_lexeme_ptr.h	md5	8164ea4ebcd2f2393d4ff326c9e6036a	md5	8164ea4ebcd2f2393d4ff326c9e6036a	
unchanged	engine	header	vostok/ai/sources/base_lexeme_ptr_inline.h	md5	a8a07a113a7636e614b1e850d1e083c8	md5	a8a07a113a7636e614b1e850d1e083c8	
unchanged	engine	source	vostok/ai/sources/behaviour.cpp	md5	a25c8cd8555f21e95f924b66d4f14424	md5	a25c8cd8555f21e95f924b66d4f14424	
unchanged	engine	header	vostok/ai/sources/behaviour.h	md5	25036279329dc0abd92b9eed96d6ad70	md5	25036279329dc0abd92b9eed96d6ad70	
unchanged	engine	source	vostok/ai/sources/behaviour_cook.cpp	md5	975c37e23025d235eb759a3e56e5b9ed	md5	975c37e23025d235eb759a3e56e5b9ed	
unchanged	engine	header	vostok/ai/sources/behaviour_cook.h	md5	aa35f77c53c1805530098fc39d8d0985	md5	aa35f77c53c1805530098fc39d8d0985	
unchanged	engine	source	vostok/ai/sources/behaviour_domain.cpp	md5	6d591163abcf6fd5e00ef2bfd76ab26c	md5	6d591163abcf6fd5e00ef2bfd76ab26c	
unchanged	engine	source	vostok/ai/sources/behaviour_filters.cpp	md5	4c03869414a5fffb4724ff7354cca194	md5	4c03869414a5fffb4724ff7354cca194	
unchanged	engine	source	vostok/ai/sources/behaviour_goals.cpp	md5	c59f8bd0e3c23018eee273a747db3ced	md5	c59f8bd0e3c23018eee273a747db3ced	
unchanged	engine	source	vostok/ai/sources/behaviour_problem.cpp	md5	5f1328b3f223f7a8de7d93a256290ca8	md5	5f1328b3f223f7a8de7d93a256290ca8	
unchanged	engine	source	vostok/ai/sources/blackboard.cpp	md5	dc389c486d59257569d99ac304116838	md5	dc389c486d59257569d99ac304116838	
unchanged	engine	header	vostok/ai/sources/blackboard.h	md5	6d250085c6a670a483122d1c07f3d2a4	md5	6d250085c6a670a483122d1c07f3d2a4	
unchanged	engine	source	vostok/ai/sources/brain_unit.cpp	md5	902e5ec0cfa9df8e4eb79808180d34a6	md5	902e5ec0cfa9df8e4eb79808180d34a6	
unchanged	engine	header	vostok/ai/sources/brain_unit.h	md5	8c0ec78cdc01bedef9ff1e478359f248	md5	8c0ec78cdc01bedef9ff1e478359f248	
unchanged	engine	source	vostok/ai/sources/brain_unit_cook.cpp	md5	7200676cb54287d47f95dabbc3d1db44	md5	7200676cb54287d47f95dabbc3d1db44	
unchanged	engine	header	vostok/ai/sources/brain_unit_cook.h	md5	516da8ee6b80fd657a829f3e61101e29	md5	516da8ee6b80fd657a829f3e61101e29	
unchanged	engine	source	vostok/ai/sources/brain_unit_perceptors.cpp	md5	e669effe19e8bad45dc222661d07f8e4	md5	e669effe19e8bad45dc222661d07f8e4	
unchanged	engine	source	vostok/ai/sources/brain_unit_selectors.cpp	md5	95f8a54ac08cf37f1a94977ce5c7f305	md5	95f8a54ac08cf37f1a94977ce5c7f305	
unchanged	engine	source	vostok/ai/sources/brain_unit_sensors.cpp	md5	0506822f5c55d5716f69eb389637dbb6	md5	0506822f5c55d5716f69eb389637dbb6	
unchanged	engine	source	vostok/ai/sources/const_oracle.cpp	md5	8ba416d29f61d94987d978cf8bc54cef	md5	8ba416d29f61d94987d978cf8bc54cef	
unchanged	engine	source	vostok/ai/sources/cover_filter.cpp	md5	0ecb5a2b0e0626036f38ebe7b9e7c0c1	md5	0ecb5a2b0e0626036f38ebe7b9e7c0c1	
unchanged	engine	header	vostok/ai/sources/cover_filter.h	md5	b965085842c2b72119f0a4ea6be8eab8	md5	b965085842c2b72119f0a4ea6be8eab8	
unchanged	engine	source	vostok/ai/sources/damage_sensor.cpp	md5	f332f558ae16487812b615851f06b7d4	md5	f332f558ae16487812b615851f06b7d4	
unchanged	engine	header	vostok/ai/sources/damage_sensor.h	md5	0a7e8d1a4c6795f8f7ec491ead6415ba	md5	0a7e8d1a4c6795f8f7ec491ead6415ba	
unchanged	engine	source	vostok/ai/sources/damage_sensor_parameters.cpp	md5	a5a98b167f7909b75a2ecb292da62dfc	md5	a5a98b167f7909b75a2ecb292da62dfc	
unchanged	engine	header	vostok/ai/sources/damage_sensor_parameters.h	md5	20d36d01db55d07c82ec4781b3077b38	md5	20d36d01db55d07c82ec4781b3077b38	
unchanged	engine	header	vostok/ai/sources/damage_subscriber.h	md5	109d064dac9376c55c6684a197bf98e6	md5	109d064dac9376c55c6684a197bf98e6	
unchanged	engine	source	vostok/ai/sources/disturbance_target_selector.cpp	md5	e182a87c3fb68ab03198c8c9e73c053f	md5	e182a87c3fb68ab03198c8c9e73c053f	
unchanged	engine	header	vostok/ai/sources/disturbance_target_selector.h	md5	8c0454b59755c08811132078de3c38b2	md5	8c0454b59755c08811132078de3c38b2	
unchanged	engine	source	vostok/ai/sources/enemy_filter.cpp	md5	787aaddb2214b8a3274047d9feffee1e	md5	787aaddb2214b8a3274047d9feffee1e	
unchanged	engine	header	vostok/ai/sources/enemy_filter.h	md5	128548cc3815526ddf2c6730ed7fb734	md5	128548cc3815526ddf2c6730ed7fb734	
unchanged	engine	source	vostok/ai/sources/enemy_perceptor.cpp	md5	bba6d7c7e3cd8339d5c93adb8bd26bc5	md5	bba6d7c7e3cd8339d5c93adb8bd26bc5	
unchanged	engine	header	vostok/ai/sources/enemy_perceptor.h	md5	69bfb02c6d55ad53b802ed855b9ec993	md5	69bfb02c6d55ad53b802ed855b9ec993	
unchanged	engine	source	vostok/ai/sources/enemy_target_selector.cpp	md5	c66905e42c91aec8865658e8e386e34f	md5	c66905e42c91aec8865658e8e386e34f	
unchanged	engine	header	vostok/ai/sources/enemy_target_selector.h	md5	3188615879564ed912ac0405599e6773	md5	3188615879564ed912ac0405599e6773	
unchanged	engine	source	vostok/ai/sources/fsm.cpp	md5	c220e0e507f78208242529275c5853c1	md5	c220e0e507f78208242529275c5853c1	
unchanged	engine	header	vostok/ai/sources/game_object_subscriber.h	md5	b5c105d5429d5ebb7639140ff4500b35	md5	b5c105d5429d5ebb7639140ff4500b35	
unchanged	engine	source	vostok/ai/sources/generalized_action.cpp	md5	637e9d6d7f5a2e623cac01253c137155	md5	637e9d6d7f5a2e623cac01253c137155	
unchanged	engine	header	vostok/ai/sources/generalized_action.h	md5	56d6cb33c4d1efc6a183b7f3da79c8b1	md5	56d6cb33c4d1efc6a183b7f3da79c8b1	
unchanged	engine	header	vostok/ai/sources/generalized_action_inline.h	md5	dc3f7d45acfa3559f5163c27be89aa82	md5	dc3f7d45acfa3559f5163c27be89aa82	
changed	engine	source	vostok/ai/sources/goal.cpp	md5	76d19bb75ed65d7ba6f54f235274fcaa	md5	d88fa90adeda4330a83c6ce497f9df4a	
unchanged	engine	header	vostok/ai/sources/goal.h	md5	bc96a1f8910e2e361010a21346b4a8dc	md5	bc96a1f8910e2e361010a21346b4a8dc	
unchanged	engine	source	vostok/ai/sources/goal_selector.cpp	md5	9d5ccc7b9581d5c43c31ad18db39e049	md5	9d5ccc7b9581d5c43c31ad18db39e049	
unchanged	engine	header	vostok/ai/sources/goal_selector.h	md5	8e4968677d06afd0a1b59f2ddaae0f59	md5	8e4968677d06afd0a1b59f2ddaae0f59	
unchanged	engine	source	vostok/ai/sources/goal_specificator.cpp	md5	2c41e335ec345a41f28590fd77d4fd59	md5	2c41e335ec345a41f28590fd77d4fd59	
unchanged	engine	header	vostok/ai/sources/goal_specificator.h	md5	dde9c774f44108ce4cefe1202ebc784f	md5	dde9c774f44108ce4cefe1202ebc784f	
unchanged	engine	source	vostok/ai/sources/graph_wrapper_planner_backward.cpp	md5	8b44316366749594c990209bcf0cd797	md5	8b44316366749594c990209bcf0cd797	
unchanged	engine	source	vostok/ai/sources/graph_wrapper_planner_forward.cpp	md5	ff3205dc699240beb89ff863c38f5e80	md5	ff3205dc699240beb89ff863c38f5e80	
unchanged	engine	source	vostok/ai/sources/hearing_sensor.cpp	md5	a99c63e44f4e5cd1ce04fac40c074a26	md5	a99c63e44f4e5cd1ce04fac40c074a26	
unchanged	engine	header	vostok/ai/sources/hearing_sensor.h	md5	56036ff385398eecea1548c024f2f8ce	md5	56036ff385398eecea1548c024f2f8ce	
unchanged	engine	source	vostok/ai/sources/hearing_sensor_parameters.cpp	md5	4a44018166f1aa593975300e6bdffdbc	md5	4a44018166f1aa593975300e6bdffdbc	
unchanged	engine	header	vostok/ai/sources/hearing_sensor_parameters.h	md5	4927286cfe0f2d7f098402c2a4e7576a	md5	4927286cfe0f2d7f098402c2a4e7576a	
unchanged	engine	source	vostok/ai/sources/interaction_sensor.cpp	md5	8ebb559966440c3e4118dce74762e79e	md5	8ebb559966440c3e4118dce74762e79e	
unchanged	engine	header	vostok/ai/sources/interaction_sensor.h	md5	c602d301cefe447688ae9693e90a2e56	md5	c602d301cefe447688ae9693e90a2e56	
unchanged	engine	source	vostok/ai/sources/interaction_sensor_parameters.cpp	md5	a7008cddb3b75e1d6df9bb929a9025a4	md5	a7008cddb3b75e1d6df9bb929a9025a4	
unchanged	engine	header	vostok/ai/sources/interaction_sensor_parameters.h	md5	45e20292a0c52a32b02cc067ba4eb8a6	md5	45e20292a0c52a32b02cc067ba4eb8a6	
unchanged	engine	source	vostok/ai/sources/movement_target.cpp	md5	228b40c56ea8f4a6b92164f00da0cd4e	md5	228b40c56ea8f4a6b92164f00da0cd4e	
unchanged	engine	header	vostok/ai/sources/npc_subscriptions_manager.h	md5	475b0e8794b5984bfce09ec276e12e95	md5	475b0e8794b5984bfce09ec276e12e95	
unchanged	engine	header	vostok/ai/sources/npc_subscriptions_manager_inline.h	md5	eb7005ba14e3d211fa7261ebde4e8217	md5	eb7005ba14e3d211fa7261ebde4e8217	
unchanged	engine	header	vostok/ai/sources/object_instance.h	md5	019aed23b6f8908d9ad6b752085bef8c	md5	019aed23b6f8908d9ad6b752085bef8c	
unchanged	engine	header	vostok/ai/sources/object_instance_inline.h	md5	07c9b7f77e08afdae6470ee9cbd22c4a	md5	07c9b7f77e08afdae6470ee9cbd22c4a	
unchanged	engine	source	vostok/ai/sources/operator.cpp	md5	cf5387a1ff63ba516c0fcf31dbdb0dfb	md5	cf5387a1ff63ba516c0fcf31dbdb0dfb	
unchanged	engine	source	vostok/ai/sources/operator_base.cpp	md5	923feac52e088617bff28661f71ee410	md5	923feac52e088617bff28661f71ee410	
unchanged	engine	source	vostok/ai/sources/operator_holder.cpp	md5	44fa285d692e0db838bb7cf2e5293c12	md5	44fa285d692e0db838bb7cf2e5293c12	
unchanged	engine	source	vostok/ai/sources/oracle.cpp	md5	932e204a28f54d12e822a1c343f2eda1	md5	932e204a28f54d12e822a1c343f2eda1	
unchanged	engine	source	vostok/ai/sources/oracle_holder.cpp	md5	839ce71cdfd451d4fd7844725d7f3be3	md5	839ce71cdfd451d4fd7844725d7f3be3	
unchanged	engine	header	vostok/ai/sources/passive_sensor_base.h	md5	fd27568a654444bbba9cd5963c096675	md5	fd27568a654444bbba9cd5963c096675	
unchanged	engine	source	vostok/ai/sources/path_heuristics_planner_backward.cpp	md5	59e7244c05be7783953a26387dcde2b6	md5	59e7244c05be7783953a26387dcde2b6	
unchanged	engine	source	vostok/ai/sources/path_heuristics_planner_forward.cpp	md5	130121345029978874e0543b7d8ec595	md5	130121345029978874e0543b7d8ec595	
unchanged	engine	source	vostok/ai/sources/pch.cpp	md5	349ebe1dd18ad1afbb2ef6e70c7623cd	md5	349ebe1dd18ad1afbb2ef6e70c7623cd	
unchanged	engine	header	vostok/ai/sources/pch.h	md5	38a75236e183e5ab658b4ab9957848b9	md5	38a75236e183e5ab658b4ab9957848b9	
unchanged	engine	source	vostok/ai/sources/pddl_domain.cpp	md5	e4110cd1016940883f5a931309d5090e	md5	e4110cd1016940883f5a931309d5090e	
unchanged	engine	header	vostok/ai/sources/pddl_domain.h	md5	2f014343ec060ea5ab39f19974eb1338	md5	2f014343ec060ea5ab39f19974eb1338	
unchanged	engine	header	vostok/ai/sources/pddl_domain_inline.h	md5	379e53056db58a6a457661eb178b21e9	md5	379e53056db58a6a457661eb178b21e9	
unchanged	engine	source	vostok/ai/sources/pddl_planner.cpp	md5	afd9a2870727b8f9cc1c3188d1f0221b	md5	afd9a2870727b8f9cc1c3188d1f0221b	
unchanged	engine	header	vostok/ai/sources/pddl_planner.h	md5	7a29c8a5ef7d89c61d36f37ad0d7acb8	md5	7a29c8a5ef7d89c61d36f37ad0d7acb8	
unchanged	engine	header	vostok/ai/sources/pddl_predicate.h	md5	e12665efededc04d26250fedf806a040	md5	e12665efededc04d26250fedf806a040	
unchanged	engine	header	vostok/ai/sources/pddl_predicate_inline.h	md5	d2ffd964f33965c91a9c34f5a93a8ec2	md5	d2ffd964f33965c91a9c34f5a93a8ec2	
unchanged	engine	source	vostok/ai/sources/pddl_predicate_redirector.cpp	md5	57a50c12f1b82683a14fd5bdbef6fe3a	md5	57a50c12f1b82683a14fd5bdbef6fe3a	
unchanged	engine	header	vostok/ai/sources/pddl_predicate_redirector.h	md5	b5132ce649afabcc67e58d91591ddd50	md5	b5132ce649afabcc67e58d91591ddd50	
unchanged	engine	source	vostok/ai/sources/pddl_problem.cpp	md5	74f9370b868f79112a0c1443971ee532	md5	74f9370b868f79112a0c1443971ee532	
unchanged	engine	header	vostok/ai/sources/pddl_problem.h	md5	588cbdf64f212de3ce7f511a4475a662	md5	588cbdf64f212de3ce7f511a4475a662	
unchanged	engine	header	vostok/ai/sources/pddl_problem_inline.h	md5	75d9ccee8b393b5a4fb849a5bcbd346a	md5	75d9ccee8b393b5a4fb849a5bcbd346a	
unchanged	engine	header	vostok/ai/sources/pddl_world_state_property_impl.h	md5	95b90e08f86b86ea30f1ac186972e01c	md5	95b90e08f86b86ea30f1ac186972e01c	
unchanged	engine	header	vostok/ai/sources/pddl_world_state_property_impl_inline.h	md5	08b5c0327807443b4134597407e5dc7b	md5	08b5c0327807443b4134597407e5dc7b	
unchanged	engine	header	vostok/ai/sources/percept_memory_object.h	md5	8d71db567ec4a9a00c10fd2a56592b1d	md5	8d71db567ec4a9a00c10fd2a56592b1d	
unchanged	engine	header	vostok/ai/sources/percept_memory_object_types.h	md5	0f02cab890c1581ce3245c013cf665e2	md5	0f02cab890c1581ce3245c013cf665e2	
unchanged	engine	header	vostok/ai/sources/perceptor_base.h	md5	981db3d4b9556749ddccb72beaad9867	md5	981db3d4b9556749ddccb72beaad9867	
unchanged	engine	source	vostok/ai/sources/pickup_item_perceptor.cpp	md5	af2f74e78fe453e1149780065bf67efd	md5	af2f74e78fe453e1149780065bf67efd	
unchanged	engine	header	vostok/ai/sources/pickup_item_perceptor.h	md5	08a02b82ff83372d54afd6b8288b82aa	md5	08a02b82ff83372d54afd6b8288b82aa	
unchanged	engine	source	vostok/ai/sources/pickup_item_target_selector.cpp	md5	ed045f0a1eea4f88288354f813602bb9	md5	ed045f0a1eea4f88288354f813602bb9	
unchanged	engine	header	vostok/ai/sources/pickup_item_target_selector.h	md5	afb04c65e010b74697597d6ec7e1ac76	md5	afb04c65e010b74697597d6ec7e1ac76	
unchanged	engine	source	vostok/ai/sources/plan_tracker.cpp	md5	400b4c29a403a43e6e6b36c5208ba6f2	md5	400b4c29a403a43e6e6b36c5208ba6f2	
unchanged	engine	source	vostok/ai/sources/position_filter.cpp	md5	b1e46a120c42a358a8a8849a84b1035b	md5	b1e46a120c42a358a8a8849a84b1035b	
unchanged	engine	header	vostok/ai/sources/position_filter.h	md5	9f5606a08da2cc520a0f9efc22414d76	md5	9f5606a08da2cc520a0f9efc22414d76	
unchanged	engine	source	vostok/ai/sources/position_target_selector.cpp	md5	0633f98030af4e3c300b085173d479ef	md5	0633f98030af4e3c300b085173d479ef	
unchanged	engine	header	vostok/ai/sources/position_target_selector.h	md5	b50d7e3a24c2b3c5ac214dc80026e19a	md5	b50d7e3a24c2b3c5ac214dc80026e19a	
unchanged	engine	source	vostok/ai/sources/pre_perceptors_filter.cpp	md5	3bc8ca3c2759f4a8cf89288bb3ece9b8	md5	3bc8ca3c2759f4a8cf89288bb3ece9b8	
unchanged	engine	header	vostok/ai/sources/pre_perceptors_filter.h	md5	b6dd9d2603e53fa255db02d830d62863	md5	b6dd9d2603e53fa255db02d830d62863	
changed	engine	source	vostok/ai/sources/predicate.cpp	md5	4ca88ba347c7c5edc99fb27cd30e8712	md5	c0bbd45d7c6b0ff478d707526ca7a3f3	
unchanged	engine	header	vostok/ai/sources/predicate.h	md5	8e82fb513e3d871dad8b239c70edfef3	md5	8e82fb513e3d871dad8b239c70edfef3	
unchanged	engine	header	vostok/ai/sources/predicate_inline.h	md5	33a5578c0a6db86ab5fe0317e2907985	md5	33a5578c0a6db86ab5fe0317e2907985	
unchanged	engine	header	vostok/ai/sources/predicate_types.h	md5	d04f33c9486ad77f8db7ba5f81e1d486	md5	d04f33c9486ad77f8db7ba5f81e1d486	
unchanged	engine	source	vostok/ai/sources/propositional_planner.cpp	md5	cb829d5bc151503357edb25b2f0d99d0	md5	cb829d5bc151503357edb25b2f0d99d0	
unchanged	engine	source	vostok/ai/sources/search.cpp	md5	777076c840ac3d06665e9a6481cdf7e1	md5	777076c840ac3d06665e9a6481cdf7e1	
unchanged	engine	source	vostok/ai/sources/search_base.cpp	md5	1a77af246abb2fd8f917565972ce492e	md5	1a77af246abb2fd8f917565972ce492e	
unchanged	engine	source	vostok/ai/sources/search_restrictor_planner_backward.cpp	md5	64814e8e875073d1e7bfa9d32afafea5	md5	64814e8e875073d1e7bfa9d32afafea5	
unchanged	engine	source	vostok/ai/sources/search_restrictor_planner_forward.cpp	md5	d76c5e33b004449e78134b14a07ac1a4	md5	d76c5e33b004449e78134b14a07ac1a4	
unchanged	engine	header	vostok/ai/sources/sensed_object.h	md5	968a9c7c4eb4562e08b2915fdff0af6f	md5	968a9c7c4eb4562e08b2915fdff0af6f	
unchanged	engine	header	vostok/ai/sources/sensed_object_types.h	md5	f1bcb80bf1237066329b583d977aebae	md5	f1bcb80bf1237066329b583d977aebae	
unchanged	engine	header	vostok/ai/sources/sensors_subscriber.h	md5	66c7e755690594e50a16f48bfd9281bf	md5	66c7e755690594e50a16f48bfd9281bf	
unchanged	engine	source	vostok/ai/sources/smell_sensor.cpp	md5	b3111ec3723d82528480f53dd3199ad7	md5	b3111ec3723d82528480f53dd3199ad7	
unchanged	engine	header	vostok/ai/sources/smell_sensor.h	md5	9c7d804126eb9a320c816c22e2a515b4	md5	9c7d804126eb9a320c816c22e2a515b4	
unchanged	engine	source	vostok/ai/sources/smell_sensor_parameters.cpp	md5	931ce44fe46c208077a477e1cfbd10f4	md5	931ce44fe46c208077a477e1cfbd10f4	
unchanged	engine	header	vostok/ai/sources/smell_sensor_parameters.h	md5	935269ef0e4a6cca2b56e20cb72e6335	md5	935269ef0e4a6cca2b56e20cb72e6335	
unchanged	engine	source	vostok/ai/sources/sound_filter.cpp	md5	d5836f5f10317b27f853a43c8a84df63	md5	d5836f5f10317b27f853a43c8a84df63	
unchanged	engine	header	vostok/ai/sources/sound_filter.h	md5	29be04be376c4660798daebb9e2444f8	md5	29be04be376c4660798daebb9e2444f8	
unchanged	engine	source	vostok/ai/sources/sound_item.cpp	md5	2d8c235ffcbcd6e90ef7ec3c2390a28b	md5	2d8c235ffcbcd6e90ef7ec3c2390a28b	
unchanged	engine	header	vostok/ai/sources/sound_subscriber.h	md5	0165ecc65795ce0d08210997416be112	md5	0165ecc65795ce0d08210997416be112	
unchanged	engine	source	vostok/ai/sources/sound_target_selector.cpp	md5	10f5197a72f553fdf612856adab89a1f	md5	10f5197a72f553fdf612856adab89a1f	
unchanged	engine	header	vostok/ai/sources/sound_target_selector.h	md5	156ae201fe5eb526165600598ea57c5b	md5	156ae201fe5eb526165600598ea57c5b	
unchanged	engine	source	vostok/ai/sources/specified_action.cpp	md5	a7095ac9a9370d0d7b8ba037eff5ad08	md5	a7095ac9a9370d0d7b8ba037eff5ad08	
unchanged	engine	header	vostok/ai/sources/specified_action.h	md5	c16446222a06aabda8d172d41b97acf1	md5	c16446222a06aabda8d172d41b97acf1	
unchanged	engine	source	vostok/ai/sources/specified_problem.cpp	md5	dfb497d1711812eb196289b77fa1c5b9	md5	dfb497d1711812eb196289b77fa1c5b9	
unchanged	engine	header	vostok/ai/sources/specified_problem.h	md5	2dc6274d56ef665d825983f4fe685ce3	md5	2dc6274d56ef665d825983f4fe685ce3	
unchanged	engine	header	vostok/ai/sources/specified_problem_inline.h	md5	1bb6fe9b77473d064a265149a3ac9524	md5	1bb6fe9b77473d064a265149a3ac9524	
unchanged	engine	header	vostok/ai/sources/subscriptions_manager.h	md5	25c0cbfa9f6481c56325355942f57c03	md5	25c0cbfa9f6481c56325355942f57c03	
unchanged	engine	header	vostok/ai/sources/subscriptions_manager_inline.h	md5	bd272cd8bf2ad401fad4288b89224259	md5	bd272cd8bf2ad401fad4288b89224259	
unchanged	engine	header	vostok/ai/sources/target_selector_base.h	md5	3cf09fcc98ca66e9ed9c34e8f39e5caa	md5	3cf09fcc98ca66e9ed9c34e8f39e5caa	
unchanged	engine	source	vostok/ai/sources/threat_target_selector.cpp	md5	16d79ef181d48f723fbe7e2f574e9c4b	md5	16d79ef181d48f723fbe7e2f574e9c4b	
unchanged	engine	header	vostok/ai/sources/threat_target_selector.h	md5	73bb24bd3095a1ed3396c760fd8c6297	md5	73bb24bd3095a1ed3396c760fd8c6297	
unchanged	engine	source	vostok/ai/sources/vision_sensor.cpp	md5	5677e31319488c35cded231899d6ed17	md5	5677e31319488c35cded231899d6ed17	
unchanged	engine	header	vostok/ai/sources/vision_sensor.h	md5	2d16a97b4cc7cdadc1c921d5975c3082	md5	2d16a97b4cc7cdadc1c921d5975c3082	
unchanged	engine	source	vostok/ai/sources/vision_sensor_parameters.cpp	md5	124666fdbe7d1e2c6f7522864e83977f	md5	124666fdbe7d1e2c6f7522864e83977f	
unchanged	engine	header	vostok/ai/sources/vision_sensor_parameters.h	md5	1a0afc5a3ecf6567c03e6aec87614fee	md5	1a0afc5a3ecf6567c03e6aec87614fee	
unchanged	engine	source	vostok/ai/sources/weapon_filter.cpp	md5	4817c5f83b67f0fe5878bcb755eae3a5	md5	4817c5f83b67f0fe5878bcb755eae3a5	
unchanged	engine	header	vostok/ai/sources/weapon_filter.h	md5	d5a4812134c13cfb8410afee222692a7	md5	d5a4812134c13cfb8410afee222692a7	
unchanged	engine	source	vostok/ai/sources/weapon_target_selector.cpp	md5	4040e213278ec4cbe622d031cd2b6eba	md5	4040e213278ec4cbe622d031cd2b6eba	
unchanged	engine	header	vostok/ai/sources/weapon_target_selector.h	md5	d53b420ea391acc91ad930f65f3fbcf4	md5	d53b420ea391acc91ad930f65f3fbcf4	
unchanged	engine	source	vostok/ai/sources/working_memory.cpp	md5	85da9c4be776befe4c466f675ea82266	md5	85da9c4be776befe4c466f675ea82266	
unchanged	engine	header	vostok/ai/sources/working_memory.h	md5	d98a5a31dadf55144e9618bac95537cb	md5	d98a5a31dadf55144e9618bac95537cb	
unchanged	engine	header	vostok/ai/sources/working_memory_inline.h	md5	30e177ed6c361b9126cda67d24dad617	md5	30e177ed6c361b9126cda67d24dad617	
unchanged	engine	header	vostok/ai/weapon.h	md5	d721a4047b20ea9d804876209b8d05e4	md5	d721a4047b20ea9d804876209b8d05e4	
unchanged	engine	header	vostok/ai/world.h	md5	a211b85020e2220608eae57f0eba7bad	md5	a211b85020e2220608eae57f0eba7bad	
unchanged	engine	header	vostok/ai_navigation/api.h	md5	8661118f57749797c91e6d7e68fe158b	md5	8661118f57749797c91e6d7e68fe158b	
unchanged	engine	header	vostok/ai_navigation/engine.h	md5	826fe259f3809190342a524991dba239	md5	826fe259f3809190342a524991dba239	
unchanged	engine	header	vostok/ai_navigation/library_linkage.h	md5	918cbfdc3d6e52c5a511ca3a5b730115	md5	918cbfdc3d6e52c5a511ca3a5b730115	
unchanged	engine	source	vostok/ai_navigation/sources/ai_navigation_entry_point.cpp	md5	41965811cc83f5661af9482b6f104d5f	md5	41965811cc83f5661af9482b6f104d5f	
unchanged	engine	header	vostok/ai_navigation/sources/ai_navigation_memory.h	md5	968c849d0d958acfe5f096762cd058ee	md5	968c849d0d958acfe5f096762cd058ee	
unchanged	engine	header	vostok/ai_navigation/sources/delaunay_debug_functions.h	md5	7c7ec84068ca68338738c5e960c1bce8	md5	7c7ec84068ca68338738c5e960c1bce8	
unchanged	engine	header	vostok/ai_navigation/sources/graph_generator.h	md5	8f4fdef0bec26bb5dbb44280e0bfc945	md5	8f4fdef0bec26bb5dbb44280e0bfc945	
unchanged	engine	header	vostok/ai_navigation/sources/navigation_mesh_functions.h	md5	4a9428eacdb87f31f2f7cd08666bb4f9	md5	4a9428eacdb87f31f2f7cd08666bb4f9	
unchanged	engine	header	vostok/ai_navigation/sources/navigation_mesh_types.h	md5	4fbc5fd946edfce1ee1b9cfd35392523	md5	4fbc5fd946edfce1ee1b9cfd35392523	
changed	engine	source	vostok/ai_navigation/sources/navigation_world.cpp	md5	a6dd3d95cdf3bfe476bb8904a30ac372	md5	ebe5cecc44c4b68bf56e916c0bb55cfc	
unchanged	engine	header	vostok/ai_navigation/sources/navigation_world.h	md5	9c751f8e864236b1841dc2be3153df6c	md5	9c751f8e864236b1841dc2be3153df6c	
unchanged	engine	source	vostok/ai_navigation/sources/pch.cpp	md5	09eb043e12a4c7e2cbb9b8c36ee0471c	md5	09eb043e12a4c7e2cbb9b8c36ee0471c	
unchanged	engine	header	vostok/ai_navigation/sources/pch.h	md5	6848192b37056fd635a84e82a327d4da	md5	6848192b37056fd635a84e82a327d4da	
unchanged	engine	header	vostok/ai_navigation/sources/triangles_mesh.h	md5	49eebbf3d2f62fe35967971ea4884a25	md5	49eebbf3d2f62fe35967971ea4884a25	
unchanged	engine	header	vostok/ai_navigation/world.h	md5	4b450249c33b91c681123665e39c003a	md5	4b450249c33b91c681123665e39c003a	
unchanged	engine	header	vostok/animation/anim_track.h	md5	2b6442bc2195dfe002df877b2a7ac335	md5	2b6442bc2195dfe002df877b2a7ac335	
unchanged	engine	header	vostok/animation/anim_track_common.h	md5	0ba7c2b7a2dc82620a0c222c16d779bc	md5	0ba7c2b7a2dc82620a0c222c16d779bc	
unchanged	engine	header	vostok/animation/animation_callback.h	md5	bd8ef883ee18ccb3bfc606f91b95e1e8	md5	bd8ef883ee18ccb3bfc606f91b95e1e8	
unchanged	engine	header	vostok/animation/animation_event_channels.h	md5	1a50f3acb795d617a486e8ad744d97d4	md5	1a50f3acb795d617a486e8ad744d97d4	
unchanged	engine	header	vostok/animation/animation_event_channels_inline.h	md5	3da9cfaa4bc1e3d283ced6088e055428	md5	3da9cfaa4bc1e3d283ced6088e055428	
unchanged	engine	header	vostok/animation/animation_event_type_enum.h	md5	5391edd779aeb0185bf6abcdeb86fb31	md5	5391edd779aeb0185bf6abcdeb86fb31	
unchanged	engine	header	vostok/animation/animation_expression_emitter.h	md5	40d051519fbb1a5bfdd673c325a99c22	md5	40d051519fbb1a5bfdd673c325a99c22	
changed	engine	header	vostok/animation/animation_player.h	md5	011aac4b122bd02d716e300c0d39a944	md5	4c0711ca2717c8a99d750235a92c0111	
changed	engine	header	vostok/animation/animation_player_inline.h	md5	092ecd68e3a2fde61b37f3abb7b08c84	md5	a13a7329d708d16a0bb26fd655d10096	
unchanged	engine	header	vostok/animation/animation_states_dumper.h	md5	49f28b280fb0006ac6f3a2484c51664f	md5	49f28b280fb0006ac6f3a2484c51664f	
unchanged	engine	header	vostok/animation/animation_states_log_dumper.h	md5	c39018361613599eb934086f9ed373ba	md5	c39018361613599eb934086f9ed373ba	
unchanged	engine	header	vostok/animation/api.h	md5	036bbbb0f9673c7759e553587ec745b9	md5	036bbbb0f9673c7759e553587ec745b9	
unchanged	engine	header	vostok/animation/base_interpolator.h	md5	fc6a6aadb02e0ddfb77a87f34096fcaa	md5	fc6a6aadb02e0ddfb77a87f34096fcaa	
unchanged	engine	header	vostok/animation/base_interpolator_inline.h	md5	26c2c028e733b20427f80d8115661ed1	md5	26c2c028e733b20427f80d8115661ed1	
unchanged	engine	header	vostok/animation/bi_spline_bone_animation.h	md5	9cd4607f583847095b319a622fc553a8	md5	9cd4607f583847095b319a622fc553a8	
unchanged	engine	header	vostok/animation/bi_spline_channel_animation_baked.h	md5	4bdfe3514fb1c9c7af7a4ec001cc6df9	md5	4bdfe3514fb1c9c7af7a4ec001cc6df9	
unchanged	engine	header	vostok/animation/bi_spline_data.h	md5	44be61c0f660aff62a5c478e77df44f4	md5	44be61c0f660aff62a5c478e77df44f4	
unchanged	engine	header	vostok/animation/bi_spline_event_channel_baked.h	md5	15c344dc50e60435aae8818a7f5f160f	md5	15c344dc50e60435aae8818a7f5f160f	
unchanged	engine	header	vostok/animation/bi_spline_skeleton_animation.h	md5	b850ae0455116f368397ce01bbdd7c9e	md5	b850ae0455116f368397ce01bbdd7c9e	
unchanged	engine	header	vostok/animation/bone_animation.h	md5	7da1eb42adc93f7513180bc338d89eb4	md5	7da1eb42adc93f7513180bc338d89eb4	
unchanged	engine	header	vostok/animation/bone_animation_inline.h	md5	8f12113bf07648cb49fe8cfd6cb86b65	md5	8f12113bf07648cb49fe8cfd6cb86b65	
unchanged	engine	header	vostok/animation/bone_names.h	md5	2c56864b119f0e1e565ab76dea481a37	md5	2c56864b119f0e1e565ab76dea481a37	
unchanged	engine	header	vostok/animation/camera_follower.h	md5	2fb15b6a197a4d78c13c35c03a689755	md5	2fb15b6a197a4d78c13c35c03a689755	
unchanged	engine	header	vostok/animation/cubic_spline_skeleton_animation.h	md5	85a3a48521839a976216124a5942c7b7	md5	85a3a48521839a976216124a5942c7b7	
unchanged	engine	header	vostok/animation/cubic_spline_skeleton_animation_inline.h	md5	3ff1a60be60f6cd6e610a84e1745701c	md5	3ff1a60be60f6cd6e610a84e1745701c	
unchanged	engine	header	vostok/animation/event_channel.h	md5	190224c9e6becad009227cb31d0c51c5	md5	190224c9e6becad009227cb31d0c51c5	
unchanged	engine	header	vostok/animation/event_channel_inline.h	md5	df2c9f1af2b3e023155d39c5db7be47e	md5	df2c9f1af2b3e023155d39c5db7be47e	
unchanged	engine	header	vostok/animation/fermi_interpolator.h	md5	662e8b54667b6a1f1402dbc4fc8809b3	md5	662e8b54667b6a1f1402dbc4fc8809b3	
changed	engine	header	vostok/animation/fingers_to_weapon_corrector.h	md5	d97ec553a00be77599526e01bc17ba77	md5	dc2a4a83504eb1c9f28121feedc58bcf	
changed	engine	header	vostok/animation/hand_to_weapon_ik_solver.h	md5	184f8290729fc4bfeafa1ab7e98cd799	md5	e40bc25dd246f942951991ae0fbf9110	
changed	engine	header	vostok/animation/i_editor_mixer.h	md5	eed8991527abf504a3a64a019adaafde	md5	1191d255d218c16d074eed8fd23ef17e	
unchanged	engine	header	vostok/animation/ik_solver.h	md5	3306ee68c78a56d9f5f44098ed305272	md5	3306ee68c78a56d9f5f44098ed305272	
changed	engine	header	vostok/animation/ik_solver_collection.h	md5	756214653cffbc91709627e5dd4c8036	md5	2225cf9aee87fa0d3149f4b4b46b82de	
unchanged	engine	header	vostok/animation/ik_utils.h	md5	7dfd60cd30743a460821f717048d07bb	md5	7dfd60cd30743a460821f717048d07bb	
unchanged	engine	header	vostok/animation/instant_interpolator.h	md5	112c1b36aa6c3589c2e18e17b8c5019a	md5	112c1b36aa6c3589c2e18e17b8c5019a	
unchanged	engine	header	vostok/animation/interpolator_visitor.h	md5	439ef729463868352884be35ab78515a	md5	439ef729463868352884be35ab78515a	
unchanged	engine	header	vostok/animation/legs_ik_drawer.h	md5	f1bc3fdf09f02783972f87bfabc90637	md5	f1bc3fdf09f02783972f87bfabc90637	
changed	engine	header	vostok/animation/legs_ik_solver.h	md5	e05165af8b6b3e6ff08375df49f47a86	md5	d2c5b0624f4b052cc9f871a5fc536396	
unchanged	engine	header	vostok/animation/library_linkage.h	md5	06801630faefa5bf674713cb596f578c	md5	06801630faefa5bf674713cb596f578c	
unchanged	engine	header	vostok/animation/linear_interpolator.h	md5	38fe4bd3a60046601b80b48b3b4a9243	md5	38fe4bd3a60046601b80b48b3b4a9243	
unchanged	engine	header	vostok/animation/mixing.h	md5	655bc3605794ba05f204df2eea003534	md5	655bc3605794ba05f204df2eea003534	
unchanged	engine	header	vostok/animation/mixing_addition_lexeme.h	md5	72951ce763f1c23ad282a8e796edc6a2	md5	72951ce763f1c23ad282a8e796edc6a2	
unchanged	engine	header	vostok/animation/mixing_addition_lexeme_inline.h	md5	3ac05e033f10adbc5bb296feba1d89da	md5	3ac05e033f10adbc5bb296feba1d89da	
unchanged	engine	header	vostok/animation/mixing_animation_interval.h	md5	33fb30672393ab518f782af7973dda83	md5	33fb30672393ab518f782af7973dda83	
unchanged	engine	header	vostok/animation/mixing_animation_interval_inline.h	md5	65a341e5353d1cb105e35ce69200db9b	md5	65a341e5353d1cb105e35ce69200db9b	
unchanged	engine	header	vostok/animation/mixing_animation_lexeme.h	md5	1217ac4cf17cdab82304fafe52d5d5d8	md5	1217ac4cf17cdab82304fafe52d5d5d8	
unchanged	engine	header	vostok/animation/mixing_animation_lexeme_inline.h	md5	87eec729dcf418d13def9815dfbf89e6	md5	87eec729dcf418d13def9815dfbf89e6	
unchanged	engine	header	vostok/animation/mixing_animation_lexeme_parameters.h	md5	a234a61bb670492c0ead3fab6b80f663	md5	a234a61bb670492c0ead3fab6b80f663	
unchanged	engine	header	vostok/animation/mixing_animation_lexeme_parameters_inline.h	md5	a099c7e7e3ee3115861a3a88574f5da4	md5	a099c7e7e3ee3115861a3a88574f5da4	
unchanged	engine	header	vostok/animation/mixing_base_lexeme.h	md5	5cbdbfb13f3726c321651c856099f461	md5	5cbdbfb13f3726c321651c856099f461	
unchanged	engine	header	vostok/animation/mixing_base_lexeme_inline.h	md5	08f71b5dd13a15ed3f0bcaab15e4c308	md5	08f71b5dd13a15ed3f0bcaab15e4c308	
unchanged	engine	header	vostok/animation/mixing_binary_operation_lexeme.h	md5	f1a839b2d7b3034450710a79e251bc63	md5	f1a839b2d7b3034450710a79e251bc63	
unchanged	engine	header	vostok/animation/mixing_binary_operation_lexeme_inline.h	md5	7bea0ae953a0b3a22f50de7b7ad9e095	md5	7bea0ae953a0b3a22f50de7b7ad9e095	
unchanged	engine	header	vostok/animation/mixing_binary_tree_addition_node.h	md5	6e8f60279d6f95bd3391d33d9df4c3e2	md5	6e8f60279d6f95bd3391d33d9df4c3e2	
unchanged	engine	header	vostok/animation/mixing_binary_tree_addition_node_inline.h	md5	6535bd6ffeda10003a2851fa67f5cd14	md5	6535bd6ffeda10003a2851fa67f5cd14	
unchanged	engine	header	vostok/animation/mixing_binary_tree_animation_node.h	md5	e781422edc94d9cc3ebe2497cc27c3b1	md5	e781422edc94d9cc3ebe2497cc27c3b1	
unchanged	engine	header	vostok/animation/mixing_binary_tree_animation_node_inline.h	md5	7ca154d4c5b78a3375909734534c00fb	md5	7ca154d4c5b78a3375909734534c00fb	
unchanged	engine	header	vostok/animation/mixing_binary_tree_base_node.h	md5	6175ffe9fc06506acb688985a4e01acb	md5	6175ffe9fc06506acb688985a4e01acb	
unchanged	engine	header	vostok/animation/mixing_binary_tree_base_node_inline.h	md5	4b18622fe2e83458d590499e1ebbf8a9	md5	4b18622fe2e83458d590499e1ebbf8a9	
unchanged	engine	header	vostok/animation/mixing_binary_tree_binary_operation_node.h	md5	8a4bb1432cb83f57fd3c52f274b794d6	md5	8a4bb1432cb83f57fd3c52f274b794d6	
unchanged	engine	header	vostok/animation/mixing_binary_tree_binary_operation_node_inline.h	md5	a0f505069bdc15bc81fc32de648768bc	md5	a0f505069bdc15bc81fc32de648768bc	
unchanged	engine	header	vostok/animation/mixing_binary_tree_multiplication_node.h	md5	f81d3a39433a2342a1cc4df357027132	md5	f81d3a39433a2342a1cc4df357027132	
unchanged	engine	header	vostok/animation/mixing_binary_tree_multiplication_node_inline.h	md5	823d3b6b773a3ceb4aa6559608b89585	md5	823d3b6b773a3ceb4aa6559608b89585	
unchanged	engine	header	vostok/animation/mixing_binary_tree_subtraction_node.h	md5	1b0a04e8b08928dd1e9f37210d51a9de	md5	1b0a04e8b08928dd1e9f37210d51a9de	
unchanged	engine	header	vostok/animation/mixing_binary_tree_subtraction_node_inline.h	md5	4c60f21a377d4cc8873f48748af038e0	md5	4c60f21a377d4cc8873f48748af038e0	
unchanged	engine	header	vostok/animation/mixing_binary_tree_visitor.h	md5	99139faa77b7cbccc4a5fc47634060dd	md5	99139faa77b7cbccc4a5fc47634060dd	
unchanged	engine	header	vostok/animation/mixing_binary_tree_weight_node.h	md5	14b3932d08a17f2aa246a63f5d5ef815	md5	14b3932d08a17f2aa246a63f5d5ef815	
unchanged	engine	header	vostok/animation/mixing_binary_tree_weight_node_inline.h	md5	7ab2d02efeefb05c8fb922643b741e08	md5	7ab2d02efeefb05c8fb922643b741e08	
unchanged	engine	header	vostok/animation/mixing_debug.h	md5	0fb59421a654616b9a4effd7981e841e	md5	0fb59421a654616b9a4effd7981e841e	
unchanged	engine	header	vostok/animation/mixing_expression.h	md5	41a07ee6d1975a1e20909a881b872c7d	md5	41a07ee6d1975a1e20909a881b872c7d	
unchanged	engine	header	vostok/animation/mixing_expression_inline.h	md5	8dbbf3cddcdd62aea51ddf657da2e9dd	md5	8dbbf3cddcdd62aea51ddf657da2e9dd	
unchanged	engine	header	vostok/animation/mixing_math.h	md5	24b514b715e9e4ed47b6a5685159b4f9	md5	24b514b715e9e4ed47b6a5685159b4f9	
unchanged	engine	header	vostok/animation/mixing_multiplication_lexeme.h	md5	eb96d34bfdf85989fe7b9282844d1482	md5	eb96d34bfdf85989fe7b9282844d1482	
unchanged	engine	header	vostok/animation/mixing_multiplication_lexeme_inline.h	md5	57b1939ed56a8660193bde16653dec26	md5	57b1939ed56a8660193bde16653dec26	
unchanged	engine	header	vostok/animation/mixing_n_ary_tree_intrusive_base.h	md5	2411b9e6999ff5b019b840c94b1d3a58	md5	2411b9e6999ff5b019b840c94b1d3a58	
unchanged	engine	header	vostok/animation/mixing_subtraction_lexeme.h	md5	c410355ff6f1d707e95f62fb1d5055bf	md5	c410355ff6f1d707e95f62fb1d5055bf	
unchanged	engine	header	vostok/animation/mixing_subtraction_lexeme_inline.h	md5	70058551e3890d1bc90a51d4e875b9f9	md5	70058551e3890d1bc90a51d4e875b9f9	
unchanged	engine	header	vostok/animation/mixing_weight_lexeme.h	md5	e78f20f132ee08a5fee973f6c0ee63b0	md5	e78f20f132ee08a5fee973f6c0ee63b0	
unchanged	engine	header	vostok/animation/mixing_weight_lexeme_inline.h	md5	030b876601b4c50ad71886f973afc39e	md5	030b876601b4c50ad71886f973afc39e	
unchanged	engine	header	vostok/animation/poly_curve.h	md5	89684546a7f94969ac491c0c4eb05df8	md5	89684546a7f94969ac491c0c4eb05df8	
unchanged	engine	header	vostok/animation/poly_curve_inline.h	md5	f08b87db4f7ce71e96f908949be0a865	md5	f08b87db4f7ce71e96f908949be0a865	
unchanged	engine	header	vostok/animation/skeleton.h	md5	b4d79b04d89628b80a8d43f3dcf47306	md5	b4d79b04d89628b80a8d43f3dcf47306	
unchanged	engine	header	vostok/animation/skeleton_animation.h	md5	d041e2ddb0e180367c67ee77dc6da79d	md5	d041e2ddb0e180367c67ee77dc6da79d	
unchanged	engine	header	vostok/animation/skeleton_animation_scene.h	md5	b20de2a3cace41fef58a3c0d5f9cacae	md5	b20de2a3cace41fef58a3c0d5f9cacae	
unchanged	engine	header	vostok/animation/skeleton_bone.h	md5	9c719ab75996b74ca0ce37fd020cce5e	md5	9c719ab75996b74ca0ce37fd020cce5e	
unchanged	engine	header	vostok/animation/skeleton_inline.h	md5	a4cc325e28ca0901a8fde3718dbc7bc9	md5	a4cc325e28ca0901a8fde3718dbc7bc9	
unchanged	engine	source	vostok/animation/sources/anim_track.cpp	md5	2128ea91bfe1f8b4f61ad7388caa2b52	md5	2128ea91bfe1f8b4f61ad7388caa2b52	
unchanged	engine	source	vostok/animation/sources/anim_track_eval.cpp	md5	fd63ad13eb2b152e715654b03800223b	md5	fd63ad13eb2b152e715654b03800223b	
unchanged	engine	source	vostok/animation/sources/anim_track_io.cpp	md5	49807d6020f2cf0a3190188976530c4c	md5	49807d6020f2cf0a3190188976530c4c	
unchanged	engine	source	vostok/animation/sources/animation_collection.cpp	md5	b40019c467521864be361a932b523179	md5	b40019c467521864be361a932b523179	
unchanged	engine	header	vostok/animation/sources/animation_collection.h	md5	936c5ba0ca171f7730d2032901c3082e	md5	936c5ba0ca171f7730d2032901c3082e	
unchanged	engine	source	vostok/animation/sources/animation_collection_cook.cpp	md5	3f8702430d4476488bda370eaffcca0f	md5	3f8702430d4476488bda370eaffcca0f	
unchanged	engine	header	vostok/animation/sources/animation_collection_cook.h	md5	d1a68c3753bc0e2214efca69fb5af5f2	md5	d1a68c3753bc0e2214efca69fb5af5f2	
unchanged	engine	source	vostok/animation/sources/animation_entry_point.cpp	md5	2a468897fb9cd72bdac2a4d74fae4a46	md5	2a468897fb9cd72bdac2a4d74fae4a46	
unchanged	engine	source	vostok/animation/sources/animation_event_channels.cpp	md5	2da8376a94870453f59a91524d6addf8	md5	2da8376a94870453f59a91524d6addf8	
changed	engine	source	vostok/animation/sources/animation_player.cpp	md5	014b51360b77100112f4b8be62277d05	md5	47ac301b718e0e789000d87d9fb7e650	
changed	engine	source	vostok/animation/sources/animation_player_serialization.cpp	md5	aac9cb4e1ab894b0f325b9cbb6c6c143	md5	c63a42e2c2b872df0e514e1eae2c111c	
unchanged	engine	source	vostok/animation/sources/base_interpolator.cpp	md5	71d4baa1a2f23f098435b05a6a12cd22	md5	71d4baa1a2f23f098435b05a6a12cd22	
unchanged	engine	source	vostok/animation/sources/bi_spline_skeleton_animation_baked.cpp	md5	541d1ceba8a44285ec2ab0c58c76e76c	md5	541d1ceba8a44285ec2ab0c58c76e76c	
unchanged	engine	header	vostok/animation/sources/bi_spline_skeleton_animation_baked.h	md5	8737f8f4ed3f7d745a6a8f810b901319	md5	8737f8f4ed3f7d745a6a8f810b901319	
changed	engine	source	vostok/animation/sources/bi_spline_skeleton_animation_baked_cook.cpp	md5	e5137251f07d298897e6b0d3533d7a12	md5	e9d261e624c40817475ffd7846db2d0c	
unchanged	engine	source	vostok/animation/sources/bi_spline_skeleton_animation_impl_cook.cpp	md5	30e12e17d145d6c319a2a578db00415f	md5	30e12e17d145d6c319a2a578db00415f	
unchanged	engine	source	vostok/animation/sources/bone_animation.cpp	md5	1c3aea3a5dfdb9c26f3b0da714104c83	md5	1c3aea3a5dfdb9c26f3b0da714104c83	
changed	engine	source	vostok/animation/sources/bone_matrices_computer.cpp	md5	cd6d9717d376ed152dffb489466e33de	md5	d3e4b31048e0dd87957504a358717411	
changed	engine	header	vostok/animation/sources/bone_matrices_computer.h	md5	866c7d81911bf3725d7c290bfb334abb	md5	6bfbc02d77c0e86bc7bc9b823943d180	
unchanged	engine	source	vostok/animation/sources/bone_names.cpp	md5	ef41999ab5b54ef66305be0ee49fddd4	md5	ef41999ab5b54ef66305be0ee49fddd4	
unchanged	engine	source	vostok/animation/sources/cubic_spline_skeleton_animation.cpp	md5	c4eaad099b5e1b8a38b39710dda7636e	md5	c4eaad099b5e1b8a38b39710dda7636e	
unchanged	engine	source	vostok/animation/sources/cubic_spline_skeleton_animation_cook.cpp	md5	08b1e0a85ed343f84b86d23413035130	md5	08b1e0a85ed343f84b86d23413035130	
unchanged	engine	source	vostok/animation/sources/event_channel.cpp	md5	0d6c72a1b50c54969f0cae18ca64090f	md5	0d6c72a1b50c54969f0cae18ca64090f	
unchanged	engine	source	vostok/animation/sources/fermi_interpolator.cpp	md5	f35434394c37463855491d1bf78e068d	md5	f35434394c37463855491d1bf78e068d	
changed	engine	source	vostok/animation/sources/fingers_to_weapon_corrector.cpp	md5	8ab9d5cb4d6e4f08628213bed8fe4c1c	md5	17e8a0b8c9b4c2876ec91b7ce00dec2b	
changed	engine	source	vostok/animation/sources/hand_to_weapon_ik_solver.cpp	md5	026de789fa482b5c906e78f24e1feb51	md5	9fb10e5877c3bab6d8aa88244b7d399e	
unchanged	engine	header	vostok/animation/sources/i_editor_mixer_inline.h	md5	5794a01a089062fc43201d2c18d8043a	md5	5794a01a089062fc43201d2c18d8043a	
unchanged	engine	source	vostok/animation/sources/ik_solver.cpp	md5	048c7b2cb3fc223817c2195d65843862	md5	048c7b2cb3fc223817c2195d65843862	
unchanged	engine	source	vostok/animation/sources/instant_interpolator.cpp	md5	1dab73e29cad8121f96c436f7be9376b	md5	1dab73e29cad8121f96c436f7be9376b	
unchanged	engine	source	vostok/animation/sources/interpolator_comparer.cpp	md5	49c2b517fe0b1bc1e9ac3b53f082c7eb	md5	49c2b517fe0b1bc1e9ac3b53f082c7eb	
unchanged	engine	header	vostok/animation/sources/interpolator_comparer.h	md5	723c7dc20a8bb18a3e5f01fd9714ef15	md5	723c7dc20a8bb18a3e5f01fd9714ef15	
unchanged	engine	source	vostok/animation/sources/interpolator_size_calculator.cpp	md5	ed55860b0853d3f50c0a5f60c19c3e19	md5	ed55860b0853d3f50c0a5f60c19c3e19	
unchanged	engine	header	vostok/animation/sources/interpolator_size_calculator.h	md5	46aafdffb5382193f7e692938bc5c356	md5	46aafdffb5382193f7e692938bc5c356	
removed	engine	source	vostok/animation/sources/legs_ik_drawer.cpp	md5	630b13a1fa0d589b39d37f67db09056e			
changed	engine	source	vostok/animation/sources/legs_ik_solver.cpp	md5	6781543bb33236f7df844f209608c0d8	md5	4b73fa979be8b0fafe8204a024c330b3	
unchanged	engine	source	vostok/animation/sources/linear_interpolator.cpp	md5	a4dfe0ac67556a9ca104f4598a52d2d8	md5	a4dfe0ac67556a9ca104f4598a52d2d8	
unchanged	engine	header	vostok/animation/sources/mixing_animated_object_holder.h	md5	9d37dbac2abbf830b1d02d0881606be8	md5	9d37dbac2abbf830b1d02d0881606be8	
unchanged	engine	header	vostok/animation/sources/mixing_animation_event.h	md5	9bde5d47e1a0705feb23ca9e3c301407	md5	9bde5d47e1a0705feb23ca9e3c301407	
unchanged	engine	source	vostok/animation/sources/mixing_animation_lexeme.cpp	md5	feb72a1f479fabc46f5281ac927c4fa1	md5	feb72a1f479fabc46f5281ac927c4fa1	
unchanged	engine	source	vostok/animation/sources/mixing_animation_lexeme_parameters.cpp	md5	e171f0b6b37f431df6a636fffa0c1447	md5	e171f0b6b37f431df6a636fffa0c1447	
changed	engine	source	vostok/animation/sources/mixing_animation_state.cpp	md5	9b42839e2351a65277622e7c3f5068fe	md5	62f4791cfc19253d7c7ae9c59f0db9e1	
unchanged	engine	header	vostok/animation/sources/mixing_animation_state.h	md5	7b5b211e9eba8369bb30ff68cd0bad21	md5	7b5b211e9eba8369bb30ff68cd0bad21	
unchanged	engine	source	vostok/animation/sources/mixing_binary_tree_addition_node.cpp	md5	096a584401e00cced643712871b47c3a	md5	096a584401e00cced643712871b47c3a	
unchanged	engine	source	vostok/animation/sources/mixing_binary_tree_animation_node.cpp	md5	39a6b96e3b8780ec0853f3f0633f94a5	md5	39a6b96e3b8780ec0853f3f0633f94a5	
unchanged	engine	source	vostok/animation/sources/mixing_binary_tree_expression_simplifier.cpp	md5	740921835d6bf41d3ee8555cece7c62c	md5	740921835d6bf41d3ee8555cece7c62c	
unchanged	engine	header	vostok/animation/sources/mixing_binary_tree_expression_simplifier.h	md5	d6efef074f7c99a121ffcc1a4b317f7c	md5	d6efef074f7c99a121ffcc1a4b317f7c	
unchanged	engine	source	vostok/animation/sources/mixing_binary_tree_initializer.cpp	md5	4eaaacced1560d61ee1e572266da403b	md5	4eaaacced1560d61ee1e572266da403b	
unchanged	engine	header	vostok/animation/sources/mixing_binary_tree_initializer.h	md5	ff3fbd5435ded5e1d7fc35c16ed8b7d0	md5	ff3fbd5435ded5e1d7fc35c16ed8b7d0	
unchanged	engine	source	vostok/animation/sources/mixing_binary_tree_multiplication_node.cpp	md5	6531edf4ed4ebda7a6b03b8843205663	md5	6531edf4ed4ebda7a6b03b8843205663	
unchanged	engine	source	vostok/animation/sources/mixing_binary_tree_null_weight_searcher.cpp	md5	d8f9fd34eb29bb0dfc18fdff80fa1d4a	md5	d8f9fd34eb29bb0dfc18fdff80fa1d4a	
unchanged	engine	header	vostok/animation/sources/mixing_binary_tree_null_weight_searcher.h	md5	541e1ebeb1834e1cec84d753b2539ddd	md5	541e1ebeb1834e1cec84d753b2539ddd	
unchanged	engine	source	vostok/animation/sources/mixing_binary_tree_subtraction_node.cpp	md5	233a764f4df6a322afdc2151862505aa	md5	233a764f4df6a322afdc2151862505aa	
unchanged	engine	source	vostok/animation/sources/mixing_binary_tree_weight_node.cpp	md5	6ace74c42bbcef95fdd4559ee89fb62a	md5	6ace74c42bbcef95fdd4559ee89fb62a	
changed	engine	source	vostok/animation/sources/mixing_n_ary_tree.cpp	md5	350832f8dfc8745ac20052c52ed0c419	md5	eb4c293e87d3226162b1f6d53c5dc240	
changed	engine	header	vostok/animation/sources/mixing_n_ary_tree.h	md5	78c4bf6f7468fcb5b2399ad1c187289b	md5	334fb80f109573c4745e7565b6db4982	
unchanged	engine	source	vostok/animation/sources/mixing_n_ary_tree_addition_node.cpp	md5	b588a20c4ea4f57db04a3f4fdc4d2af7	md5	b588a20c4ea4f57db04a3f4fdc4d2af7	
unchanged	engine	header	vostok/animation/sources/mixing_n_ary_tree_addition_node.h	md5	c009fda4698dc85249d0067b323eb498	md5	c009fda4698dc85249d0067b323eb498	
changed	engine	source	vostok/animation/sources/mixing_n_ary_tree_animation_event_iterator.cpp	md5	76901dc64b22e35ac8a3388359f802a7	md5	74f51e59125ee9d1635c4b3e124dc7de	
unchanged	engine	header	vostok/animation/sources/mixing_n_ary_tree_animation_event_iterator.h	md5	1279c7759d9f5d8d2c1e00ed8a6ac6cf	md5	1279c7759d9f5d8d2c1e00ed8a6ac6cf	
unchanged	engine	header	vostok/animation/sources/mixing_n_ary_tree_animation_event_iterator_inline.h	md5	777b42aefdf2d07adefb7fbe8cc4a8ab	md5	777b42aefdf2d07adefb7fbe8cc4a8ab	
unchanged	engine	source	vostok/animation/sources/mixing_n_ary_tree_animation_node.cpp	md5	dce67a3efb77c9dfd0d431d49dfc42f7	md5	dce67a3efb77c9dfd0d431d49dfc42f7	
unchanged	engine	header	vostok/animation/sources/mixing_n_ary_tree_animation_node.h	md5	8c6ff7fdaa2334930826bcd601f5c6c5	md5	8c6ff7fdaa2334930826bcd601f5c6c5	
unchanged	engine	header	vostok/animation/sources/mixing_n_ary_tree_animation_node_inline.h	md5	81c10d50a640e0712433f9d7e08cdc1e	md5	81c10d50a640e0712433f9d7e08cdc1e	
unchanged	engine	source	vostok/animation/sources/mixing_n_ary_tree_animation_time_calculator.cpp	md5	a4e1ecec31e9e910c454fa2e64f965dc	md5	a4e1ecec31e9e910c454fa2e64f965dc	
unchanged	engine	header	vostok/animation/sources/mixing_n_ary_tree_animation_time_calculator.h	md5	be7da67ec6e6a1288be8a72adadd71e5	md5	be7da67ec6e6a1288be8a72adadd71e5	
unchanged	engine	header	vostok/animation/sources/mixing_n_ary_tree_base_node.h	md5	e4851a1bb90856bc5ae3b90ea55cd420	md5	e4851a1bb90856bc5ae3b90ea55cd420	
unchanged	engine	header	vostok/animation/sources/mixing_n_ary_tree_base_node_inline.h	md5	5f674bffd49816e15644df3250c92cc7	md5	5f674bffd49816e15644df3250c92cc7	
changed	engine	source	vostok/animation/sources/mixing_n_ary_tree_cloner.cpp	md5	8f5fdfbc07c80c545aa062e0ba8d082a	md5	e4a3eb1e017bf86acdf75e7cac8f3f2c	
unchanged	engine	header	vostok/animation/sources/mixing_n_ary_tree_cloner.h	md5	4a017ec384bbe5b49b14686b03885060	md5	4a017ec384bbe5b49b14686b03885060	
unchanged	engine	source	vostok/animation/sources/mixing_n_ary_tree_comparer.cpp	md5	79ed6276849d58cf09bb58d0b1681807	md5	79ed6276849d58cf09bb58d0b1681807	
unchanged	engine	header	vostok/animation/sources/mixing_n_ary_tree_comparer.h	md5	63ae52786205bf2210d490b6450d3208	md5	63ae52786205bf2210d490b6450d3208	
unchanged	engine	source	vostok/animation/sources/mixing_n_ary_tree_converter.cpp	md5	bf894d3e2256bdba5a64d600925a9d3b	md5	bf894d3e2256bdba5a64d600925a9d3b	
unchanged	engine	header	vostok/animation/sources/mixing_n_ary_tree_converter.h	md5	7409a1680668a48ad727fff308d4724b	md5	7409a1680668a48ad727fff308d4724b	
changed	engine	source	vostok/animation/sources/mixing_n_ary_tree_deserializer.cpp	md5	1b478463f7f8c3d1d9a60b9e6bf7f2a8	md5	3992e4b712475c1ee7f5884425b82354	
changed	engine	header	vostok/animation/sources/mixing_n_ary_tree_deserializer.h	md5	f170acab34d3c2bae4453ad833597ba7	md5	a203f5de6ae17fa0907a1acb6e9b7aad	
unchanged	engine	source	vostok/animation/sources/mixing_n_ary_tree_destroyer.cpp	md5	e02e37ac77c03c5516249c3c6e421b65	md5	e02e37ac77c03c5516249c3c6e421b65	
unchanged	engine	header	vostok/animation/sources/mixing_n_ary_tree_destroyer.h	md5	079a9a4516318eee557aa35259e20a29	md5	079a9a4516318eee557aa35259e20a29	
unchanged	engine	header	vostok/animation/sources/mixing_n_ary_tree_double_dispatcher.h	md5	830295d6d91de52c9f2c4e4b9c5503e3	md5	830295d6d91de52c9f2c4e4b9c5503e3	
unchanged	engine	header	vostok/animation/sources/mixing_n_ary_tree_dumper.h	md5	790b5aae31753643bed6d0f4d1da329d	md5	790b5aae31753643bed6d0f4d1da329d	
unchanged	engine	source	vostok/animation/sources/mixing_n_ary_tree_event_iterator.cpp	md5	88c36f5c370fd835201a3ecbf6c6d778	md5	88c36f5c370fd835201a3ecbf6c6d778	
unchanged	engine	header	vostok/animation/sources/mixing_n_ary_tree_event_iterator.h	md5	4927c6b410759285b9c03bc14b2b6515	md5	4927c6b410759285b9c03bc14b2b6515	
unchanged	engine	header	vostok/animation/sources/mixing_n_ary_tree_event_iterator_inline.h	md5	87737fd14ea180687aa18c107d8382f9	md5	87737fd14ea180687aa18c107d8382f9	
unchanged	engine	source	vostok/animation/sources/mixing_n_ary_tree_interpolator_selector.cpp	md5	80dca11161dadf41c5fee78547ffa043	md5	80dca11161dadf41c5fee78547ffa043	
unchanged	engine	header	vostok/animation/sources/mixing_n_ary_tree_interpolator_selector.h	md5	430692f38f6de5dec20024d046b5062e	md5	430692f38f6de5dec20024d046b5062e	
unchanged	engine	source	vostok/animation/sources/mixing_n_ary_tree_multiplication_node.cpp	md5	0080cfddf4bb6313457cd84ef3ce34ec	md5	0080cfddf4bb6313457cd84ef3ce34ec	
unchanged	engine	header	vostok/animation/sources/mixing_n_ary_tree_multiplication_node.h	md5	2d4207c275845bb86f2ef7f7cb56cc8f	md5	2d4207c275845bb86f2ef7f7cb56cc8f	
unchanged	engine	header	vostok/animation/sources/mixing_n_ary_tree_n_ary_operation_node.h	md5	12dbe0862c5b8c4a825ff2ddc1130c88	md5	12dbe0862c5b8c4a825ff2ddc1130c88	
unchanged	engine	header	vostok/animation/sources/mixing_n_ary_tree_n_ary_operation_node_inline.h	md5	d6f59987ddf4238c8838e76d49963e07	md5	d6f59987ddf4238c8838e76d49963e07	
unchanged	engine	source	vostok/animation/sources/mixing_n_ary_tree_node_cloner.cpp	md5	efaee1b1e1079e9cb5b6f6ea5f3265fc	md5	efaee1b1e1079e9cb5b6f6ea5f3265fc	
unchanged	engine	header	vostok/animation/sources/mixing_n_ary_tree_node_cloner.h	md5	15ca6a369c2942c17d957e71cd0829bf	md5	15ca6a369c2942c17d957e71cd0829bf	
unchanged	engine	source	vostok/animation/sources/mixing_n_ary_tree_node_comparer.cpp	md5	46a24d3701ab2132a0821dca416c616d	md5	46a24d3701ab2132a0821dca416c616d	
unchanged	engine	header	vostok/animation/sources/mixing_n_ary_tree_node_comparer.h	md5	da696f89dd655d4938082e1260dbe503	md5	da696f89dd655d4938082e1260dbe503	
unchanged	engine	source	vostok/animation/sources/mixing_n_ary_tree_node_constructor.cpp	md5	5ab8c58fc20b4f24db069986fa961489	md5	5ab8c58fc20b4f24db069986fa961489	
unchanged	engine	header	vostok/animation/sources/mixing_n_ary_tree_node_constructor.h	md5	4fe8aa348c0791915b091dcc1f041080	md5	4fe8aa348c0791915b091dcc1f041080	
unchanged	engine	header	vostok/animation/sources/mixing_n_ary_tree_node_constructor_inline.h	md5	c5f4734ac018e4ab47ece99038c9ddef	md5	c5f4734ac018e4ab47ece99038c9ddef	
unchanged	engine	source	vostok/animation/sources/mixing_n_ary_tree_redundant_multiplicands_detector.cpp	md5	3923eee488287e2658cb7dd938b3cc41	md5	3923eee488287e2658cb7dd938b3cc41	
unchanged	engine	header	vostok/animation/sources/mixing_n_ary_tree_redundant_multiplicands_detector.h	md5	f69d4366ea4383e3779882099273b49d	md5	f69d4366ea4383e3779882099273b49d	
unchanged	engine	header	vostok/animation/sources/mixing_n_ary_tree_serialization.h	md5	d522852b5bbfebea7bad0c27d964844c	md5	d522852b5bbfebea7bad0c27d964844c	
unchanged	engine	source	vostok/animation/sources/mixing_n_ary_tree_serializer.cpp	md5	5fc58bc8f29bf5aa531e9f08a7a5f1ff	md5	5fc58bc8f29bf5aa531e9f08a7a5f1ff	
unchanged	engine	header	vostok/animation/sources/mixing_n_ary_tree_serializer.h	md5	5fb36a4a67618496078bd7b387608baa	md5	5fb36a4a67618496078bd7b387608baa	
unchanged	engine	source	vostok/animation/sources/mixing_n_ary_tree_size_calculator.cpp	md5	954fc8d85ee49840c9c6255495062b33	md5	954fc8d85ee49840c9c6255495062b33	
unchanged	engine	header	vostok/animation/sources/mixing_n_ary_tree_size_calculator.h	md5	5bceac4fd54478cc578f9b82048ad3fd	md5	5bceac4fd54478cc578f9b82048ad3fd	
unchanged	engine	source	vostok/animation/sources/mixing_n_ary_tree_subtraction_node.cpp	md5	ac0e05ba79d2882171a2d6d7729362da	md5	ac0e05ba79d2882171a2d6d7729362da	
unchanged	engine	header	vostok/animation/sources/mixing_n_ary_tree_subtraction_node.h	md5	fbff86e965c7773bc1ccd4782149591b	md5	fbff86e965c7773bc1ccd4782149591b	
unchanged	engine	source	vostok/animation/sources/mixing_n_ary_tree_target_time_scale_calculator.cpp	md5	bafe6e3675d6690a55824425f4369590	md5	bafe6e3675d6690a55824425f4369590	
unchanged	engine	header	vostok/animation/sources/mixing_n_ary_tree_target_time_scale_calculator.h	md5	981d321d174b75ec5b105a545858026b	md5	981d321d174b75ec5b105a545858026b	
unchanged	engine	source	vostok/animation/sources/mixing_n_ary_tree_time_in_ms_calculator.cpp	md5	8123d78282d50bd0107260bcef0d3964	md5	8123d78282d50bd0107260bcef0d3964	
unchanged	engine	header	vostok/animation/sources/mixing_n_ary_tree_time_in_ms_calculator.h	md5	3c2bba6a2b60aefbbee91453b4c02086	md5	3c2bba6a2b60aefbbee91453b4c02086	
unchanged	engine	source	vostok/animation/sources/mixing_n_ary_tree_time_scale_calculator.cpp	md5	251aa5140eda49a4f2efaaf99a2f34f0	md5	251aa5140eda49a4f2efaaf99a2f34f0	
unchanged	engine	header	vostok/animation/sources/mixing_n_ary_tree_time_scale_calculator.h	md5	2528ddd32ab80e18a4f03598fc75dbf1	md5	2528ddd32ab80e18a4f03598fc75dbf1	
unchanged	engine	source	vostok/animation/sources/mixing_n_ary_tree_time_scale_node.cpp	md5	62573ea8933138d5231cc0478f08f94d	md5	62573ea8933138d5231cc0478f08f94d	
unchanged	engine	header	vostok/animation/sources/mixing_n_ary_tree_time_scale_node.h	md5	88783af7de4744e84de08ce56a2ab6d0	md5	88783af7de4744e84de08ce56a2ab6d0	
unchanged	engine	header	vostok/animation/sources/mixing_n_ary_tree_time_scale_node_inline.h	md5	6645f14e314f8816fceaf89a0304d813	md5	6645f14e314f8816fceaf89a0304d813	
unchanged	engine	source	vostok/animation/sources/mixing_n_ary_tree_time_scale_start_time_modifier.cpp	md5	c180b1c5a4382f8bc0681e03af15c78a	md5	c180b1c5a4382f8bc0681e03af15c78a	
unchanged	engine	header	vostok/animation/sources/mixing_n_ary_tree_time_scale_start_time_modifier.h	md5	b01a96549b1e872b54a152dcaf7ef1bc	md5	b01a96549b1e872b54a152dcaf7ef1bc	
unchanged	engine	source	vostok/animation/sources/mixing_n_ary_tree_time_scale_transition_node.cpp	md5	efda7ea40d9b51fd867f85cab8632813	md5	efda7ea40d9b51fd867f85cab8632813	
unchanged	engine	header	vostok/animation/sources/mixing_n_ary_tree_time_scale_transition_node.h	md5	89321baece0264e30e2936c7a81e41b7	md5	89321baece0264e30e2936c7a81e41b7	
unchanged	engine	header	vostok/animation/sources/mixing_n_ary_tree_time_scale_transition_node_inline.h	md5	0faa241edf547dfc89485a19c4e8a12d	md5	0faa241edf547dfc89485a19c4e8a12d	
changed	engine	source	vostok/animation/sources/mixing_n_ary_tree_transition_tree_constructor.cpp	md5	550d44be1e24bcec5a85b88497973e97	md5	465e7cac01446ebb3fb15fcf6ec32e83	
unchanged	engine	header	vostok/animation/sources/mixing_n_ary_tree_transition_tree_constructor.h	md5	63d3ac7f9c8438d6a29d68ababa89d41	md5	63d3ac7f9c8438d6a29d68ababa89d41	
unchanged	engine	header	vostok/animation/sources/mixing_n_ary_tree_transition_tree_constructor_impl.h	md5	fcf3b802d672c4c84ad701dfe6d3da1c	md5	fcf3b802d672c4c84ad701dfe6d3da1c	
unchanged	engine	header	vostok/animation/sources/mixing_n_ary_tree_visitor.h	md5	101429e801c76da2e925512ef1fdabe3	md5	101429e801c76da2e925512ef1fdabe3	
unchanged	engine	source	vostok/animation/sources/mixing_n_ary_tree_weaver.cpp	md5	71f8659e07014a856c3f7dbb5e186ead	md5	71f8659e07014a856c3f7dbb5e186ead	
unchanged	engine	header	vostok/animation/sources/mixing_n_ary_tree_weaver.h	md5	2dba87a5a109cf86a3641131a165b5e4	md5	2dba87a5a109cf86a3641131a165b5e4	
unchanged	engine	source	vostok/animation/sources/mixing_n_ary_tree_weight_calculator.cpp	md5	ee05517d4985c6493a4c81483b8e2057	md5	ee05517d4985c6493a4c81483b8e2057	
unchanged	engine	header	vostok/animation/sources/mixing_n_ary_tree_weight_calculator.h	md5	77ed4c053a85544842186a628214ae1e	md5	77ed4c053a85544842186a628214ae1e	
unchanged	engine	header	vostok/animation/sources/mixing_n_ary_tree_weight_calculator_inline.h	md5	3b863e8cb2047df99592544ddaf88b7a	md5	3b863e8cb2047df99592544ddaf88b7a	
unchanged	engine	source	vostok/animation/sources/mixing_n_ary_tree_weight_event_iterator.cpp	md5	f27df5d465485ace6e190e3c4580565b	md5	f27df5d465485ace6e190e3c4580565b	
unchanged	engine	header	vostok/animation/sources/mixing_n_ary_tree_weight_event_iterator.h	md5	723f0571435dcdc4e10a888380ea70b9	md5	723f0571435dcdc4e10a888380ea70b9	
unchanged	engine	header	vostok/animation/sources/mixing_n_ary_tree_weight_event_iterator_inline.h	md5	c3a685313b147354a74b52ed2bcf1b78	md5	c3a685313b147354a74b52ed2bcf1b78	
unchanged	engine	source	vostok/animation/sources/mixing_n_ary_tree_weight_node.cpp	md5	1807b9a3c6fb1972f0a702d13af18967	md5	1807b9a3c6fb1972f0a702d13af18967	
unchanged	engine	header	vostok/animation/sources/mixing_n_ary_tree_weight_node.h	md5	d31f33be294e4fbcf27440a1229e5416	md5	d31f33be294e4fbcf27440a1229e5416	
unchanged	engine	header	vostok/animation/sources/mixing_n_ary_tree_weight_node_inline.h	md5	91f548348beae7d879d44cf8a7e21fcd	md5	91f548348beae7d879d44cf8a7e21fcd	
unchanged	engine	source	vostok/animation/sources/mixing_n_ary_tree_weight_transition_node.cpp	md5	4d1aea353e6ce3c64bf9c2bffc9386df	md5	4d1aea353e6ce3c64bf9c2bffc9386df	
unchanged	engine	header	vostok/animation/sources/mixing_n_ary_tree_weight_transition_node.h	md5	0760446fead0a4af10b5fb3d74d0d9df	md5	0760446fead0a4af10b5fb3d74d0d9df	
unchanged	engine	header	vostok/animation/sources/mixing_n_ary_tree_weight_transition_node_inline.h	md5	8a0ea24dacf563e5c45fbb6e0c949d09	md5	8a0ea24dacf563e5c45fbb6e0c949d09	
unchanged	engine	source	vostok/animation/sources/pch.cpp	md5	815aea0bca468b7113747f60a9c16fda	md5	815aea0bca468b7113747f60a9c16fda	
unchanged	engine	header	vostok/animation/sources/pch.h	md5	7c66c65900d2d0e1b6eb5df884dc7bb9	md5	7c66c65900d2d0e1b6eb5df884dc7bb9	
unchanged	engine	source	vostok/animation/sources/single_animation.cpp	md5	0d0d8c5ee6f47337b47aa8817cc16e90	md5	0d0d8c5ee6f47337b47aa8817cc16e90	
unchanged	engine	header	vostok/animation/sources/single_animation.h	md5	87a7eff5dfd3decd7f1e4a7df8bd33b6	md5	87a7eff5dfd3decd7f1e4a7df8bd33b6	
unchanged	engine	source	vostok/animation/sources/single_animation_cook.cpp	md5	13fb67227746bfba00f1e97ec60bc038	md5	13fb67227746bfba00f1e97ec60bc038	
unchanged	engine	header	vostok/animation/sources/single_animation_cook.h	md5	82e101ea3323d64095f0dd71f580e37f	md5	82e101ea3323d64095f0dd71f580e37f	
unchanged	engine	source	vostok/animation/sources/skeleton.cpp	md5	c099c991231b7e20a2ea0d05ba2fc722	md5	c099c991231b7e20a2ea0d05ba2fc722	
unchanged	engine	source	vostok/animation/sources/skeleton_animation_cook.cpp	md5	cf56567e79cf7e7fd662ab8410beacbf	md5	cf56567e79cf7e7fd662ab8410beacbf	
unchanged	engine	source	vostok/animation/sources/skeleton_animation_scene.cpp	md5	eac38a991638cd60c07ae4e61f180b4e	md5	eac38a991638cd60c07ae4e61f180b4e	
unchanged	engine	source	vostok/animation/sources/skeleton_animation_scene_cook.cpp	md5	1f34ed2f2f0e63537878046daf56d98f	md5	1f34ed2f2f0e63537878046daf56d98f	
unchanged	engine	source	vostok/animation/sources/skeleton_bone.cpp	md5	8efeeccdc77f3a8abe41fa2dd1e32a33	md5	8efeeccdc77f3a8abe41fa2dd1e32a33	
unchanged	engine	source	vostok/animation/sources/skeleton_cook.cpp	md5	ac024afb1423821d897199b1df89d51b	md5	ac024afb1423821d897199b1df89d51b	
unchanged	engine	header	vostok/animation/sources/skeleton_cook.h	md5	76fa5730b6d41f81b9b94a346e2eb9af	md5	76fa5730b6d41f81b9b94a346e2eb9af	
unchanged	engine	header	vostok/animation/time_channel.h	md5	850164dbb82c17df56596fb85929d17e	md5	850164dbb82c17df56596fb85929d17e	
unchanged	engine	header	vostok/animation/time_channel_inline.h	md5	ecc69f0f1113f78897dca3a31307321a	md5	ecc69f0f1113f78897dca3a31307321a	
unchanged	engine	header	vostok/animation/type_definitions.h	md5	d7d0f152f7fa5259da1cc344f18b9b61	md5	d7d0f152f7fa5259da1cc344f18b9b61	
unchanged	engine	header	vostok/associative_vector.h	md5	738af91c68fb51137c1259b97d5d8b15	md5	738af91c68fb51137c1259b97d5d8b15	
unchanged	engine	header	vostok/associative_vector_compare_predicate.h	md5	72de572b70c4898e6f79eb83a43c1525	md5	72de572b70c4898e6f79eb83a43c1525	
unchanged	engine	header	vostok/associative_vector_compare_predicate_inline.h	md5	aa0541f544d453722dbd90259c3fd569	md5	aa0541f544d453722dbd90259c3fd569	
unchanged	engine	header	vostok/associative_vector_inline.h	md5	26f01f8224e85b4b4eb5c6628402c8ec	md5	26f01f8224e85b4b4eb5c6628402c8ec	
changed	engine	header	vostok/bit_extensions.h	md5	0ae07d80ecda2b67c4e9ef48cb61b0dd	md5	c3f37103b2559c55086d5de319268a88	
unchanged	engine	header	vostok/buffer_string.h	md5	90e324b55f06a1d8bb63ed9b0e0dfc7c	md5	90e324b55f06a1d8bb63ed9b0e0dfc7c	
unchanged	engine	header	vostok/buffer_string_inline.h	md5	618c27b283018d298ab5ba3f16014e44	md5	618c27b283018d298ab5ba3f16014e44	
unchanged	engine	header	vostok/buffer_vector.h	md5	e14c55003cc0c8e67dc67ee2c57504ef	md5	e14c55003cc0c8e67dc67ee2c57504ef	
changed	engine	header	vostok/buffer_vector_inline.h	md5	111aeb1355395311514afb16407ae1d7	md5	d8af90a99d135e0346dc66f59a59aed4	
unchanged	engine	header	vostok/c_array_functions.h	md5	7692b088131c76fde0544591be0d871e	md5	7692b088131c76fde0544591be0d871e	
changed	engine	header	vostok/circular_buffer.h	md5	eea037b14879600059d491f92a78cd80	md5	fe00a4b5059e5401ecb26d3603177a5d	
changed	engine	header	vostok/circular_buffer_inline.h	md5	5dcfa7b4e821add6f1acced57cedc716	md5	61f114011f94326c1743ac77e6df3b4b	
unchanged	engine	header	vostok/collision/animated_object.h	md5	258fe2f088b5c0e7df5167e232879813	md5	258fe2f088b5c0e7df5167e232879813	
unchanged	engine	header	vostok/collision/api.h	md5	c2d50c19f87d720705724db14460d8af	md5	c2d50c19f87d720705724db14460d8af	
changed	engine	header	vostok/collision/bone_collision_data.h	md5	00b8c4e84c65df8a0057308b96049549	md5	2a260865f693c45b58686c4fd832d04d	
changed	engine	header	vostok/collision/collision_object.h	md5	67ab53763a70cea4268f26bcff7694df	md5	01754841a2b97da46cff664df3fb8fc7	
unchanged	engine	header	vostok/collision/common_types.h	md5	f736d01c8c39891f16e4fef04ac7d91d	md5	f736d01c8c39891f16e4fef04ac7d91d	
unchanged	engine	header	vostok/collision/contact_info.h	md5	048f5c0177253f2e27fa1bd5173d846a	md5	048f5c0177253f2e27fa1bd5173d846a	
changed	engine	header	vostok/collision/geometry.h	md5	b8b3331642c29ad60ce2e5aa764d564c	md5	5b576892639aea80fcc5ed4d4358ca70	
unchanged	engine	header	vostok/collision/geometry_double_dispatcher.h	md5	49c91446c604354a7dac29891968fad7	md5	49c91446c604354a7dac29891968fad7	
changed	engine	header	vostok/collision/geometry_instance.h	md5	33b25f9be028fa08035a3253f515971d	md5	e022a6542b702238977d733ea78d0219	
unchanged	engine	header	vostok/collision/hit_targets_creation_utils.h	md5	ceed952fa9d89b93a98205b78619f4b2	md5	ceed952fa9d89b93a98205b78619f4b2	
unchanged	engine	header	vostok/collision/hit_targets_creation_utils_inline.h	md5	0ffb4ee193ae9717c96b337a60346920	md5	0ffb4ee193ae9717c96b337a60346920	
unchanged	engine	header	vostok/collision/library_linkage.h	md5	ae0a7ce33904aa3e5c0089018c5a42ba	md5	ae0a7ce33904aa3e5c0089018c5a42ba	
changed	engine	header	vostok/collision/object.h	md5	5ad0ed63ff533ea013838d22b9598ed8	md5	00cc97a14567b89e2e99c3af4c440d24	
unchanged	engine	header	vostok/collision/primitives.h	md5	5e891bd4e9890828ad6d778b17d2ed98	md5	5e891bd4e9890828ad6d778b17d2ed98	
unchanged	engine	header	vostok/collision/ray_collision_utils.h	md5	22ff1bcc6303106acbd6c86856bc8c55	md5	22ff1bcc6303106acbd6c86856bc8c55	
unchanged	engine	header	vostok/collision/ray_collision_utils_inline.h	md5	2d0252dd753d099fd18a538bc303930f	md5	2d0252dd753d099fd18a538bc303930f	
unchanged	engine	header	vostok/collision/shell_creation_utils.h	md5	c7ee279011067ad9501fbd8e7fb84937	md5	c7ee279011067ad9501fbd8e7fb84937	
unchanged	engine	header	vostok/collision/shell_creation_utils_inline.h	md5	bfd55c526a3d96dae7a3f1fb8b5879ab	md5	bfd55c526a3d96dae7a3f1fb8b5879ab	
changed	engine	source	vostok/collision/sources/aabb_object.cpp	md5	487484a2c349256d53e0fdffcae2e379	md5	411bb96907015b02704bce2dc451e64a	
changed	engine	header	vostok/collision/sources/aabb_object.h	md5	12277dcc4ec6452cb42f1ac65c4e812d	md5	de808c55c5f96f7a36e8b3d043831bd6	
unchanged	engine	source	vostok/collision/sources/animated_object.cpp	md5	9c16cfc0d66a1179b7ca3b53d66f79d3	md5	9c16cfc0d66a1179b7ca3b53d66f79d3	
unchanged	engine	source	vostok/collision/sources/animated_object_cook.cpp	md5	0b8c36a59dabbfc36bf222faa1322080	md5	0b8c36a59dabbfc36bf222faa1322080	
unchanged	engine	header	vostok/collision/sources/animated_object_cook.h	md5	e5221e246cc29e2f9cd480b7704c31df	md5	e5221e246cc29e2f9cd480b7704c31df	
unchanged	engine	source	vostok/collision/sources/api.cpp	md5	2c9f473d828ba00f55b4e706070266d6	md5	2c9f473d828ba00f55b4e706070266d6	
changed	engine	source	vostok/collision/sources/box_geometry_instance.cpp	md5	c4b2acaccf66fd3143ea7c2d59c9c19a	md5	01732ea7e034c8ced37e1a72ccfb0afb	
changed	engine	header	vostok/collision/sources/box_geometry_instance.h	md5	d98cfcd6f98659684e2d1133a0c37c71	md5	0c4421f51229cec0da0bfc5e3f5caca0	
changed	engine	source	vostok/collision/sources/capsule_geometry_instance.cpp	md5	ddf15bf850a225043a045607d5f4fbc7	md5	023ebe168725a39a1ae53404000e1958	
changed	engine	header	vostok/collision/sources/capsule_geometry_instance.h	md5	9f6707efead23df23a6488ac4c1e36bd	md5	9d13f7b5323f6e13715a5ab1c4926f50	
unchanged	engine	header	vostok/collision/sources/colliders_aabb_base.h	md5	f9fbc9e14e9b3a03fb98a8dc0cebe3a6	md5	f9fbc9e14e9b3a03fb98a8dc0cebe3a6	
unchanged	engine	header	vostok/collision/sources/colliders_aabb_base_inline.h	md5	24ebf9de18c1108d53b0b60514440c37	md5	24ebf9de18c1108d53b0b60514440c37	
unchanged	engine	source	vostok/collision/sources/colliders_aabb_geometry.cpp	md5	e1374b83e517fc6a121bc4d0fc1d526a	md5	e1374b83e517fc6a121bc4d0fc1d526a	
unchanged	engine	header	vostok/collision/sources/colliders_aabb_geometry.h	md5	46e6b090baf209958288b7e19249cdb6	md5	46e6b090baf209958288b7e19249cdb6	
unchanged	engine	source	vostok/collision/sources/colliders_aabb_geometry_triangle_intersection.cpp	md5	312b8f9cb01c660795973a6f17f1050f	md5	312b8f9cb01c660795973a6f17f1050f	
unchanged	engine	source	vostok/collision/sources/colliders_aabb_object.cpp	md5	5f059749328abfb82a1a46f22f506832	md5	5f059749328abfb82a1a46f22f506832	
unchanged	engine	header	vostok/collision/sources/colliders_aabb_object.h	md5	fa410f66dae39019fa8f1e7ed84ea585	md5	fa410f66dae39019fa8f1e7ed84ea585	
unchanged	engine	source	vostok/collision/sources/colliders_convex_geometry.cpp	md5	e80cd35b1cca2ed8a7567ec18691dc94	md5	e80cd35b1cca2ed8a7567ec18691dc94	
unchanged	engine	header	vostok/collision/sources/colliders_convex_geometry.h	md5	088c56f77cca2fd803aea8bc36d8a784	md5	088c56f77cca2fd803aea8bc36d8a784	
unchanged	engine	source	vostok/collision/sources/colliders_cuboid_geometry.cpp	md5	f82aed4d044aca87214c7e172ca79855	md5	f82aed4d044aca87214c7e172ca79855	
unchanged	engine	header	vostok/collision/sources/colliders_cuboid_geometry.h	md5	4297c701d15c6c01b4186d0d32233893	md5	4297c701d15c6c01b4186d0d32233893	
unchanged	engine	source	vostok/collision/sources/colliders_cuboid_object.cpp	md5	e20e53633fb9788d792ddfc545613f1a	md5	e20e53633fb9788d792ddfc545613f1a	
unchanged	engine	header	vostok/collision/sources/colliders_cuboid_object.h	md5	d56a898ccc9ab07e5039819a81f18b0d	md5	d56a898ccc9ab07e5039819a81f18b0d	
unchanged	engine	header	vostok/collision/sources/colliders_ray_aabb.h	md5	316443b5d29caf869d8e0a75d62ac507	md5	316443b5d29caf869d8e0a75d62ac507	
unchanged	engine	source	vostok/collision/sources/colliders_ray_aabb_all.cpp	md5	a917fb3728107608559c3d5a0fe2ac43	md5	a917fb3728107608559c3d5a0fe2ac43	
unchanged	engine	source	vostok/collision/sources/colliders_ray_aabb_win.cpp	md5	8a9df990cde6832b847f9dabc635c3b5	md5	8a9df990cde6832b847f9dabc635c3b5	
unchanged	engine	source	vostok/collision/sources/colliders_ray_geometry_base.cpp	md5	818a6ceea96ee31590344ad5afcde89a	md5	818a6ceea96ee31590344ad5afcde89a	
unchanged	engine	header	vostok/collision/sources/colliders_ray_geometry_base.h	md5	b4452aeb0f7d7eaa720ee382e1ebd2a1	md5	b4452aeb0f7d7eaa720ee382e1ebd2a1	
unchanged	engine	source	vostok/collision/sources/colliders_ray_object.cpp	md5	3314da848fba860da176ccea7e2694be	md5	3314da848fba860da176ccea7e2694be	
unchanged	engine	header	vostok/collision/sources/colliders_ray_object.h	md5	769f14bcb11ff2daff84bdb374b92c57	md5	769f14bcb11ff2daff84bdb374b92c57	
unchanged	engine	source	vostok/collision/sources/colliders_ray_query_geometry.cpp	md5	44de60988a1be7855cf2dda287dad8ba	md5	44de60988a1be7855cf2dda287dad8ba	
unchanged	engine	header	vostok/collision/sources/colliders_ray_query_geometry.h	md5	f509e8b54054e609610b0d627ced0a8a	md5	f509e8b54054e609610b0d627ced0a8a	
unchanged	engine	source	vostok/collision/sources/colliders_ray_test_geometry.cpp	md5	0ddc57f130600f491d0b2feb162aa44f	md5	0ddc57f130600f491d0b2feb162aa44f	
unchanged	engine	header	vostok/collision/sources/colliders_ray_test_geometry.h	md5	58b3728dfa7dc85d720c0bad093a7d82	md5	58b3728dfa7dc85d720c0bad093a7d82	
unchanged	engine	source	vostok/collision/sources/collision_cook.cpp	md5	5e887ce18bafeae56ade2322f94cdc8a	md5	5e887ce18bafeae56ade2322f94cdc8a	
unchanged	engine	header	vostok/collision/sources/collision_cook.h	md5	b874271df697506cc43ddd0f5e6a9258	md5	b874271df697506cc43ddd0f5e6a9258	
changed	engine	source	vostok/collision/sources/collision_object.cpp	md5	57ebbaacb9d1c296deab797d1b897a4e	md5	c0cc85f488571dd2386f461dfd334ca7	
changed	engine	source	vostok/collision/sources/composite_geometry.cpp	md5	c41e792ee561e26b0ad7be590844c93c	md5	c74390e5bfa6c59842dbd59d02baf898	
changed	engine	header	vostok/collision/sources/composite_geometry.h	md5	15862e839631a2fb33ab4f4b5e1a171a	md5	4cfc70dbb85158e6cd8633da355bf1de	
changed	engine	source	vostok/collision/sources/composite_geometry_instance.cpp	md5	f0ad65b57ab89092ce2ad1be11c65aaf	md5	b9b7d55649764b6182a6f0bc03130b08	
changed	engine	header	vostok/collision/sources/composite_geometry_instance.h	md5	f20296864e9990a152bc5b5775447da0	md5	6fc3a43fc4701e04ca4443ad344a5bea	
unchanged	engine	source	vostok/collision/sources/containment_double_dispatcher.cpp	md5	0b1ea1786b79deaf254f3699b35bc603	md5	0b1ea1786b79deaf254f3699b35bc603	
unchanged	engine	header	vostok/collision/sources/containment_double_dispatcher.h	md5	e6fc4a60295af16af99627b36e6ccc77	md5	e6fc4a60295af16af99627b36e6ccc77	
unchanged	engine	source	vostok/collision/sources/containment_double_dispatcher_box.cpp	md5	a1945b060e6da64a4e3ed090b9299625	md5	a1945b060e6da64a4e3ed090b9299625	
unchanged	engine	source	vostok/collision/sources/containment_double_dispatcher_capsule.cpp	md5	85dae2c20d4d94f1b91e7553413e86dc	md5	85dae2c20d4d94f1b91e7553413e86dc	
unchanged	engine	source	vostok/collision/sources/containment_double_dispatcher_cylinder.cpp	md5	85b4891334b7220103adbeed7d56cb29	md5	85b4891334b7220103adbeed7d56cb29	
unchanged	engine	source	vostok/collision/sources/containment_double_dispatcher_sphere.cpp	md5	51ecc4f1aa5e466e30b5400abce0aff5	md5	51ecc4f1aa5e466e30b5400abce0aff5	
unchanged	engine	source	vostok/collision/sources/containment_double_dispatcher_truncated_sphere.cpp	md5	6fc5e3bdfccab1834e63180b6b722439	md5	6fc5e3bdfccab1834e63180b6b722439	
changed	engine	source	vostok/collision/sources/cylinder_geometry_instance.cpp	md5	9772bf2b0d5b176d350cf61fea6612dc	md5	aa5990faea5980f73b3c605935b05c26	
changed	engine	header	vostok/collision/sources/cylinder_geometry_instance.h	md5	47d343c812a59b85800e5e079a22abd6	md5	0683c95c64072a3460e172cb6d3a9c76	
unchanged	engine	source	vostok/collision/sources/intersection_double_dispatcher.cpp	md5	99c654d123b72292acab7f4120941b39	md5	99c654d123b72292acab7f4120941b39	
unchanged	engine	header	vostok/collision/sources/intersection_double_dispatcher.h	md5	db498367f4406071a3bcb88e1d8425dd	md5	db498367f4406071a3bcb88e1d8425dd	
unchanged	engine	source	vostok/collision/sources/intersection_double_dispatcher_box.cpp	md5	9ba5796e0bb27f51feab2fd2a08a1507	md5	9ba5796e0bb27f51feab2fd2a08a1507	
unchanged	engine	source	vostok/collision/sources/intersection_double_dispatcher_capsule.cpp	md5	b02ecd1d375b67f3321b5cd9a1ff12ed	md5	b02ecd1d375b67f3321b5cd9a1ff12ed	
unchanged	engine	source	vostok/collision/sources/intersection_double_dispatcher_cylinder.cpp	md5	6e5bfa4a8a3cdc926b20a703a21c7447	md5	6e5bfa4a8a3cdc926b20a703a21c7447	
unchanged	engine	source	vostok/collision/sources/intersection_double_dispatcher_sphere.cpp	md5	b1960f70f916533ca25d9cd8fc069979	md5	b1960f70f916533ca25d9cd8fc069979	
unchanged	engine	source	vostok/collision/sources/intersection_double_dispatcher_truncated_sphere.cpp	md5	3227ab2cba51fa437bf7cd1ff37712e4	md5	3227ab2cba51fa437bf7cd1ff37712e4	
changed	engine	source	vostok/collision/sources/loose_oct_tree.cpp	md5	8d923046d96d0cffd61b1d5a1e8be598	md5	53a4a41f68164f39f9eaae79176339c5	
changed	engine	header	vostok/collision/sources/loose_oct_tree.h	md5	c8722a68cec1a7873ea82d572955fa7c	md5	7e062243050a15a233d2c7243c2df006	
unchanged	engine	header	vostok/collision/sources/loose_oct_tree_inline.h	md5	a1bc08e3bac1df3ed6d13fc70f44053e	md5	a1bc08e3bac1df3ed6d13fc70f44053e	
unchanged	engine	header	vostok/collision/sources/opcode_include.h	md5	c6b243d2d47c78ff17d95604c8af3423	md5	c6b243d2d47c78ff17d95604c8af3423	
unchanged	engine	source	vostok/collision/sources/pch.cpp	md5	702c332eeb9301ec4c650b9eafbff19c	md5	702c332eeb9301ec4c650b9eafbff19c	
unchanged	engine	header	vostok/collision/sources/pch.h	md5	f5ddb425c59eb6bcb2ea41d89836b181	md5	f5ddb425c59eb6bcb2ea41d89836b181	
changed	engine	source	vostok/collision/sources/sphere_geometry_instance.cpp	md5	ee0583f959838162d9226bb1b0558cb7	md5	5a79e71866cea78257ad9ec1df376b0d	
changed	engine	header	vostok/collision/sources/sphere_geometry_instance.h	md5	d123bf6b0e248a9b590004ce0b9ea785	md5	1e2d6f85a242d64178ebd96e0621532f	
unchanged	engine	source	vostok/collision/sources/terrain_data.cpp	md5	2a5b664ad78fcf21d01c948d2fc3100a	md5	2a5b664ad78fcf21d01c948d2fc3100a	
unchanged	engine	header	vostok/collision/sources/terrain_data.h	md5	5b2c8cb09d5c810bde0258f22c4844d4	md5	5b2c8cb09d5c810bde0258f22c4844d4	
unchanged	engine	source	vostok/collision/sources/terrain_geometry_instance.cpp	md5	b81ccb33d8c44838d973f616795e25ce	md5	b81ccb33d8c44838d973f616795e25ce	
unchanged	engine	header	vostok/collision/sources/terrain_geometry_instance.h	md5	c82835101b538c741f9b6e2f55bbdc84	md5	c82835101b538c741f9b6e2f55bbdc84	
unchanged	engine	source	vostok/collision/sources/triangle_mesh_buffer.cpp	md5	9d530852633e61185db1edd6b0acbf28	md5	9d530852633e61185db1edd6b0acbf28	
unchanged	engine	header	vostok/collision/sources/triangle_mesh_buffer.h	md5	c87a347394da977124531c14e2e8df22	md5	c87a347394da977124531c14e2e8df22	
changed	engine	source	vostok/collision/sources/triangle_mesh_geometry.cpp	md5	b067b8bfbf1c0cd3b6e1e47686da2109	md5	fdeb7d1b5e37a81ce15a16fdb18a337c	
changed	engine	header	vostok/collision/sources/triangle_mesh_geometry.h	md5	9dc3f29e8dd9f00753c65e3978246727	md5	200103ff00a57c89230139c3b9a738d9	
changed	engine	source	vostok/collision/sources/triangle_mesh_geometry_instance.cpp	md5	b6aacae363eedb48e4be227387e729ba	md5	b567519234c69de976957f2369267618	
changed	engine	header	vostok/collision/sources/triangle_mesh_geometry_instance.h	md5	9e5222084c159fc0c708f31a5f822114	md5	081dc343340bc79ac0061043ad01d090	
changed	engine	source	vostok/collision/sources/triangle_mesh_resource.cpp	md5	6f985aee6261a0b3c21a1fc4d835b2ce	md5	632e3fe0e81c4e425f62ad77652e7565	
changed	engine	header	vostok/collision/sources/triangle_mesh_resource.h	md5	107f427b65e21957313180e842bdf947	md5	7ef1d573d15a33f3cc21a55ccbdb8825	
changed	engine	source	vostok/collision/sources/truncated_sphere_geometry_instance.cpp	md5	04aa827c3543e8f56a41d04024b50990	md5	2ae5b1f3f234c4ad76787d8dfa3494ae	
changed	engine	header	vostok/collision/sources/truncated_sphere_geometry_instance.h	md5	5fabb84db68919656375e707659dd77b	md5	72078120bf8ed72d6a947c0ba6faef25	
changed	engine	header	vostok/collision/space_partitioning_tree.h	md5	f8d0a5ce0cef8907d9755ad6bd7b5c57	md5	01a5416dcd2c70c4806bcb07d4e7ce0e	
unchanged	engine	header	vostok/collision/terrain_collision_utils.h	md5	bc6d38f5827db16e047b76c600decfe6	md5	bc6d38f5827db16e047b76c600decfe6	
unchanged	engine	header	vostok/collision/terrain_collision_utils_inline.h	md5	889cab2775bda482d8625eb7fed3735f	md5	889cab2775bda482d8625eb7fed3735f	
changed	engine	header	vostok/command_line_extensions.h	md5	3a28cf658abdcfc6a00b094249010c9a	md5	95d57a85b2df92a670bdd0950e47c976	
unchanged	engine	header	vostok/compressor.h	md5	77b0a2c47ad1a8367b84d8216c58d20d	md5	77b0a2c47ad1a8367b84d8216c58d20d	
unchanged	engine	header	vostok/compressor_ppmd.h	md5	b4b9140418f8f5c3e6c4b625c60ca9b3	md5	b4b9140418f8f5c3e6c4b625c60ca9b3	
unchanged	engine	header	vostok/configs.h	md5	3a926d860ad94f49683b862449d2f952	md5	3a926d860ad94f49683b862449d2f952	
unchanged	engine	header	vostok/configs_binary_config.h	md5	b7d09c09e4edc44421f8f309eb8000b1	md5	b7d09c09e4edc44421f8f309eb8000b1	
added	engine	header	vostok/configs_binary_config_modification.h			md5	e91528fb0360ee4e52e64c420340522d	
unchanged	engine	header	vostok/configs_binary_config_value.h	md5	b5a891424ab716f12cf39bc632b757ee	md5	b5a891424ab716f12cf39bc632b757ee	
unchanged	engine	header	vostok/configs_binary_config_value_inline.h	md5	f730fb3c3afbd3f201d7b5e8904a8fa7	md5	f730fb3c3afbd3f201d7b5e8904a8fa7	
changed	engine	header	vostok/console_command.h	md5	27fbcb01213417e40d54a71140803a6b	md5	676a9a2ac68d515b03c26d11ce455d0b	
unchanged	engine	header	vostok/console_command_inline.h	md5	a4878e0105d7976302a5042d31be0205	md5	a4878e0105d7976302a5042d31be0205	
unchanged	engine	header	vostok/console_command_processor.h	md5	c03b91e8bb7c4f7b9269e33068d9a49a	md5	c03b91e8bb7c4f7b9269e33068d9a49a	
unchanged	engine	header	vostok/construction.h	md5	2432e909b0984e014f01ec57a7fc998b	md5	2432e909b0984e014f01ec57a7fc998b	
changed	engine	header	vostok/containers_extensions.h	md5	2f69ea14e6a935798e38b2dffae6d912	md5	0b207d613336b86af4fe2fd4d2cd8e62	
unchanged	engine	header	vostok/converted_resources_support.h	md5	dacf13a6afec4f4b2e802e15ee4abbd2	md5	dacf13a6afec4f4b2e802e15ee4abbd2	
unchanged	engine	header	vostok/core/core.h	md5	8c4258f2a98164065dda84ae5f311664	md5	8c4258f2a98164065dda84ae5f311664	
unchanged	engine	header	vostok/core/engine.h	md5	cb92b5e86f89cac5142a611bff295c3a	md5	cb92b5e86f89cac5142a611bff295c3a	
unchanged	engine	header	vostok/core/engine_company.h	md5	50f415f0b5c87d549957c47b504e861f	md5	50f415f0b5c87d549957c47b504e861f	
unchanged	engine	header	vostok/core/library_linkage.h	md5	0b2acc9abaab6f8de1250136f010f114	md5	0b2acc9abaab6f8de1250136f010f114	
unchanged	engine	source	vostok/core/sources/buffer_string.cpp	md5	368a2b61b71f7460ee06f6e5eca583ed	md5	368a2b61b71f7460ee06f6e5eca583ed	
unchanged	engine	source	vostok/core/sources/build_extensions.cpp	md5	e32df2b76a7905d247129417d7388e54	md5	e32df2b76a7905d247129417d7388e54	
unchanged	engine	header	vostok/core/sources/build_extensions.h	md5	2b0e100b91f4887484d1fb52a9920176	md5	2b0e100b91f4887484d1fb52a9920176	
changed	engine	source	vostok/core/sources/command_line.cpp	md5	824558ab391a157eb3192850b11d37fa	md5	461d8d084a3cda5b9c7baaa66773e386	
unchanged	engine	source	vostok/core/sources/compressor_ppmd.cpp	md5	f3a2d038dd53593f659313ed48d83808	md5	f3a2d038dd53593f659313ed48d83808	
unchanged	engine	header	vostok/core/sources/compressor_ppmd_allocator.h	md5	147deefef3268d45e864ee6cc23e0246	md5	147deefef3268d45e864ee6cc23e0246	
unchanged	engine	header	vostok/core/sources/compressor_ppmd_stream.h	md5	ef631dc8ebe4c9bfb3ef27fc3651fbb7	md5	ef631dc8ebe4c9bfb3ef27fc3651fbb7	
unchanged	engine	header	vostok/core/sources/compressor_ppmd_stream_inline.h	md5	a5c05e188e7a358126305f63e77a9069	md5	a5c05e188e7a358126305f63e77a9069	
unchanged	engine	source	vostok/core/sources/compressors_test.cpp	md5	d61768b1d21594bece54587805fd05b7	md5	d61768b1d21594bece54587805fd05b7	
unchanged	engine	source	vostok/core/sources/configs_binary_config.cpp	md5	7d91d997b6968087a0b7f30cc07a4b89	md5	7d91d997b6968087a0b7f30cc07a4b89	
unchanged	engine	header	vostok/core/sources/configs_binary_config.h	md5	e1307aba7e13c00ff8e6f46889a43791	md5	e1307aba7e13c00ff8e6f46889a43791	
unchanged	engine	source	vostok/core/sources/configs_binary_config_cook.cpp	md5	48efe846c1701b5739cae3da75a256a8	md5	48efe846c1701b5739cae3da75a256a8	
unchanged	engine	header	vostok/core/sources/configs_binary_config_cook.h	md5	34e586b47b3231b133e95053b26ef53d	md5	34e586b47b3231b133e95053b26ef53d	
added	engine	source	vostok/core/sources/configs_binary_config_creation.cpp			md5	1ea545c4a44060ed798e86ae25c15297	
added	engine	header	vostok/core/sources/configs_binary_config_creation.h			md5	659166ce0a26a4473c70c2d92de7c4ce	
added	engine	source	vostok/core/sources/configs_binary_config_modification.cpp			md5	455495a4bcec0bfb5801b63af74f4df1	
changed	engine	source	vostok/core/sources/configs_binary_config_value.cpp	md5	8d85c2dd7feaa10d11986e1035b7a224	md5	06206dec728667fbaa9d9e227d0fdd9f	
unchanged	engine	source	vostok/core/sources/console_command.cpp	md5	1addda7f1d661374d9214280cb800ebf	md5	1addda7f1d661374d9214280cb800ebf	
unchanged	engine	source	vostok/core/sources/console_command_processor.cpp	md5	ca27699aee387e1c12be13818bd5a68c	md5	ca27699aee387e1c12be13818bd5a68c	
unchanged	engine	source	vostok/core/sources/core_debug_engine.cpp	md5	5499f48aa36cd4ad78a7308ee59039c9	md5	5499f48aa36cd4ad78a7308ee59039c9	
unchanged	engine	source	vostok/core/sources/core_entry_point.cpp	md5	c1c22e57e2003c25eabd67dc075ccc91	md5	c1c22e57e2003c25eabd67dc075ccc91	
unchanged	engine	source	vostok/core/sources/core_entry_point_win.cpp	md5	22315268de7be6487ad5812f47115f47	md5	22315268de7be6487ad5812f47115f47	
unchanged	engine	source	vostok/core/sources/core_entry_point_win_xbox360.cpp	md5	13765fe942d452fe08766bd26cd75b35	md5	13765fe942d452fe08766bd26cd75b35	
unchanged	engine	source	vostok/core/sources/delayhlp.cpp	md5	332c5cf7a428a9b3aa925de164d55edc	md5	332c5cf7a428a9b3aa925de164d55edc	
unchanged	engine	source	vostok/core/sources/game_resman.cpp	md5	d1a8275b7a02b52c091691689b54c5c3	md5	d1a8275b7a02b52c091691689b54c5c3	
unchanged	engine	header	vostok/core/sources/game_resman.h	md5	a2b01a5b2e8ed401cb5233527c1c870a	md5	a2b01a5b2e8ed401cb5233527c1c870a	
unchanged	engine	header	vostok/core/sources/game_resman_data.h	md5	4862a7ac0a4ca74b21ee6faa5b4a6a2f	md5	4862a7ac0a4ca74b21ee6faa5b4a6a2f	
unchanged	engine	source	vostok/core/sources/game_resman_free.cpp	md5	b44d3c54ab47a5a0ed6dc933df3338c2	md5	b44d3c54ab47a5a0ed6dc933df3338c2	
unchanged	engine	header	vostok/core/sources/game_resman_free.h	md5	699ea96821d65aa8821be39148295f01	md5	699ea96821d65aa8821be39148295f01	
unchanged	engine	header	vostok/core/sources/game_resman_free_collection.h	md5	7c68b38d88348f148d3128454b5875b1	md5	7c68b38d88348f148d3128454b5875b1	
unchanged	engine	source	vostok/core/sources/game_resman_interface.cpp	md5	24ad21c6a8d9fe32df5cbd2e2ae7261f	md5	24ad21c6a8d9fe32df5cbd2e2ae7261f	
unchanged	engine	source	vostok/core/sources/game_resman_out_of_memory.cpp	md5	5e84b46700b089eabf7c4719bc1c0fc2	md5	5e84b46700b089eabf7c4719bc1c0fc2	
unchanged	engine	source	vostok/core/sources/game_resman_quality_decrease.cpp	md5	0487bcd768a7a4fc5e06b814dea68475	md5	0487bcd768a7a4fc5e06b814dea68475	
unchanged	engine	header	vostok/core/sources/game_resman_quality_decrease.h	md5	629cef875016bab0f01d4698e809d540	md5	629cef875016bab0f01d4698e809d540	
unchanged	engine	source	vostok/core/sources/game_resman_quality_increase.cpp	md5	8fd5daedc08c1e14388da42f89d195dd	md5	8fd5daedc08c1e14388da42f89d195dd	
unchanged	engine	header	vostok/core/sources/game_resman_quality_increase.h	md5	0afe96fbd43af7a1f21de5c148ab1f4e	md5	0afe96fbd43af7a1f21de5c148ab1f4e	
unchanged	engine	source	vostok/core/sources/game_resman_release.cpp	md5	cbacf71ca3305e3fcd9142e5c3d70a4f	md5	cbacf71ca3305e3fcd9142e5c3d70a4f	
unchanged	engine	header	vostok/core/sources/game_resman_release.h	md5	a8c120aa2e0b0dba23a368d49d989026	md5	a8c120aa2e0b0dba23a368d49d989026	
unchanged	engine	source	vostok/core/sources/game_resman_satisfaction_tree.cpp	md5	5dd3841f6fa5a6909accdf6807c98140	md5	5dd3841f6fa5a6909accdf6807c98140	
unchanged	engine	header	vostok/core/sources/game_resman_satisfaction_tree.h	md5	78c88266776a93179f203ad2c76b17bc	md5	78c88266776a93179f203ad2c76b17bc	
unchanged	engine	source	vostok/core/sources/game_resman_sorting.cpp	md5	45089bfac9588ab3a5579cab7c81bc33	md5	45089bfac9588ab3a5579cab7c81bc33	
unchanged	engine	header	vostok/core/sources/game_resman_sorting.h	md5	a0dfc482a8665bd0c3629ea3dea444aa	md5	a0dfc482a8665bd0c3629ea3dea444aa	
unchanged	engine	source	vostok/core/sources/game_resman_test.cpp	md5	e234cfa77656ae8e6c6a98ca13c7d808	md5	e234cfa77656ae8e6c6a98ca13c7d808	
unchanged	engine	header	vostok/core/sources/game_resman_test_allocator.h	md5	17dcf04a22266ac69ff10935fd8441de	md5	17dcf04a22266ac69ff10935fd8441de	
unchanged	engine	header	vostok/core/sources/game_resman_test_resource.h	md5	e891389895220de125639432496a5b46	md5	e891389895220de125639432496a5b46	
unchanged	engine	header	vostok/core/sources/game_resman_test_resource_cook.h	md5	7e3fdff0dc9e29caef2097279256d0df	md5	7e3fdff0dc9e29caef2097279256d0df	
unchanged	engine	header	vostok/core/sources/game_resman_test_resource_with_quality_cook.h	md5	d31a680cbe9c45cafda2d5bd6aac1491	md5	d31a680cbe9c45cafda2d5bd6aac1491	
unchanged	engine	source	vostok/core/sources/game_resman_test_utils.cpp	md5	449ca3ccc12b781ac693a1ef2fb8879a	md5	449ca3ccc12b781ac693a1ef2fb8879a	
unchanged	engine	header	vostok/core/sources/game_resman_test_utils.h	md5	0106c27639c9be2bba2fe9253dde8535	md5	0106c27639c9be2bba2fe9253dde8535	
unchanged	engine	source	vostok/core/sources/geometry_primitives.cpp	md5	fc87481b6b864ebdac379ca0a636009f	md5	fc87481b6b864ebdac379ca0a636009f	
unchanged	engine	source	vostok/core/sources/journaling_extensions.cpp	md5	b61e6029e87c9fe46a30195d07283ddf	md5	b61e6029e87c9fe46a30195d07283ddf	
unchanged	engine	source	vostok/core/sources/journaling_journal.cpp	md5	3f5125aa7609cd1ddfe4732ab981ab64	md5	3f5125aa7609cd1ddfe4732ab981ab64	
unchanged	engine	source	vostok/core/sources/logging_extensions.cpp	md5	dcbacbbe25fae6644cadf82ee977cad5	md5	dcbacbbe25fae6644cadf82ee977cad5	
unchanged	engine	source	vostok/core/sources/logging_filters_console_command.cpp	md5	97fd057014d865a720d555f09df15fc7	md5	97fd057014d865a720d555f09df15fc7	
unchanged	engine	source	vostok/core/sources/managed_allocator.cpp	md5	3527167b271c5bb44f8a84cc1c7a86b4	md5	3527167b271c5bb44f8a84cc1c7a86b4	
unchanged	engine	source	vostok/core/sources/managed_allocator_base.cpp	md5	8cd64c3259c5aa2e7f135738a24eacfe	md5	8cd64c3259c5aa2e7f135738a24eacfe	
unchanged	engine	source	vostok/core/sources/managed_allocator_test_win_xbox360.cpp	md5	d22ef349366c9496565d178cbe6bbbac	md5	d22ef349366c9496565d178cbe6bbbac	
unchanged	engine	source	vostok/core/sources/managed_node.cpp	md5	0b33b17f5aadc6d51aa45e4c42f7deb3	md5	0b33b17f5aadc6d51aa45e4c42f7deb3	
unchanged	engine	header	vostok/core/sources/managed_node.h	md5	3984350815b1792218697f0f2f7cba74	md5	3984350815b1792218697f0f2f7cba74	
unchanged	engine	source	vostok/core/sources/managed_node_owner.cpp	md5	ec04e210c36e302f85e61369c5d23f7b	md5	ec04e210c36e302f85e61369c5d23f7b	
unchanged	engine	source	vostok/core/sources/math_aabb.cpp	md5	b51a4b22d652b4fcce25fc3bb47556d8	md5	b51a4b22d652b4fcce25fc3bb47556d8	
unchanged	engine	source	vostok/core/sources/math_aabb_plane.cpp	md5	383271f28413ad50d15bdeef009acd2f	md5	383271f28413ad50d15bdeef009acd2f	
unchanged	engine	source	vostok/core/sources/math_aabb_ray_intersection.cpp	md5	28481e6b203496ad719f7b10c4cd7dd0	md5	28481e6b203496ad719f7b10c4cd7dd0	
unchanged	engine	source	vostok/core/sources/math_convex.cpp	md5	6f5794f305f27fa72484265e974436d0	md5	6f5794f305f27fa72484265e974436d0	
unchanged	engine	source	vostok/core/sources/math_cuboid.cpp	md5	159ff2e1a753d5bdc546b76dcc28ca02	md5	159ff2e1a753d5bdc546b76dcc28ca02	
unchanged	engine	source	vostok/core/sources/math_curve.cpp	md5	5f20d98b2e587ff80579fe25fcf9b190	md5	5f20d98b2e587ff80579fe25fcf9b190	
unchanged	engine	source	vostok/core/sources/math_float4x4.cpp	md5	9367915bb4d7b8a7e76cd5a421568114	md5	9367915bb4d7b8a7e76cd5a421568114	
unchanged	engine	source	vostok/core/sources/math_frustum.cpp	md5	f8301aba6e6f59f707e882d878c1a932	md5	f8301aba6e6f59f707e882d878c1a932	
unchanged	engine	source	vostok/core/sources/math_functions.cpp	md5	724d71b2dad0a9ab06fba3dae75ac673	md5	724d71b2dad0a9ab06fba3dae75ac673	
unchanged	engine	source	vostok/core/sources/math_functions_win_xbox360.cpp	md5	f2ecfdd05c177a65da3befe9ac7ee2d3	md5	f2ecfdd05c177a65da3befe9ac7ee2d3	
unchanged	engine	source	vostok/core/sources/math_permutations.cpp	md5	72db61c2a5bc24f143d8085c4ad9e9ed	md5	72db61c2a5bc24f143d8085c4ad9e9ed	
unchanged	engine	source	vostok/core/sources/math_quaternion.cpp	md5	eb13e3834946dfb5c671c87db10a626d	md5	eb13e3834946dfb5c671c87db10a626d	
unchanged	engine	source	vostok/core/sources/math_tests.cpp	md5	2f2c8a91e73c832fb0463b75a4516e16	md5	2f2c8a91e73c832fb0463b75a4516e16	
unchanged	engine	header	vostok/core/sources/member_to_functor.h	md5	edfbabf6d8069e234d1848fb19ef4e42	md5	edfbabf6d8069e234d1848fb19ef4e42	
unchanged	engine	header	vostok/core/sources/member_to_functor_inline.h	md5	c1d921ca1f553ec92ee01f2b2819b686	md5	c1d921ca1f553ec92ee01f2b2819b686	
changed	engine	source	vostok/core/sources/memory.cpp	md5	2774224c7ce8874cd11dded6933ff51e	md5	f5d6f8c845d49d3486f6baf77d87b0e8	
unchanged	engine	header	vostok/core/sources/memory.h	md5	a2d22977c3efb1fe6fba8a0012822148	md5	a2d22977c3efb1fe6fba8a0012822148	
unchanged	engine	source	vostok/core/sources/memory_base_allocator.cpp	md5	1747cdf05509df3eda55adec242209fe	md5	1747cdf05509df3eda55adec242209fe	
unchanged	engine	source	vostok/core/sources/memory_chunk_reader.cpp	md5	1d8bc505ebb72f756ee6945a7f14b15f	md5	1d8bc505ebb72f756ee6945a7f14b15f	
unchanged	engine	source	vostok/core/sources/memory_crt_allocator.cpp	md5	e2013ccfc517de7ab8e2b24e8eb0e23d	md5	e2013ccfc517de7ab8e2b24e8eb0e23d	
unchanged	engine	source	vostok/core/sources/memory_crt_allocator_win.cpp	md5	2735090c604f7314de0decf6d8dde1b8	md5	2735090c604f7314de0decf6d8dde1b8	
unchanged	engine	source	vostok/core/sources/memory_doug_lea_allocator.cpp	md5	129c54b5e1ddfca39d39aec6958948d0	md5	129c54b5e1ddfca39d39aec6958948d0	
unchanged	engine	source	vostok/core/sources/memory_doug_lea_mt_allocator.cpp	md5	af2ec3f92e3880465fd591f1dc24c145	md5	af2ec3f92e3880465fd591f1dc24c145	
unchanged	engine	header	vostok/core/sources/memory_guard.h	md5	9be655ca99b64cd6de851effe6c6f236	md5	9be655ca99b64cd6de851effe6c6f236	
unchanged	engine	header	vostok/core/sources/memory_leak_detector.h	md5	96c3177407e4ac59f588c3920c961d07	md5	96c3177407e4ac59f588c3920c961d07	
unchanged	engine	source	vostok/core/sources/memory_monitor.cpp	md5	bc316639031a0433e89e373e4ecb209d	md5	bc316639031a0433e89e373e4ecb209d	
unchanged	engine	header	vostok/core/sources/memory_monitor.h	md5	9fa2f7491f341ef853c551494e1350cf	md5	9fa2f7491f341ef853c551494e1350cf	
unchanged	engine	source	vostok/core/sources/memory_override_operators.cpp	md5	7c4b55230e16dc81a9c6a345f14149fc	md5	7c4b55230e16dc81a9c6a345f14149fc	
unchanged	engine	header	vostok/core/sources/memory_platform.h	md5	81cd9bbb73dca7897ba0e29f309810f0	md5	81cd9bbb73dca7897ba0e29f309810f0	
unchanged	engine	source	vostok/core/sources/memory_process_allocator.cpp	md5	326aac6512486809ac2097a8633f7047	md5	326aac6512486809ac2097a8633f7047	
unchanged	engine	header	vostok/core/sources/memory_process_allocator.h	md5	cbe91b9dc0ad755e8301d70700380897	md5	cbe91b9dc0ad755e8301d70700380897	
unchanged	engine	source	vostok/core/sources/memory_pthreads3_allocator.cpp	md5	c32cf7b768c17cdbee328cd21a947d63	md5	c32cf7b768c17cdbee328cd21a947d63	
unchanged	engine	source	vostok/core/sources/memory_reader.cpp	md5	2bc08a5f593da02e36c52020f0b02948	md5	2bc08a5f593da02e36c52020f0b02948	
unchanged	engine	source	vostok/core/sources/memory_stack_allocator.cpp	md5	ec03ec2623d8c04333d11e0f2778d1ad	md5	ec03ec2623d8c04333d11e0f2778d1ad	
added	engine	source	vostok/core/sources/memory_stream.cpp			md5	9c9c6a1a527fd5d4aac33286d779bc13	
unchanged	engine	source	vostok/core/sources/memory_video_win.cpp	md5	8fb4a92318b4bfd62b5e2953b25ac07d	md5	8fb4a92318b4bfd62b5e2953b25ac07d	
unchanged	engine	source	vostok/core/sources/memory_win.cpp	md5	39db19f4fb6c4937c72180a408d22c27	md5	39db19f4fb6c4937c72180a408d22c27	
unchanged	engine	source	vostok/core/sources/memory_writer.cpp	md5	f2cd434dbeef9759e8d6a558f763194d	md5	f2cd434dbeef9759e8d6a558f763194d	
unchanged	engine	source	vostok/core/sources/pch.cpp	md5	d372897f70be45ef48394e48008ab1f0	md5	d372897f70be45ef48394e48008ab1f0	
unchanged	engine	header	vostok/core/sources/pch.h	md5	bb5a24f59703a20a9373630cd743d22d	md5	bb5a24f59703a20a9373630cd743d22d	
unchanged	engine	source	vostok/core/sources/platform_extensions_win.cpp	md5	9063c793f5cf8da209942ee625ec6eec	md5	9063c793f5cf8da209942ee625ec6eec	
unchanged	engine	header	vostok/core/sources/ptmalloc3/malloc-2.8.3.h	md5	cb864430e381bd3950c6302afdebe127	md5	cb864430e381bd3950c6302afdebe127	
unchanged	engine	header	vostok/core/sources/ptmalloc3/malloc-private.h	md5	3190502855a939b00465b2a4b4e40955	md5	3190502855a939b00465b2a4b4e40955	
unchanged	engine	source	vostok/core/sources/ptmalloc3/malloc.c	md5	1253f6f38c4351cec27fada1d6cf4fd9	md5	1253f6f38c4351cec27fada1d6cf4fd9	
unchanged	engine	header	vostok/core/sources/ptmalloc3/out_of_memory_handler_types.h	md5	7bf27bdf1db47fa50213bb1978a4ff02	md5	7bf27bdf1db47fa50213bb1978a4ff02	
unchanged	engine	source	vostok/core/sources/ptmalloc3/ptmalloc3.c	md5	ac6bfec541de273b3e5cdcbf69934a74	md5	ac6bfec541de273b3e5cdcbf69934a74	
unchanged	engine	header	vostok/core/sources/ptmalloc3/sysdeps/win32/malloc-machine.h	md5	e046f2c058c4aa3bf2ec51620c2d0b94	md5	e046f2c058c4aa3bf2ec51620c2d0b94	
unchanged	engine	source	vostok/core/sources/ptmalloc3/sysdeps/win_xbox360_ps3/win_xbox360_ps3.c	md5	63502c9813e1ac5826df6d130e8492ac	md5	63502c9813e1ac5826df6d130e8492ac	
changed	engine	source	vostok/core/sources/replay_match_io.cpp	md5	e71317607af2034a51896f615b7403ad	md5	3c9410305bebfabe872b7605c6a2b273	
unchanged	engine	header	vostok/core/sources/resources_allocators.h	md5	951394a6fbcdfe17b7736795bb8f1ca1	md5	951394a6fbcdfe17b7736795bb8f1ca1	
unchanged	engine	source	vostok/core/sources/resources_cook_base.cpp	md5	0358dff74d089cd2ed809692d15fd2e3	md5	0358dff74d089cd2ed809692d15fd2e3	
unchanged	engine	source	vostok/core/sources/resources_cook_classes.cpp	md5	49add560f55088b9a7c1d3e5e84eaa3f	md5	49add560f55088b9a7c1d3e5e84eaa3f	
unchanged	engine	source	vostok/core/sources/resources_device_manager.cpp	md5	104106e6ef24796c636f6584ac3fd42b	md5	104106e6ef24796c636f6584ac3fd42b	
unchanged	engine	header	vostok/core/sources/resources_device_manager.h	md5	13772482851dd3a6b8008efffc3b12f5	md5	13772482851dd3a6b8008efffc3b12f5	
unchanged	engine	source	vostok/core/sources/resources_device_manager_thread.cpp	md5	ad65419fcccda3d31bc8f3780459a58d	md5	ad65419fcccda3d31bc8f3780459a58d	
unchanged	engine	source	vostok/core/sources/resources_fs.cpp	md5	f952385b83d3ef563e0e9ba5c25f9325	md5	f952385b83d3ef563e0e9ba5c25f9325	
unchanged	engine	source	vostok/core/sources/resources_fs_task.cpp	md5	2ec5d7454611c5acf468ed5d73546fe8	md5	2ec5d7454611c5acf468ed5d73546fe8	
unchanged	engine	source	vostok/core/sources/resources_fs_task_composite.cpp	md5	716fb6031ff7caacaee2bf9c7683adbc	md5	716fb6031ff7caacaee2bf9c7683adbc	
unchanged	engine	header	vostok/core/sources/resources_fs_task_composite.h	md5	e7622b4a00de53e622f5840792a6499c	md5	e7622b4a00de53e622f5840792a6499c	
unchanged	engine	source	vostok/core/sources/resources_fs_task_erase.cpp	md5	940f6020435484dd3253ea0981ea1b51	md5	940f6020435484dd3253ea0981ea1b51	
unchanged	engine	header	vostok/core/sources/resources_fs_task_erase.h	md5	186d85fc9b4a195e3cd34ca8e4afeb0a	md5	186d85fc9b4a195e3cd34ca8e4afeb0a	
unchanged	engine	source	vostok/core/sources/resources_fs_task_iterator.cpp	md5	ba3c6b26a79d7a4b36a2f34bdffd0027	md5	ba3c6b26a79d7a4b36a2f34bdffd0027	
unchanged	engine	header	vostok/core/sources/resources_fs_task_iterator.h	md5	6d5100870d79dd649ec3826cc197fcb7	md5	6d5100870d79dd649ec3826cc197fcb7	
unchanged	engine	source	vostok/core/sources/resources_fs_task_mount.cpp	md5	900d76952a5e6dc6d143b77848eb98a3	md5	900d76952a5e6dc6d143b77848eb98a3	
unchanged	engine	header	vostok/core/sources/resources_fs_task_mount.h	md5	aa7d2ca86ca2bfd58392daef2b1451e1	md5	aa7d2ca86ca2bfd58392daef2b1451e1	
unchanged	engine	source	vostok/core/sources/resources_hdd_manager.cpp	md5	3727b08edfbf894db15338ca9d05a28b	md5	3727b08edfbf894db15338ca9d05a28b	
unchanged	engine	header	vostok/core/sources/resources_hdd_manager.h	md5	48a2a4149eb07c8939eb64e41ed73c92	md5	48a2a4149eb07c8939eb64e41ed73c92	
unchanged	engine	header	vostok/core/sources/resources_helper.h	md5	27797965e74e919974f5778cee540314	md5	27797965e74e919974f5778cee540314	
unchanged	engine	source	vostok/core/sources/resources_impl.cpp	md5	eab6dc4cebb9ad0d18554ac5de4a12f0	md5	eab6dc4cebb9ad0d18554ac5de4a12f0	
unchanged	engine	header	vostok/core/sources/resources_impl.h	md5	c31684fbefa3802b6286c98b18083955	md5	c31684fbefa3802b6286c98b18083955	
unchanged	engine	source	vostok/core/sources/resources_intrusive_base.cpp	md5	e07f27b2e23d27216c630729cd0e2639	md5	e07f27b2e23d27216c630729cd0e2639	
unchanged	engine	header	vostok/core/sources/resources_macros.h	md5	ce3a077958d25732224d0bd2c5781d81	md5	ce3a077958d25732224d0bd2c5781d81	
unchanged	engine	source	vostok/core/sources/resources_managed_resource.cpp	md5	bcb76aa5819693ac4d34266083999ee7	md5	bcb76aa5819693ac4d34266083999ee7	
unchanged	engine	source	vostok/core/sources/resources_manager.cpp	md5	2e6fe7f727bfc3377ccde32afd54ba1b	md5	2e6fe7f727bfc3377ccde32afd54ba1b	
unchanged	engine	header	vostok/core/sources/resources_manager.h	md5	28c5308d1b5df21e87f938e4f4b620d0	md5	28c5308d1b5df21e87f938e4f4b620d0	
unchanged	engine	source	vostok/core/sources/resources_manager_allocation.cpp	md5	34296e12b0a104c297c098c56feea0fe	md5	34296e12b0a104c297c098c56feea0fe	
unchanged	engine	header	vostok/core/sources/resources_manager_allocation.h	md5	f57926c47efcaf9864485f5bedbffe4a	md5	f57926c47efcaf9864485f5bedbffe4a	
unchanged	engine	source	vostok/core/sources/resources_manager_cook.cpp	md5	d2afc0c30303d256b6cdfc38577360a1	md5	d2afc0c30303d256b6cdfc38577360a1	
unchanged	engine	source	vostok/core/sources/resources_manager_deallocation.cpp	md5	486d9e21b09026aa244db83efbb600b7	md5	486d9e21b09026aa244db83efbb600b7	
unchanged	engine	source	vostok/core/sources/resources_manager_debug.cpp	md5	6082b002094ac6ee249a3545a2eec241	md5	6082b002094ac6ee249a3545a2eec241	
unchanged	engine	header	vostok/core/sources/resources_manager_debug.h	md5	32466a58d61747fe682bfccc23927f7d	md5	32466a58d61747fe682bfccc23927f7d	
unchanged	engine	source	vostok/core/sources/resources_manager_helper.cpp	md5	45c83cc817a8241c8e3c87ebeca711a0	md5	45c83cc817a8241c8e3c87ebeca711a0	
unchanged	engine	source	vostok/core/sources/resources_manager_new_queries.cpp	md5	1a91aca9f003097580feff50b8a1f913	md5	1a91aca9f003097580feff50b8a1f913	
unchanged	engine	source	vostok/core/sources/resources_manager_user_thread.cpp	md5	f58fd52bc2e1a233952f4e45b47aaaef	md5	f58fd52bc2e1a233952f4e45b47aaaef	
unchanged	engine	header	vostok/core/sources/resources_manager_watcher.h	md5	3c6d4f60a7b7caabada4100b68dc4e52	md5	3c6d4f60a7b7caabada4100b68dc4e52	
unchanged	engine	source	vostok/core/sources/resources_memory.cpp	md5	27fd0b91d5515b3c34831d8f45467043	md5	27fd0b91d5515b3c34831d8f45467043	
unchanged	engine	source	vostok/core/sources/resources_mount_ptr.cpp	md5	65cec631b076cc792daab0e24e21f0bf	md5	65cec631b076cc792daab0e24e21f0bf	
unchanged	engine	source	vostok/core/sources/resources_name_registry_entry.cpp	md5	9b60acbd8639d258c0557b518340cc69	md5	9b60acbd8639d258c0557b518340cc69	
changed	engine	source	vostok/core/sources/resources_queries_result.cpp	md5	83c3f8e9dfeebe4c85a2ffb71cf4bd03	md5	144cd03b8f99ff4119357fce3387de5c	
unchanged	engine	source	vostok/core/sources/resources_query_fs_iterator.cpp	md5	ec2b3de4fe078b7b10e7db542f0eff04	md5	ec2b3de4fe078b7b10e7db542f0eff04	
unchanged	engine	source	vostok/core/sources/resources_query_mount.cpp	md5	ad0814f061b9fe29632329151b92c3d1	md5	ad0814f061b9fe29632329151b92c3d1	
unchanged	engine	source	vostok/core/sources/resources_query_result.cpp	md5	6db77dc84749dd315ab55ea3d6381101	md5	6db77dc84749dd315ab55ea3d6381101	
unchanged	engine	source	vostok/core/sources/resources_query_result_allocation.cpp	md5	0ce9d0d37a1af31875f37c81c68d73c1	md5	0ce9d0d37a1af31875f37c81c68d73c1	
unchanged	engine	source	vostok/core/sources/resources_query_result_cache.cpp	md5	daf9ae675f8acc3ca34cd419c845aac2	md5	daf9ae675f8acc3ca34cd419c845aac2	
unchanged	engine	source	vostok/core/sources/resources_query_result_cook.cpp	md5	3369fc6d85fb418066552dbc44ac5337	md5	3369fc6d85fb418066552dbc44ac5337	
changed	engine	source	vostok/core/sources/resources_query_result_finalization.cpp	md5	a3fde4dccc60eebcb0e98dc3009a3048	md5	f3dbf2386328233170379c56585e308c	
unchanged	engine	source	vostok/core/sources/resources_query_result_initialization.cpp	md5	c948ff8bec65b07365b63e5b1ada8c0d	md5	c948ff8bec65b07365b63e5b1ada8c0d	
unchanged	engine	source	vostok/core/sources/resources_query_result_path.cpp	md5	e2649e6d986c2ece292acb357ce159db	md5	e2649e6d986c2ece292acb357ce159db	
unchanged	engine	source	vostok/core/sources/resources_query_result_replication.cpp	md5	dc806ff2e79ef36cf11a91419060bb43	md5	dc806ff2e79ef36cf11a91419060bb43	
unchanged	engine	source	vostok/core/sources/resources_query_result_requery.cpp	md5	569e11b7291818eb5dac36c2cf9a78c8	md5	569e11b7291818eb5dac36c2cf9a78c8	
unchanged	engine	source	vostok/core/sources/resources_resource_base.cpp	md5	4e6380bfe366aef4bb16dd1182aba2c0	md5	4e6380bfe366aef4bb16dd1182aba2c0	
unchanged	engine	source	vostok/core/sources/resources_resource_children.cpp	md5	02996f9136d84c6e89b4742e9e3feeb2	md5	02996f9136d84c6e89b4742e9e3feeb2	
unchanged	engine	source	vostok/core/sources/resources_resource_flags.cpp	md5	9d9c0ea3afad273848c7915d561f113c	md5	9d9c0ea3afad273848c7915d561f113c	
unchanged	engine	source	vostok/core/sources/resources_resource_quality.cpp	md5	4f8b7c3a56e82b84210a7aefe0b089b5	md5	4f8b7c3a56e82b84210a7aefe0b089b5	
unchanged	engine	source	vostok/core/sources/resources_resource_reconstruction_info.cpp	md5	5090e93e0c229f0ce102ab251d515a27	md5	5090e93e0c229f0ce102ab251d515a27	
unchanged	engine	header	vostok/core/sources/resources_thread_local_data.h	md5	2385f399b261776344a0b702e3d43b39	md5	2385f399b261776344a0b702e3d43b39	
unchanged	engine	source	vostok/core/sources/resources_unmanaged_resource.cpp	md5	d3cf86b491774553635dd64f1333b073	md5	d3cf86b491774553635dd64f1333b073	
unchanged	engine	source	vostok/core/sources/resources_vfs_associations.cpp	md5	8abd44d1c41be6b52735e24683ab6954	md5	8abd44d1c41be6b52735e24683ab6954	
unchanged	engine	header	vostok/core/sources/resources_vfs_associations.h	md5	d3188ad58b400706cdb983e0b971b84e	md5	d3188ad58b400706cdb983e0b971b84e	
added	engine	source	vostok/core/sources/string_functions_win.cpp			md5	99ab9e0a0ee29a133607f4827bae3161	
unchanged	engine	source	vostok/core/sources/strings_detail_tuples.cpp	md5	b681774fac0e7c13e6f10bd199348ad3	md5	b681774fac0e7c13e6f10bd199348ad3	
changed	engine	source	vostok/core/sources/strings_functions.cpp	md5	ef829b69e1857170b6346174a5e6b241	md5	8b2c7b736adac95e23c6fb9c4ddee777	
unchanged	engine	source	vostok/core/sources/strings_shared_manager.cpp	md5	476c1615a6632e36c160de575c7477ab	md5	476c1615a6632e36c160de575c7477ab	
unchanged	engine	header	vostok/core/sources/strings_shared_manager.h	md5	bfbdcbb121ce9a36e3309462788b945b	md5	bfbdcbb121ce9a36e3309462788b945b	
unchanged	engine	source	vostok/core/sources/strings_shared_profile.cpp	md5	2ca951567efc2ba0f39c688599df1488	md5	2ca951567efc2ba0f39c688599df1488	
unchanged	engine	source	vostok/core/sources/tasks_allocator.cpp	md5	817433e8c066e4092a06598877a8947a	md5	817433e8c066e4092a06598877a8947a	
unchanged	engine	header	vostok/core/sources/tasks_allocator.h	md5	e8f88a2915c455c04b6e903ca54b40c8	md5	e8f88a2915c455c04b6e903ca54b40c8	
unchanged	engine	source	vostok/core/sources/tasks_manager.cpp	md5	4bb1b635b445650d1a1b390ca78bf510	md5	4bb1b635b445650d1a1b390ca78bf510	
unchanged	engine	source	vostok/core/sources/tasks_task.cpp	md5	9cd16c8e9a2e93f136a7636cd5d0f1a2	md5	9cd16c8e9a2e93f136a7636cd5d0f1a2	
unchanged	engine	source	vostok/core/sources/tasks_thread_pool.cpp	md5	23f1df38b47fa4b23feac57cdf28a523	md5	23f1df38b47fa4b23feac57cdf28a523	
unchanged	engine	header	vostok/core/sources/tasks_thread_pool.h	md5	53f8d7be470609d8252f90d960fbb275	md5	53f8d7be470609d8252f90d960fbb275	
unchanged	engine	source	vostok/core/sources/tasks_thread_pool_utils.cpp	md5	52a663b2765597fdc41f5a3a078e2056	md5	52a663b2765597fdc41f5a3a078e2056	
unchanged	engine	source	vostok/core/sources/tasks_type.cpp	md5	bd7ae83cc1d29b5c8fdb78093e3760c7	md5	bd7ae83cc1d29b5c8fdb78093e3760c7	
unchanged	engine	header	vostok/core/sources/tasks_type.h	md5	fda8ae6d25bf39382dee2072dc320b3c	md5	fda8ae6d25bf39382dee2072dc320b3c	
unchanged	engine	source	vostok/core/sources/testing_impl.cpp	md5	407032253df6848e7f2abd617b5c33c2	md5	407032253df6848e7f2abd617b5c33c2	
unchanged	engine	source	vostok/core/sources/text_tree.cpp	md5	d7b519f096f1d2f529ba118f11c80038	md5	d7b519f096f1d2f529ba118f11c80038	
unchanged	engine	source	vostok/core/sources/text_tree_item.cpp	md5	dc95b90edd7c33c60d51695122778dc5	md5	dc95b90edd7c33c60d51695122778dc5	
unchanged	engine	source	vostok/core/sources/threading_event.cpp	md5	f838b0efeb537e61e5322e5d75e7859c	md5	f838b0efeb537e61e5322e5d75e7859c	
unchanged	engine	source	vostok/core/sources/threading_event_win_xbox360.cpp	md5	56c83f1bfce761ce8e88c2de7dcfa2a3	md5	56c83f1bfce761ce8e88c2de7dcfa2a3	
unchanged	engine	source	vostok/core/sources/threading_functions.cpp	md5	a08a72d05ef47f0e983b1f0d3b50d8e5	md5	a08a72d05ef47f0e983b1f0d3b50d8e5	
unchanged	engine	header	vostok/core/sources/threading_functions.h	md5	c642d596e91a14b6a816aa38b665633e	md5	c642d596e91a14b6a816aa38b665633e	
unchanged	engine	source	vostok/core/sources/threading_functions_win.cpp	md5	7971b8efe665a382e2f74fc9fce8a4fe	md5	7971b8efe665a382e2f74fc9fce8a4fe	
unchanged	engine	source	vostok/core/sources/threading_functions_win_xbox360.cpp	md5	3143ee146f8d1e2c6b08011896d7d259	md5	3143ee146f8d1e2c6b08011896d7d259	
unchanged	engine	source	vostok/core/sources/threading_mutex.cpp	md5	ce28407f44fd9fd10119f957f55ca6c9	md5	ce28407f44fd9fd10119f957f55ca6c9	
unchanged	engine	source	vostok/core/sources/threading_mutex_win_xbox360.cpp	md5	4d24c94d3b8831ea1d91f4ed55af30dc	md5	4d24c94d3b8831ea1d91f4ed55af30dc	
changed	engine	source	vostok/core/sources/threading_reader_writer_lock.cpp	md5	1840b7b51397256e97d1cf9c18b39224	md5	30174120926da21200192b3e3d716357	
unchanged	engine	source	vostok/core/sources/threading_test.cpp	md5	9eb2ed044e0df9c6839053e446765a96	md5	9eb2ed044e0df9c6839053e446765a96	
unchanged	engine	header	vostok/core/sources/timing.h	md5	0d7cc66853f1a5367a4349b645b3aa66	md5	0d7cc66853f1a5367a4349b645b3aa66	
unchanged	engine	source	vostok/core/sources/timing_floating_timer.cpp	md5	59b974c5aa367594d159e016a93cb5fe	md5	59b974c5aa367594d159e016a93cb5fe	
unchanged	engine	source	vostok/core/sources/timing_functions_win.cpp	md5	04bb97e1e9804e3ba97c25cfba63fbac	md5	04bb97e1e9804e3ba97c25cfba63fbac	
unchanged	engine	source	vostok/core/sources/unmanaged_allocation_cook.cpp	md5	b8eab9ac7ef5b64a779943187fd131bd	md5	b8eab9ac7ef5b64a779943187fd131bd	
unchanged	engine	header	vostok/core/sources/unmanaged_allocation_cook.h	md5	24b487ac4bc82ed66f8551d0315d5dad	md5	24b487ac4bc82ed66f8551d0315d5dad	
unchanged	engine	source	vostok/core/sources/vfs_sub_fat_cook.cpp	md5	c4df7955a7961141d13386d8d8e00b6a	md5	c4df7955a7961141d13386d8d8e00b6a	
unchanged	engine	header	vostok/core/sources/vfs_sub_fat_cook.h	md5	925617249b43f556b9a25e41aa993207	md5	925617249b43f556b9a25e41aa993207	
unchanged	engine	source	vostok/core/sources/vfs_sub_fat_resource.cpp	md5	085a75d7aae828b17235c8e73a79678d	md5	085a75d7aae828b17235c8e73a79678d	
unchanged	engine	source	vostok/core/sources/virtual_alloc.cpp	md5	d50816f1a6d6915520c957808f32119a	md5	d50816f1a6d6915520c957808f32119a	
unchanged	engine	header	vostok/core/sources/virtual_alloc.h	md5	ef543eb8e8c97fceb30c57e727cb432a	md5	ef543eb8e8c97fceb30c57e727cb432a	
unchanged	engine	header	vostok/core_debug_engine.h	md5	cf59f536c23ef62605d02042a8c6cbc4	md5	cf59f536c23ef62605d02042a8c6cbc4	
unchanged	engine	header	vostok/core_entry_point.h	md5	ce405ba563507bf7192bed46e50d9256	md5	ce405ba563507bf7192bed46e50d9256	
unchanged	engine	header	vostok/core_test_suite.h	md5	0067aa4ab9122d52648e8e0ca653379d	md5	0067aa4ab9122d52648e8e0ca653379d	
unchanged	engine	header	vostok/debug/api.h	md5	caf5d60faf1a3ec753fa8294e8cff474	md5	caf5d60faf1a3ec753fa8294e8cff474	
unchanged	engine	header	vostok/debug/call_stack.h	md5	8b74384af24762af569b39a890087d9d	md5	8b74384af24762af569b39a890087d9d	
unchanged	engine	header	vostok/debug/check_invariants.h	md5	cd071e89c504469b1b8518c2fb35a421	md5	cd071e89c504469b1b8518c2fb35a421	
unchanged	engine	header	vostok/debug/check_no_multithread.h	md5	e01bb964fffdcee7dfc25a7888ec4552	md5	e01bb964fffdcee7dfc25a7888ec4552	
unchanged	engine	header	vostok/debug/check_no_multithread_inline.h	md5	dcebce020cb27ea86de48a2a5e2695f2	md5	dcebce020cb27ea86de48a2a5e2695f2	
unchanged	engine	header	vostok/debug/crash_handler.h	md5	e38940e7f0d96fc027e54c8b1c3b22f9	md5	e38940e7f0d96fc027e54c8b1c3b22f9	
unchanged	engine	header	vostok/debug/debug.h	md5	dde17fe3989fd8d7ae656b4d70d9a3bb	md5	dde17fe3989fd8d7ae656b4d70d9a3bb	
unchanged	engine	header	vostok/debug/debug_pointers.h	md5	4aacdd5914f70ddc72b39e0346ba445c	md5	4aacdd5914f70ddc72b39e0346ba445c	
unchanged	engine	header	vostok/debug/engine.h	md5	9bbeb7f8ee647f182b9cc3f03158dd7f	md5	9bbeb7f8ee647f182b9cc3f03158dd7f	
unchanged	engine	header	vostok/debug/extensions.h	md5	286b59c41b72b9d68649f08d171c5467	md5	286b59c41b72b9d68649f08d171c5467	
unchanged	engine	header	vostok/debug/library_linkage.h	md5	ea77b43d1ee14ec1e03f5f868cb2a162	md5	ea77b43d1ee14ec1e03f5f868cb2a162	
unchanged	engine	header	vostok/debug/log_callback.h	md5	3afef5f1a49731effcb655cda5cfdfd3	md5	3afef5f1a49731effcb655cda5cfdfd3	
unchanged	engine	header	vostok/debug/macros.h	md5	2be1aab4608d6e3f2f5ee39e3b8d3568	md5	2be1aab4608d6e3f2f5ee39e3b8d3568	
unchanged	engine	header	vostok/debug/macros_inline.h	md5	c7148fa44ebfcf321791d54ac624a817	md5	c7148fa44ebfcf321791d54ac624a817	
unchanged	engine	header	vostok/debug/pointer_cast.h	md5	e8c38498606b74b25a2e14db2f4aa007	md5	e8c38498606b74b25a2e14db2f4aa007	
unchanged	engine	header	vostok/debug/signalling_bool.h	md5	5981aa6b9c4246d6653f6a254115a3a9	md5	5981aa6b9c4246d6653f6a254115a3a9	
unchanged	engine	header	vostok/debug/sources/bugtrap.h	md5	7e3d678414baa2a95d91fbb21d408897	md5	7e3d678414baa2a95d91fbb21d408897	
unchanged	engine	source	vostok/debug/sources/bugtrap_win.cpp	md5	3f47a3b4c6b46678e0b178f81d04472d	md5	3f47a3b4c6b46678e0b178f81d04472d	
unchanged	engine	header	vostok/debug/sources/call_stack.h	md5	f93fa5e33d8ceddaf0432daec36cef8c	md5	f93fa5e33d8ceddaf0432daec36cef8c	
unchanged	engine	source	vostok/debug/sources/call_stack_win.cpp	md5	6068c9c074a9fe63706c88080f5b9404	md5	6068c9c074a9fe63706c88080f5b9404	
unchanged	engine	source	vostok/debug/sources/crash_handling.cpp	md5	a2c9cca9454776938778cfd055967a68	md5	a2c9cca9454776938778cfd055967a68	
unchanged	engine	header	vostok/debug/sources/crash_handling.h	md5	cee875d704a65fa6283fbfbfa4df6c7e	md5	cee875d704a65fa6283fbfbfa4df6c7e	
unchanged	engine	source	vostok/debug/sources/debug.cpp	md5	a88ea6e9c2c2280316e5f5e5ad4a7058	md5	a88ea6e9c2c2280316e5f5e5ad4a7058	
unchanged	engine	source	vostok/debug/sources/debug_win.cpp	md5	e244f59314b8f1a98be1975cb2ba34ec	md5	e244f59314b8f1a98be1975cb2ba34ec	
unchanged	engine	source	vostok/debug/sources/debug_win_xbox360.cpp	md5	319c1fc2e8aca621cfcd286757100d88	md5	319c1fc2e8aca621cfcd286757100d88	
unchanged	engine	header	vostok/debug/sources/float.h	md5	d2da8b1f530e4cd759c6479372d3d942	md5	d2da8b1f530e4cd759c6479372d3d942	
unchanged	engine	source	vostok/debug/sources/initialize.cpp	md5	585601f5293abd3af25fe7ed63b662cb	md5	585601f5293abd3af25fe7ed63b662cb	
unchanged	engine	source	vostok/debug/sources/initialize_win.cpp	md5	678a018f2f52764a56ef70dd57379576	md5	678a018f2f52764a56ef70dd57379576	
unchanged	engine	source	vostok/debug/sources/initialize_win_xbox360.cpp	md5	ff4c452efaa0fc46a1ec1811052539a4	md5	ff4c452efaa0fc46a1ec1811052539a4	
unchanged	engine	source	vostok/debug/sources/macros.cpp	md5	629c6cc056193c374dbbc2bc87efc65f	md5	629c6cc056193c374dbbc2bc87efc65f	
unchanged	engine	source	vostok/debug/sources/pch.cpp	md5	87f390e6db17b9f83600d3945148290b	md5	87f390e6db17b9f83600d3945148290b	
unchanged	engine	header	vostok/debug/sources/pch.h	md5	f8e4a7feed6f2cafb5dca0d4dfd6ad4c	md5	f8e4a7feed6f2cafb5dca0d4dfd6ad4c	
unchanged	engine	header	vostok/debug/sources/platform.h	md5	db14c8c830b0c05feba61cd8e554cf31	md5	db14c8c830b0c05feba61cd8e554cf31	
unchanged	engine	source	vostok/debug/sources/unhandled_win.cpp	md5	ef1e5ab870592d33cab8261118c6cbb5	md5	ef1e5ab870592d33cab8261118c6cbb5	
unchanged	engine	source	vostok/debug/sources/unhandled_win_xbox360.cpp	md5	097838d32e74db4e7a7dd33236be4d59	md5	097838d32e74db4e7a7dd33236be4d59	
unchanged	engine	header	vostok/debug/sources/utils.h	md5	6171695dde4b02c50c8b3fe55ef23514	md5	6171695dde4b02c50c8b3fe55ef23514	
unchanged	engine	header	vostok/debug/static_cast_checked.h	md5	754358027191cce4ace371d5a561f0ed	md5	754358027191cce4ace371d5a561f0ed	
unchanged	engine	header	vostok/debug_policies.h	md5	f5a479838c44d02ba2ccb2beaa909b79	md5	f5a479838c44d02ba2ccb2beaa909b79	
unchanged	engine	header	vostok/deque.h	md5	e01678e2c81fec11390c3785caff11ad	md5	e01678e2c81fec11390c3785caff11ad	
unchanged	engine	header	vostok/deque_inline.h	md5	6d9a268353d495cc1c3f66cccf550858	md5	6d9a268353d495cc1c3f66cccf550858	
unchanged	engine	header	vostok/detail_noncopyable.h	md5	c977c27a5f6e747f455ff56e5143d082	md5	c977c27a5f6e747f455ff56e5143d082	
unchanged	engine	header	vostok/editor/world/api.h	md5	865a899a8b7c0a8cc7ce059b3b472d0a	md5	865a899a8b7c0a8cc7ce059b3b472d0a	
unchanged	engine	header	vostok/editor/world/engine.h	md5	7d8309124becf73ea951ccc213fb0286	md5	7d8309124becf73ea951ccc213fb0286	
unchanged	engine	header	vostok/editor/world/library_linkage.h	md5	e26590382b4af4f574a90a31654c6de9	md5	e26590382b4af4f574a90a31654c6de9	
unchanged	engine	header	vostok/editor/world/world.h	md5	a26d1e448d1057cb0b1c5e2e265aed47	md5	a26d1e448d1057cb0b1c5e2e265aed47	
unchanged	engine	header	vostok/engine/api.h	md5	71faf5c00fdf2ac477658f0aeb36f0e6	md5	71faf5c00fdf2ac477658f0aeb36f0e6	
unchanged	engine	header	vostok/engine/console.h	md5	93b9f4f16472c3ff9485944244b7be28	md5	93b9f4f16472c3ff9485944244b7be28	
changed	engine	header	vostok/engine/engine_user.h	md5	bc1dfbfcbe75c9d1d55b4461208df7a4	md5	48b83c30005d0be09da320f6ce04c666	
unchanged	engine	header	vostok/engine/library_dependencies.h	md5	e29a7b858305bdbf6f3d3f1d65f0ac67	md5	e29a7b858305bdbf6f3d3f1d65f0ac67	
unchanged	engine	header	vostok/engine/library_linkage.h	md5	24b3a81f2495ae36f577d58d3292d196	md5	24b3a81f2495ae36f577d58d3292d196	
unchanged	engine	header	vostok/engine/pc/dx11/library_linkage.h	md5	2ff2fbc23c12a1519582ac6b01a05a7e	md5	2ff2fbc23c12a1519582ac6b01a05a7e	
unchanged	engine	source	vostok/engine/sources/apc.cpp	md5	55c0f2f989251bd0000504f9b4bac528	md5	55c0f2f989251bd0000504f9b4bac528	
unchanged	engine	header	vostok/engine/sources/apc.h	md5	a49f547ca75e5ff1311821c59c1732ef	md5	a49f547ca75e5ff1311821c59c1732ef	
unchanged	engine	source	vostok/engine/sources/console_impl.cpp	md5	2669158c3eefeaa63fc6e2a87441449c	md5	2669158c3eefeaa63fc6e2a87441449c	
unchanged	engine	header	vostok/engine/sources/console_impl.h	md5	6d92e881ed07d9a99e614948e2efefc2	md5	6d92e881ed07d9a99e614948e2efefc2	
unchanged	engine	source	vostok/engine/sources/console_impl_input.cpp	md5	5a320dea29d57ad8c2ca1d19e0867cd4	md5	5a320dea29d57ad8c2ca1d19e0867cd4	
unchanged	engine	source	vostok/engine/sources/editor_console.cpp	md5	0330f74b9127ce16297aaed559617496	md5	0330f74b9127ce16297aaed559617496	
unchanged	engine	header	vostok/engine/sources/editor_console.h	md5	f6295b7deed70aa556529789d939aaeb	md5	f6295b7deed70aa556529789d939aaeb	
changed	engine	source	vostok/engine/sources/engine_entry_point.cpp	md5	ba785e8a87d1cc1d63474eb272e4be99	md5	6075ecf998e475edf8812b5ab1c1f68d	
unchanged	engine	header	vostok/engine/sources/engine_memory.h	md5	5defd4e876f0e39948ce25ec179c63b3	md5	5defd4e876f0e39948ce25ec179c63b3	
unchanged	engine	source	vostok/engine/sources/engine_scaleform_initialize.cpp	md5	66bb8d9d6d81ae8b947af15668c593c8	md5	66bb8d9d6d81ae8b947af15668c593c8	
changed	engine	source	vostok/engine/sources/engine_world.cpp	md5	ff90998c3a6fe377eb7abeebf269a451	md5	f70a2113dd577fcc29fdd558ca34b9a1	
changed	engine	header	vostok/engine/sources/engine_world.h	md5	2cb54ac598c391e09f5ef81b9d0914a5	md5	798a396b18c47222c3ec12b01a514624	
unchanged	engine	source	vostok/engine/sources/engine_world_editor.cpp	md5	61e690f132d64c7322ca56207e13a058	md5	61e690f132d64c7322ca56207e13a058	
unchanged	engine	source	vostok/engine/sources/engine_world_file_system_device.cpp	md5	afd7b5a80f88afe1c71f4eee6d36d400	md5	afd7b5a80f88afe1c71f4eee6d36d400	
unchanged	engine	source	vostok/engine/sources/engine_world_initialize.cpp	md5	699a9b4e82aa05202eef3c751b24779f	md5	699a9b4e82aa05202eef3c751b24779f	
unchanged	engine	source	vostok/engine/sources/engine_world_interfaces.cpp	md5	295a936ee70dfa6e4f7ac114718a0f3c	md5	295a936ee70dfa6e4f7ac114718a0f3c	
changed	engine	source	vostok/engine/sources/engine_world_logic.cpp	md5	9d598c628aafbf7a3d45693a994424be	md5	c299315dadd8508bc7d618c2a9b63de4	
unchanged	engine	source	vostok/engine/sources/engine_world_network.cpp	md5	081dde2b7872d304ce542da78400a281	md5	081dde2b7872d304ce542da78400a281	
unchanged	engine	source	vostok/engine/sources/engine_world_resources.cpp	md5	1900578177ba561ff6a9e65cadcbfbcd	md5	1900578177ba561ff6a9e65cadcbfbcd	
unchanged	engine	source	vostok/engine/sources/engine_world_sound.cpp	md5	40fadbf39f10d5d889e6c5d27509ebd6	md5	40fadbf39f10d5d889e6c5d27509ebd6	
unchanged	engine	source	vostok/engine/sources/engine_world_terminate_on_timeout.cpp	md5	46b4afeba72d7f27c23c3a5a3fa44e1f	md5	46b4afeba72d7f27c23c3a5a3fa44e1f	
changed	engine	source	vostok/engine/sources/engine_world_win.cpp	md5	24204677c1ef62503c6c9287ead08257	md5	bc369ccaf48c017433318ed5f6c352fb	
unchanged	engine	source	vostok/engine/sources/game_console.cpp	md5	a971f395252e67ddc5f33ac5f9771865	md5	a971f395252e67ddc5f33ac5f9771865	
unchanged	engine	header	vostok/engine/sources/game_console.h	md5	d3f1b53c74819b28ef032fa1dad9bdb0	md5	d3f1b53c74819b28ef032fa1dad9bdb0	
unchanged	engine	source	vostok/engine/sources/pch.cpp	md5	218cda603a1660955076580cb6b01426	md5	218cda603a1660955076580cb6b01426	
unchanged	engine	header	vostok/engine/sources/pch.h	md5	4db23b862dfd7c1789fe769a106d478b	md5	4db23b862dfd7c1789fe769a106d478b	
unchanged	engine	header	vostok/engine_test_suite.h	md5	101f60a1ef78a9ef6bdfb08433fd060f	md5	101f60a1ef78a9ef6bdfb08433fd060f	
changed	engine	header	vostok/engine_version.h	md5	ea4c59d682b6b9805b5deda1979cc14b	md5	deec7b01b6870175835f6c031d9d10a2	
unchanged	engine	header	vostok/exit_codes.h	md5	a1028a1712fb37873ec8800dc6482a37	md5	a1028a1712fb37873ec8800dc6482a37	
unchanged	engine	header	vostok/extensions.h	md5	870557bf1acabad87baac7f2ae1a5f64	md5	870557bf1acabad87baac7f2ae1a5f64	
unchanged	engine	header	vostok/fixed_string.h	md5	005ffaf6d23b7734530f10c10da39e8c	md5	005ffaf6d23b7734530f10c10da39e8c	
unchanged	engine	header	vostok/fixed_string_inline.h	md5	3455025228ef3f6f0c993d966e712992	md5	3455025228ef3f6f0c993d966e712992	
unchanged	engine	header	vostok/fixed_vector.h	md5	301fc1e3d6c5021f3a8dc65161b46ee0	md5	301fc1e3d6c5021f3a8dc65161b46ee0	
unchanged	engine	header	vostok/fixed_vector_inline.h	md5	00e8593130d49c32e039c54ff5a802ff	md5	00e8593130d49c32e039c54ff5a802ff	
unchanged	engine	header	vostok/fs/api.h	md5	84ab7f50060afec065fe2904062763f9	md5	84ab7f50060afec065fe2904062763f9	
unchanged	engine	header	vostok/fs/asynchronous_device_commands.h	md5	acb82d17620668c6156c555d18b83cc0	md5	acb82d17620668c6156c555d18b83cc0	
unchanged	engine	header	vostok/fs/asynchronous_device_interface.h	md5	4b5b7d7a8b0d5ed481759b041193e068	md5	4b5b7d7a8b0d5ed481759b041193e068	
unchanged	engine	header	vostok/fs/device_file_system_interface.h	md5	ddb0647c7862249a4c6bca556e79d595	md5	ddb0647c7862249a4c6bca556e79d595	
unchanged	engine	header	vostok/fs/device_file_system_no_watcher.h	md5	41e4078bd953acef779b3a5ffd52fc3c	md5	41e4078bd953acef779b3a5ffd52fc3c	
unchanged	engine	header	vostok/fs/device_file_system_proxy.h	md5	5a8597aa5e74dd256152eac8bdecde39	md5	5a8597aa5e74dd256152eac8bdecde39	
unchanged	engine	header	vostok/fs/device_file_system_proxy_base.h	md5	6d5a866f640405377d1f6ca1f089493c	md5	6d5a866f640405377d1f6ca1f089493c	
unchanged	engine	header	vostok/fs/device_file_system_proxy_impl.h	md5	0260e65a59e066a67d6b7487707113bc	md5	0260e65a59e066a67d6b7487707113bc	
unchanged	engine	header	vostok/fs/device_utils.h	md5	243ea6bdf31a2b9fec6214e5846b1c4c	md5	243ea6bdf31a2b9fec6214e5846b1c4c	
unchanged	engine	header	vostok/fs/file_type.h	md5	62c3502f07022656c679a94f9c134ba5	md5	62c3502f07022656c679a94f9c134ba5	
unchanged	engine	header	vostok/fs/file_type_pointer.h	md5	517f431d581a3a161f4343e69da99767	md5	517f431d581a3a161f4343e69da99767	
unchanged	engine	header	vostok/fs/library_linkage.h	md5	cd58424ac9a566dad74674622aded8b5	md5	cd58424ac9a566dad74674622aded8b5	
unchanged	engine	header	vostok/fs/native_path_string.h	md5	c59e16c80aecb4b1faceb9a813eddc79	md5	c59e16c80aecb4b1faceb9a813eddc79	
unchanged	engine	header	vostok/fs/path_part_iterator.h	md5	1a97db29ec3bdc4c6a4278813c0473aa	md5	1a97db29ec3bdc4c6a4278813c0473aa	
unchanged	engine	header	vostok/fs/path_part_iterator_inline.h	md5	326ed7cf6cecda43ee549d639e659bc7	md5	326ed7cf6cecda43ee549d639e659bc7	
unchanged	engine	header	vostok/fs/path_string_impl.h	md5	a619ae88b8f51e447204761c2ea7c24a	md5	a619ae88b8f51e447204761c2ea7c24a	
unchanged	engine	header	vostok/fs/path_string_impl_inline.h	md5	c22a3ba0b43fe2286f62c771805fb6bb	md5	c22a3ba0b43fe2286f62c771805fb6bb	
unchanged	engine	header	vostok/fs/path_string_utils.h	md5	2a8a3feda5c75bd9cb5e5fe21773ca98	md5	2a8a3feda5c75bd9cb5e5fe21773ca98	
unchanged	engine	header	vostok/fs/path_string_utils_inline.h	md5	143f2e27f31644deeb7cf3cef4da0d45	md5	143f2e27f31644deeb7cf3cef4da0d45	
unchanged	engine	header	vostok/fs/physical_path_info.h	md5	501581c81bbdd4aab3e47b52466d688b	md5	501581c81bbdd4aab3e47b52466d688b	
unchanged	engine	header	vostok/fs/physical_path_info_data.h	md5	813d6e8a945d9d9905d4c30e8f52775a	md5	813d6e8a945d9d9905d4c30e8f52775a	
unchanged	engine	header	vostok/fs/physical_path_iterator.h	md5	84d5a1591fdb25817d31e5fe23d75d5b	md5	84d5a1591fdb25817d31e5fe23d75d5b	
unchanged	engine	header	vostok/fs/platform_configuration.h	md5	557cdae5c5fb4e4698cb62bb45c261d1	md5	557cdae5c5fb4e4698cb62bb45c261d1	
unchanged	engine	header	vostok/fs/portable_path_string.h	md5	6ddc189c4f8468884a3150531e0de66d	md5	6ddc189c4f8468884a3150531e0de66d	
unchanged	engine	source	vostok/fs/sources/asynchronous_device_commands.cpp	md5	9c5b009f99d7a6d8873feaf2bdeff108	md5	9c5b009f99d7a6d8873feaf2bdeff108	
unchanged	engine	source	vostok/fs/sources/asynchronous_device_interface.cpp	md5	c69816bba27773f58c7fb7aeacc76b67	md5	c69816bba27773f58c7fb7aeacc76b67	
unchanged	engine	source	vostok/fs/sources/asynchronous_device_interface_commands.cpp	md5	6528f33f76fa4fc5841f4746041f6717	md5	6528f33f76fa4fc5841f4746041f6717	
unchanged	engine	source	vostok/fs/sources/device_file_system_no_watcher.cpp	md5	59b2c690369154b5577f4b23cb84cf0d	md5	59b2c690369154b5577f4b23cb84cf0d	
unchanged	engine	source	vostok/fs/sources/device_file_system_proxy_base.cpp	md5	74837d25e76b660db36cd701c39229b0	md5	74837d25e76b660db36cd701c39229b0	
unchanged	engine	source	vostok/fs/sources/device_utils.cpp	md5	084a100bcf6a98f91031d8128e3302e1	md5	084a100bcf6a98f91031d8128e3302e1	
unchanged	engine	header	vostok/fs/sources/memory.h	md5	d5c139c840449f7d818a0c2202d8bbab	md5	d5c139c840449f7d818a0c2202d8bbab	
unchanged	engine	source	vostok/fs/sources/path_string_impl.cpp	md5	6fe18bcbf8e745a86de2f3f29219c877	md5	6fe18bcbf8e745a86de2f3f29219c877	
unchanged	engine	source	vostok/fs/sources/path_string_utils.cpp	md5	7d6fec0fb8b56077ff326a6dc63e1f74	md5	7d6fec0fb8b56077ff326a6dc63e1f74	
unchanged	engine	source	vostok/fs/sources/path_string_utils_win.cpp	md5	fb11aec9982fd36dde7a1a9849a0b204	md5	fb11aec9982fd36dde7a1a9849a0b204	
unchanged	engine	source	vostok/fs/sources/pch.cpp	md5	87f390e6db17b9f83600d3945148290b	md5	87f390e6db17b9f83600d3945148290b	
unchanged	engine	header	vostok/fs/sources/pch.h	md5	3e2f4774989c44d6cb954980f75145dd	md5	3e2f4774989c44d6cb954980f75145dd	
unchanged	engine	source	vostok/fs/sources/physical_path_info_iterator.cpp	md5	e6f14c708c911932dbe39b54693d170e	md5	e6f14c708c911932dbe39b54693d170e	
unchanged	engine	source	vostok/fs/sources/synchronous_device_interface.cpp	md5	153979fe18972191aad7792fa7435c3b	md5	153979fe18972191aad7792fa7435c3b	
unchanged	engine	source	vostok/fs/sources/windows_hdd_file_system.cpp	md5	86926a9a9a2b8c262d1f90798e8ac835	md5	86926a9a9a2b8c262d1f90798e8ac835	
unchanged	engine	source	vostok/fs/sources/windows_hdd_file_system_iteration.cpp	md5	a8bfc840e58062756e0d04b7c64e4ccc	md5	a8bfc840e58062756e0d04b7c64e4ccc	
unchanged	engine	header	vostok/fs/synchronous_device_interface.h	md5	30dbd7ea835914eb17737023c469ea28	md5	30dbd7ea835914eb17737023c469ea28	
unchanged	engine	header	vostok/fs/virtual_path_string.h	md5	3e68ee45da90ef4501e34cbd75051fce	md5	3e68ee45da90ef4501e34cbd75051fce	
unchanged	engine	header	vostok/fs/watcher.h	md5	6ff7c09d0790e3f406a77594d9a12ec9	md5	6ff7c09d0790e3f406a77594d9a12ec9	
unchanged	engine	header	vostok/fs/windows_hdd_file_system.h	md5	81f684d0352b44aaefd628cfd4ce4d03	md5	81f684d0352b44aaefd628cfd4ce4d03	
unchanged	engine	header	vostok/fs_path.h	md5	01938139ce6e8a59ea6a193f72863edc	md5	01938139ce6e8a59ea6a193f72863edc	
unchanged	engine	header	vostok/fs_path_iterator.h	md5	50a3b37504773c82c77edaa877be691f	md5	50a3b37504773c82c77edaa877be691f	
unchanged	engine	header	vostok/fs_path_iterator_inline.h	md5	0cffb0e5a30580d5e5ae5bcc0ca45d10	md5	0cffb0e5a30580d5e5ae5bcc0ca45d10	
unchanged	engine	header	vostok/fs_path_string.h	md5	675ffb7deb67844936c9dfcfe96af061	md5	675ffb7deb67844936c9dfcfe96af061	
unchanged	engine	header	vostok/fs_platform_configuration.h	md5	32ed79be574590277d72bbb3afec790e	md5	32ed79be574590277d72bbb3afec790e	
unchanged	engine	header	vostok/fs_utils.h	md5	315376f35feb0fad92ebc870a723dda0	md5	315376f35feb0fad92ebc870a723dda0	
unchanged	engine	header	vostok/fs_watcher.h	md5	76c05930f14c6db571e221514114abb9	md5	76c05930f14c6db571e221514114abb9	
unchanged	engine	header	vostok/game/api.h	md5	e91a40c5a537e2dbffa690c5e5c05fe6	md5	e91a40c5a537e2dbffa690c5e5c05fe6	
added	engine	source	vostok/game/game_quest_progress_calculator.cpp			md5	548166264ba671ef5345ad517cabdab4	
added	engine	header	vostok/game/game_quest_progress_calculator.h			md5	b32e34842832e55dcfec1f3bdd225bbf	
unchanged	engine	header	vostok/game/library_linkage.h	md5	d378c33c6e71f0deb9d814e9dc0de2b4	md5	d378c33c6e71f0deb9d814e9dc0de2b4	
changed	engine	header	vostok/game/sources/ai_collision_object.h	md5	c0911587d68f9de94f7b975c2407880f	md5	6a3b4e737ee9406dc6fbe1bef152baa1	
unchanged	engine	header	vostok/game/sources/animated_model_instance.h	md5	4b6920757504ed125d7a50b98bc33fc3	md5	4b6920757504ed125d7a50b98bc33fc3	
changed	engine	source	vostok/game/sources/animated_model_instance_cook.cpp	md5	d0666007c4e646f5abb0e06eeec51ba7	md5	a27c5419ed4b5f50cb6a214588c65f77	
unchanged	engine	header	vostok/game/sources/animated_model_instance_cook.h	md5	422c315e9e38b539f4cf70b1ae6409d7	md5	422c315e9e38b539f4cf70b1ae6409d7	
unchanged	engine	header	vostok/game/sources/animation_space_graph.h	md5	0deae28fae95386a6d5e7a197d232d88	md5	0deae28fae95386a6d5e7a197d232d88	
unchanged	engine	header	vostok/game/sources/animation_space_graph_cook.h	md5	d72c25720129cec00cc0f1916c0b5aa0	md5	d72c25720129cec00cc0f1916c0b5aa0	
unchanged	engine	header	vostok/game/sources/animation_stats.h	md5	ba952008407472a436f7546b81bece18	md5	ba952008407472a436f7546b81bece18	
unchanged	engine	header	vostok/game/sources/artefact.h	md5	7039cbb4fa481e37e6462a24981310e0	md5	7039cbb4fa481e37e6462a24981310e0	
unchanged	engine	source	vostok/game/sources/artefact_container.cpp	md5	1d9089dd042af37b827ce218fc10978f	md5	1d9089dd042af37b827ce218fc10978f	
unchanged	engine	header	vostok/game/sources/artefact_container.h	md5	191faaa2a55afc866866ad96b58add0d	md5	191faaa2a55afc866866ad96b58add0d	
changed	engine	source	vostok/game/sources/artefact_cook.cpp	md5	5c2c2fb3362030fea81f33cc19b4d49f	md5	a45a3d7b34b3a01ee2a7b7331f92c475	
unchanged	engine	header	vostok/game/sources/artefact_cook.h	md5	e1786b116f84ecf8ce97e06249a8cc12	md5	e1786b116f84ecf8ce97e06249a8cc12	
changed	engine	header	vostok/game/sources/artefact_inline.h	md5	abb448db2f110eaf16a71a71856e1977	md5	b5dfdcdc699231e2e3713fc781f921a3	
changed	engine	source	vostok/game/sources/base_game_scene.cpp	md5	31282fe6d257dd651f375c9bef565537	md5	a9cdfc40091c8fcd530bb8e3c42a0074	
changed	engine	header	vostok/game/sources/base_game_scene.h	md5	f3078d1b82614928b07781e7bd5a5047	md5	08b550611b73cf2b26ddd382444b149f	
added	engine	source	vostok/game/sources/base_game_statistics_handler.cpp			md5	fda7b9bdb0620f2f6aff2d5d2c038da1	
added	engine	header	vostok/game/sources/base_game_statistics_handler.h			md5	10f49cdc30c1f5a70d62693a140e5f15	
added	engine	source	vostok/game/sources/base_local_network_client.cpp			md5	7aa6ee0050e17b44c37a959ee75e052b	
added	engine	header	vostok/game/sources/base_local_network_client.h			md5	cd98d96806a53514ae9608a8bbe459b8	
changed	engine	header	vostok/game/sources/base_match_client.h	md5	9d5422d27d6bc9660687ef676cb21ba4	md5	c13c715d832c84b211f820b7def54d40	
changed	engine	source	vostok/game/sources/base_network_client.cpp	md5	2386e63df743ef3b7b877a600be785e1	md5	92a7f0448130864820214b25904bb728	
changed	engine	header	vostok/game/sources/base_network_client.h	md5	32ebd594dafd324aa2a2b724883fc470	md5	683e37d3af89bea25a2ba9e541249093	
added	engine	source	vostok/game/sources/base_view_network_client.cpp			md5	32e1984f4ec3d2f3573225d6d7dee2b0	
added	engine	header	vostok/game/sources/base_view_network_client.h			md5	0a0cf56e0881dab2fbe74d3fbd2c4050	
unchanged	engine	source	vostok/game/sources/booby_trap.cpp	md5	6426d9d29e9fcbee01440e00d65542b6	md5	6426d9d29e9fcbee01440e00d65542b6	
unchanged	engine	header	vostok/game/sources/booby_trap.h	md5	8481bcbe59fbeda50c3925b7441f7375	md5	8481bcbe59fbeda50c3925b7441f7375	
unchanged	engine	source	vostok/game/sources/booby_trap_cook.cpp	md5	1faf420bc2585c4d4e66a5395ce9423e	md5	1faf420bc2585c4d4e66a5395ce9423e	
unchanged	engine	header	vostok/game/sources/booby_trap_cook.h	md5	5cad9a699c2fbb408b29c2c141d04443	md5	5cad9a699c2fbb408b29c2c141d04443	
changed	engine	source	vostok/game/sources/booby_trap_set.cpp	md5	806cdf8132bc1954baea0f3a82782489	md5	5faf04de6fe661aa5a8ba321ef9e5535	
changed	engine	header	vostok/game/sources/booby_trap_set.h	md5	c408cf8d717e48e05669f18cdf8de2ed	md5	95f679b583fa183e8e93b55e33fcf394	
changed	engine	source	vostok/game/sources/booby_trap_set_cook.cpp	md5	b98372dfcde6acdfff9ac04baebbc7af	md5	89885f334d5ea6a654908603c04c8d05	
changed	engine	header	vostok/game/sources/booby_trap_set_cook.h	md5	5d8b28bfb4d8b72d7a1e7ee658410a8c	md5	79bfa7436d7b570da8e52a7217e0ab92	
unchanged	engine	source	vostok/game/sources/breath_holding_sound_effect.cpp	md5	585789a1c31dd9a08a2d7d3891a3bc7b	md5	585789a1c31dd9a08a2d7d3891a3bc7b	
unchanged	engine	header	vostok/game/sources/breath_holding_sound_effect.h	md5	8088de671c34164a07d5ed4e2552ef3b	md5	8088de671c34164a07d5ed4e2552ef3b	
unchanged	engine	header	vostok/game/sources/bullet_debug_renderer.h	md5	04c25e5cac8fe57b6fb6ad33f10c2cb5	md5	04c25e5cac8fe57b6fb6ad33f10c2cb5	
changed	engine	source	vostok/game/sources/camera_director.cpp	md5	f2bd141905d7134a4da4a57338cef9f9	md5	0fd8e772881fd9f887ce29afa9ecedb9	
unchanged	engine	header	vostok/game/sources/camera_director.h	md5	c913fbb9e51cff5a3549a422b226bf31	md5	c913fbb9e51cff5a3549a422b226bf31	
changed	engine	source	vostok/game/sources/chat_handler.cpp	md5	d7c28682c3b65dec0b152c4b445574ee	md5	bcdee103fa8351ba1eedb73998e97199	
changed	engine	header	vostok/game/sources/chat_handler.h	md5	d5732e06bd24aeba64b2d6b58f782e9d	md5	467e18915bad9454802b45e9b09042b5	
unchanged	engine	source	vostok/game/sources/damage_model_stats.cpp	md5	1708e513eeab12b983bb62a3e9009744	md5	1708e513eeab12b983bb62a3e9009744	
unchanged	engine	header	vostok/game/sources/damage_model_stats.h	md5	b4095a67025928aa9c7248df27c3637f	md5	b4095a67025928aa9c7248df27c3637f	
unchanged	engine	source	vostok/game/sources/damage_sound_effect.cpp	md5	4096d01eae0254945fb6e847c423f509	md5	4096d01eae0254945fb6e847c423f509	
unchanged	engine	header	vostok/game/sources/damage_sound_effect.h	md5	711c6ea70451aa41d087b512abc02a4a	md5	711c6ea70451aa41d087b512abc02a4a	
unchanged	engine	source	vostok/game/sources/damage_zone.cpp	md5	14dd01c6002426d035b07dd8b12649d3	md5	14dd01c6002426d035b07dd8b12649d3	
unchanged	engine	header	vostok/game/sources/damage_zone.h	md5	6ea7f8424b3d2a0ba135aca81d7b725e	md5	6ea7f8424b3d2a0ba135aca81d7b725e	
unchanged	engine	source	vostok/game/sources/damage_zone_cook.cpp	md5	57dba8efd87526caa00ef1b9dc775dc7	md5	57dba8efd87526caa00ef1b9dc775dc7	
unchanged	engine	header	vostok/game/sources/damage_zone_cook.h	md5	2c202aded8d29f55f17ccf62bb3b2052	md5	2c202aded8d29f55f17ccf62bb3b2052	
unchanged	engine	header	vostok/game/sources/damage_zone_states.h	md5	3e895d1f9ed7fdc933048bd60c47ce39	md5	3e895d1f9ed7fdc933048bd60c47ce39	
unchanged	engine	source	vostok/game/sources/demo_camera.cpp	md5	d457d201bd95a6c6855399bc1350291e	md5	d457d201bd95a6c6855399bc1350291e	
unchanged	engine	header	vostok/game/sources/demo_camera.h	md5	f57f35fb962b441fdc6c24c16763ce52	md5	f57f35fb962b441fdc6c24c16763ce52	
unchanged	engine	header	vostok/game/sources/drawable_object.h	md5	baed23cf8c5e82cdbba649b6841304a6	md5	baed23cf8c5e82cdbba649b6841304a6	
unchanged	engine	source	vostok/game/sources/effect_zone.cpp	md5	35cc7c1257a505ac09ae68a756ef0983	md5	35cc7c1257a505ac09ae68a756ef0983	
unchanged	engine	header	vostok/game/sources/effect_zone.h	md5	f452071ee05b20d042cb0e59605a0d63	md5	f452071ee05b20d042cb0e59605a0d63	
unchanged	engine	source	vostok/game/sources/effect_zone_cook.cpp	md5	d85bb2c7c0dd27da61c8803c9fa9e1da	md5	d85bb2c7c0dd27da61c8803c9fa9e1da	
unchanged	engine	header	vostok/game/sources/effect_zone_cook.h	md5	aced427eedfbe45e6f1c39909e52a510	md5	aced427eedfbe45e6f1c39909e52a510	
unchanged	engine	source	vostok/game/sources/empty_hands.cpp	md5	e2689ebcecdfe843486d62d44c833bdb	md5	e2689ebcecdfe843486d62d44c833bdb	
unchanged	engine	header	vostok/game/sources/empty_hands.h	md5	325bb9baecc42fc619f67f4959f6d290	md5	325bb9baecc42fc619f67f4959f6d290	
unchanged	engine	source	vostok/game/sources/empty_hands_cook.cpp	md5	c07f5322b42b30116b6b628e01ea3c78	md5	c07f5322b42b30116b6b628e01ea3c78	
unchanged	engine	header	vostok/game/sources/empty_hands_cook.h	md5	c5a3508f498648f0881a30ab9e389f49	md5	c5a3508f498648f0881a30ab9e389f49	
unchanged	engine	source	vostok/game/sources/firewall_exception.cpp	md5	93a977ec7fd04fbb0a6be982125af121	md5	93a977ec7fd04fbb0a6be982125af121	
unchanged	engine	source	vostok/game/sources/first_person_game_effect_presenter.cpp	md5	2a7efcae23bdf4955fe065b4acb2f9ce	md5	2a7efcae23bdf4955fe065b4acb2f9ce	
unchanged	engine	header	vostok/game/sources/first_person_game_effect_presenter.h	md5	f4519ecbd67f1ed3a44c902b1d0ea6a0	md5	f4519ecbd67f1ed3a44c902b1d0ea6a0	
unchanged	engine	source	vostok/game/sources/free_fly_camera.cpp	md5	a074d689603cb2208125f6eecaf05870	md5	a074d689603cb2208125f6eecaf05870	
unchanged	engine	header	vostok/game/sources/free_fly_camera.h	md5	3cea27eec2c37366f19a8d04c2534ae2	md5	3cea27eec2c37366f19a8d04c2534ae2	
unchanged	engine	header	vostok/game/sources/fx_history_item.h	md5	f31beea5bb1cd53b2b9bedd84d74b946	md5	f31beea5bb1cd53b2b9bedd84d74b946	
changed	engine	source	vostok/game/sources/game.cpp	md5	fe96c621a960f7dd38d429a574d7fd41	md5	7b560a6480912fdf67f8d36c78a104d8	
changed	engine	header	vostok/game/sources/game.h	md5	a5697b82265133c7746694e5a102cdb6	md5	02cd6ccd7ad0e14b37c6ab0b96691d6d	
unchanged	engine	source	vostok/game/sources/game_camera.cpp	md5	7b860b35803f1e3ce21d2e8b6da73471	md5	7b860b35803f1e3ce21d2e8b6da73471	
unchanged	engine	header	vostok/game/sources/game_camera.h	md5	bd88401d35b9b0cc379434d542c16609	md5	bd88401d35b9b0cc379434d542c16609	
unchanged	engine	header	vostok/game/sources/game_effect_presenter.h	md5	f6662108040b8ba506b84c6e7dbad082	md5	f6662108040b8ba506b84c6e7dbad082	
changed	engine	source	vostok/game/sources/game_entry_point.cpp	md5	ab854f85b187b8d20196510f8e209f5d	md5	0ea125bb462206af0d9c41567cfb9b3a	
changed	engine	header	vostok/game/sources/game_generate_shaders.h	md5	96bd83ac5af9f2be3b28ff49fbbecd3f	md5	b2f8b24e74e5af59a9e3571790583fef	
unchanged	engine	source	vostok/game/sources/game_initialize.cpp	md5	a62feb0a2f02b1b022d2262e4abcce3f	md5	a62feb0a2f02b1b022d2262e4abcce3f	
changed	engine	header	vostok/game/sources/game_input_actions.h	md5	216309564ecf58775fe177c662529bad	md5	f9456387733a3998e763311f25a13a30	
unchanged	engine	header	vostok/game/sources/game_material_visibility_parameters.h	md5	cd55896af98f2082ceeefb76cb085796	md5	cd55896af98f2082ceeefb76cb085796	
unchanged	engine	header	vostok/game/sources/game_memory.h	md5	1c48e7f96f2fed34631d6fa45d9e991a	md5	1c48e7f96f2fed34631d6fa45d9e991a	
changed	engine	source	vostok/game/sources/game_options.cpp	md5	6c49b7c1a058ac473125b2d431b42bfc	md5	f16cecfcf0de4a5bd1f6e1394f2a3482	
unchanged	engine	header	vostok/game/sources/game_options.h	md5	80a2c2ebc411e3d4b5af5abcadd9e54b	md5	80a2c2ebc411e3d4b5af5abcadd9e54b	
unchanged	engine	source	vostok/game/sources/game_project.cpp	md5	32e2988a76ffbb436c70676658b8c605	md5	32e2988a76ffbb436c70676658b8c605	
unchanged	engine	header	vostok/game/sources/game_project.h	md5	bbcd72aa4a76f17295df8752ddaa7b26	md5	bbcd72aa4a76f17295df8752ddaa7b26	
unchanged	engine	header	vostok/game/sources/game_scene.h	md5	d3bdd2dc1894ce2c0590134fbba9ea47	md5	d3bdd2dc1894ce2c0590134fbba9ea47	
changed	engine	source	vostok/game/sources/game_statistics_handler.cpp	md5	d7df8beed48692584a24681eb121928c	md5	224c9439f21574f5033e158b64c022ba	
changed	engine	header	vostok/game/sources/game_statistics_handler.h	md5	3766a233c59f375ab958b10aa549a0db	md5	977c3535bc69f59694779aefca336793	
changed	engine	source	vostok/game/sources/game_world.cpp	md5	33f0fa798026316ec47ffb31f17f5f07	md5	039676c14ba3f9f7fee1007f7aedaf6b	
changed	engine	header	vostok/game/sources/game_world.h	md5	4f484a2b4c0b0166e148e8320bf7586d	md5	7b77c237f14b84dd9c98fd88dd1b0c6d	
unchanged	engine	source	vostok/game/sources/game_world_bullet_manager_engine.cpp	md5	01be4c6b8d3dd94f68bc31b5d2b29bd1	md5	01be4c6b8d3dd94f68bc31b5d2b29bd1	
changed	engine	source	vostok/game/sources/game_world_input.cpp	md5	7ebf488e9de17f965de39619364440c2	md5	bdfb6c5b3ad9485a696ebddb0bcb1ea4	
changed	engine	source	vostok/game/sources/game_world_ui.cpp	md5	a9d08b65c71132fd64aab64a9992369d	md5	de304cc89119b93b06ffe94185f0de26	
changed	engine	header	vostok/game/sources/game_world_ui.h	md5	3396b75ce25ed9b2a51025fb6b28d304	md5	fce0e1adb6dc4f50811b3e67289b20be	
unchanged	engine	source	vostok/game/sources/generic_anomaly.cpp	md5	03c7829916cd6e94b89f34897afb336b	md5	03c7829916cd6e94b89f34897afb336b	
unchanged	engine	header	vostok/game/sources/generic_anomaly.h	md5	b8eadadb15ad9139a7d5059c077d038e	md5	b8eadadb15ad9139a7d5059c077d038e	
unchanged	engine	header	vostok/game/sources/generic_anomaly_cook.h	md5	e3a0ed6ed1f8085190420cda013bb00e	md5	e3a0ed6ed1f8085190420cda013bb00e	
changed	engine	source	vostok/game/sources/global_input_handler.cpp	md5	278d35ef4b04dbde01c29c2dc62ea38c	md5	533373a7458106108012cff5cb9ca066	
unchanged	engine	header	vostok/game/sources/global_input_handler.h	md5	8933411da228405d5c493e8486cd1683	md5	8933411da228405d5c493e8486cd1683	
unchanged	engine	source	vostok/game/sources/grenade.cpp	md5	a3a25a3b742e83572095f9509021aca0	md5	a3a25a3b742e83572095f9509021aca0	
unchanged	engine	header	vostok/game/sources/grenade.h	md5	a76f01f78e8bb09e5686a302bc78e62a	md5	a76f01f78e8bb09e5686a302bc78e62a	
unchanged	engine	source	vostok/game/sources/grenade_cook.cpp	md5	b5a40f0e2cdd7fcdd1e80c117bb4729e	md5	b5a40f0e2cdd7fcdd1e80c117bb4729e	
unchanged	engine	header	vostok/game/sources/grenade_cook.h	md5	135e563296a0d02c0398be3cc32e957d	md5	135e563296a0d02c0398be3cc32e957d	
changed	engine	source	vostok/game/sources/grenade_set.cpp	md5	955712eb27c426cceba79b215e9509bd	md5	1c20d54c3688c417a00aca7e9ba9ea1c	
changed	engine	header	vostok/game/sources/grenade_set.h	md5	6697386301b8ec9c70eb9e5f3c0154af	md5	1e1cf2032bf49a4936c69b06e98b0247	
changed	engine	source	vostok/game/sources/grenade_set_cook.cpp	md5	14b0a8d78f1d56c709b9baa343533fcf	md5	1b83e0227dd06d66c900f12e976825b0	
changed	engine	header	vostok/game/sources/grenade_set_cook.h	md5	c5b98789acb5c6ea544e73f513a55cf1	md5	23e136d65d65de9f9c1748ca7cc2bb4b	
unchanged	engine	header	vostok/game/sources/hud_effects.h	md5	af6b5b79b85bb86558ec5d350823b506	md5	af6b5b79b85bb86558ec5d350823b506	
unchanged	engine	source	vostok/game/sources/hud_game_effect.cpp	md5	7f7b9ff293de291c86bb2d13071b0dcb	md5	7f7b9ff293de291c86bb2d13071b0dcb	
unchanged	engine	header	vostok/game/sources/hud_game_effect.h	md5	1229b05da1af43b95efb7ca7cb695c75	md5	1229b05da1af43b95efb7ca7cb695c75	
unchanged	engine	source	vostok/game/sources/hud_game_effect_emitter.cpp	md5	90a9dcc090e5ffd5c82564400d873ece	md5	90a9dcc090e5ffd5c82564400d873ece	
unchanged	engine	header	vostok/game/sources/hud_game_effect_emitter.h	md5	d5c863f56f5f067893fbda1888bbb0eb	md5	d5c863f56f5f067893fbda1888bbb0eb	
unchanged	engine	source	vostok/game/sources/hud_game_effect_emitter_cook.cpp	md5	aa9b9b62c56027c4ae17d9540c2cde04	md5	aa9b9b62c56027c4ae17d9540c2cde04	
unchanged	engine	header	vostok/game/sources/hud_game_effect_emitter_cook.h	md5	dfbd43333a6f81d76b463de087f6fde0	md5	dfbd43333a6f81d76b463de087f6fde0	
unchanged	engine	source	vostok/game/sources/hud_game_effect_presenter.cpp	md5	5ab3b420cf66eef40783d8e06a335669	md5	5ab3b420cf66eef40783d8e06a335669	
unchanged	engine	header	vostok/game/sources/hud_game_effect_presenter.h	md5	84b8b30dc2d74a9a8e834c8d729a8478	md5	84b8b30dc2d74a9a8e834c8d729a8478	
changed	engine	header	vostok/game/sources/hud_object_state.h	md5	3739ef5cd23c91ce10e31fb3fe4522b3	md5	2735a3aab9b14e12e092b9182167f0a9	
changed	engine	header	vostok/game/sources/human_npc.h	md5	1c721a4e53bb4e6b111d551db2aa72e5	md5	c64e754f01ce67438a75b6a4e794bdb4	
unchanged	engine	header	vostok/game/sources/human_npc_cook.h	md5	6c70c223ee1941c9ef734fa6e5206188	md5	6c70c223ee1941c9ef734fa6e5206188	
unchanged	engine	source	vostok/game/sources/journaling_match_client.cpp	md5	b550b520de3872ed03e77c98101e344a	md5	b550b520de3872ed03e77c98101e344a	
changed	engine	header	vostok/game/sources/journaling_match_client.h	md5	d9c5e3d8b945dfe4784d63e077c65210	md5	4fc0ee802bf7a729aebebeebf773efab	
changed	engine	source	vostok/game/sources/key_binder.cpp	md5	b91fdf649b01f912d5ab5817399b0fe2	md5	82b6baff9329220ebced5e30c393ede8	
unchanged	engine	header	vostok/game/sources/key_binder.h	md5	777a36e02453602bd58f957b523e16cf	md5	777a36e02453602bd58f957b523e16cf	
unchanged	engine	source	vostok/game/sources/landing_sound_effect.cpp	md5	d222c1800342634d9665b872be8dd4dd	md5	d222c1800342634d9665b872be8dd4dd	
unchanged	engine	header	vostok/game/sources/landing_sound_effect.h	md5	e5f846cc9e40b2057bee319a09df8785	md5	e5f846cc9e40b2057bee319a09df8785	
unchanged	engine	header	vostok/game/sources/levelmap_camera.h	md5	6029144d7875790539abc3c620d88d94	md5	6029144d7875790539abc3c620d88d94	
unchanged	engine	source	vostok/game/sources/lobby_camera.cpp	md5	94c95ea43adf7451e1bd79e5dc62b209	md5	94c95ea43adf7451e1bd79e5dc62b209	
unchanged	engine	header	vostok/game/sources/lobby_camera.h	md5	cf94450459440cabc98aa53bcb1a372d	md5	cf94450459440cabc98aa53bcb1a372d	
changed	engine	source	vostok/game/sources/lobby_client.cpp	md5	e2f90986c627a38512812648720cb974	md5	2204251cd252dd0aaaba2f08179fa2fb	
changed	engine	header	vostok/game/sources/lobby_client.h	md5	e17a97c8608411bfdadd41af47d81207	md5	b7c0ce8d000735154dbd2efa9bfe4ff2	
changed	engine	source	vostok/game/sources/lobby_menu.cpp	md5	cd5d70456589516f6a292e5cdc4771f8	md5	6239e94e275a094233ded966a98d43ce	
changed	engine	header	vostok/game/sources/lobby_menu.h	md5	03b8ce3c7c35c8315c10323ade3c5240	md5	56c99f949c750dbb1931cb169644581c	
changed	engine	source	vostok/game/sources/lobby_menu_character.cpp	md5	a63d1b0f2df7a983c865b2ba9d0b06b5	md5	87760a9e20853dc2792dc7b73219fa39	
changed	engine	header	vostok/game/sources/lobby_menu_character.h	md5	738a2aa5c59c20a25dc4072755d996db	md5	0b7d7c850152fd5be9f0beed935c60f0	
changed	engine	source	vostok/game/sources/lobby_menu_input.cpp	md5	91fb3aed1d43ec9940e770635e7ba143	md5	406697249738219ab59544789c86c5d3	
changed	engine	header	vostok/game/sources/lobby_menu_localization_strings.h	md5	483acab3ad5552ccbbe2ec80ca74c123	md5	868c9e11bbf7ff63adbe3da13a02ab85	
changed	engine	source	vostok/game/sources/lobby_menu_ui.cpp	md5	53dd9e209768941ae82cd659771dace9	md5	39a02d4f8df440560a82f6008607e038	
changed	engine	source	vostok/game/sources/login_menu.cpp	md5	0cc39ba91876235e955b417b2ee817d2	md5	58a97fd6f732decc52f240f473630be7	
changed	engine	header	vostok/game/sources/login_menu.h	md5	cac3751e4c4b916aa1afbb4d4bcb715f	md5	ccb792ae76ca87998f61abf389308ca5	
unchanged	engine	source	vostok/game/sources/login_menu_input.cpp	md5	8eed14da8c5f446a709186e642b6819f	md5	8eed14da8c5f446a709186e642b6819f	
changed	engine	header	vostok/game/sources/login_menu_status.h	md5	96e3db97c4d4bb98f8919ef830989815	md5	555b630ab61a6de425acd03f1a85893e	
changed	engine	source	vostok/game/sources/login_menu_ui.cpp	md5	b3df51f845ec0691c65a8e3e2a3efad3	md5	3dd0b169b49ae9e25dbad261e6c83a5b	
changed	engine	source	vostok/game/sources/match_client.cpp	md5	d910f0b00950a7024e93511cc0d986b2	md5	866ae0673af61b9cbd768d28c5016aa9	
changed	engine	header	vostok/game/sources/match_client.h	md5	54cf3b7c895e00e2bda7fb1dbb9ab027	md5	f32f3693418b4c525880aa3ea8b9ebc6	
changed	engine	source	vostok/game/sources/messaging_client.cpp	md5	f76902490eec919ef513949a5d4d7604	md5	50cdff3e8f1e3a241005902f25b36ef8	
changed	engine	header	vostok/game/sources/messaging_client.h	md5	e1c020dac96b227dce53a2e4d2071090	md5	bc55a3d513eb8a85d0a00578a8b15205	
changed	engine	source	vostok/game/sources/messaging_client_process_messagess.cpp	md5	d8c0ecfb701083858cf2f76bdbffdc3c	md5	0e9d9a6056c6312acf2b0379c335bdf1	
changed	engine	source	vostok/game/sources/messaging_client_sign_in.cpp	md5	40b531e0ae4cc7e6cc1d42a2295b7052	md5	c61df76df603c03bd74f56e47eafbd7e	
unchanged	engine	header	vostok/game/sources/mtv_client.h	md5	913e1d56c7ed0d9dda79f533f98e6128	md5	913e1d56c7ed0d9dda79f533f98e6128	
changed	engine	source	vostok/game/sources/network_client.cpp	md5	a72d23c5ce5e138cbf126a8541eb0fa4	md5	5b2f0d841d69f54e2ce67b4e4df9fcca	
changed	engine	header	vostok/game/sources/network_client.h	md5	3aa27bea9e0f6471b2a43766ac9247c6	md5	32437356be4d2376498f598ee648ce7a	
added	engine	source	vostok/game/sources/network_client_draw_match_stats.cpp			md5	63563aed66fc623cb681d3965155a29d	
unchanged	engine	source	vostok/game/sources/network_client_handler.cpp	md5	212b88928227b62a0eda80b64deca44a	md5	212b88928227b62a0eda80b64deca44a	
changed	engine	source	vostok/game/sources/network_client_lobby.cpp	md5	9fb79aef093df497a852e09ef11b1236	md5	50d46783ce5b8818289033c93791edf7	
changed	engine	source	vostok/game/sources/network_client_processing.cpp	md5	216f5a3d3bd7dd3142c0953b6e5e15bb	md5	b4c7b94c86783f425f85ef3ad52c0bf5	
changed	engine	header	vostok/game/sources/network_stats.h	md5	3879ce0f06f9987585a35d39c8bbb189	md5	87f94885780da948a9efb09721d6dc37	
added	engine	source	vostok/game/sources/network_stats_orders_channel.cpp			md5	0107722941319d62141ba3275b3da7fc	
added	engine	header	vostok/game/sources/network_stats_orders_channel.h			md5	6b0f2cf2b761bc4ea894406821895d1b	
added	engine	source	vostok/game/sources/network_stats_packets.cpp			md5	b83c241ba7e496040c0981b25d55b562	
added	engine	header	vostok/game/sources/network_stats_packets.h			md5	72519d415f17b8bdedfd80a9baf8b71e	
added	engine	source	vostok/game/sources/network_stats_packets_sequence.cpp			md5	7ffaedb50af543cf3802f7a277bf0bb9	
added	engine	header	vostok/game/sources/network_stats_packets_sequence.h			md5	8f1aece0a1ed68335cd56b8cd4445c30	
added	engine	source	vostok/game/sources/network_stats_ports.cpp			md5	c3deb4e165fcc8559ebb9374289d251f	
added	engine	header	vostok/game/sources/network_stats_ports.h			md5	a3e28656f3570a11ae720a9ded1c70d5	
added	engine	source	vostok/game/sources/network_stats_received_messages.cpp			md5	6deed4756ef5af977eb78d390c521756	
added	engine	header	vostok/game/sources/network_stats_received_messages.h			md5	fe1ee096b99d4afa9284012c5692ab8a	
added	engine	source	vostok/game/sources/network_stats_rejected_messages.cpp			md5	07043b22d3e2148a46602fd2978be02d	
added	engine	header	vostok/game/sources/network_stats_rejected_messages.h			md5	e4934274e8d435c0fe40e33f1603d24d	
added	engine	source	vostok/game/sources/network_stats_seconds.cpp			md5	e441f6f01d4a8e17d5d1890008f22fca	
added	engine	header	vostok/game/sources/network_stats_seconds.h			md5	04705cc83b7d1e92b0a36eb93e48063f	
added	engine	source	vostok/game/sources/network_stats_sent_messages.cpp			md5	95ced02e5e5b29733de3b2d7899b1d51	
added	engine	header	vostok/game/sources/network_stats_sent_messages.h			md5	1d91b2f9ec703143a4f2228a76b837c8	
unchanged	engine	header	vostok/game/sources/npc_stats.h	md5	2408296d4dd82c34bbb0108c6b353374	md5	2408296d4dd82c34bbb0108c6b353374	
unchanged	engine	source	vostok/game/sources/object.cpp	md5	9744bfa694592f746f7142c61bf289c6	md5	9744bfa694592f746f7142c61bf289c6	
unchanged	engine	header	vostok/game/sources/object.h	md5	9515cd69a520e0b5c18ee37acd00cb0d	md5	9515cd69a520e0b5c18ee37acd00cb0d	
unchanged	engine	source	vostok/game/sources/object_ambient_light.cpp	md5	e647bafd69b4d52cfa0c0bd37ae0c1e6	md5	e647bafd69b4d52cfa0c0bd37ae0c1e6	
unchanged	engine	header	vostok/game/sources/object_ambient_light.h	md5	0468068635ea0f78559e93e0c0be124b	md5	0468068635ea0f78559e93e0c0be124b	
unchanged	engine	source	vostok/game/sources/object_ambient_volume.cpp	md5	c90553f2898965ebf36005b4666da7ee	md5	c90553f2898965ebf36005b4666da7ee	
unchanged	engine	header	vostok/game/sources/object_ambient_volume.h	md5	e325182e871de2bf0d0e1efac2b6ae2c	md5	e325182e871de2bf0d0e1efac2b6ae2c	
unchanged	engine	header	vostok/game/sources/object_cooker.h	md5	7207ec57aa96373c0709504cc8bd017c	md5	7207ec57aa96373c0709504cc8bd017c	
unchanged	engine	source	vostok/game/sources/object_decal.cpp	md5	6ece37f0147f05d17fa37cd646e286c6	md5	6ece37f0147f05d17fa37cd646e286c6	
unchanged	engine	header	vostok/game/sources/object_decal.h	md5	30252d7da55982f49610a224ce223fe7	md5	30252d7da55982f49610a224ce223fe7	
unchanged	engine	source	vostok/game/sources/object_environment_probe.cpp	md5	e5bebb6261785f5829ad4248e81b70aa	md5	e5bebb6261785f5829ad4248e81b70aa	
unchanged	engine	header	vostok/game/sources/object_environment_probe.h	md5	7f9c422c927a1be28fc5c7d2f3e6ce32	md5	7f9c422c927a1be28fc5c7d2f3e6ce32	
unchanged	engine	source	vostok/game/sources/object_light.cpp	md5	49fafda7c1cd5a78a664ad28d5b1ccc7	md5	49fafda7c1cd5a78a664ad28d5b1ccc7	
unchanged	engine	header	vostok/game/sources/object_light.h	md5	19df47df8bd98cbf63bf7ba231c9e5dd	md5	19df47df8bd98cbf63bf7ba231c9e5dd	
unchanged	engine	source	vostok/game/sources/object_lpv_occluder.cpp	md5	81d59c45e16c47206721402093a00195	md5	81d59c45e16c47206721402093a00195	
unchanged	engine	header	vostok/game/sources/object_lpv_occluder.h	md5	61bd43322a31a4de458a9f7c54a2c136	md5	61bd43322a31a4de458a9f7c54a2c136	
unchanged	engine	source	vostok/game/sources/object_sky_ambient_occlusion.cpp	md5	193dbd1e6ae4ee0a1f841d6542f603ca	md5	193dbd1e6ae4ee0a1f841d6542f603ca	
unchanged	engine	header	vostok/game/sources/object_sky_ambient_occlusion.h	md5	4300ac1ea0d1309119677b064800986c	md5	4300ac1ea0d1309119677b064800986c	
changed	engine	source	vostok/game/sources/object_solid_visual.cpp	md5	16cde185441dd20ce67b14a82f308bd9	md5	831f1430008c56f8b80258e41efcc153	
changed	engine	header	vostok/game/sources/object_solid_visual.h	md5	ca220017999bec26c28bcbb9929ae6e7	md5	0e61fd0888285bf9eb258e07a3c4bb62	
unchanged	engine	source	vostok/game/sources/object_sound.cpp	md5	e0078dcb943f154948a5fa05845d51d7	md5	e0078dcb943f154948a5fa05845d51d7	
unchanged	engine	header	vostok/game/sources/object_sound.h	md5	7f1ee4d7770e924382d2ea5689ef8018	md5	7f1ee4d7770e924382d2ea5689ef8018	
unchanged	engine	source	vostok/game/sources/object_track.cpp	md5	9a8c006230faf6aebe11f86a5b697e44	md5	9a8c006230faf6aebe11f86a5b697e44	
unchanged	engine	header	vostok/game/sources/object_track.h	md5	05e4c7600953560055c923345cbd1d19	md5	05e4c7600953560055c923345cbd1d19	
unchanged	engine	source	vostok/game/sources/object_vegetation.cpp	md5	00e047a2d8884be8b92d7f38b9804a4b	md5	00e047a2d8884be8b92d7f38b9804a4b	
unchanged	engine	header	vostok/game/sources/object_vegetation.h	md5	76b68f6cb7c33d42067aeddc2bd0a14c	md5	76b68f6cb7c33d42067aeddc2bd0a14c	
unchanged	engine	source	vostok/game/sources/object_volume_fog.cpp	md5	900e54ffebdb7286574595a616ef7226	md5	900e54ffebdb7286574595a616ef7226	
unchanged	engine	header	vostok/game/sources/object_volume_fog.h	md5	059bee649bcd57afd341a5f38157c4c6	md5	059bee649bcd57afd341a5f38157c4c6	
unchanged	engine	source	vostok/game/sources/object_volumetric_sound.cpp	md5	68ae72c3c50db31e4aa2af6faaa1c3b2	md5	68ae72c3c50db31e4aa2af6faaa1c3b2	
unchanged	engine	header	vostok/game/sources/object_volumetric_sound.h	md5	5861bc14aecb3d18ec7af7cb5922a3a1	md5	5861bc14aecb3d18ec7af7cb5922a3a1	
unchanged	engine	header	vostok/game/sources/object_weapon.h	md5	b8b7de15b51d3265c77eec83594ba7d3	md5	b8b7de15b51d3265c77eec83594ba7d3	
unchanged	engine	source	vostok/game/sources/object_wire.cpp	md5	d272ce0d4772b5e7468036ed74bb2406	md5	d272ce0d4772b5e7468036ed74bb2406	
unchanged	engine	header	vostok/game/sources/object_wire.h	md5	72be5f668ddb6c9c13451abfad17e85f	md5	72be5f668ddb6c9c13451abfad17e85f	
unchanged	engine	header	vostok/game/sources/objects_to_sectors_binder.h	md5	9f8e29b80bb9d6ea97da2a1f1318e114	md5	9f8e29b80bb9d6ea97da2a1f1318e114	
changed	engine	source	vostok/game/sources/options_items.cpp	md5	11907349863d291cc709ad86b1e80160	md5	a96bdb67f45d8078bf4c2455a029a841	
changed	engine	header	vostok/game/sources/options_items.h	md5	7a1e85ddd03829e174eb422b78896fbd	md5	bd83f137a4c9c37e130ab20d6b5407f3	
unchanged	engine	source	vostok/game/sources/particle_game_effect.cpp	md5	4d1d97e46e24f56fc499939a72755d65	md5	4d1d97e46e24f56fc499939a72755d65	
unchanged	engine	header	vostok/game/sources/particle_game_effect.h	md5	4ba59d26c86a1cfd51774cf37ba50c60	md5	4ba59d26c86a1cfd51774cf37ba50c60	
unchanged	engine	source	vostok/game/sources/particle_game_effect_emitter.cpp	md5	11957d954a06fe689e673511846ca6d2	md5	11957d954a06fe689e673511846ca6d2	
unchanged	engine	header	vostok/game/sources/particle_game_effect_emitter.h	md5	4d5ff3b3e1796cdeed3e4c1b49017e4c	md5	4d5ff3b3e1796cdeed3e4c1b49017e4c	
unchanged	engine	source	vostok/game/sources/particle_game_effect_emitter_cook.cpp	md5	fa197cca100ceb2bd7f115e70db55782	md5	fa197cca100ceb2bd7f115e70db55782	
unchanged	engine	header	vostok/game/sources/particle_game_effect_emitter_cook.h	md5	b5ac51aad8a371a62f6802b24212ae68	md5	b5ac51aad8a371a62f6802b24212ae68	
changed	engine	source	vostok/game/sources/particle_game_effect_presenter.cpp	md5	c51552838dc2e84a8f7d07d39c550fa4	md5	d8fb48863ac0484938be31b4c835f546	
unchanged	engine	header	vostok/game/sources/particle_game_effect_presenter.h	md5	a01382907a0bfd9ae8342fee1a0aaf3d	md5	a01382907a0bfd9ae8342fee1a0aaf3d	
unchanged	engine	source	vostok/game/sources/pch.cpp	md5	126909a6b549adbb62a624f76425dcd9	md5	126909a6b549adbb62a624f76425dcd9	
unchanged	engine	header	vostok/game/sources/pch.h	md5	7c856ab8900da61dd54f9ae5096ffeec	md5	7c856ab8900da61dd54f9ae5096ffeec	
changed	engine	source	vostok/game/sources/player.cpp	md5	4da541562418d6e536d50bdd4056da59	md5	217e7de8030d8e69c51ed76e0f50fa74	
changed	engine	header	vostok/game/sources/player.h	md5	5bd2312e164c10a2837ea22c9d732ceb	md5	bea2b9b337e2e9b7ab3af8cf5676c307	
changed	engine	source	vostok/game/sources/player_cook.cpp	md5	2338861867fc32b2535f6b03ebac8c93	md5	7d2312aff44a4ad5068f34f8b5a74951	
unchanged	engine	header	vostok/game/sources/player_cook.h	md5	7f53914ca1bafb88accf2a943e8141f6	md5	7f53914ca1bafb88accf2a943e8141f6	
unchanged	engine	source	vostok/game/sources/player_equipment_sound_effect.cpp	md5	5224f0db915be390e3c9c7a667423ddf	md5	5224f0db915be390e3c9c7a667423ddf	
unchanged	engine	header	vostok/game/sources/player_equipment_sound_effect.h	md5	47433a3825a514e9f6b81e595e00f53e	md5	47433a3825a514e9f6b81e595e00f53e	
unchanged	engine	header	vostok/game/sources/player_equipment_sound_properties.h	md5	6f84dd48567ed6e59f2a96af2fe17592	md5	6f84dd48567ed6e59f2a96af2fe17592	
unchanged	engine	header	vostok/game/sources/player_equipment_sound_properties_inline.h	md5	920ed075c65865300f3404c536cca310	md5	920ed075c65865300f3404c536cca310	
changed	engine	source	vostok/game/sources/player_input_handler.cpp	md5	48bc9abf8cde0f213e1c65458f122559	md5	3756501301bfb822b7f7c043ac45d12b	
changed	engine	header	vostok/game/sources/player_input_handler.h	md5	cc53a754a666cd97dfe8106f4a9e7a01	md5	7a1f7c7fc93e4231256e7e895c7db097	
changed	engine	source	vostok/game/sources/player_logic_preview_state.cpp	md5	d8d0cb7564862711b90bf324ff5e781b	md5	e463a95ee3208e54d615b4eeeb70a640	
unchanged	engine	header	vostok/game/sources/player_logic_preview_state.h	md5	d905de3675f30c8d40106e9fb6af5737	md5	d905de3675f30c8d40106e9fb6af5737	
changed	engine	source	vostok/game/sources/player_tick.cpp	md5	3aa437be94a91ff560a23a43aa23f7c0	md5	e184f560b6a5a2aed34aea66755b998c	
changed	engine	source	vostok/game/sources/portable_interactive_object.cpp	md5	a57653626ce005edc3ce49a8a9621a8a	md5	7aaba89df5136ad6b7bbb18939de7d85	
changed	engine	header	vostok/game/sources/portable_interactive_object.h	md5	778dd65fe1d76f5bd97a5a26fb7f4d35	md5	f4a4607fbfb86d6d7be0a3c2a5f34b6a	
changed	engine	source	vostok/game/sources/portable_interactive_object_with_finger_correction.cpp	md5	7182ddd82532f5ba44a6c68634a486c6	md5	686a164d2b7868217629d05510bfaa1b	
changed	engine	header	vostok/game/sources/portable_interactive_object_with_finger_correction.h	md5	32b813f66b0cc400e5a46ff40d38c81d	md5	17013a5e5ab6d12cdad671d938a41721	
unchanged	engine	source	vostok/game/sources/post_process_game_effect.cpp	md5	2219dfc25dd35e7ca7f006941571fe88	md5	2219dfc25dd35e7ca7f006941571fe88	
unchanged	engine	header	vostok/game/sources/post_process_game_effect.h	md5	eb08bf60790f71a5c15b5e920abf4eda	md5	eb08bf60790f71a5c15b5e920abf4eda	
unchanged	engine	source	vostok/game/sources/post_process_game_effect_emitter.cpp	md5	8ee20296440d53579e20ce16ccde60e8	md5	8ee20296440d53579e20ce16ccde60e8	
unchanged	engine	header	vostok/game/sources/post_process_game_effect_emitter.h	md5	fa40f4a09cd3cde2931e8f95662b4e66	md5	fa40f4a09cd3cde2931e8f95662b4e66	
unchanged	engine	source	vostok/game/sources/post_process_game_effect_emitter_cook.cpp	md5	697d38afd9beeab3351a58864de669aa	md5	697d38afd9beeab3351a58864de669aa	
unchanged	engine	header	vostok/game/sources/post_process_game_effect_emitter_cook.h	md5	8c0f6f89a7df8ac20c443cc7ca0c8bf2	md5	8c0f6f89a7df8ac20c443cc7ca0c8bf2	
changed	engine	source	vostok/game/sources/post_process_game_effect_presenter.cpp	md5	9ef4d15cb5d5b651379d183f55f3a2f5	md5	c617505e7ec7603c9cfb7451ab3e201b	
unchanged	engine	header	vostok/game/sources/post_process_game_effect_presenter.h	md5	eb3d7f94ad954722942749d712535f27	md5	eb3d7f94ad954722942749d712535f27	
unchanged	engine	source	vostok/game/sources/project_cooker_simple.cpp	md5	cbb13424b7b411c7ecc7e572f38c277b	md5	cbb13424b7b411c7ecc7e572f38c277b	
unchanged	engine	header	vostok/game/sources/project_cooker_simple.h	md5	a1ec40fa4cc977d1c81ef96613b4e78a	md5	a1ec40fa4cc977d1c81ef96613b4e78a	
added	engine	source	vostok/game/sources/replay_network_client.cpp			md5	661cd11f4f491025460d73e2ccbfa8ca	
added	engine	header	vostok/game/sources/replay_network_client.h			md5	563b7cac2973ac289c5b21f44fe063dd	
unchanged	engine	source	vostok/game/sources/rifle_scope.cpp	md5	b83373e7bc933b8b537f528b6afc0e12	md5	b83373e7bc933b8b537f528b6afc0e12	
unchanged	engine	header	vostok/game/sources/rifle_scope.h	md5	bae9b4266038fbb47f3b6fee311cd9da	md5	bae9b4266038fbb47f3b6fee311cd9da	
unchanged	engine	source	vostok/game/sources/rifle_scope_cook.cpp	md5	14471d32620a65bee3b66812e87525f7	md5	14471d32620a65bee3b66812e87525f7	
unchanged	engine	header	vostok/game/sources/rifle_scope_cook.h	md5	8150bd8f76090079428a622a34296c10	md5	8150bd8f76090079428a622a34296c10	
unchanged	engine	header	vostok/game/sources/sf_animation_states.h	md5	498b76978d02911a3887158cceb6fa6b	md5	498b76978d02911a3887158cceb6fa6b	
unchanged	engine	header	vostok/game/sources/shotgun_weapon_reload_state.h	md5	ace13cf6423d3fdc4de32ece9e62d322	md5	ace13cf6423d3fdc4de32ece9e62d322	
unchanged	engine	source	vostok/game/sources/shotgun_weapon_reload_state_cook.cpp	md5	c2741476e41ae503a5b16a8bb5ad7098	md5	c2741476e41ae503a5b16a8bb5ad7098	
unchanged	engine	header	vostok/game/sources/shotgun_weapon_reload_state_cook.h	md5	4f1684de15c2ffb81eb5f16f8592c6ae	md5	4f1684de15c2ffb81eb5f16f8592c6ae	
unchanged	engine	source	vostok/game/sources/sound_game_effect.cpp	md5	5b262d2ce3fc34f06c9b183e9001487f	md5	5b262d2ce3fc34f06c9b183e9001487f	
unchanged	engine	header	vostok/game/sources/sound_game_effect.h	md5	1374126d10a917b79f149e8ed076cc4e	md5	1374126d10a917b79f149e8ed076cc4e	
unchanged	engine	source	vostok/game/sources/sound_game_effect_emitter.cpp	md5	22f4fa67a46434d33ce771c04449f883	md5	22f4fa67a46434d33ce771c04449f883	
unchanged	engine	header	vostok/game/sources/sound_game_effect_emitter.h	md5	162e31438fbcefc7d2cec9c85fb7be1e	md5	162e31438fbcefc7d2cec9c85fb7be1e	
unchanged	engine	source	vostok/game/sources/sound_game_effect_emitter_cook.cpp	md5	83b53f1daafa1901b73f45af3eba19ea	md5	83b53f1daafa1901b73f45af3eba19ea	
unchanged	engine	header	vostok/game/sources/sound_game_effect_emitter_cook.h	md5	cececac2bf9b3f4cf9176645884b1af1	md5	cececac2bf9b3f4cf9176645884b1af1	
unchanged	engine	source	vostok/game/sources/sound_game_effect_presenter.cpp	md5	457286497513bc768b157c7c13244bca	md5	457286497513bc768b157c7c13244bca	
unchanged	engine	header	vostok/game/sources/sound_game_effect_presenter.h	md5	ea47928bda404a55a849a8f78616ef37	md5	ea47928bda404a55a849a8f78616ef37	
unchanged	engine	header	vostok/game/sources/sound_player_cook.h	md5	8495180b0331c63e8c7480a2f84b153b	md5	8495180b0331c63e8c7480a2f84b153b	
changed	engine	source	vostok/game/sources/stamina_sound_effect.cpp	md5	594f5f1ff7417290e652d1e4f35e5184	md5	78e4bbdebc3e3ed3299ce62926963548	
unchanged	engine	header	vostok/game/sources/stamina_sound_effect.h	md5	28bbf992dd70a04c835df86e30cff34c	md5	28bbf992dd70a04c835df86e30cff34c	
unchanged	engine	source	vostok/game/sources/stats.cpp	md5	1a89351039e54c45deae51207f821414	md5	1a89351039e54c45deae51207f821414	
unchanged	engine	header	vostok/game/sources/stats.h	md5	0818c8430bed7dec3de875a29ea2e8ec	md5	0818c8430bed7dec3de875a29ea2e8ec	
unchanged	engine	source	vostok/game/sources/stats_graph.cpp	md5	0ca13af42d729ff2c1c6d20a1321c80f	md5	0ca13af42d729ff2c1c6d20a1321c80f	
unchanged	engine	header	vostok/game/sources/stats_graph.h	md5	a18ccafa557b1f3d7bc9b0016cf83490	md5	a18ccafa557b1f3d7bc9b0016cf83490	
unchanged	engine	source	vostok/game/sources/step_manager.cpp	md5	ea5ac8e1f9cf78ba496790b60fa6539a	md5	ea5ac8e1f9cf78ba496790b60fa6539a	
unchanged	engine	header	vostok/game/sources/step_manager.h	md5	5c8337f65277838678b5f08e700ef6aa	md5	5c8337f65277838678b5f08e700ef6aa	
added	engine	source	vostok/game/sources/swear_filter.cpp			md5	5317aa496507c08529a0311687dc0070	
added	engine	header	vostok/game/sources/swear_filter.h			md5	82b828f28c42adb5da99dab76cf16a6f	
added	engine	source	vostok/game/sources/swear_filter_config_cook.cpp			md5	9f8fa299134b4ffec577f28f0748d2f8	
added	engine	header	vostok/game/sources/swear_filter_config_cook.h			md5	8e843d90c09718191bb0c8c4f95f65cd	
added	engine	source	vostok/game/sources/swear_filter_cook.cpp			md5	7a612f9b48734c438ae7a8bb508048a4	
added	engine	header	vostok/game/sources/swear_filter_cook.h			md5	3b4c135f95be7645d07bbf4e3169ed17	
changed	engine	source	vostok/game/sources/swf_input_translator.cpp	md5	eb7f4f38dd9b2a04f4c9666543c0860e	md5	f540723763d7120144a34af57ec15961	
unchanged	engine	header	vostok/game/sources/swf_input_translator.h	md5	fd7f649d666fcf8c5265be881bf4afbb	md5	fd7f649d666fcf8c5265be881bf4afbb	
unchanged	engine	source	vostok/game/sources/text_translator.cpp	md5	095a9902b5f50dc0adace9c4e0510b9e	md5	095a9902b5f50dc0adace9c4e0510b9e	
unchanged	engine	header	vostok/game/sources/text_translator.h	md5	e0376cc2b517c87c284e407104634377	md5	e0376cc2b517c87c284e407104634377	
unchanged	engine	source	vostok/game/sources/third_person_game_effect_presenter.cpp	md5	11a2f3f99c7bcf16cf73e1c2b5c5e969	md5	11a2f3f99c7bcf16cf73e1c2b5c5e969	
unchanged	engine	header	vostok/game/sources/third_person_game_effect_presenter.h	md5	0eb420545a33c3770b54e6008f85b025	md5	0eb420545a33c3770b54e6008f85b025	
unchanged	engine	source	vostok/game/sources/timelimit_rule.cpp	md5	5f066b85d89a8d95079be4ef9ad53b9c	md5	5f066b85d89a8d95079be4ef9ad53b9c	
unchanged	engine	header	vostok/game/sources/timelimit_rule.h	md5	152c974fad226a20669d489946ae4ed8	md5	152c974fad226a20669d489946ae4ed8	
unchanged	engine	source	vostok/game/sources/timelimit_rule_cook.cpp	md5	0c7ad339ba110b3382549673c7c6d5fc	md5	0c7ad339ba110b3382549673c7c6d5fc	
unchanged	engine	header	vostok/game/sources/timelimit_rule_cook.h	md5	15cff5e94f66afeb890fb80f8dfe0900	md5	15cff5e94f66afeb890fb80f8dfe0900	
unchanged	engine	source	vostok/game/sources/victory_item.cpp	md5	0a44ca56b65f2f6965d3ecad046a6ea9	md5	0a44ca56b65f2f6965d3ecad046a6ea9	
unchanged	engine	header	vostok/game/sources/victory_item.h	md5	e2bcc1e2f0e271a79c24a8849158a8ff	md5	e2bcc1e2f0e271a79c24a8849158a8ff	
changed	engine	source	vostok/game/sources/victory_item_cook.cpp	md5	94129829aee649bdda8206328a6e0818	md5	dd8e24ba5d648c787cac71dcde2da50c	
unchanged	engine	header	vostok/game/sources/victory_item_cook.h	md5	93dea120945900fd3749262b065982d4	md5	93dea120945900fd3749262b065982d4	
unchanged	engine	source	vostok/game/sources/victory_items_container.cpp	md5	013c031d48f708cb117ba05c5a26564f	md5	013c031d48f708cb117ba05c5a26564f	
unchanged	engine	header	vostok/game/sources/victory_items_container.h	md5	b492aa0222cfeaa42aa7c4db20c68e48	md5	b492aa0222cfeaa42aa7c4db20c68e48	
unchanged	engine	source	vostok/game/sources/victory_items_container_cook.cpp	md5	179ddaace56108b71174d6ad35e69a47	md5	179ddaace56108b71174d6ad35e69a47	
unchanged	engine	header	vostok/game/sources/victory_items_container_cook.h	md5	a7891dee9bd4b3750bed8e3a2e4bc004	md5	a7891dee9bd4b3750bed8e3a2e4bc004	
changed	engine	source	vostok/game/sources/weapon.cpp	md5	c3d2532815767d94dcbce83c9971a3e9	md5	48006b997c434a974d534a695fa0adb9	
changed	engine	header	vostok/game/sources/weapon.h	md5	4df001cba6ea2190e6babb34ddf67df4	md5	f457bbb3a6d72372441656d241e16074	
changed	engine	source	vostok/game/sources/weapon_cook.cpp	md5	82f86fdc8f89830fac8e6497b089c3ae	md5	0b863a2b5acdfa86ad6929da54b8446f	
changed	engine	header	vostok/game/sources/weapon_cook.h	md5	3d2ae4451cea74d48d5eb2d72c40989e	md5	b88d0fc67176554440faa8067c1d2359	
unchanged	engine	header	vostok/game/sources/weapon_fx_enum.h	md5	760cd134e68f4f49c6f7ea77470360d0	md5	760cd134e68f4f49c6f7ea77470360d0	
unchanged	engine	source	vostok/game/sources/weapon_preview_state.cpp	md5	b2f785975b6df18db0ca1856456c7099	md5	b2f785975b6df18db0ca1856456c7099	
unchanged	engine	header	vostok/game/sources/weapon_preview_state.h	md5	7e88e8ea594abc5aaffca3c579e66117	md5	7e88e8ea594abc5aaffca3c579e66117	
unchanged	engine	source	vostok/game/sources/weapon_preview_state_cook.cpp	md5	898f6d566fe93b2ef54158119a64a784	md5	898f6d566fe93b2ef54158119a64a784	
unchanged	engine	header	vostok/game/sources/weapon_preview_state_cook.h	md5	dd3699e5dae431fab0cc9f7ba16a1ad7	md5	dd3699e5dae431fab0cc9f7ba16a1ad7	
changed	engine	source	vostok/game/sources/weapon_sound_effect.cpp	md5	4e2ada753c4d0978c4a2095b9d8b2f36	md5	b40e87b0890e0e7ab503feecdd1728bb	
unchanged	engine	header	vostok/game/sources/weapon_sound_effect.h	md5	6a88ea53bcfb2570c89e8163581dbc53	md5	6a88ea53bcfb2570c89e8163581dbc53	
unchanged	engine	header	vostok/game/sources/weapon_sound_events_handler_state.h	md5	6e14ce3b5a8bcb533d837454c05fea66	md5	6e14ce3b5a8bcb533d837454c05fea66	
changed	engine	source	vostok/game/sources/weapon_sound_events_handler_state_cook.cpp	md5	412d0579ff7101656a92a86337471e8d	md5	9c7744e86def6d2e91af22ad85c233bc	
unchanged	engine	header	vostok/game/sources/weapon_sound_events_handler_state_cook.h	md5	f458350eb6996eb97745ee6b3061a585	md5	f458350eb6996eb97745ee6b3061a585	
unchanged	engine	header	vostok/game/sources/weapon_sound_events_handler_state_cook_inline.h	md5	026d20e580c6cf0316668b5988b0763f	md5	026d20e580c6cf0316668b5988b0763f	
unchanged	engine	header	vostok/game/sources/weapon_sound_events_handler_state_inline.h	md5	406444c77623705593085317fcf3e585	md5	406444c77623705593085317fcf3e585	
unchanged	engine	header	vostok/game_core/affect_event.h	md5	26ca8dde6de36485f56aa0efa0abc60d	md5	26ca8dde6de36485f56aa0efa0abc60d	
unchanged	engine	header	vostok/game_core/affect_subscriber.h	md5	d1f509a15215bb44eff181376131ff16	md5	d1f509a15215bb44eff181376131ff16	
unchanged	engine	header	vostok/game_core/affect_types.h	md5	9b7d2a9ade350bf05bd8a5e8db4cc739	md5	9b7d2a9ade350bf05bd8a5e8db4cc739	
unchanged	engine	header	vostok/game_core/affects_threshold.h	md5	3778d393792c04970980aeef99fa2586	md5	3778d393792c04970980aeef99fa2586	
unchanged	engine	header	vostok/game_core/animation_analysis_result.h	md5	3cceed9aed34f4da8fdbc6aa09dd543b	md5	3cceed9aed34f4da8fdbc6aa09dd543b	
unchanged	engine	header	vostok/game_core/animation_analysis_result_cook.h	md5	d0715e5d2becbab36cc78785f66503b2	md5	d0715e5d2becbab36cc78785f66503b2	
unchanged	engine	header	vostok/game_core/animation_analysis_result_cook_user_data.h	md5	757bfc538345d10fcdecbb4ec7ff9b48	md5	757bfc538345d10fcdecbb4ec7ff9b48	
unchanged	engine	header	vostok/game_core/animation_analyzer.h	md5	bff8d8c8ff270652aa7b35e83eb7b56a	md5	bff8d8c8ff270652aa7b35e83eb7b56a	
unchanged	engine	header	vostok/game_core/animations_registrator.h	md5	5fda245b253942e884b34eba77801706	md5	5fda245b253942e884b34eba77801706	
unchanged	engine	header	vostok/game_core/animations_registry.h	md5	e0cd820e5322a32056249a9d13689161	md5	e0cd820e5322a32056249a9d13689161	
unchanged	engine	header	vostok/game_core/anomaly_damage_protector.h	md5	e9c7684dd4fc49ac0d82ff738e5c60da	md5	e9c7684dd4fc49ac0d82ff738e5c60da	
unchanged	engine	header	vostok/game_core/api.h	md5	c28c2e40a809f78a48f6a9108a67053f	md5	c28c2e40a809f78a48f6a9108a67053f	
added	engine	header	vostok/game_core/armor.h			md5	e857d07f5d3fe72b7da6f941ab8b0a4f	
changed	engine	header	vostok/game_core/artefact_base.h	md5	34d192f0ea463057781d5e8d36514fe4	md5	7a91360e55c93b80599dc265bbe70994	
unchanged	engine	header	vostok/game_core/artefact_container_core.h	md5	3602a933ffe57244983ebb7e64d16d30	md5	3602a933ffe57244983ebb7e64d16d30	
unchanged	engine	header	vostok/game_core/artefact_core_cook.h	md5	3363c3ec935b405c6150da4640b86883	md5	3363c3ec935b405c6150da4640b86883	
unchanged	engine	header	vostok/game_core/artefact_event_type.h	md5	25267e9032bffee02a065bb16a843804	md5	25267e9032bffee02a065bb16a843804	
changed	engine	header	vostok/game_core/artefact_lifebone_core.h	md5	11bfc2354d8ce7920556ef8183c72bf8	md5	79d71e5922fda9fb338f6ad6a15c7e8a	
changed	engine	header	vostok/game_core/artefact_onyx_core.h	md5	f10751b4f5e723d3f8236bf4c8528077	md5	a778f3a38a797bcccd444b8ccf9b2fa3	
changed	engine	header	vostok/game_core/artefact_rattle_core.h	md5	7250fda3b997f174d05af99f846130ff	md5	30a39c71b4e5dbdf21dee1163fed8183	
changed	engine	header	vostok/game_core/artefact_spring_core.h	md5	5a1474813ee0a38c68b11c08720bbea0	md5	7b5d9d6841a24ed0507d4a53d597e88b	
unchanged	engine	header	vostok/game_core/artefact_state.h	md5	f6b37caaae1a4227cdde63863c3521c6	md5	f6b37caaae1a4227cdde63863c3521c6	
unchanged	engine	header	vostok/game_core/base_game_effect_presenter.h	md5	92f79787d3d2a1e7eba1a4d0cd8cf831	md5	92f79787d3d2a1e7eba1a4d0cd8cf831	
unchanged	engine	header	vostok/game_core/base_game_object.h	md5	feeb7f2f1beaea1bb0c3678ed8844e6e	md5	feeb7f2f1beaea1bb0c3678ed8844e6e	
changed	engine	header	vostok/game_core/base_player.h	md5	b5b9a22b37f13192684cc1bf367b758d	md5	6efd9f4738ce364e3edc6de192f081d3	
unchanged	engine	header	vostok/game_core/base_project.h	md5	5ff6bc353f77aabe6cd52364f5d73bd0	md5	5ff6bc353f77aabe6cd52364f5d73bd0	
unchanged	engine	header	vostok/game_core/body_part_events_subscriber.h	md5	8ae56d4f928b1035383a411a44f66748	md5	8ae56d4f928b1035383a411a44f66748	
unchanged	engine	header	vostok/game_core/body_part_parameters.h	md5	d985e9266f4a0351e1556fc6ab81afe1	md5	d985e9266f4a0351e1556fc6ab81afe1	
unchanged	engine	header	vostok/game_core/body_part_regeneration_modifier.h	md5	efdcb8526fc7ddc368011ca4196be36b	md5	efdcb8526fc7ddc368011ca4196be36b	
changed	engine	header	vostok/game_core/booby_trap_core.h	md5	7f88be89a7ef1a819162e2e5e840af02	md5	938fa9b4e1fc8e449dc9542188e3ed6a	
unchanged	engine	header	vostok/game_core/booby_trap_core_cook.h	md5	c193e0627d7d07f07ab0defc3dd203e9	md5	c193e0627d7d07f07ab0defc3dd203e9	
changed	engine	header	vostok/game_core/booby_trap_set_core.h	md5	e1a5ef2852ca90846b9a925665b93701	md5	0429803e09771d2635751ab8164577d8	
changed	engine	header	vostok/game_core/booby_trap_set_core_cook.h	md5	aaa6551c4a2c8b80250789ce6f418f19	md5	7a1a71af8d300bb82d4a98f0e6792af3	
changed	engine	header	vostok/game_core/breath_vibration_calculator.h	md5	e69b024ac5ebf419a0ee4fc681fcf5a9	md5	19b03db2905551bafad629ccab5add23	
changed	engine	header	vostok/game_core/bullet.h	md5	207fc1622c68870b9bafad98c6336cfc	md5	2532bb52ee5cb69aa36635813f549ca8	
unchanged	engine	header	vostok/game_core/bullet_manager.h	md5	ffc53f2f24483e07e459afb8a7f3d4db	md5	ffc53f2f24483e07e459afb8a7f3d4db	
unchanged	engine	header	vostok/game_core/bullet_manager_engine.h	md5	a9f958c8dbe68e8c50846349091c9aca	md5	a9f958c8dbe68e8c50846349091c9aca	
unchanged	engine	header	vostok/game_core/bullet_manager_history_item.h	md5	bb79db0957a56451165c3dc26c11c8dd	md5	bb79db0957a56451165c3dc26c11c8dd	
unchanged	engine	header	vostok/game_core/bullet_manager_history_item_inline.h	md5	d3bfd5bddb07ab6eb43bec32dc64b5fa	md5	d3bfd5bddb07ab6eb43bec32dc64b5fa	
unchanged	engine	header	vostok/game_core/carryable_object.h	md5	cfc54e925ea319d11c2f45ae78bd4fbd	md5	cfc54e925ea319d11c2f45ae78bd4fbd	
unchanged	engine	header	vostok/game_core/character_breath_vibration_params.h	md5	ae89c1bbae7fba57f663966dc3c027c7	md5	ae89c1bbae7fba57f663966dc3c027c7	
unchanged	engine	header	vostok/game_core/character_dispersion_params.h	md5	f82a5d9de23adc96041482b4dd01e76e	md5	f82a5d9de23adc96041482b4dd01e76e	
unchanged	engine	header	vostok/game_core/character_dispersion_skill_influence.h	md5	2b3b254f2e3aea6c5fa752525f1d344e	md5	2b3b254f2e3aea6c5fa752525f1d344e	
unchanged	engine	header	vostok/game_core/character_recoil_calculator.h	md5	6070a40afae3233a4820171199ad9967	md5	6070a40afae3233a4820171199ad9967	
unchanged	engine	header	vostok/game_core/character_recoil_params.h	md5	63e1656edebf0838b4b8ebe673a569d2	md5	63e1656edebf0838b4b8ebe673a569d2	
unchanged	engine	header	vostok/game_core/collision_geometry.h	md5	e05c35286eff5f2887e675c1c22ad465	md5	e05c35286eff5f2887e675c1c22ad465	
unchanged	engine	header	vostok/game_core/collision_geometry_inline.h	md5	757dc0a71fb434dc08117fa24ffb2b9f	md5	757dc0a71fb434dc08117fa24ffb2b9f	
unchanged	engine	header	vostok/game_core/collision_geometry_subscriber.h	md5	8526bd3740b7de139c7bc312efb37036	md5	8526bd3740b7de139c7bc312efb37036	
unchanged	engine	header	vostok/game_core/collision_object_types.h	md5	a2e771991f8591a807b153aabe0621af	md5	a2e771991f8591a807b153aabe0621af	
unchanged	engine	header	vostok/game_core/collision_sensor.h	md5	14c43010f084a861e1b01a2dde9ea8ee	md5	14c43010f084a861e1b01a2dde9ea8ee	
unchanged	engine	header	vostok/game_core/collision_user.h	md5	4c2ca7ccb8aa843adefd9c1c778d5f55	md5	4c2ca7ccb8aa843adefd9c1c778d5f55	
unchanged	engine	header	vostok/game_core/composite_game_effect.h	md5	4d71088671493a5ce34dafd8c3432fbd	md5	4d71088671493a5ce34dafd8c3432fbd	
unchanged	engine	header	vostok/game_core/composite_game_effect_emitter.h	md5	6e6a6057a28a5bcd978b5bace55cba47	md5	6e6a6057a28a5bcd978b5bace55cba47	
unchanged	engine	header	vostok/game_core/composite_game_effect_emitter_cook.h	md5	79f89a48837afb9dc6c79cec448cf8d5	md5	79f89a48837afb9dc6c79cec448cf8d5	
unchanged	engine	header	vostok/game_core/composite_game_effect_emitter_cook_inline.h	md5	201eed33e271ecbc13344688052c0adb	md5	201eed33e271ecbc13344688052c0adb	
unchanged	engine	header	vostok/game_core/curing_event_status.h	md5	7d884bf10f4c9cfc76d39477558e759c	md5	7d884bf10f4c9cfc76d39477558e759c	
changed	engine	header	vostok/game_core/damage_model.h	md5	9c91ee40ba46aa8d3bf9131815a4be40	md5	e51a746bc2f5458bc1781a6475b247f6	
unchanged	engine	header	vostok/game_core/damage_protector.h	md5	9a8472bdcbbb3bd502c38c46f28c204d	md5	9a8472bdcbbb3bd502c38c46f28c204d	
unchanged	engine	header	vostok/game_core/damage_subscriber.h	md5	b0dcab298fd44cb2b9736d589d810fbb	md5	b0dcab298fd44cb2b9736d589d810fbb	
unchanged	engine	header	vostok/game_core/damage_zone_core.h	md5	0d1b42d66e891352bca9516aa1e4b421	md5	0d1b42d66e891352bca9516aa1e4b421	
unchanged	engine	header	vostok/game_core/damage_zone_core_cook.h	md5	a4f40fc1f947e4122bb818199b5c4851	md5	a4f40fc1f947e4122bb818199b5c4851	
unchanged	engine	header	vostok/game_core/damage_zone_core_states.h	md5	7ae2a5029a952cea14025d356d694057	md5	7ae2a5029a952cea14025d356d694057	
unchanged	engine	header	vostok/game_core/dispersion_calculator.h	md5	9bd1e0742d1bed9d2fdcfda71922b182	md5	9bd1e0742d1bed9d2fdcfda71922b182	
unchanged	engine	header	vostok/game_core/double_barreled_weapon_core_fire_state.h	md5	9f3594800cc6688afe0a1d9c24099689	md5	9f3594800cc6688afe0a1d9c24099689	
unchanged	engine	header	vostok/game_core/double_barreled_weapon_core_idle_state.h	md5	0330929532e7b57e50b713593162f3e2	md5	0330929532e7b57e50b713593162f3e2	
unchanged	engine	header	vostok/game_core/double_barreled_weapon_core_reload_state.h	md5	2f22158668debd70d396d107adfa3df5	md5	2f22158668debd70d396d107adfa3df5	
unchanged	engine	header	vostok/game_core/effect_zone_core.h	md5	c9a765c601dc301aab93f30abdc192fe	md5	c9a765c601dc301aab93f30abdc192fe	
unchanged	engine	header	vostok/game_core/engine.h	md5	fdc4488b644646a02410bec8ca74d428	md5	fdc4488b644646a02410bec8ca74d428	
changed	engine	header	vostok/game_core/factions.h	md5	9ddea0c62acba64826a5befc080460b5	md5	d15bc2d008032f9741dcd166ebb13f30	
unchanged	engine	header	vostok/game_core/fall_utils.h	md5	1ef2d4537f1bba1e6baa9e166124deb9	md5	1ef2d4537f1bba1e6baa9e166124deb9	
unchanged	engine	header	vostok/game_core/fixed_history.h	md5	d37927b090a0ec8af335610577ee6f14	md5	d37927b090a0ec8af335610577ee6f14	
unchanged	engine	header	vostok/game_core/game_effect.h	md5	8bebca8ce457573c9566437fe67e3bc0	md5	8bebca8ce457573c9566437fe67e3bc0	
unchanged	engine	header	vostok/game_core/game_effect_emitter.h	md5	ef189a64300fd552c960ae51b97de9e6	md5	ef189a64300fd552c960ae51b97de9e6	
unchanged	engine	header	vostok/game_core/game_effect_emitter_cook.h	md5	f4c95f52633ca4a89ecee35746e83247	md5	f4c95f52633ca4a89ecee35746e83247	
unchanged	engine	header	vostok/game_core/game_effect_interval.h	md5	22d7bfece36d8ea33ec837d723a2a632	md5	22d7bfece36d8ea33ec837d723a2a632	
unchanged	engine	header	vostok/game_core/game_effect_interval_description.h	md5	8a605883fec99024b4f1f065e1165913	md5	8a605883fec99024b4f1f065e1165913	
unchanged	engine	header	vostok/game_core/game_effect_node.h	md5	8f659bdd28565d009efaa4807a01abb8	md5	8f659bdd28565d009efaa4807a01abb8	
unchanged	engine	header	vostok/game_core/game_effect_player.h	md5	3a7c6aa0e1d238879403a9db917d0ac1	md5	3a7c6aa0e1d238879403a9db917d0ac1	
unchanged	engine	header	vostok/game_core/game_effect_state.h	md5	0a5576034e11f6e4069bcee455148dbb	md5	0a5576034e11f6e4069bcee455148dbb	
unchanged	engine	header	vostok/game_core/game_effect_time_calculator.h	md5	a3e5e43e8462394cbd175a014c637509	md5	a3e5e43e8462394cbd175a014c637509	
unchanged	engine	header	vostok/game_core/game_event_history_item.h	md5	1edfcf7ac27a6dbc61b80b489703897a	md5	1edfcf7ac27a6dbc61b80b489703897a	
changed	engine	header	vostok/game_core/game_match_rule_base.h	md5	47b79b42a698ab56b73f9a7f79bbec71	md5	e3f5938e03954d0778fdd7aba9ffa020	
unchanged	engine	header	vostok/game_core/game_material.h	md5	d3ae1bbd451391d078815c31dc1f2537	md5	d3ae1bbd451391d078815c31dc1f2537	
unchanged	engine	header	vostok/game_core/game_material_manager.h	md5	bce0e922eab778e0612012e5761ae009	md5	bce0e922eab778e0612012e5761ae009	
unchanged	engine	header	vostok/game_core/game_material_manager_cook.h	md5	4ef829a35590a7f02474dcbead05c5fa	md5	4ef829a35590a7f02474dcbead05c5fa	
changed	engine	header	vostok/game_core/game_net_defines.h	md5	7860f7e731dcfa775818f83d59f3c107	md5	cfe9fb7efd5a53198106b559aa66499d	
unchanged	engine	header	vostok/game_core/game_objects_history_item.h	md5	f899e251c069ddc7671044d3eb7117d8	md5	f899e251c069ddc7671044d3eb7117d8	
unchanged	engine	header	vostok/game_core/game_objects_history_item_inline.h	md5	0ad038fe1f3b97b78ab58ddc67f8e7c5	md5	0ad038fe1f3b97b78ab58ddc67f8e7c5	
unchanged	engine	header	vostok/game_core/game_rules_history_item.h	md5	296ccd1cc40bb70cb00f65fd516f35cd	md5	296ccd1cc40bb70cb00f65fd516f35cd	
unchanged	engine	header	vostok/game_core/game_rules_history_item_inline.h	md5	8497f575e5df590aa485f3420bdf5e6d	md5	8497f575e5df590aa485f3420bdf5e6d	
unchanged	engine	header	vostok/game_core/game_state_hash.h	md5	10e7a6a124ff5a46dd992c9b8a518118	md5	10e7a6a124ff5a46dd992c9b8a518118	
unchanged	engine	header	vostok/game_core/game_state_hash_history_item.h	md5	6478cfdc51bb82dcae8528d3b2c2d569	md5	6478cfdc51bb82dcae8528d3b2c2d569	
unchanged	engine	header	vostok/game_core/game_state_history_item.h	md5	806068bd36e222f8bee24cea5cfade2e	md5	806068bd36e222f8bee24cea5cfade2e	
unchanged	engine	header	vostok/game_core/game_statistic_event_history_item.h	md5	6d10cf2efa673cfb5615982c3ab41626	md5	6d10cf2efa673cfb5615982c3ab41626	
unchanged	engine	header	vostok/game_core/game_version.h	md5	23a568c36b9f1ee98f65117484457dad	md5	23a568c36b9f1ee98f65117484457dad	
changed	engine	header	vostok/game_core/game_world_core.h	md5	2845d00097e2c44713a316b4165038d6	md5	bc6f2d90293f4c9b61806581d9bc7b90	
changed	engine	header	vostok/game_core/game_world_core_impl_inline.h	md5	d16342437be35f40f27840fe7ccb1b7d	md5	0c8b6ab3cb44c6196e4221ab1084144d	
changed	engine	header	vostok/game_core/gather_victory_items_rule_cook.h	md5	d41ce1c52b47c6907269146d48c0108c	md5	0a1d088c821888116d76dab8ee1ddc1a	
unchanged	engine	header	vostok/game_core/generic_anomaly_core.h	md5	9d8cdbe7e4525385544ffb839e4c4f1a	md5	9d8cdbe7e4525385544ffb839e4c4f1a	
unchanged	engine	header	vostok/game_core/generic_anomaly_core_cook.h	md5	c11e16c5e3c62b3d75ca844dccabfc02	md5	c11e16c5e3c62b3d75ca844dccabfc02	
unchanged	engine	header	vostok/game_core/grenade_core.h	md5	14a07d531f03f1d1d2eeeef141e4f425	md5	14a07d531f03f1d1d2eeeef141e4f425	
unchanged	engine	header	vostok/game_core/grenade_core_cook.h	md5	bd2d53bcc4c949a964090d69334eb766	md5	bd2d53bcc4c949a964090d69334eb766	
changed	engine	header	vostok/game_core/grenade_set_core.h	md5	bb42af8891686ba6f1b65c897ac5b41f	md5	e72d7f65073e1108bb3bfcb69809431a	
changed	engine	header	vostok/game_core/grenade_set_core_cook.h	md5	a7f9856e70017bc5cdfd527e2b030bc4	md5	0e617158aac9b87f309ffe64498262c5	
unchanged	engine	header	vostok/game_core/history.h	md5	af7a18e48e969bd55270a220e9ed37a0	md5	af7a18e48e969bd55270a220e9ed37a0	
unchanged	engine	header	vostok/game_core/history_inline.h	md5	0e010bcb9c8aeda9c5af5b0f7f86ef9f	md5	0e010bcb9c8aeda9c5af5b0f7f86ef9f	
unchanged	engine	header	vostok/game_core/hit_animations_selector.h	md5	807d7cd30b12cdab0dcdc1634b9cde85	md5	807d7cd30b12cdab0dcdc1634b9cde85	
changed	engine	header	vostok/game_core/hit_initiator.h	md5	6aee1403db1e2ac8ad50d26cafd0603f	md5	b0fca638d01cc85923e7af5556bd647d	
changed	engine	header	vostok/game_core/hit_receiver.h	md5	e7a678e1d23db1c620655483df3e35ce	md5	6705c255bab4a2d0fa4180ba081a5be8	
unchanged	engine	header	vostok/game_core/hit_type_parameters.h	md5	4d92227684f2ba87d17f915b330e4ea6	md5	4d92227684f2ba87d17f915b330e4ea6	
unchanged	engine	header	vostok/game_core/hit_types.h	md5	12f6e7ea5120cf10ec7ea9899f609a74	md5	12f6e7ea5120cf10ec7ea9899f609a74	
unchanged	engine	header	vostok/game_core/hittable_object.h	md5	0457cda8d8ed597ea2f3b0380796e601	md5	0457cda8d8ed597ea2f3b0380796e601	
unchanged	engine	header	vostok/game_core/input_action.h	md5	b60fd16b843a5f148c423b0444380de8	md5	b60fd16b843a5f148c423b0444380de8	
changed	engine	header	vostok/game_core/interactive_object.h	md5	efb959596e13a79178a1f8cafafa1b3f	md5	a48547ecbc72a4b8ab7de714b9155856	
changed	engine	header	vostok/game_core/inventory.h	md5	8be8bc44044896ea78100c40c7609ba8	md5	2ac53d0a4b8eacbbcf9804d1f2f6d4a5	
unchanged	engine	header	vostok/game_core/inventory_cook.h	md5	c349b50249e0c607dbfba38c1a5c43b7	md5	c349b50249e0c607dbfba38c1a5c43b7	
unchanged	engine	header	vostok/game_core/inventory_holder.h	md5	a0e47b18638d22b2dfd29f790f36f953	md5	a0e47b18638d22b2dfd29f790f36f953	
changed	engine	header	vostok/game_core/inventory_item.h	md5	9a45f511ebcceaa8bdf6a0a9a9ca103f	md5	e650ccdba24bd4a04bd9351868a06100	
changed	engine	header	vostok/game_core/item_affinities.h	md5	013d959762022b510f0e99436963616e	md5	572849b753bca79120b08ed7001a64ac	
added	engine	header	vostok/game_core/item_config_cook.h			md5	07331b39ed6af8126d28f33a164d8df4	
changed	engine	header	vostok/game_core/item_types.h	md5	9a79ed3c04a0f11428d898ae0763147d	md5	8f3efbd5b0439bfa6ebbe667723bd494	
changed	engine	header	vostok/game_core/items_cook.h	md5	8dab936d3bdc211193fdbe32aa51efe5	md5	ac5d914faa73f0e2468b7fccfd24a363	
changed	engine	header	vostok/game_core/items_dictionary_cook.h	md5	632002f1ff50b0ce0ef3e1633dfe47d4	md5	a274bd94ade785b69b262eef8b20d3c8	
unchanged	engine	header	vostok/game_core/kd_stats_rule.h	md5	390520f99acae70e7f7878a9937c1a00	md5	390520f99acae70e7f7878a9937c1a00	
unchanged	engine	header	vostok/game_core/kd_stats_rule_cook.h	md5	3ccb4bc503a6f62e41d709fc5df45791	md5	3ccb4bc503a6f62e41d709fc5df45791	
unchanged	engine	header	vostok/game_core/ladder.h	md5	f6f93a5b1a4b9872322b0c420b22c9c2	md5	f6f93a5b1a4b9872322b0c420b22c9c2	
unchanged	engine	header	vostok/game_core/leg_info.h	md5	01d35eea90369fe88f8eeb4591fcd418	md5	01d35eea90369fe88f8eeb4591fcd418	
unchanged	engine	header	vostok/game_core/leg_key_times.h	md5	f0e668b665fc7a598507428166c4820f	md5	f0e668b665fc7a598507428166c4820f	
added	engine	header	vostok/game_core/lobby_player_profile.h			md5	25c527e314224104e1e3bca80f8ea48f	
unchanged	engine	header	vostok/game_core/loose_ptr.h	md5	c9536458d010d9e47a03c47f6beb702c	md5	c9536458d010d9e47a03c47f6beb702c	
changed	engine	header	vostok/game_core/match_options.h	md5	c00301e924ae8a1f83a78929b2ab6f78	md5	aeacc9cdaf1bd39986e986aa0198fb1f	
changed	engine	header	vostok/game_core/match_statistic_events_dict.h	md5	24445dec61190acf46459042b5bedb5e	md5	6113a7fc556567d12e99e343a2136909	
unchanged	engine	header	vostok/game_core/material_pair.h	md5	acf3043df7cbe4b4d7bc6eb6de61b19d	md5	acf3043df7cbe4b4d7bc6eb6de61b19d	
changed	engine	header	vostok/game_core/medkit.h	md5	0acccf00e9f8e2522986b4962b5db4b2	md5	6ac70fdbae59640722ded56db0183d8b	
unchanged	engine	header	vostok/game_core/medkit_actions_subscriber.h	md5	ecb72e94a023c3b44ceefc87496abe62	md5	ecb72e94a023c3b44ceefc87496abe62	
unchanged	engine	header	vostok/game_core/movement_animation_types.h	md5	02ad20cd07ef69dd4b80fca0099ad51f	md5	02ad20cd07ef69dd4b80fca0099ad51f	
unchanged	engine	header	vostok/game_core/mtv_defines.h	md5	89b8e810a8e1317210f398eea54d7777	md5	89b8e810a8e1317210f398eea54d7777	
changed	engine	header	vostok/game_core/network_messages.h	md5	2ddd430b4cc46faf21103d16a833dfc9	md5	59c906023ceca4c778254c6aa22591e0	
added	engine	source	vostok/game_core/new_player_damage_protector.cpp			md5	a56fa91ff028d71cce565a29fffde6b1	
added	engine	header	vostok/game_core/new_player_damage_protector.h			md5	06d2be04db91e60e069c5393cf96939d	
changed	engine	header	vostok/game_core/oxygen_tank.h	md5	e1921f37b36d42476d603120da8cf5f0	md5	e315e8bbe56ad9a441c78e0df5cf9bac	
unchanged	engine	header	vostok/game_core/pistol_weapon_core_fire_state.h	md5	34dd1c27b34df6a5f599d02343467c99	md5	34dd1c27b34df6a5f599d02343467c99	
unchanged	engine	header	vostok/game_core/pistol_weapon_core_idle_state.h	md5	adb451990706b812cebcda3b32252368	md5	adb451990706b812cebcda3b32252368	
unchanged	engine	header	vostok/game_core/pistol_weapon_core_reload_state.h	md5	e61aec7a0a02404b99e6c43f668c5d8b	md5	e61aec7a0a02404b99e6c43f668c5d8b	
unchanged	engine	header	vostok/game_core/player_actions_subscriber.h	md5	de2f4d37db1660cb322d489671299dae	md5	de2f4d37db1660cb322d489671299dae	
unchanged	engine	header	vostok/game_core/player_death_subscriber.h	md5	9d7e39c1eccb053e6fc578264de3cbec	md5	9d7e39c1eccb053e6fc578264de3cbec	
unchanged	engine	header	vostok/game_core/player_history_item.h	md5	d77166d8ac885d272d86edaf48149910	md5	d77166d8ac885d272d86edaf48149910	
changed	engine	header	vostok/game_core/player_input.h	md5	a383ae96ecac6c47c2566271e0867ac2	md5	4752743b96b6b2258c8957ef1361ff90	
unchanged	engine	header	vostok/game_core/player_input_history_item.h	md5	51ce490bed9ba4cac8acd1ca6dc271cd	md5	51ce490bed9ba4cac8acd1ca6dc271cd	
unchanged	engine	header	vostok/game_core/player_input_inline.h	md5	e3549390b2c7639659fc7d6448d57953	md5	e3549390b2c7639659fc7d6448d57953	
unchanged	engine	header	vostok/game_core/player_logic_base_state.h	md5	bcbf772c369ed5ca1154c3dd68b6253f	md5	bcbf772c369ed5ca1154c3dd68b6253f	
unchanged	engine	header	vostok/game_core/player_move_direction.h	md5	0877d48dcc8df303e2bdc65f888b80d8	md5	0877d48dcc8df303e2bdc65f888b80d8	
unchanged	engine	header	vostok/game_core/player_params_modifiers.h	md5	39973502b9420c9620fef33a977b64ee	md5	39973502b9420c9620fef33a977b64ee	
changed	engine	header	vostok/game_core/player_params_modifiers_container.h	md5	985ec97c9e739d60c09930ac94a64c36	md5	dd1fd10989d2ba1cc72e7ac9341708b0	
changed	engine	header	vostok/game_core/player_profile.h	md5	ef49023f65899bacbc6e93cc54c69bf9	md5	0b55cc00bc64dead0993b7702b8d0614	
unchanged	engine	header	vostok/game_core/player_respawn_rule_cook.h	md5	76d68f91181889b1917bfa69ebeb0a22	md5	76d68f91181889b1917bfa69ebeb0a22	
unchanged	engine	header	vostok/game_core/player_serialized_state.h	md5	8bb46c0d4831913b278d4124c925715c	md5	8bb46c0d4831913b278d4124c925715c	
unchanged	engine	header	vostok/game_core/player_serialized_state_inline.h	md5	da486b874ecb4c7a30710ce5d5e0e517	md5	da486b874ecb4c7a30710ce5d5e0e517	
changed	engine	header	vostok/game_core/player_shared_statistics.h	md5	407e92107ac3db856359911d959b60ce	md5	3f0b0595d198f962783a95d25af82b42	
changed	engine	header	vostok/game_core/player_speed_parameters.h	md5	86dc0531e95e0988d23a3c526525f44a	md5	e614942e68afac46707354938476af42	
changed	engine	header	vostok/game_core/player_stamina.h	md5	8de5f0e19d5d428d4aa1c15de0b13a56	md5	ef957776794ad352b38e997aa4c39737	
removed	engine	header	vostok/game_core/player_stamina_subscriber.h	md5	6f5fb5bc5403bcb75cda1c023530b2b3			
unchanged	engine	header	vostok/game_core/player_stances.h	md5	aa467acf446091b4b7081776be699a00	md5	aa467acf446091b4b7081776be699a00	
unchanged	engine	header	vostok/game_core/player_stealth.h	md5	70c971bc748228dd9c9a6845f1e1a9f7	md5	70c971bc748228dd9c9a6845f1e1a9f7	
unchanged	engine	header	vostok/game_core/player_update.h	md5	5eac8a97cb172fca03adf7bb2527649d	md5	5eac8a97cb172fca03adf7bb2527649d	
unchanged	engine	header	vostok/game_core/players_mask_history_item.h	md5	ad4c64d60294cc1d8c1071a48822c418	md5	ad4c64d60294cc1d8c1071a48822c418	
changed	engine	header	vostok/game_core/portable_interactive_object_core.h	md5	a544a2f42426ca3ea3864e58baa86545	md5	a6cf80834c5a2a1418608e235fc4deee	
changed	engine	header	vostok/game_core/portable_interactive_object_core_inline.h	md5	6d98923e6ffd03dbfd6c2ab160358438	md5	151595db77b670150cba540606e5f070	
unchanged	engine	header	vostok/game_core/profile_defines.h	md5	0c5de4b27954da26b980782e6c4d23e2	md5	0c5de4b27954da26b980782e6c4d23e2	
unchanged	engine	header	vostok/game_core/pure_game_effect_emitter.h	md5	dd14520868235b9f28e46489b05dfb54	md5	dd14520868235b9f28e46489b05dfb54	
unchanged	engine	header	vostok/game_core/pure_game_effect_emitter_base.h	md5	bfb2a53a5c9053faab35fd0f450b0479	md5	bfb2a53a5c9053faab35fd0f450b0479	
changed	engine	header	vostok/game_core/pvp_match_core.h	md5	caecb412988f4a03b0b4b84a27308d3c	md5	43c1921db3b3295edf1c4a1e783e95ac	
unchanged	engine	header	vostok/game_core/pvp_match_core_cook.h	md5	9c3d74c655c73bf7285cdb0f2efe0bf9	md5	9c3d74c655c73bf7285cdb0f2efe0bf9	
unchanged	engine	header	vostok/game_core/quest.h	md5	21b8121d3dee11e24c8cd171fed5352b	md5	21b8121d3dee11e24c8cd171fed5352b	
unchanged	engine	header	vostok/game_core/random_permutation_game_effect_emitter.h	md5	a89b5edc3108655cb879a481741592c8	md5	a89b5edc3108655cb879a481741592c8	
unchanged	engine	header	vostok/game_core/recoil_animation_container.h	md5	a791c89e12b18d0f93ee739e72c5eda9	md5	a791c89e12b18d0f93ee739e72c5eda9	
unchanged	engine	header	vostok/game_core/recoil_animation_container_impl.h	md5	be0cc98f008519040510b5fe56cdc9da	md5	be0cc98f008519040510b5fe56cdc9da	
unchanged	engine	header	vostok/game_core/recoil_animation_container_inline.h	md5	d69b15a7606237e77499b97255f9ce38	md5	d69b15a7606237e77499b97255f9ce38	
changed	engine	header	vostok/game_core/recoil_calculator.h	md5	645954599e737d386cb9c7719914db87	md5	4d586aaf2d28528324c5303335545679	
unchanged	engine	header	vostok/game_core/registry_of_artefacts.h	md5	472e8a92900b107e4005d3b4b9545d01	md5	472e8a92900b107e4005d3b4b9545d01	
unchanged	engine	header	vostok/game_core/registry_of_artefacts_inline.h	md5	3371b091e49abd4ed4306c9f38da87a7	md5	3371b091e49abd4ed4306c9f38da87a7	
unchanged	engine	header	vostok/game_core/respawn_point_core.h	md5	63c83466460f2b62afce07bbd2a068d2	md5	63c83466460f2b62afce07bbd2a068d2	
changed	engine	header	vostok/game_core/scheduler.h	md5	ffb97e993a6397eef77708d5cd1e2c33	md5	2bb022ba9f6fec178437382bb138d9a3	
changed	engine	header	vostok/game_core/scheduler_inline.h	md5	6670be70033cceef54239b3a422fe106	md5	38ca4480d268235deee2a6a08d122f57	
unchanged	engine	header	vostok/game_core/selected_animations_dumper.h	md5	89748b243d5891341224d934df3640c0	md5	89748b243d5891341224d934df3640c0	
unchanged	engine	header	vostok/game_core/serializable_object.h	md5	bda54e68266c32dd3f6c424fab051492	md5	bda54e68266c32dd3f6c424fab051492	
unchanged	engine	header	vostok/game_core/server_game_project.h	md5	b5cd299ac75005a3226a2916b14bcf84	md5	b5cd299ac75005a3226a2916b14bcf84	
changed	engine	header	vostok/game_core/shared_statistics.h	md5	21c9cfe8400d79178238533a40787b1c	md5	917b601573df4887e51175a6ef63ace0	
unchanged	engine	header	vostok/game_core/single_game_effect.h	md5	d80bfacb4ffa99d87c779abdc7e12b07	md5	d80bfacb4ffa99d87c779abdc7e12b07	
unchanged	engine	source	vostok/game_core/sources/affects_threshold.cpp	md5	65373cea3486697258f13e11a892cfb3	md5	65373cea3486697258f13e11a892cfb3	
unchanged	engine	header	vostok/game_core/sources/animation_additivity_layers_enum.h	md5	6d300ca1ccc97717a25e3d52efcaa74d	md5	6d300ca1ccc97717a25e3d52efcaa74d	
unchanged	engine	source	vostok/game_core/sources/animation_analysis_result.cpp	md5	739d05180577bef9a874940119fd6884	md5	739d05180577bef9a874940119fd6884	
unchanged	engine	source	vostok/game_core/sources/animation_analysis_result_cook.cpp	md5	9c6583a89a1cabc898b192e1d3bdd725	md5	9c6583a89a1cabc898b192e1d3bdd725	
unchanged	engine	source	vostok/game_core/sources/animation_analyzer.cpp	md5	091841d021815a9380cc59b6aaf7e2bb	md5	091841d021815a9380cc59b6aaf7e2bb	
unchanged	engine	header	vostok/game_core/sources/animation_weight_synchronization_groups_enum.h	md5	4e8c4a4195005b7f1db506b434210108	md5	4e8c4a4195005b7f1db506b434210108	
unchanged	engine	header	vostok/game_core/sources/animations_container_utils_inline.h	md5	ec021ea14ec462082a0ccbd485a2cb38	md5	ec021ea14ec462082a0ccbd485a2cb38	
unchanged	engine	source	vostok/game_core/sources/animations_registry.cpp	md5	13494d0b7b8af08cc6b52bf5ada2c1b6	md5	13494d0b7b8af08cc6b52bf5ada2c1b6	
unchanged	engine	source	vostok/game_core/sources/anomaly_damage_protector.cpp	md5	8e179a54b247fbb3aeb7e81538370be5	md5	8e179a54b247fbb3aeb7e81538370be5	
added	engine	source	vostok/game_core/sources/armor.cpp			md5	09841f222de21143b0be2de1c59a6c01	
changed	engine	source	vostok/game_core/sources/artefact_base.cpp	md5	5e6a8853fd6f2bdeb095852d5050ac59	md5	3ce5375d5968a813c108144857aa4d80	
removed	engine	source	vostok/game_core/sources/artefact_base_config.cpp	md5	3033f17f5c19227c1398ddfb719b0f43			
changed	engine	source	vostok/game_core/sources/artefact_container_core.cpp	md5	0c2b87fca5e40b1c7c2a62c0904708f4	md5	3bc6349320a9c5a2484e721797edeb37	
changed	engine	source	vostok/game_core/sources/artefact_core_cook.cpp	md5	4c2a5c4a85195aae6738db18b7ea03b6	md5	d58d10e5893796666b7af248e5be5949	
changed	engine	source	vostok/game_core/sources/artefact_lifebone_core.cpp	md5	2de36e29b35921af755ed9552bd8cc1f	md5	a1b7872b7f048bd3103f24fa8505cfbf	
changed	engine	source	vostok/game_core/sources/artefact_lifebone_core_config.cpp	md5	41824a8dfb1fe297663c98d9611b341b	md5	dc4800e6d3c65d50be3a23f15c8287b3	
changed	engine	source	vostok/game_core/sources/artefact_onyx_core.cpp	md5	5a2f8c0a973cbf9818432575f07e13e6	md5	55799cda77472a8086e2b0886cda0974	
changed	engine	source	vostok/game_core/sources/artefact_onyx_core_config.cpp	md5	faa1673db11e926b84751f12528db5e7	md5	30df666e2785a906ee526f73edc7b490	
changed	engine	source	vostok/game_core/sources/artefact_rattle_core.cpp	md5	a0ef9b47c92be8c6e32b7ea73cae6d25	md5	3c82e274f64da69d0dca2a9633879817	
removed	engine	source	vostok/game_core/sources/artefact_rattle_core_config.cpp	md5	ade4d340c3b2a8010f359ea3820b4bd2			
changed	engine	source	vostok/game_core/sources/artefact_spring_core.cpp	md5	c2d5ead8c0a416f24f06e90ddc683192	md5	b7dbc1f79d8d437f9fb5c8ee9268dfea	
changed	engine	source	vostok/game_core/sources/artefact_spring_core_config.cpp	md5	423cfad0861b6a618ef385e75812eb64	md5	f4f2baeb555ed9631ee9f7f655b3ff11	
changed	engine	source	vostok/game_core/sources/base_player.cpp	md5	8c65c1de4bf886bc2b052e5a4d215bc7	md5	e56a11d09a5fd54ff87e4ea064bfc0f9	
unchanged	engine	source	vostok/game_core/sources/base_project.cpp	md5	9194c1b129cb9c48d152dad577d5451e	md5	9194c1b129cb9c48d152dad577d5451e	
changed	engine	source	vostok/game_core/sources/body_part_parameters.cpp	md5	8b9c4bb69186cd35df22af6a82695933	md5	9367a39ba81c3bcdf03e52a0deb3c8d0	
changed	engine	source	vostok/game_core/sources/booby_trap_core.cpp	md5	7e8195f5812089128b8cbfe5baf6d1b6	md5	a83fc5d92deaef3d0ec613f68e5902b6	
unchanged	engine	source	vostok/game_core/sources/booby_trap_core_cook.cpp	md5	9ae90db2a476f1435f6ef824cda78414	md5	9ae90db2a476f1435f6ef824cda78414	
changed	engine	source	vostok/game_core/sources/booby_trap_set_core.cpp	md5	782a48882df5690183137b9f09afaba1	md5	1b58c55f328f7eaa0a5e8780df1fb8db	
changed	engine	source	vostok/game_core/sources/booby_trap_set_core_cook.cpp	md5	52f500c1f1651e78c0b17b91507be38e	md5	044c63d732f3d883bb2937f4797bc5c3	
changed	engine	header	vostok/game_core/sources/breath_holding_states_inline.h	md5	aa01c207fdbcef4117c219732e437ead	md5	2c562f82f0af2c29fe7f23e1930ab169	
changed	engine	source	vostok/game_core/sources/breath_vibration_calculator.cpp	md5	c9f31bb358650bcb2295f6094086238d	md5	14ea847090b956aecd084989beac9245	
changed	engine	source	vostok/game_core/sources/bullet.cpp	md5	9d7b4d6991cddfd5ff3fde335f15ea2f	md5	667fbf43bb3272983ed6d0c58c82efd6	
unchanged	engine	source	vostok/game_core/sources/bullet_manager.cpp	md5	faf45b7986c5abf5b73a86cda47e2129	md5	faf45b7986c5abf5b73a86cda47e2129	
changed	engine	source	vostok/game_core/sources/bullet_manager_explosion.cpp	md5	c646b626279f28663650fedbbab23eab	md5	2d3495bf46ffee5f0d614242e4948d52	
unchanged	engine	source	vostok/game_core/sources/character_dispersion_params.cpp	md5	e7e2d696a0bf698851a908bd73cda445	md5	e7e2d696a0bf698851a908bd73cda445	
unchanged	engine	source	vostok/game_core/sources/character_dispersion_skill_influence.cpp	md5	2cfde8d3ad614ee7c495085e931e1352	md5	2cfde8d3ad614ee7c495085e931e1352	
unchanged	engine	source	vostok/game_core/sources/character_recoil_calculator.cpp	md5	fb5baff69707ea021cfd342296cb0847	md5	fb5baff69707ea021cfd342296cb0847	
unchanged	engine	source	vostok/game_core/sources/character_recoil_params.cpp	md5	733645c096326c456218d7bf54ca06ed	md5	733645c096326c456218d7bf54ca06ed	
unchanged	engine	source	vostok/game_core/sources/collision_geometry.cpp	md5	a387d11e41f8cafed330f82eee3d8dad	md5	a387d11e41f8cafed330f82eee3d8dad	
unchanged	engine	source	vostok/game_core/sources/collision_sensor.cpp	md5	7ef90162df22a60e25a7554b46d29c7b	md5	7ef90162df22a60e25a7554b46d29c7b	
unchanged	engine	source	vostok/game_core/sources/collision_user.cpp	md5	67f0b089b08ca7224c6c48f4242bf71d	md5	67f0b089b08ca7224c6c48f4242bf71d	
unchanged	engine	source	vostok/game_core/sources/composite_game_effect.cpp	md5	145d11f3427ef7a3062a051c5ecc38f3	md5	145d11f3427ef7a3062a051c5ecc38f3	
unchanged	engine	source	vostok/game_core/sources/composite_game_effect_emitter.cpp	md5	87e5b031e5c4772d2249916b2f68af0c	md5	87e5b031e5c4772d2249916b2f68af0c	
unchanged	engine	source	vostok/game_core/sources/curing_event_status.cpp	md5	82fdbf3144e3433986d09265d539a72a	md5	82fdbf3144e3433986d09265d539a72a	
changed	engine	source	vostok/game_core/sources/damage_model.cpp	md5	ad3ef69c659bee779360a526965d446e	md5	5128ae7c0b3a33fa22975362bff70c57	
unchanged	engine	source	vostok/game_core/sources/damage_model_cook.cpp	md5	f2128106b7474bbba6d6dea0a29018ef	md5	f2128106b7474bbba6d6dea0a29018ef	
unchanged	engine	header	vostok/game_core/sources/damage_model_cook.h	md5	4b2c6141218e506c3707987cd0500e10	md5	4b2c6141218e506c3707987cd0500e10	
unchanged	engine	source	vostok/game_core/sources/damage_zone_core.cpp	md5	4d5df13cb771411734a9c8b7ff44765f	md5	4d5df13cb771411734a9c8b7ff44765f	
unchanged	engine	source	vostok/game_core/sources/damage_zone_core_cook.cpp	md5	a76a2951248067f6b4bcadd9f290e6cd	md5	a76a2951248067f6b4bcadd9f290e6cd	
unchanged	engine	source	vostok/game_core/sources/dispersion_calculator.cpp	md5	8ae00b46bcaf3eabd28eb662e4222681	md5	8ae00b46bcaf3eabd28eb662e4222681	
changed	engine	source	vostok/game_core/sources/double_barreled_weapon_core_fire_state.cpp	md5	149a9feefc597e6277b5ea0cacc05750	md5	d5779d80d32b8488ccc8d11a15c6cba8	
changed	engine	source	vostok/game_core/sources/double_barreled_weapon_core_idle_state.cpp	md5	474901dbecc26601875ea0348a6c270e	md5	17090e56b03b6e6803723d214f8f5243	
changed	engine	source	vostok/game_core/sources/double_barreled_weapon_core_reload_state.cpp	md5	114eb00dc252faf232b7b30879a61779	md5	bf181e4bb0e48747b1ac9f568457a360	
unchanged	engine	source	vostok/game_core/sources/effect_zone_core.cpp	md5	63fb2332883ea5e2513c899df9ae81b1	md5	63fb2332883ea5e2513c899df9ae81b1	
changed	engine	source	vostok/game_core/sources/factions.cpp	md5	59e3816c437cec027a375eb45453dbbe	md5	c86dbf66c6498f2190caf8310eb0506e	
changed	engine	source	vostok/game_core/sources/fwd_animation_interval_end_time_calculator.cpp	md5	4ea1ccd4003654ba622ef079ac7971f7	md5	70abdbe6e3c7faa380e7074c07ddb1f9	
changed	engine	header	vostok/game_core/sources/fwd_animation_interval_end_time_calculator.h	md5	bd431426fd68c09230b9b176588b5914	md5	55ed4767b5691a728caa985f9d966551	
changed	engine	source	vostok/game_core/sources/game_core_entry_point.cpp	md5	f7df292eed82492081ecc3ac163ec8c7	md5	5f824b5f8c217edfee52038272c9450e	
unchanged	engine	header	vostok/game_core/sources/game_core_memory.h	md5	f4bdfa9ad2a97cef4abf3de00d7698ef	md5	f4bdfa9ad2a97cef4abf3de00d7698ef	
unchanged	engine	source	vostok/game_core/sources/game_effect.cpp	md5	aeff4ad94c9631d2f0089aa20de51025	md5	aeff4ad94c9631d2f0089aa20de51025	
unchanged	engine	source	vostok/game_core/sources/game_effect_emitter.cpp	md5	a2a5748c3a608fccc543f9bc7c4ee634	md5	a2a5748c3a608fccc543f9bc7c4ee634	
unchanged	engine	source	vostok/game_core/sources/game_effect_emitter_cook.cpp	md5	0fa61be09b6428b9b43fa18acb386d2d	md5	0fa61be09b6428b9b43fa18acb386d2d	
unchanged	engine	source	vostok/game_core/sources/game_effect_player.cpp	md5	ec864f73bc382b4280f71248d08df1eb	md5	ec864f73bc382b4280f71248d08df1eb	
unchanged	engine	source	vostok/game_core/sources/game_effect_time_calculator.cpp	md5	6725b3d3b73f9fb58d29013f5d46b5a6	md5	6725b3d3b73f9fb58d29013f5d46b5a6	
unchanged	engine	source	vostok/game_core/sources/game_event_history_item.cpp	md5	466b3faaecf5dbc4834d084e02aa5170	md5	466b3faaecf5dbc4834d084e02aa5170	
unchanged	engine	source	vostok/game_core/sources/game_material.cpp	md5	28488063d278da5490282d9f9eb456ff	md5	28488063d278da5490282d9f9eb456ff	
unchanged	engine	source	vostok/game_core/sources/game_material_manager.cpp	md5	104a03cd3e77da2d2c65398627064704	md5	104a03cd3e77da2d2c65398627064704	
changed	engine	source	vostok/game_core/sources/game_material_manager_cook.cpp	md5	46f672ea96f5da3f09456adf01ce6811	md5	9aceb05d1788473a6cc83870af616833	
unchanged	engine	source	vostok/game_core/sources/game_state_history_item.cpp	md5	acbf8515b6072fab114f30339767409f	md5	acbf8515b6072fab114f30339767409f	
changed	engine	source	vostok/game_core/sources/game_world_core.cpp	md5	acf7c744705e08f1f5203d8e976ac42e	md5	86b2349181b1f3aafe6bf26cc2448934	
changed	engine	source	vostok/game_core/sources/gather_victory_items_rule.cpp	md5	67eec4c47bc43844db251b813e8da6df	md5	d1258675173186135b4e245d4b36999d	
changed	engine	header	vostok/game_core/sources/gather_victory_items_rule.h	md5	9766d2076dc6168979ad1569ef9d44f3	md5	ac5feebb83f416ac166679e27fa8499e	
changed	engine	source	vostok/game_core/sources/gather_victory_items_rule_cook.cpp	md5	c9cd257aad80fd85519eb3468817803e	md5	b226134c8619b5bf881fe363ce9cb04b	
changed	engine	source	vostok/game_core/sources/generic_anomaly_core.cpp	md5	2e25a5a00dff31d862de312a3d20039e	md5	77388f1cd77f5ab2c03420239c55c47c	
unchanged	engine	source	vostok/game_core/sources/generic_anomaly_core_construct.cpp	md5	e94ae08d153aa721a01383591bc3eb67	md5	e94ae08d153aa721a01383591bc3eb67	
unchanged	engine	source	vostok/game_core/sources/generic_anomaly_core_cook.cpp	md5	6f0d1e7534ff1b1a1fb940d407159ed0	md5	6f0d1e7534ff1b1a1fb940d407159ed0	
changed	engine	source	vostok/game_core/sources/generic_anomaly_core_events.cpp	md5	b71ba671a446007046eef4d2e0ddde1a	md5	97e48363ccfa6ae2a4bb5dff6ca8b429	
changed	engine	source	vostok/game_core/sources/grenade_core.cpp	md5	19a0da0f4561d0f04a0e6d298fded46f	md5	fc73d479b57af1823dcfab83ff84cb84	
changed	engine	source	vostok/game_core/sources/grenade_core_cook.cpp	md5	7fb6927f019f4dbb8132dae203dcfd80	md5	9a18e8d18f2f7dfa26c8657548803b7f	
changed	engine	source	vostok/game_core/sources/grenade_set_core.cpp	md5	ac224346c2e92496682de5f38e4aa3bb	md5	535e97e40cee5bd65aac317d4f21fa72	
changed	engine	source	vostok/game_core/sources/grenade_set_core_cook.cpp	md5	5fe33edb8a7d34613bb477e544f0a0b0	md5	973a53d378acbc90d4c0955b060b515a	
unchanged	engine	source	vostok/game_core/sources/hit_animation_selector_body_part.cpp	md5	702e66092721d3f9ac547d7f23115cac	md5	702e66092721d3f9ac547d7f23115cac	
unchanged	engine	source	vostok/game_core/sources/hit_animations_selector.cpp	md5	cf3d4ec3b299dab33b6318f0c993fe21	md5	cf3d4ec3b299dab33b6318f0c993fe21	
changed	engine	source	vostok/game_core/sources/hit_initiator.cpp	md5	d553d8d847eaba840345c8f51f6dd045	md5	af42aaf10af54c9de2d2a663b3b2c5b1	
unchanged	engine	source	vostok/game_core/sources/hit_type_parameters.cpp	md5	83733489a590468992e804bdccb389f2	md5	83733489a590468992e804bdccb389f2	
unchanged	engine	source	vostok/game_core/sources/hittable_object.cpp	md5	543ec6c22421e23f3e2e49dd1cb1ade6	md5	543ec6c22421e23f3e2e49dd1cb1ade6	
changed	engine	source	vostok/game_core/sources/interactive_object.cpp	md5	8d960ba4ce982581ba21b6183f751ab6	md5	23f4c72d5d698f88303ac556cc1984ba	
changed	engine	source	vostok/game_core/sources/inventory.cpp	md5	0f9c87d3d2e42ecc7c50b16cebd1b485	md5	d677dfb2f3a6ea2151cdbe40c6b216c6	
changed	engine	source	vostok/game_core/sources/inventory_cook.cpp	md5	2f1a1ae12c18000acd2d851a2a2017de	md5	a98e4cc33ed50cce775000ae76c7b7d9	
changed	engine	source	vostok/game_core/sources/inventory_item.cpp	md5	5c9eed8a17e977ea1e06b8b44ea3444c	md5	02439c22ba2e1624512485fe825af3d3	
added	engine	source	vostok/game_core/sources/item_affinities.cpp			md5	dd5d805b93661f4c2511810f95287fd1	
added	engine	source	vostok/game_core/sources/item_config_cook.cpp			md5	ca6b3c7b19693c9f4e8ed14b7bcd4e41	
changed	engine	source	vostok/game_core/sources/items_cook.cpp	md5	79d61c84734c7f993dc7e16e80f490de	md5	9b2614db57666eca4f748698abf718ff	
changed	engine	source	vostok/game_core/sources/items_dictionary_cook.cpp	md5	2d08e2f999d3a6ccb63331a53de3960c	md5	09c580073388ae4f2f95e40832468ba5	
removed	engine	source	vostok/game_core/sources/jump_logic.cpp	md5	65c975d54a78d887ad7b20b15fdbea12			
removed	engine	header	vostok/game_core/sources/jump_logic.h	md5	f9fdb6add905d3e441788ec1cd0aa00e			
unchanged	engine	source	vostok/game_core/sources/jump_logic_base_state.cpp	md5	6ba5a5b02f78739192aa38190aab9dc7	md5	6ba5a5b02f78739192aa38190aab9dc7	
changed	engine	header	vostok/game_core/sources/jump_logic_base_state.h	md5	3c1ca44f7cea87a42474ba6e379630df	md5	71f371292b7a07c9eb3bfbb13a846e66	
changed	engine	source	vostok/game_core/sources/jump_logic_state_landing.cpp	md5	42d7e85d580bf7342f79dc8b4ccbbb2b	md5	589547429ec744853bd59858a19b1110	
changed	engine	header	vostok/game_core/sources/jump_logic_state_landing.h	md5	17018d4dce119d702b44f0df6425f5dd	md5	1907671bc0cf8ddf53dd815791041ad2	
changed	engine	source	vostok/game_core/sources/jump_logic_state_prepare.cpp	md5	5165318bf99d5e8aa2787c1112934bc2	md5	ffaa46d99f1709f6b774ab2070a49ab6	
changed	engine	header	vostok/game_core/sources/jump_logic_state_prepare.h	md5	4420103aa7a7f9563edf542ca0bb56ee	md5	81ea59ee8d28e2c8178eb65a20a28c0e	
changed	engine	source	vostok/game_core/sources/jump_logic_state_start.cpp	md5	7508cead8583179f9f78f49c851cbf6e	md5	13d2a155fe27e09e8d1ec78f505114c2	
changed	engine	header	vostok/game_core/sources/jump_logic_state_start.h	md5	68bf488bb65e016c3e12272875c86de3	md5	c410477b0b23e045e8c511c4f808aca1	
added	engine	header	vostok/game_core/sources/jump_type_enum.h			md5	28b267f351b7882764f44fcc4fbe6b48	
unchanged	engine	source	vostok/game_core/sources/kd_stats_rule.cpp	md5	be7490597d8016731cf35b28588d55a0	md5	be7490597d8016731cf35b28588d55a0	
unchanged	engine	source	vostok/game_core/sources/kd_stats_rule_cook.cpp	md5	37b674feeaa98d2b65d5edd88879968f	md5	37b674feeaa98d2b65d5edd88879968f	
unchanged	engine	source	vostok/game_core/sources/ladder.cpp	md5	68719de5663330a5b9e7b304bdba991c	md5	68719de5663330a5b9e7b304bdba991c	
changed	engine	source	vostok/game_core/sources/ladder_cook.cpp	md5	1c2699cd6e520ec28f42df541d1bdc8b	md5	0a3973c0ae361d453ebcde32b92a9d62	
unchanged	engine	header	vostok/game_core/sources/ladder_cook.h	md5	1eb6885bec8b3e35de211033075c164e	md5	1eb6885bec8b3e35de211033075c164e	
added	engine	source	vostok/game_core/sources/lobby_player_profile.cpp			md5	6de1d15bf90169c0986aab969b0249ca	
changed	engine	source	vostok/game_core/sources/match_options.cpp	md5	9b5ce7225cb46d9e4125ae7ddbc7733b	md5	89905db80cb472436d95d79233c848c8	
added	engine	source	vostok/game_core/sources/match_time_vi_spawn_rule.cpp			md5	70658bf37ee18d47b9e64c8434ecbc4d	
added	engine	header	vostok/game_core/sources/match_time_vi_spawn_rule.h			md5	4ea5f059d96f60d0098711bf5c9adb56	
added	engine	source	vostok/game_core/sources/match_time_vi_spawn_rule_cook.cpp			md5	e5f38798de30adef841576d02ac4cb51	
added	engine	header	vostok/game_core/sources/match_time_vi_spawn_rule_cook.h			md5	a1459ff2cbbb5edadc0da48d197cd2f8	
unchanged	engine	source	vostok/game_core/sources/material_pair.cpp	md5	5444e5fc751597251d564aad1919dce5	md5	5444e5fc751597251d564aad1919dce5	
changed	engine	source	vostok/game_core/sources/medkit.cpp	md5	721e0d8e482757072dca02feacfc6751	md5	d9c678278afa546de519b842b08a0efd	
changed	engine	source	vostok/game_core/sources/oxygen_tank.cpp	md5	640690b5a2f747c3c6c4ee4446084880	md5	d453ebf694a046763312dde819ed0d99	
unchanged	engine	source	vostok/game_core/sources/pch.cpp	md5	94f8ee4bfb75304d31cd148d8e2f2c53	md5	94f8ee4bfb75304d31cd148d8e2f2c53	
unchanged	engine	header	vostok/game_core/sources/pch.h	md5	42224dea2d576b70df8cd2998b354f57	md5	42224dea2d576b70df8cd2998b354f57	
changed	engine	source	vostok/game_core/sources/pistol_weapon_core_fire_state.cpp	md5	718ebbbf6d53c02ee0c4632a2d83fe03	md5	ccb56d46818b2a7ea07a7f692dd751c4	
changed	engine	source	vostok/game_core/sources/pistol_weapon_core_idle_state.cpp	md5	e9721209589ab8365cc41dcb377aa575	md5	37784f8c33320a18fa729f08aab84b56	
changed	engine	source	vostok/game_core/sources/pistol_weapon_core_reload_state.cpp	md5	45de7a1beb06f98c563ff0d5dde70fb7	md5	73e73576466c64d13abe2c96b3656399	
unchanged	engine	source	vostok/game_core/sources/player_history_item.cpp	md5	12c65d6808e1fa673b6f1d513825f527	md5	12c65d6808e1fa673b6f1d513825f527	
unchanged	engine	source	vostok/game_core/sources/player_input.cpp	md5	3ef68c6f9a28d644cad3d3aa77703f28	md5	3ef68c6f9a28d644cad3d3aa77703f28	
unchanged	engine	source	vostok/game_core/sources/player_logic_base_state.cpp	md5	90e9942b57576230e8dd77b9951e7508	md5	90e9942b57576230e8dd77b9951e7508	
unchanged	engine	source	vostok/game_core/sources/player_logic_crouch_state.cpp	md5	2b9e91547fc7fbd974bf836d0315ba79	md5	2b9e91547fc7fbd974bf836d0315ba79	
unchanged	engine	header	vostok/game_core/sources/player_logic_crouch_state.h	md5	7da26037e56fb598b55aa52576894eaa	md5	7da26037e56fb598b55aa52576894eaa	
unchanged	engine	source	vostok/game_core/sources/player_logic_dead_state.cpp	md5	8ca496813ba3c6a6f563d3c80cb268ec	md5	8ca496813ba3c6a6f563d3c80cb268ec	
unchanged	engine	header	vostok/game_core/sources/player_logic_dead_state.h	md5	33b4e0ee0c0c481c433c486c881f0a56	md5	33b4e0ee0c0c481c433c486c881f0a56	
changed	engine	source	vostok/game_core/sources/player_logic_jump_state.cpp	md5	a75d74f3c79113b2c742c5f1b1bd7f5c	md5	d954d477fd558b8c2fe14f3ffb4a4336	
changed	engine	header	vostok/game_core/sources/player_logic_jump_state.h	md5	88affa1141bb01e9d2f3772d8f963822	md5	24ec54b1778efd054803731f64abc8e4	
changed	engine	source	vostok/game_core/sources/player_logic_sprint_state.cpp	md5	e675457e36ec0003f60f829d8487f67b	md5	42bc9c4d32ec86ed0a6f4fa8c7be03cc	
changed	engine	header	vostok/game_core/sources/player_logic_sprint_state.h	md5	a52cc1e999fe1eda24f372a05113f083	md5	ce3bcf8edd6e1970b116586fd46bd442	
changed	engine	source	vostok/game_core/sources/player_logic_stand_state.cpp	md5	768adca78aac9b9274ee85cf7d421656	md5	acebf7a72f54bbd3c86461b1172fd440	
unchanged	engine	header	vostok/game_core/sources/player_logic_stand_state.h	md5	59017e6a787ec40bcf6ed028ba501ccf	md5	59017e6a787ec40bcf6ed028ba501ccf	
changed	engine	source	vostok/game_core/sources/player_params_modifiers_container.cpp	md5	788e39690f49c4a37f7515d635ffac66	md5	998bdfbf6e097640d111266b5e35f3bd	
changed	engine	source	vostok/game_core/sources/player_profile.cpp	md5	a7f0ba03bf51ee3077205b6ba096d8cb	md5	587e61af9720693941c201ff89cc8d88	
changed	engine	source	vostok/game_core/sources/player_respawn_rule.cpp	md5	f717220fea644f8140aae50ff450442d	md5	73bfbb55ccef2b0a936211b65f7587f5	
unchanged	engine	header	vostok/game_core/sources/player_respawn_rule.h	md5	e6bddb4f559ff0be78522a37375ed9c1	md5	e6bddb4f559ff0be78522a37375ed9c1	
unchanged	engine	source	vostok/game_core/sources/player_respawn_rule_cook.cpp	md5	062670282a0e795783ea43c6cb2c0848	md5	062670282a0e795783ea43c6cb2c0848	
changed	engine	source	vostok/game_core/sources/player_shared_statistics.cpp	md5	5ebc070d8e1f25db32e101b01c0700da	md5	29ff66c4ca42aac50ec93ac33c3af377	
changed	engine	source	vostok/game_core/sources/player_stamina.cpp	md5	4d430c25b9ee41d93a962834b6ff770d	md5	dd26065fbd47203fcaafa6cf812ae853	
unchanged	engine	source	vostok/game_core/sources/player_stealth.cpp	md5	c229209332c1f665fa829c529467d63c	md5	c229209332c1f665fa829c529467d63c	
unchanged	engine	source	vostok/game_core/sources/player_update.cpp	md5	768854e60327363d52f1b0e991bdc606	md5	768854e60327363d52f1b0e991bdc606	
unchanged	engine	source	vostok/game_core/sources/portable_interactive_object_core.cpp	md5	0290ca02584b854133e5332944e47ca4	md5	0290ca02584b854133e5332944e47ca4	
changed	engine	source	vostok/game_core/sources/pvp_match_core.cpp	md5	d2d0f312ed64c4a1dcd30983a86a689b	md5	c8356afc48acaf082c7840f3a49698fb	
changed	engine	source	vostok/game_core/sources/pvp_match_core_cook.cpp	md5	4e76f6d0d726e43a9aff85be5e4e0359	md5	f8bf4b103b1e84a0a82dccf1e804e313	
unchanged	engine	source	vostok/game_core/sources/quest.cpp	md5	3b3858e47108e4b53afc679b5a4c1bd8	md5	3b3858e47108e4b53afc679b5a4c1bd8	
unchanged	engine	source	vostok/game_core/sources/random_permutation_game_effect_emitter.cpp	md5	a170fdf6812fd57289bf66a03c04cd3f	md5	a170fdf6812fd57289bf66a03c04cd3f	
unchanged	engine	source	vostok/game_core/sources/recoil_animation_container.cpp	md5	3e08cbb7cce8995db3b0cbac37194991	md5	3e08cbb7cce8995db3b0cbac37194991	
changed	engine	source	vostok/game_core/sources/recoil_calculator.cpp	md5	27c3112b9af60f60ede76047e48bc690	md5	12c2e99522ea8daa728d6eb5124a3705	
unchanged	engine	source	vostok/game_core/sources/registry_of_artefacts.cpp	md5	68b3b447a7dd6e535a757474d5e1d238	md5	68b3b447a7dd6e535a757474d5e1d238	
unchanged	engine	source	vostok/game_core/sources/respawn_point_core.cpp	md5	3a55b223a4d999a364adbccc6fdb1177	md5	3a55b223a4d999a364adbccc6fdb1177	
unchanged	engine	header	vostok/game_core/sources/respawn_point_core.h	md5	80acd695aa2a4497127ff70a7d814e3c	md5	80acd695aa2a4497127ff70a7d814e3c	
unchanged	engine	source	vostok/game_core/sources/scheduler.cpp	md5	0dc7076aa15a727a8bade6cc5b2d9296	md5	0dc7076aa15a727a8bade6cc5b2d9296	
changed	engine	source	vostok/game_core/sources/selected_animations_dumper.cpp	md5	e7478499872790380b3c8230e407c787	md5	8daa6ce4274fe59d31587457a13e9136	
unchanged	engine	source	vostok/game_core/sources/server_game_project.cpp	md5	731b20a8e746b5141017da5646f869d5	md5	731b20a8e746b5141017da5646f869d5	
changed	engine	source	vostok/game_core/sources/shared_statistics.cpp	md5	eaa682cb3175986a3f20356df0ff9eb0	md5	01e88632a90fff23ea00caaac8e4e90c	
changed	engine	source	vostok/game_core/sources/short_jump_landing_state.cpp	md5	7c95f84359b9ac0f979a2cde57555d74	md5	0ea96eeb20b029cb6baf0750bb0c0271	
changed	engine	header	vostok/game_core/sources/short_jump_landing_state.h	md5	62e3b10f114cc8b57614dedae7cb4f0a	md5	80491b88b0699fbc8901da3c0e3a66db	
changed	engine	source	vostok/game_core/sources/short_jump_start_state.cpp	md5	a844b93879aa18fa3756c8ad76d8e2e4	md5	5348eb85a082e323c1ae2544d2220e4b	
changed	engine	header	vostok/game_core/sources/short_jump_start_state.h	md5	25e543871512b4d20b1e28ddb8b8d9ce	md5	aa08de182dfcb6cc24c1bddda022616c	
unchanged	engine	source	vostok/game_core/sources/single_game_effect.cpp	md5	ea6b816a1ba6a3046823d885c7f0b397	md5	ea6b816a1ba6a3046823d885c7f0b397	
unchanged	engine	source	vostok/game_core/sources/teammate_cure_event_manager.cpp	md5	829559b36f402ca48aac73ddd2b027ad	md5	829559b36f402ca48aac73ddd2b027ad	
unchanged	engine	source	vostok/game_core/sources/timelimit_rule_core.cpp	md5	286c32846389169b0cbf5781d4ee2d0d	md5	286c32846389169b0cbf5781d4ee2d0d	
unchanged	engine	source	vostok/game_core/sources/timelimit_rule_core_cook.cpp	md5	d8c15555093d028481cf3cbc6f6d0eff	md5	d8c15555093d028481cf3cbc6f6d0eff	
unchanged	engine	source	vostok/game_core/sources/transition_helper.cpp	md5	a0db7a58d9cf18fdff359e67e0ba3941	md5	a0db7a58d9cf18fdff359e67e0ba3941	
unchanged	engine	source	vostok/game_core/sources/usable_object.cpp	md5	e89f5662fcc92cdc4b10195bb247c780	md5	e89f5662fcc92cdc4b10195bb247c780	
changed	engine	source	vostok/game_core/sources/victory_item_core.cpp	md5	fadf7e7691c901d3ee961265487516b7	md5	330db81dff28ea5ccea981bd569c8f51	
unchanged	engine	source	vostok/game_core/sources/victory_item_core_animation_end_aware_state.cpp	md5	fc39547ae4e55b4d6112db06df425501	md5	fc39547ae4e55b4d6112db06df425501	
unchanged	engine	header	vostok/game_core/sources/victory_item_core_animation_end_aware_state.h	md5	8b2138b0af284547c2296e7978d863f7	md5	8b2138b0af284547c2296e7978d863f7	
changed	engine	source	vostok/game_core/sources/victory_item_core_base_state.cpp	md5	5ad15980861320f7a739abf2140b3f5c	md5	93ce70e3b7b29a7578f217a7b9406486	
unchanged	engine	header	vostok/game_core/sources/victory_item_core_base_state.h	md5	802f6e4d0c682cdff8a2466a38c9bd73	md5	802f6e4d0c682cdff8a2466a38c9bd73	
changed	engine	source	vostok/game_core/sources/victory_item_core_carry_state.cpp	md5	14a621f181a7f94405b8e487fc6998f2	md5	7a545f15c3d5cfad7a6f2ca22f325a82	
unchanged	engine	header	vostok/game_core/sources/victory_item_core_carry_state.h	md5	70b7fef825795c01eb3cbc17c089eaa6	md5	70b7fef825795c01eb3cbc17c089eaa6	
changed	engine	source	vostok/game_core/sources/victory_item_core_cook.cpp	md5	c98454b82f4a4952c6c9964ab80c2504	md5	b11218cb19bc5034c6e1d1aee61965d9	
changed	engine	source	vostok/game_core/sources/victory_item_core_put_state.cpp	md5	e64618f1d48906132ca2bd15e410eb20	md5	9806ef9adc0145258281bd97565ac993	
unchanged	engine	header	vostok/game_core/sources/victory_item_core_put_state.h	md5	fccb48c89de859ddaf2c4bf85d1ae2f4	md5	fccb48c89de859ddaf2c4bf85d1ae2f4	
changed	engine	source	vostok/game_core/sources/victory_item_core_take_state.cpp	md5	ba2086f4ee3344810bb085e954770b06	md5	e86b2db537991f5fa006a3288fe888fd	
unchanged	engine	header	vostok/game_core/sources/victory_item_core_take_state.h	md5	2fbbefdbda61796be5c2f7278440570c	md5	2fbbefdbda61796be5c2f7278440570c	
unchanged	engine	source	vostok/game_core/sources/victory_item_event_manager.cpp	md5	02ec04927daa0f03345e00394f757aa9	md5	02ec04927daa0f03345e00394f757aa9	
unchanged	engine	header	vostok/game_core/sources/victory_item_spawner.h	md5	c08ebc5978435b36fae10b630b5e7385	md5	c08ebc5978435b36fae10b630b5e7385	
unchanged	engine	source	vostok/game_core/sources/victory_items_container_core.cpp	md5	c416f00f3ad0bdc60425c70b4d1358c4	md5	c416f00f3ad0bdc60425c70b4d1358c4	
changed	engine	source	vostok/game_core/sources/weapon_ammunition.cpp	md5	2a535212e9d2f5f208b72562e3b7eb63	md5	732a3118ee8e952d41555a9fb73d2dcc	
removed	engine	source	vostok/game_core/sources/weapon_ammunition_cook.cpp	md5	92eea8090a56a1feaf2dc5ac0ed6f17a			
changed	engine	source	vostok/game_core/sources/weapon_core.cpp	md5	0e1cc4b8ffbc9fd23c046d9c8201973e	md5	1b6e25faf2ecb3d640c9fbaad1ebc1a0	
unchanged	engine	source	vostok/game_core/sources/weapon_core_animation_end_aware_state.cpp	md5	7c35a5dcf451f21318426e6d3e4edeb4	md5	7c35a5dcf451f21318426e6d3e4edeb4	
changed	engine	source	vostok/game_core/sources/weapon_core_base_state.cpp	md5	2fa340e6080f92c3ac53178d75b7ec66	md5	3f23960247ef562afe281d95a3b89f76	
changed	engine	source	vostok/game_core/sources/weapon_core_chamber_a_round_state.cpp	md5	ea99734570bd6ed570746db4f0e81543	md5	8136101f6c86032d5de8c80f5565785b	
unchanged	engine	source	vostok/game_core/sources/weapon_core_chamber_a_round_state_base.cpp	md5	aae3af3246adbc5dcc41803de9a672f1	md5	aae3af3246adbc5dcc41803de9a672f1	
changed	engine	source	vostok/game_core/sources/weapon_core_cook.cpp	md5	cdf5a7dab82db0c3812dea13063c4cf2	md5	b501c4c100f10ff2b981ec62c00fcd85	
changed	engine	source	vostok/game_core/sources/weapon_core_fire_state.cpp	md5	90dc56e783dc42322ae1e97165814cde	md5	c33f527898e6ab7fc444d80c9688a1b2	
unchanged	engine	source	vostok/game_core/sources/weapon_core_fire_state_base.cpp	md5	e8bbe8561205c312819d7cff93d3f736	md5	e8bbe8561205c312819d7cff93d3f736	
unchanged	engine	source	vostok/game_core/sources/weapon_core_hide_state.cpp	md5	fa767ff3c61c3fd33afc6373d501e081	md5	fa767ff3c61c3fd33afc6373d501e081	
changed	engine	source	vostok/game_core/sources/weapon_core_hide_state_base.cpp	md5	693fe53221a072773ebfe4cafab6969f	md5	bab54e7cee6ced3c2cc0d07f9bdff914	
changed	engine	source	vostok/game_core/sources/weapon_core_idle_state.cpp	md5	04d322f51ea0229e8be96f90946b03d5	md5	4b36fed139679b818c1965fbbd9150c5	
unchanged	engine	source	vostok/game_core/sources/weapon_core_idle_state_base.cpp	md5	66f0b60fe16dfd13e2d2bc017f56ded7	md5	66f0b60fe16dfd13e2d2bc017f56ded7	
unchanged	engine	source	vostok/game_core/sources/weapon_core_melee_state.cpp	md5	aa188fb80419e38e1bf16f756f8cc692	md5	aa188fb80419e38e1bf16f756f8cc692	
unchanged	engine	source	vostok/game_core/sources/weapon_core_melee_state_base.cpp	md5	beaa42ed59caadb6fef4e902711ed49e	md5	beaa42ed59caadb6fef4e902711ed49e	
unchanged	engine	source	vostok/game_core/sources/weapon_core_melee_state_cook.cpp	md5	0e5da535327418f9d6dff96ee811fdd6	md5	0e5da535327418f9d6dff96ee811fdd6	
changed	engine	source	vostok/game_core/sources/weapon_core_reload_state.cpp	md5	3980c59bd812f7fa8fca44edededfcd6	md5	dd6da6dec3a06f2f2a6be7106a745c72	
unchanged	engine	source	vostok/game_core/sources/weapon_core_reload_state_base.cpp	md5	2c25006796248aac54016e0a5e599b5d	md5	2c25006796248aac54016e0a5e599b5d	
unchanged	engine	source	vostok/game_core/sources/weapon_core_shotgun_reload_base_substate.cpp	md5	29180089b784af73b376203712a4befe	md5	29180089b784af73b376203712a4befe	
unchanged	engine	source	vostok/game_core/sources/weapon_core_shotgun_reload_finish_substate.cpp	md5	77cafd10e25c9e76b26a0e6e01d45a1d	md5	77cafd10e25c9e76b26a0e6e01d45a1d	
unchanged	engine	source	vostok/game_core/sources/weapon_core_shotgun_reload_one_round_substate.cpp	md5	9897ab91cc78bc4b0223bb572d1fba0b	md5	9897ab91cc78bc4b0223bb572d1fba0b	
unchanged	engine	source	vostok/game_core/sources/weapon_core_shotgun_reload_start_substate.cpp	md5	3fe599ff8d43f7a9c9d6b866cc2886ba	md5	3fe599ff8d43f7a9c9d6b866cc2886ba	
unchanged	engine	source	vostok/game_core/sources/weapon_core_shotgun_reload_state.cpp	md5	48b43c7cda9305d7d67159a2073ac893	md5	48b43c7cda9305d7d67159a2073ac893	
changed	engine	source	vostok/game_core/sources/weapon_core_shotgun_reload_state_cook.cpp	md5	1c3f3760059417db38e59e703dae7986	md5	d67753d0bd33d7042979bcf02bf740b0	
unchanged	engine	source	vostok/game_core/sources/weapon_core_show_state.cpp	md5	f0444bf89ba36d5141b15cba556ff335	md5	f0444bf89ba36d5141b15cba556ff335	
changed	engine	source	vostok/game_core/sources/weapon_core_show_state_base.cpp	md5	777cfbc9160a63d2458bb6acd512218f	md5	04a5cee40ca0dde2a82df2f488654469	
changed	engine	source	vostok/game_core/sources/weapon_core_throw_grenade_state.cpp	md5	512967c2c1c455691e4980a6a56b9a2e	md5	c41fed048fc55e29da4835e4ef15b037	
changed	engine	source	vostok/game_core/sources/weapon_core_throw_grenade_state_base.cpp	md5	0b66dacdf30626ada08bd7de61cdf2c3	md5	2c967ab1a400e8efe8d463da5a80026a	
unchanged	engine	source	vostok/game_core/sources/weapon_core_throw_grenade_state_cook.cpp	md5	8dce8b73cb2db35e7ea86d434a9fdce8	md5	8dce8b73cb2db35e7ea86d434a9fdce8	
changed	engine	source	vostok/game_core/sources/weapon_core_throw_grenade_substate.cpp	md5	64a180778efba9cf472eec7e5a543e53	md5	2d8e404fa62b3fa74b8f64085d0c5ac3	
unchanged	engine	source	vostok/game_core/sources/weapon_damage_params.cpp	md5	2e9c7a2c1d863fd51a89d4c8a86fbb93	md5	2e9c7a2c1d863fd51a89d4c8a86fbb93	
unchanged	engine	source	vostok/game_core/sources/weapon_dispersion_params.cpp	md5	9d2b7cae55297e1e5ebd2620f5fecf0f	md5	9d2b7cae55297e1e5ebd2620f5fecf0f	
changed	engine	source	vostok/game_core/sources/weapon_recoil_calculator.cpp	md5	5863b9400306eb34012e52c5786da781	md5	d297895066f352213058679f1ce3ec0e	
unchanged	engine	source	vostok/game_core/sources/weapon_recoil_params.cpp	md5	4d144ca3bc52bd78d6d4e90a44947711	md5	4d144ca3bc52bd78d6d4e90a44947711	
unchanged	engine	header	vostok/game_core/sources/weapon_time_synchronization_groups.h	md5	ab537c3595601ffb349de32f722e0d73	md5	ab537c3595601ffb349de32f722e0d73	
changed	engine	source	vostok/game_core/sources/weapon_user_animations_container.cpp	md5	7b9ab58e0b30d558502c901eaeb00ad2	md5	e0cefabaeaf8b443c4a1db15770cb5a4	
unchanged	engine	source	vostok/game_core/sources/weapon_user_animations_container_cook.cpp	md5	c3c4b0436347195700cad18531d3b341	md5	c3c4b0436347195700cad18531d3b341	
changed	engine	source	vostok/game_core/sources/weapon_user_animations_selector.cpp	md5	ed762de02dec12d3fd1b60893fa9b1b1	md5	f5f372986d2b58a2590daef57078e4e7	
unchanged	engine	header	vostok/game_core/spottable_object.h	md5	575fb5200598e885f78a07d4dd165b1e	md5	575fb5200598e885f78a07d4dd165b1e	
changed	engine	header	vostok/game_core/statistics_events_handler.h	md5	de13af8aacc2adf36ec39cd1d0df0223	md5	22c183e5cf7d62751b0f5ef4cc5a2af3	
unchanged	engine	header	vostok/game_core/statistics_history_item.h	md5	ba98dd8a52d15a8dbfaa63663e72d816	md5	ba98dd8a52d15a8dbfaa63663e72d816	
unchanged	engine	header	vostok/game_core/statistics_history_item_inline.h	md5	5b286fb2ded59464fa1a263ddaa7ebdd	md5	5b286fb2ded59464fa1a263ddaa7ebdd	
unchanged	engine	header	vostok/game_core/teammate_cure_event_manager.h	md5	fb34b0f5c38c8cfb70ef268de43ef81a	md5	fb34b0f5c38c8cfb70ef268de43ef81a	
changed	engine	header	vostok/game_core/tickable_object.h	md5	2aa03544bed9e8247f366dbc4440e46f	md5	f5e298c778401198594656e955f090b9	
unchanged	engine	header	vostok/game_core/timelimit_rule_core.h	md5	2f70757d99f5a22e53be0586d54ba9d1	md5	2f70757d99f5a22e53be0586d54ba9d1	
unchanged	engine	header	vostok/game_core/timelimit_rule_core_cook.h	md5	0cf4e706c1d28c1df84f8c5a6a613c4a	md5	0cf4e706c1d28c1df84f8c5a6a613c4a	
unchanged	engine	header	vostok/game_core/transition_helper.h	md5	16b9f30c5e7394093ae2d839d6b1fa9c	md5	16b9f30c5e7394093ae2d839d6b1fa9c	
unchanged	engine	header	vostok/game_core/usable_object.h	md5	6d931d73292d82586a6943cd8b6ba001	md5	6d931d73292d82586a6943cd8b6ba001	
unchanged	engine	header	vostok/game_core/value_animation.h	md5	89563f20d99ab53477a0a8bd6cd422c5	md5	89563f20d99ab53477a0a8bd6cd422c5	
changed	engine	header	vostok/game_core/victory_item_core.h	md5	299a50cbf162621788e522724692a596	md5	e0579a989c901e02bd91db0ea12b4da4	
unchanged	engine	header	vostok/game_core/victory_item_core_cook.h	md5	b5fb7c61b3c940ed7e7bfb6b2952894d	md5	b5fb7c61b3c940ed7e7bfb6b2952894d	
unchanged	engine	header	vostok/game_core/victory_item_event_manager.h	md5	ed344d377753139a172975038405e708	md5	ed344d377753139a172975038405e708	
unchanged	engine	header	vostok/game_core/victory_item_event_type.h	md5	e0e56b6457092d43ccaf604b87fb7e7c	md5	e0e56b6457092d43ccaf604b87fb7e7c	
unchanged	engine	header	vostok/game_core/victory_items_container_core.h	md5	582b190c7b234674636a7f5fc0f2add7	md5	582b190c7b234674636a7f5fc0f2add7	
changed	engine	header	vostok/game_core/weapon_ammunition.h	md5	9d1b085a84b79cb2a0f78b31f579a468	md5	ede8a4f7028a723bffb02d14c697f7f2	
removed	engine	header	vostok/game_core/weapon_ammunition_cook.h	md5	2f0b192448698571c23c1aa85b1cdaa7			
changed	engine	header	vostok/game_core/weapon_animations_timescale_inline.h	md5	a19cc77b4b545e2a13c7d8170e4912f8	md5	413d7bdd703fa503831be520af01f346	
unchanged	engine	header	vostok/game_core/weapon_breath_vibration_params.h	md5	d1718477609f1fd5dbee2750b20504f4	md5	d1718477609f1fd5dbee2750b20504f4	
changed	engine	header	vostok/game_core/weapon_core.h	md5	16346564d6a7d00207d56b6994c6579d	md5	e4b5ed30847a5ea40d7a08c1fdd38dcc	
unchanged	engine	header	vostok/game_core/weapon_core_animation_end_aware_state.h	md5	3ae8bfb5af72a71aa25d65e451da95af	md5	3ae8bfb5af72a71aa25d65e451da95af	
changed	engine	header	vostok/game_core/weapon_core_base_state.h	md5	65ccb7d658a8a6a39aca2315e645c0dc	md5	648adfae36f83544b5e571190af35eae	
unchanged	engine	header	vostok/game_core/weapon_core_chamber_a_round_state.h	md5	e0bc3bc872a6e323f05acd7c5798d7ec	md5	e0bc3bc872a6e323f05acd7c5798d7ec	
unchanged	engine	header	vostok/game_core/weapon_core_chamber_a_round_state_base.h	md5	9e4c5b879da1b518ede5372410bcebb1	md5	9e4c5b879da1b518ede5372410bcebb1	
changed	engine	header	vostok/game_core/weapon_core_cook.h	md5	75cd1cfc16139e654da38f695f21864f	md5	3e2879764a841591865041b4cf5dca83	
unchanged	engine	header	vostok/game_core/weapon_core_fire_state.h	md5	8f856af78956d2246bf29751dc9202b4	md5	8f856af78956d2246bf29751dc9202b4	
unchanged	engine	header	vostok/game_core/weapon_core_fire_state_base.h	md5	a2cb3c24eb909e73e3f8d8d23f7e3ba9	md5	a2cb3c24eb909e73e3f8d8d23f7e3ba9	
unchanged	engine	header	vostok/game_core/weapon_core_hide_state.h	md5	1ccab134414e65fd297ff17acb00c692	md5	1ccab134414e65fd297ff17acb00c692	
unchanged	engine	header	vostok/game_core/weapon_core_hide_state_base.h	md5	376d384d5172477b26a0fdbd9199cc35	md5	376d384d5172477b26a0fdbd9199cc35	
unchanged	engine	header	vostok/game_core/weapon_core_idle_state.h	md5	e336bd835d3398bce77e68a0cb9f5b8f	md5	e336bd835d3398bce77e68a0cb9f5b8f	
unchanged	engine	header	vostok/game_core/weapon_core_idle_state_base.h	md5	170f07270ae05436baa10d3f05d0c17f	md5	170f07270ae05436baa10d3f05d0c17f	
unchanged	engine	header	vostok/game_core/weapon_core_melee_state.h	md5	2befde319401bf822b4438993751fb0e	md5	2befde319401bf822b4438993751fb0e	
unchanged	engine	header	vostok/game_core/weapon_core_melee_state_base.h	md5	e7432c3e9c2479ef04200348e138e1dd	md5	e7432c3e9c2479ef04200348e138e1dd	
unchanged	engine	header	vostok/game_core/weapon_core_melee_state_cook.h	md5	ef41843e725bcf813138c44dbbd130c5	md5	ef41843e725bcf813138c44dbbd130c5	
unchanged	engine	header	vostok/game_core/weapon_core_reload_state.h	md5	72db1f67794eda95be198a375e699087	md5	72db1f67794eda95be198a375e699087	
unchanged	engine	header	vostok/game_core/weapon_core_reload_state_base.h	md5	a7da67e0509849b6751e4e508d33ded1	md5	a7da67e0509849b6751e4e508d33ded1	
unchanged	engine	header	vostok/game_core/weapon_core_shotgun_reload_base_substate.h	md5	cdcfdbdaa97f276cbcfda54c1a6e317f	md5	cdcfdbdaa97f276cbcfda54c1a6e317f	
unchanged	engine	header	vostok/game_core/weapon_core_shotgun_reload_finish_substate.h	md5	1c0f27e741ea55559de4102f9b773d2d	md5	1c0f27e741ea55559de4102f9b773d2d	
unchanged	engine	header	vostok/game_core/weapon_core_shotgun_reload_one_round_substate.h	md5	398c6441a166bdd417293d9a5c1b58aa	md5	398c6441a166bdd417293d9a5c1b58aa	
unchanged	engine	header	vostok/game_core/weapon_core_shotgun_reload_start_substate.h	md5	d8dd6fca5d92b61d3a50123e7b0870db	md5	d8dd6fca5d92b61d3a50123e7b0870db	
unchanged	engine	header	vostok/game_core/weapon_core_shotgun_reload_state.h	md5	57747d8cf273329448013def0420000a	md5	57747d8cf273329448013def0420000a	
unchanged	engine	header	vostok/game_core/weapon_core_shotgun_reload_state_cook.h	md5	dff7e1b39bb5f5f73a171a82e94ca5ad	md5	dff7e1b39bb5f5f73a171a82e94ca5ad	
unchanged	engine	header	vostok/game_core/weapon_core_show_state.h	md5	7bf4604738ac2e0347fb7b5bac7b71a2	md5	7bf4604738ac2e0347fb7b5bac7b71a2	
unchanged	engine	header	vostok/game_core/weapon_core_show_state_base.h	md5	3fd338653bcb59723ff06dca336260a1	md5	3fd338653bcb59723ff06dca336260a1	
unchanged	engine	header	vostok/game_core/weapon_core_state_cook_template.h	md5	c6e1b2dd27d305a4f4c94af0490c6f19	md5	c6e1b2dd27d305a4f4c94af0490c6f19	
unchanged	engine	header	vostok/game_core/weapon_core_state_cook_template_inline.h	md5	f3b5e7687ca468f7fb65a3ebbd642636	md5	f3b5e7687ca468f7fb65a3ebbd642636	
changed	engine	header	vostok/game_core/weapon_core_throw_grenade_state.h	md5	5eab1064f79215281e2eb002b970976d	md5	7ead0cf9f60ce924b910d79aea32c300	
unchanged	engine	header	vostok/game_core/weapon_core_throw_grenade_state_base.h	md5	583938e5ef20770592cc24d84ff0dc99	md5	583938e5ef20770592cc24d84ff0dc99	
unchanged	engine	header	vostok/game_core/weapon_core_throw_grenade_state_cook.h	md5	49c3545b4eb6b625d9af99243053ae6b	md5	49c3545b4eb6b625d9af99243053ae6b	
unchanged	engine	header	vostok/game_core/weapon_core_throw_grenade_substate.h	md5	afee496db6b9ffaec90d4e8fcd80961d	md5	afee496db6b9ffaec90d4e8fcd80961d	
unchanged	engine	header	vostok/game_core/weapon_damage_params.h	md5	4e31d911c727eec3cc8b320cdccdcb72	md5	4e31d911c727eec3cc8b320cdccdcb72	
unchanged	engine	header	vostok/game_core/weapon_dispersion_params.h	md5	5f81fc8b24e9e4bf60a0535541a3105d	md5	5f81fc8b24e9e4bf60a0535541a3105d	
unchanged	engine	header	vostok/game_core/weapon_lexeme_pair.h	md5	2c001b7c325563bacc7b2bf19a315afb	md5	2c001b7c325563bacc7b2bf19a315afb	
changed	engine	header	vostok/game_core/weapon_recoil_calculator.h	md5	7578158c4a06717ac87878e9d3f8c775	md5	713ca55fbf8f7ca498eb89217361ef00	
unchanged	engine	header	vostok/game_core/weapon_recoil_params.h	md5	0655da7db0e1ce4aad40d15fbe0dde75	md5	0655da7db0e1ce4aad40d15fbe0dde75	
unchanged	engine	header	vostok/game_core/weapon_sound_events_channel_subscriber.h	md5	734670cce57f56cb3be5971ad8ec740c	md5	734670cce57f56cb3be5971ad8ec740c	
unchanged	engine	header	vostok/game_core/weapon_types.h	md5	2d3d16b4aaf45b0aec82af8094c3295a	md5	2d3d16b4aaf45b0aec82af8094c3295a	
changed	engine	header	vostok/game_core/weapon_user_animations_container.h	md5	e4cb29506b39910e3b6c7dadfc1bd4f2	md5	6f93b8e47ed1a41b080d1b2f99ebb3f3	
unchanged	engine	header	vostok/game_core/weapon_user_animations_container_cook.h	md5	f78afdbc9ffa595be4640d5064ade315	md5	f78afdbc9ffa595be4640d5064ade315	
unchanged	engine	header	vostok/game_core/weapon_user_animations_container_impl.h	md5	59dfd020b531db871cc89b4b2badc509	md5	59dfd020b531db871cc89b4b2badc509	
unchanged	engine	header	vostok/game_core/weapon_user_animations_container_inline.h	md5	f029b552a27aef6f7a824d23c8600040	md5	f029b552a27aef6f7a824d23c8600040	
changed	engine	header	vostok/game_core/weapon_user_animations_selector.h	md5	01a3112e151b829b6ba6d3be7a62726e	md5	423bdfc06b50dcd8cc1ef33aca14c52e	
unchanged	engine	header	vostok/game_test_suite.h	md5	83ca2f29d0576bdd5a113b53ffc5cdc8	md5	83ca2f29d0576bdd5a113b53ffc5cdc8	
unchanged	engine	header	vostok/geometry_primitives.h	md5	6005c7792f8390b7424e9312fa89adcb	md5	6005c7792f8390b7424e9312fa89adcb	
added	engine	header	vostok/hash_map.h			md5	8a67b8574f524187fed683b906e84e57	
added	engine	header	vostok/hash_map_inline.h			md5	e093708130880493496af82091966d68	
unchanged	engine	header	vostok/hash_multiset.h	md5	43e5f6ff4e002768a41384ebca42f09a	md5	43e5f6ff4e002768a41384ebca42f09a	
unchanged	engine	header	vostok/hash_multiset_inline.h	md5	78b8d30322c687a80460e5cd0646fbb5	md5	78b8d30322c687a80460e5cd0646fbb5	
unchanged	engine	header	vostok/input/api.h	md5	09eff3f625f23789759d1c1ac2f686b7	md5	09eff3f625f23789759d1c1ac2f686b7	
unchanged	engine	header	vostok/input/engine.h	md5	c2477b00fbbabc208ec4ac9395a1cc51	md5	c2477b00fbbabc208ec4ac9395a1cc51	
unchanged	engine	header	vostok/input/gamepad.h	md5	8b12748854fedd96993fc4db8ef67b48	md5	8b12748854fedd96993fc4db8ef67b48	
unchanged	engine	header	vostok/input/handler.h	md5	1a0ae9497c17e43efa2cf2766bb14b8b	md5	1a0ae9497c17e43efa2cf2766bb14b8b	
unchanged	engine	header	vostok/input/keyboard.h	md5	dce6cf2fb1bc2a5329d392902714a44e	md5	dce6cf2fb1bc2a5329d392902714a44e	
unchanged	engine	header	vostok/input/library_linkage.h	md5	4c39d2c37a5423e0565175e2e94b7c43	md5	4c39d2c37a5423e0565175e2e94b7c43	
unchanged	engine	header	vostok/input/mouse.h	md5	5425bb7f1b05d0ddd1a9113401949b13	md5	5425bb7f1b05d0ddd1a9113401949b13	
unchanged	engine	header	vostok/input/sources/detail_gamepad.h	md5	8d259dd3e827b251ce5be0b93d4c4553	md5	8d259dd3e827b251ce5be0b93d4c4553	
unchanged	engine	header	vostok/input/sources/detail_keyboard.h	md5	ba586d19ffeb4ba1116b34f44b5186d3	md5	ba586d19ffeb4ba1116b34f44b5186d3	
unchanged	engine	header	vostok/input/sources/detail_mouse.h	md5	e8b47388e4c3df3799501599fe29028b	md5	e8b47388e4c3df3799501599fe29028b	
unchanged	engine	header	vostok/input/sources/direct_input_include.h	md5	809743312651a1d9179421fb307a0334	md5	809743312651a1d9179421fb307a0334	
unchanged	engine	source	vostok/input/sources/input_entry_point.cpp	md5	ac262681fffcf39e2cd6398ff454be48	md5	ac262681fffcf39e2cd6398ff454be48	
unchanged	engine	header	vostok/input/sources/input_memory.h	md5	cb25eda6f1cb74eb26a0fa3e182c1d94	md5	cb25eda6f1cb74eb26a0fa3e182c1d94	
changed	engine	source	vostok/input/sources/input_world.cpp	md5	f883469cfd985df2098101075598e280	md5	8e8340a477fbe854b154bf1da95939f3	
unchanged	engine	header	vostok/input/sources/input_world.h	md5	4b0b57935b16a891ea976ed927808070	md5	4b0b57935b16a891ea976ed927808070	
unchanged	engine	source	vostok/input/sources/input_world_win.cpp	md5	99f73f4443231f9b0d3b08ce4ac9424b	md5	99f73f4443231f9b0d3b08ce4ac9424b	
unchanged	engine	source	vostok/input/sources/journaling_gamepad.cpp	md5	a1546478ef036f23a2f98771d571cc1a	md5	a1546478ef036f23a2f98771d571cc1a	
unchanged	engine	header	vostok/input/sources/journaling_gamepad.h	md5	cca64022e8c635680a3689f53b18dde3	md5	cca64022e8c635680a3689f53b18dde3	
unchanged	engine	source	vostok/input/sources/journaling_input_handler.cpp	md5	07ec78a0809a2f40421fa4dd2f48cf6b	md5	07ec78a0809a2f40421fa4dd2f48cf6b	
unchanged	engine	header	vostok/input/sources/journaling_input_handler.h	md5	b6ca9cc2ba99817b2463f4d261476e2f	md5	b6ca9cc2ba99817b2463f4d261476e2f	
unchanged	engine	source	vostok/input/sources/journaling_keyboard.cpp	md5	1b0620ca5cb52bbfe26d5bfae4c0c459	md5	1b0620ca5cb52bbfe26d5bfae4c0c459	
unchanged	engine	header	vostok/input/sources/journaling_keyboard.h	md5	3116cb42c727bce6cdcd48d77aa517a7	md5	3116cb42c727bce6cdcd48d77aa517a7	
unchanged	engine	source	vostok/input/sources/journaling_mouse.cpp	md5	0a75e6bcdfe10a0ed88eb440e6ee1b13	md5	0a75e6bcdfe10a0ed88eb440e6ee1b13	
unchanged	engine	header	vostok/input/sources/journaling_mouse.h	md5	33bf012f30461013745d776d2147ff3a	md5	33bf012f30461013745d776d2147ff3a	
unchanged	engine	source	vostok/input/sources/pch.cpp	md5	702c332eeb9301ec4c650b9eafbff19c	md5	702c332eeb9301ec4c650b9eafbff19c	
unchanged	engine	header	vostok/input/sources/pch.h	md5	8f6e176cf98798160a3b27679ce9d28d	md5	8f6e176cf98798160a3b27679ce9d28d	
unchanged	engine	header	vostok/input/sources/platform_gamepad.h	md5	0411b654f417212590485d0e55f6dba0	md5	0411b654f417212590485d0e55f6dba0	
unchanged	engine	source	vostok/input/sources/platform_gamepad_win_xbox360.cpp	md5	3891e3d0eb8f1d9f68b7aa446add71fb	md5	3891e3d0eb8f1d9f68b7aa446add71fb	
unchanged	engine	source	vostok/input/sources/platform_keyboard.cpp	md5	787488c5ff9eda8fcf9963ac946ae33e	md5	787488c5ff9eda8fcf9963ac946ae33e	
unchanged	engine	header	vostok/input/sources/platform_keyboard.h	md5	f2c1c7768f9e2c514c52d2d71458a4d7	md5	f2c1c7768f9e2c514c52d2d71458a4d7	
unchanged	engine	source	vostok/input/sources/platform_keyboard_win.cpp	md5	1091d254344e89348a281af7be8326c3	md5	1091d254344e89348a281af7be8326c3	
unchanged	engine	source	vostok/input/sources/platform_mouse.cpp	md5	c73bdd66e4aa526a0e08044bcddeab34	md5	c73bdd66e4aa526a0e08044bcddeab34	
unchanged	engine	header	vostok/input/sources/platform_mouse.h	md5	79952969d945340ba9fa7f535493c694	md5	79952969d945340ba9fa7f535493c694	
unchanged	engine	source	vostok/input/sources/platform_mouse_win.cpp	md5	38f5519ca1823d74a0dfec2d041e4064	md5	38f5519ca1823d74a0dfec2d041e4064	
unchanged	engine	header	vostok/input/world.h	md5	7db5ad2ed6febeb5d3cfc5fac619f3ac	md5	7db5ad2ed6febeb5d3cfc5fac619f3ac	
unchanged	engine	header	vostok/intrusive_double_linked_list.h	md5	7959b28b0d36b8349e52bcf7787226a0	md5	7959b28b0d36b8349e52bcf7787226a0	
unchanged	engine	header	vostok/intrusive_double_linked_list_inline.h	md5	726f3789211a9df8d5a1c0ec7e3a80b5	md5	726f3789211a9df8d5a1c0ec7e3a80b5	
unchanged	engine	header	vostok/intrusive_list.h	md5	3f0fdcc3247b4a485d3b491128abed41	md5	3f0fdcc3247b4a485d3b491128abed41	
unchanged	engine	header	vostok/intrusive_list_inline.h	md5	dc484f29efb135098e50b638a74914d1	md5	dc484f29efb135098e50b638a74914d1	
unchanged	engine	header	vostok/intrusive_mpmc_stack.h	md5	4717597982aa2178c23441cab07c6b7c	md5	4717597982aa2178c23441cab07c6b7c	
unchanged	engine	header	vostok/intrusive_mpmc_stack_inline.h	md5	bb5f86ac8cc76b796a1910d687e1d86e	md5	bb5f86ac8cc76b796a1910d687e1d86e	
unchanged	engine	header	vostok/intrusive_mpsc_queue.h	md5	f4630806547dd94df02542d737bc06d2	md5	f4630806547dd94df02542d737bc06d2	
unchanged	engine	header	vostok/intrusive_mpsc_queue_inline.h	md5	3e2c495889240662d1ba27953ef6dfd2	md5	3e2c495889240662d1ba27953ef6dfd2	
unchanged	engine	header	vostok/intrusive_ptr.h	md5	e2c9f90df5681375f251eefec0a3508a	md5	e2c9f90df5681375f251eefec0a3508a	
unchanged	engine	header	vostok/intrusive_ptr_inline.h	md5	c0971a615cb1bd2f1680393aa88b0394	md5	c0971a615cb1bd2f1680393aa88b0394	
unchanged	engine	header	vostok/intrusive_queue.h	md5	5b53bec2d7f9822d39d810d4e3a1d4cf	md5	5b53bec2d7f9822d39d810d4e3a1d4cf	
unchanged	engine	header	vostok/intrusive_queue_inline.h	md5	cb71355431a5f642f13f8f86cc5d71bc	md5	cb71355431a5f642f13f8f86cc5d71bc	
unchanged	engine	header	vostok/intrusive_spsc_queue.h	md5	de77d8d1ef01361b86e26846ca852189	md5	de77d8d1ef01361b86e26846ca852189	
unchanged	engine	header	vostok/intrusive_spsc_queue_inline.h	md5	e3d9e67993946c281cae26b855d7a587	md5	e3d9e67993946c281cae26b855d7a587	
unchanged	engine	header	vostok/journaling_extensions.h	md5	c1368135b3bd3d26347bbc927d575c22	md5	c1368135b3bd3d26347bbc927d575c22	
unchanged	engine	header	vostok/journaling_is_serializable.h	md5	08b186d4ea587f2e6fb76a810820f7b5	md5	08b186d4ea587f2e6fb76a810820f7b5	
unchanged	engine	header	vostok/journaling_journal.h	md5	4651c0db25a0626c6fe3dc4380c05fe4	md5	4651c0db25a0626c6fe3dc4380c05fe4	
unchanged	engine	header	vostok/journaling_reader.h	md5	a977e02c70dd9a95b5698351f60ac9fd	md5	a977e02c70dd9a95b5698351f60ac9fd	
unchanged	engine	header	vostok/journaling_reader_inline.h	md5	7bf0ef33655d1f7f38103b7cfd056c49	md5	7bf0ef33655d1f7f38103b7cfd056c49	
unchanged	engine	header	vostok/journaling_writer.h	md5	eac3cdb33412fbd1c76de16998084e43	md5	eac3cdb33412fbd1c76de16998084e43	
unchanged	engine	header	vostok/journaling_writer_inline.h	md5	5f2ebf336811da333bb99f1795469522	md5	5f2ebf336811da333bb99f1795469522	
unchanged	engine	header	vostok/limited_intrusive_list.h	md5	4336faf04d1bbc26b9fb2b10be7df3af	md5	4336faf04d1bbc26b9fb2b10be7df3af	
unchanged	engine	header	vostok/limited_intrusive_list_inline.h	md5	1ceac88dee023bce577c1743eb8aa9b6	md5	1ceac88dee023bce577c1743eb8aa9b6	
unchanged	engine	header	vostok/linkage_helper.h	md5	9e97b41b963101940a08a7b3d1e82c7e	md5	9e97b41b963101940a08a7b3d1e82c7e	
unchanged	engine	header	vostok/list.h	md5	ab86327d3c01689ffb450077d0bc8a69	md5	ab86327d3c01689ffb450077d0bc8a69	
unchanged	engine	header	vostok/logging/api.h	md5	be993ce8916f46755dcb482684092644	md5	be993ce8916f46755dcb482684092644	
unchanged	engine	header	vostok/logging/base_allocator.h	md5	aa46f21875268260db761bb540320791	md5	aa46f21875268260db761bb540320791	
unchanged	engine	header	vostok/logging/base_fs_device.h	md5	a3389d31fb3662172fbad1a4d8a09ccc	md5	a3389d31fb3662172fbad1a4d8a09ccc	
unchanged	engine	header	vostok/logging/base_fs_file.h	md5	7d123b7929e8f7b81dc53fefa2c73b83	md5	7d123b7929e8f7b81dc53fefa2c73b83	
unchanged	engine	header	vostok/logging/filter.h	md5	faa598d7f45cb54978e78b52c857e0bb	md5	faa598d7f45cb54978e78b52c857e0bb	
unchanged	engine	header	vostok/logging/format.h	md5	62d6dbdf1922bdd38e5303f323bef0be	md5	62d6dbdf1922bdd38e5303f323bef0be	
unchanged	engine	header	vostok/logging/format_specifier.h	md5	ec4cfc681e3b8ffd1c012265c072b7f5	md5	ec4cfc681e3b8ffd1c012265c072b7f5	
unchanged	engine	header	vostok/logging/fs_new_device_impl.h	md5	0d41910f93c58c33ad726d0a50ada292	md5	0d41910f93c58c33ad726d0a50ada292	
unchanged	engine	header	vostok/logging/fs_new_file_impl.h	md5	276541d68a8bb52dca95472f5e41ddb8	md5	276541d68a8bb52dca95472f5e41ddb8	
unchanged	engine	header	vostok/logging/library_linkage.h	md5	4f3d22c8f7d64d63f8902c48e586c725	md5	4f3d22c8f7d64d63f8902c48e586c725	
unchanged	engine	header	vostok/logging/log_file.h	md5	c34121057694be5aaa1bb5d975d04a19	md5	c34121057694be5aaa1bb5d975d04a19	
unchanged	engine	header	vostok/logging/memory_base_allocator_wrapper.h	md5	86b538cea9100fe1d8bc15eac97a5a41	md5	86b538cea9100fe1d8bc15eac97a5a41	
unchanged	engine	header	vostok/logging/noncopyable.h	md5	11881031d8abf80d26c0574346d934d7	md5	11881031d8abf80d26c0574346d934d7	
unchanged	engine	source	vostok/logging/sources/filter_tree.cpp	md5	0b16c2d5378e72add3edcb8c6b69a55f	md5	0b16c2d5378e72add3edcb8c6b69a55f	
unchanged	engine	header	vostok/logging/sources/filter_tree.h	md5	4429f96e218f388a5cb737ac7b426b1b	md5	4429f96e218f388a5cb737ac7b426b1b	
unchanged	engine	source	vostok/logging/sources/filter_tree_node.cpp	md5	1a236e0a1844d8001e2fe8ace7632892	md5	1a236e0a1844d8001e2fe8ace7632892	
unchanged	engine	header	vostok/logging/sources/filter_tree_node.h	md5	4a1b812ee69182e49ae2a3326bef7b20	md5	4a1b812ee69182e49ae2a3326bef7b20	
unchanged	engine	header	vostok/logging/sources/filter_tree_node_base.h	md5	2998ffce6c6f3a6c02ec239db36a6ecd	md5	2998ffce6c6f3a6c02ec239db36a6ecd	
unchanged	engine	source	vostok/logging/sources/format_specifier.cpp	md5	133c025dc36e6da31bd2bc68e8c13b2d	md5	133c025dc36e6da31bd2bc68e8c13b2d	
unchanged	engine	source	vostok/logging/sources/log_file.cpp	md5	05be924cd6f71a581fd6b7115838495c	md5	05be924cd6f71a581fd6b7115838495c	
unchanged	engine	source	vostok/logging/sources/logger.cpp	md5	8893c6ee74cf992124d6dc5136cdb330	md5	8893c6ee74cf992124d6dc5136cdb330	
unchanged	engine	source	vostok/logging/sources/logger_win_xbox360.cpp	md5	0967ba7902a291baa08a8b6949e0e3ff	md5	0967ba7902a291baa08a8b6949e0e3ff	
unchanged	engine	source	vostok/logging/sources/path_parts.cpp	md5	0d91d54cc63682f53bd77d4328d08a63	md5	0d91d54cc63682f53bd77d4328d08a63	
unchanged	engine	header	vostok/logging/sources/path_parts.h	md5	ccdec665231fd2f22c74222834b15ba7	md5	ccdec665231fd2f22c74222834b15ba7	
unchanged	engine	source	vostok/logging/sources/pch.cpp	md5	87f390e6db17b9f83600d3945148290b	md5	87f390e6db17b9f83600d3945148290b	
unchanged	engine	header	vostok/logging/sources/pch.h	md5	fabb53edb8f6b6673559dd045972b0c2	md5	fabb53edb8f6b6673559dd045972b0c2	
unchanged	engine	header	vostok/logging_extensions.h	md5	708d243663204ff60b450ae88d203207	md5	708d243663204ff60b450ae88d203207	
unchanged	engine	header	vostok/logging_filters_console_command.h	md5	0df6297f625263f364ddb1bccbf7edac	md5	0df6297f625263f364ddb1bccbf7edac	
changed	engine	header	vostok/login_server/constants.h	md5	cbedba3386e0035a6cec7b5cf7d5a1c5	md5	426671558ca78ee19738dff43d3bf6da	
unchanged	engine	header	vostok/login_server/login_structures.h	md5	9f9f1b967a7386726390b5163c0cc8a9	md5	9f9f1b967a7386726390b5163c0cc8a9	
unchanged	engine	header	vostok/loose_ptr.h	md5	56dc2fced0cf6b096d34a64b6593693b	md5	56dc2fced0cf6b096d34a64b6593693b	
unchanged	engine	header	vostok/loose_ptr_base.h	md5	4ef1afd05195873109c83e90b8bdd389	md5	4ef1afd05195873109c83e90b8bdd389	
unchanged	engine	header	vostok/loose_ptr_base_a.h	md5	92f01263d3617ca8d4c96ac37533aa09	md5	92f01263d3617ca8d4c96ac37533aa09	
unchanged	engine	header	vostok/loose_ptr_base_inline.h	md5	8c4e48e2cf567b0505bec1a7702378c6	md5	8c4e48e2cf567b0505bec1a7702378c6	
unchanged	engine	header	vostok/loose_ptr_data.h	md5	42db12c3da9886878d19e8f2218578f7	md5	42db12c3da9886878d19e8f2218578f7	
unchanged	engine	header	vostok/loose_ptr_data_inline.h	md5	061994f35b05ce87e7b6023000fcc3b4	md5	061994f35b05ce87e7b6023000fcc3b4	
unchanged	engine	header	vostok/loose_ptr_inline.h	md5	8da1a06d5c1e0b0bec06c896a427800b	md5	8da1a06d5c1e0b0bec06c896a427800b	
unchanged	engine	header	vostok/macro_building.h	md5	2367175a12f60771c27db10f8e6a73a7	md5	2367175a12f60771c27db10f8e6a73a7	
unchanged	engine	header	vostok/macro_compile_assert.h	md5	8b5b94759a113499028f591e28c6c18c	md5	8b5b94759a113499028f591e28c6c18c	
unchanged	engine	header	vostok/macro_compiler.h	md5	72aa98f28402d14918f3a4e26ce7c59c	md5	72aa98f28402d14918f3a4e26ce7c59c	
unchanged	engine	header	vostok/macro_extensions.h	md5	d4f0ea814c44d41e741d568f10564520	md5	d4f0ea814c44d41e741d568f10564520	
unchanged	engine	header	vostok/macro_library_name.h	md5	830927e00279767a568ce6f249f23d64	md5	830927e00279767a568ce6f249f23d64	
unchanged	engine	header	vostok/macro_platform.h	md5	988051229890ccacff939d781790f169	md5	988051229890ccacff939d781790f169	
unchanged	engine	header	vostok/macro_strings.h	md5	f64c0da23d255aa7fd2f634dd082dc06	md5	f64c0da23d255aa7fd2f634dd082dc06	
unchanged	engine	header	vostok/macro_todo.h	md5	4d9cd2c0f5eb87bced381d0b56bdcf51	md5	4d9cd2c0f5eb87bced381d0b56bdcf51	
unchanged	engine	header	vostok/macro_unreferenced_parameter.h	md5	6576102335822f8980daa20ee75524e9	md5	6576102335822f8980daa20ee75524e9	
unchanged	engine	header	vostok/managed_allocator.h	md5	825719a0817055ec2eaf6ef497632661	md5	825719a0817055ec2eaf6ef497632661	
unchanged	engine	header	vostok/managed_allocator_base.h	md5	a7937f9e71cc0aa52224ff790133fa8d	md5	a7937f9e71cc0aa52224ff790133fa8d	
unchanged	engine	header	vostok/managed_node_owner.h	md5	c6bc77b6e68c99593087643dc9f4cf33	md5	c6bc77b6e68c99593087643dc9f4cf33	
unchanged	engine	header	vostok/map.h	md5	5d926addc86eee1008e73b46742df180	md5	5d926addc86eee1008e73b46742df180	
unchanged	engine	header	vostok/map_inline.h	md5	82594e3771c750f87a2d90cb76584fbe	md5	82594e3771c750f87a2d90cb76584fbe	
added	engine	header	vostok/match_maker/sources/active_quest.h			md5	57bc8b9d4653c90df5ae9b803442aef1	
unchanged	engine	header	vostok/math_aabb.h	md5	e1ae9c68775aa96ec72e163810ad7d90	md5	e1ae9c68775aa96ec72e163810ad7d90	
unchanged	engine	header	vostok/math_aabb_inline.h	md5	2da5f4fc1b897c8ec5a487871fb5967a	md5	2da5f4fc1b897c8ec5a487871fb5967a	
unchanged	engine	header	vostok/math_aabb_plane.h	md5	02e438122392fbb77be56d51cd1d1efa	md5	02e438122392fbb77be56d51cd1d1efa	
unchanged	engine	header	vostok/math_color.h	md5	f550d844c9bd8f17e0792a485a9cda1d	md5	f550d844c9bd8f17e0792a485a9cda1d	
unchanged	engine	header	vostok/math_constants.h	md5	a323ca64cd439481fbf2ad02f79e5bbf	md5	a323ca64cd439481fbf2ad02f79e5bbf	
unchanged	engine	header	vostok/math_convex.h	md5	256f19f5ac5cb0d4bdd1d6b8ece3ac72	md5	256f19f5ac5cb0d4bdd1d6b8ece3ac72	
unchanged	engine	header	vostok/math_cuboid.h	md5	43e0e01f12616f3b57c6a625fca81f41	md5	43e0e01f12616f3b57c6a625fca81f41	
unchanged	engine	header	vostok/math_curve.h	md5	4f44d42bab897c66705ef056a99e0acf	md5	4f44d42bab897c66705ef056a99e0acf	
unchanged	engine	header	vostok/math_curve_inline.h	md5	5c6d65c8da685b230c936b88838a4c84	md5	5c6d65c8da685b230c936b88838a4c84	
unchanged	engine	header	vostok/math_extensions.h	md5	a1c2fa73478cd88a7e131379551dec14	md5	a1c2fa73478cd88a7e131379551dec14	
unchanged	engine	header	vostok/math_float2.h	md5	30abe940fa8c5515daa9f9cf545a1e6e	md5	30abe940fa8c5515daa9f9cf545a1e6e	
unchanged	engine	header	vostok/math_float2_inline.h	md5	d80caee927a01bcc72fa7ab40b300d23	md5	d80caee927a01bcc72fa7ab40b300d23	
unchanged	engine	header	vostok/math_float3.h	md5	e426878954b5151dc97e365a0bcfd1ab	md5	e426878954b5151dc97e365a0bcfd1ab	
unchanged	engine	header	vostok/math_float3_inline.h	md5	ced5a0f1a5c6c96c2aaecde1dc52d77d	md5	ced5a0f1a5c6c96c2aaecde1dc52d77d	
unchanged	engine	header	vostok/math_float4.h	md5	b14867b80599fc4198091d900979fd13	md5	b14867b80599fc4198091d900979fd13	
unchanged	engine	header	vostok/math_float4_inline.h	md5	fc5b5b4c22396088a117e30e661e13c6	md5	fc5b5b4c22396088a117e30e661e13c6	
unchanged	engine	header	vostok/math_float4x4.h	md5	1b2145bb17934afff503deda0d7d4422	md5	1b2145bb17934afff503deda0d7d4422	
unchanged	engine	header	vostok/math_float4x4_inline.h	md5	b6a925982779cf05ed6d6d8ec28bd74c	md5	b6a925982779cf05ed6d6d8ec28bd74c	
unchanged	engine	header	vostok/math_frustum.h	md5	558bd9e9f361cda17179f277cbc6f740	md5	558bd9e9f361cda17179f277cbc6f740	
unchanged	engine	header	vostok/math_functions.h	md5	d9040b132aa1152a84551857cff6bd20	md5	d9040b132aa1152a84551857cff6bd20	
unchanged	engine	header	vostok/math_functions_inline.h	md5	585e50d51f3c9efd68ae69005e5eedec	md5	585e50d51f3c9efd68ae69005e5eedec	
unchanged	engine	header	vostok/math_half.h	md5	638b5b50716ab4c93eef70a02a97e99e	md5	638b5b50716ab4c93eef70a02a97e99e	
unchanged	engine	header	vostok/math_half_inline.h	md5	a628e9a472c4069d69e7bf218b4ebc5b	md5	a628e9a472c4069d69e7bf218b4ebc5b	
unchanged	engine	header	vostok/math_int2.h	md5	067c44982ab31cb8659e3d7ea2f86a67	md5	067c44982ab31cb8659e3d7ea2f86a67	
unchanged	engine	header	vostok/math_int2_inline.h	md5	1004e6361ed978882d45d0a4f8e021c1	md5	1004e6361ed978882d45d0a4f8e021c1	
unchanged	engine	header	vostok/math_permutations.h	md5	dfca17ac7b0a5fa22183e64f6bb89b94	md5	dfca17ac7b0a5fa22183e64f6bb89b94	
unchanged	engine	header	vostok/math_plane.h	md5	37dd7688f17b824bdd10cebb72138c0a	md5	37dd7688f17b824bdd10cebb72138c0a	
unchanged	engine	header	vostok/math_plane_inline.h	md5	492b8ce1258752d15c50c39f5c729b34	md5	492b8ce1258752d15c50c39f5c729b34	
unchanged	engine	header	vostok/math_quaternion.h	md5	ee5def74d716389d8688e31e8acf4614	md5	ee5def74d716389d8688e31e8acf4614	
unchanged	engine	header	vostok/math_quaternion_inline.h	md5	4c00a3762be99f33de438b72ea0c9752	md5	4c00a3762be99f33de438b72ea0c9752	
unchanged	engine	header	vostok/math_randoms_generator.h	md5	5b096dc523b6023b4b6439dcfc9f927b	md5	5b096dc523b6023b4b6439dcfc9f927b	
unchanged	engine	header	vostok/math_randoms_table.h	md5	a03939dbe40733365534556f6892f981	md5	a03939dbe40733365534556f6892f981	
unchanged	engine	header	vostok/math_randoms_table_inline.h	md5	b8ed873282bb53edd1749a27ab8e88c6	md5	b8ed873282bb53edd1749a27ab8e88c6	
unchanged	engine	header	vostok/math_rectangle.h	md5	faccc6f85a87bd6ac669e93b1a9464e6	md5	faccc6f85a87bd6ac669e93b1a9464e6	
unchanged	engine	header	vostok/math_rectangle_inline.h	md5	9fdd25ee96d7972634e2d92aff2dddba	md5	9fdd25ee96d7972634e2d92aff2dddba	
unchanged	engine	header	vostok/math_serializable_random_generator.h	md5	4c4320169916c64ac836c1e2b6132c76	md5	4c4320169916c64ac836c1e2b6132c76	
unchanged	engine	header	vostok/math_sphere.h	md5	c4a76889b9af378e58229cfe8da3a330	md5	c4a76889b9af378e58229cfe8da3a330	
unchanged	engine	header	vostok/math_sphere_inline.h	md5	301de1e00c9f060a07b5c3f2d589a335	md5	301de1e00c9f060a07b5c3f2d589a335	
unchanged	engine	header	vostok/math_uint2.h	md5	2dd7d70d1bd5215f0b969575b9e58f07	md5	2dd7d70d1bd5215f0b969575b9e58f07	
unchanged	engine	header	vostok/math_uint2_inline.h	md5	c978daac79b0435a7e3a9a7a86329cc6	md5	c978daac79b0435a7e3a9a7a86329cc6	
unchanged	engine	header	vostok/maya_animation/api.h	md5	526fe371b8da12c03f1e0e6cf115c008	md5	526fe371b8da12c03f1e0e6cf115c008	
unchanged	engine	header	vostok/memory_allocated_buffer.h	md5	fd0da54ea7bc1010279953141c26aab4	md5	fd0da54ea7bc1010279953141c26aab4	
unchanged	engine	header	vostok/memory_allocator_adapter.h	md5	28e0292bd7cfb154e7ae8b87724208cc	md5	28e0292bd7cfb154e7ae8b87724208cc	
unchanged	engine	header	vostok/memory_allocator_helper.h	md5	a62b53330ab49b122f220ce91701b79f	md5	a62b53330ab49b122f220ce91701b79f	
unchanged	engine	header	vostok/memory_allocator_helper_inline.h	md5	619d9da1c8c905f314bc31acf7a4a8f8	md5	619d9da1c8c905f314bc31acf7a4a8f8	
unchanged	engine	header	vostok/memory_array_chunk_reader.h	md5	027a420dbe3e58f90778898bad6a6846	md5	027a420dbe3e58f90778898bad6a6846	
unchanged	engine	header	vostok/memory_array_chunk_reader_inline.h	md5	ea3fcd98909d88e78446a5f9371d76d1	md5	ea3fcd98909d88e78446a5f9371d76d1	
unchanged	engine	header	vostok/memory_associative_chunk_reader.h	md5	ce43f560520aa76be2a8da9c58f44e93	md5	ce43f560520aa76be2a8da9c58f44e93	
unchanged	engine	header	vostok/memory_associative_chunk_reader_inline.h	md5	b8c9a36e88b123c2d0dceec236ae5e8b	md5	b8c9a36e88b123c2d0dceec236ae5e8b	
unchanged	engine	header	vostok/memory_base_allocator.h	md5	357304893305c640eb71f753557f5e17	md5	357304893305c640eb71f753557f5e17	
unchanged	engine	header	vostok/memory_buffer.h	md5	6cd3a1012b08398f43020ba4372499bb	md5	6cd3a1012b08398f43020ba4372499bb	
unchanged	engine	header	vostok/memory_buffer_inline.h	md5	f854a356ed1d955952ef0e63e0305db0	md5	f854a356ed1d955952ef0e63e0305db0	
unchanged	engine	header	vostok/memory_chunk_reader.h	md5	4c79a05c74079964ad347e6f558b64ca	md5	4c79a05c74079964ad347e6f558b64ca	
unchanged	engine	header	vostok/memory_crt_allocator.h	md5	55caca0363d27c5c3c46d790afcae91f	md5	55caca0363d27c5c3c46d790afcae91f	
unchanged	engine	header	vostok/memory_debug.h	md5	9d25c8bdcb4ee16f2e4d7d32575f2205	md5	9d25c8bdcb4ee16f2e4d7d32575f2205	
unchanged	engine	header	vostok/memory_debug_allocator.h	md5	614b684386fcc146bdbf2429b181765a	md5	614b684386fcc146bdbf2429b181765a	
unchanged	engine	header	vostok/memory_debug_parameters.h	md5	9eb3cd9ac441dcfdb354c69674ec80cf	md5	9eb3cd9ac441dcfdb354c69674ec80cf	
unchanged	engine	header	vostok/memory_doug_lea_allocator.h	md5	c91558abe63b01cc3a82507fcbd2aaf3	md5	c91558abe63b01cc3a82507fcbd2aaf3	
unchanged	engine	header	vostok/memory_doug_lea_mt_allocator.h	md5	a528bfdf507de83d75a7989148ef1647	md5	a528bfdf507de83d75a7989148ef1647	
unchanged	engine	header	vostok/memory_extensions.h	md5	5873458973a4998adaa1e67095b66d24	md5	5873458973a4998adaa1e67095b66d24	
unchanged	engine	header	vostok/memory_fixed_size_allocator.h	md5	ac3ec28b644e966c37e4c21c43495686	md5	ac3ec28b644e966c37e4c21c43495686	
unchanged	engine	header	vostok/memory_fixed_size_allocator_inline.h	md5	429a7cc846bc69c7a74c37be89d5f273	md5	429a7cc846bc69c7a74c37be89d5f273	
unchanged	engine	header	vostok/memory_macros.h	md5	4f424623fd89ad644ffb9c19764d71d9	md5	4f424623fd89ad644ffb9c19764d71d9	
unchanged	engine	header	vostok/memory_multi_threading_single_size_allocator_policy.h	md5	875d5b651ff5338b616ef17176f5b56b	md5	875d5b651ff5338b616ef17176f5b56b	
unchanged	engine	header	vostok/memory_multi_threading_single_size_allocator_policy_inline.h	md5	34dc824af2660a9a02b91149709e8fc3	md5	34dc824af2660a9a02b91149709e8fc3	
unchanged	engine	header	vostok/memory_override_operators.h	md5	0bf282d1ce6b034bd4f69a17c38ff01a	md5	0bf282d1ce6b034bd4f69a17c38ff01a	
unchanged	engine	header	vostok/memory_pthreads3_allocator.h	md5	2152e4630560674be4cc6b35aed48699	md5	2152e4630560674be4cc6b35aed48699	
unchanged	engine	header	vostok/memory_reader.h	md5	e098439a6a33c0a2d1668ab70ac244f5	md5	e098439a6a33c0a2d1668ab70ac244f5	
unchanged	engine	header	vostok/memory_reader_inline.h	md5	6113f3f59d80d498ed65e327b3521fc5	md5	6113f3f59d80d498ed65e327b3521fc5	
unchanged	engine	header	vostok/memory_reader_wrapper.h	md5	c59422c77a442f52fd62620177700f85	md5	c59422c77a442f52fd62620177700f85	
unchanged	engine	header	vostok/memory_reader_wrapper_inline.h	md5	476874ab2846a2009f96df02ee68897f	md5	476874ab2846a2009f96df02ee68897f	
unchanged	engine	header	vostok/memory_sequential_chunk_reader.h	md5	f0775fb11df2b689ddcf8dc0fc7a08f6	md5	f0775fb11df2b689ddcf8dc0fc7a08f6	
unchanged	engine	header	vostok/memory_sequential_chunk_reader_inline.h	md5	62fb5089451a7fb8f55beff8628480b1	md5	62fb5089451a7fb8f55beff8628480b1	
unchanged	engine	header	vostok/memory_single_size_buffer_allocator.h	md5	4048d024b60520168d686345a484de01	md5	4048d024b60520168d686345a484de01	
unchanged	engine	header	vostok/memory_single_size_buffer_allocator_inline.h	md5	0f03369215c932310c95b592e1c2c1fd	md5	0f03369215c932310c95b592e1c2c1fd	
unchanged	engine	header	vostok/memory_single_size_fixed_allocator.h	md5	631764d400fcc3bb2f7bb8e913d6635b	md5	631764d400fcc3bb2f7bb8e913d6635b	
unchanged	engine	header	vostok/memory_single_threading_single_size_allocator_policy.h	md5	a7a752d45e6a45f8e4ead7a3671e7b23	md5	a7a752d45e6a45f8e4ead7a3671e7b23	
unchanged	engine	header	vostok/memory_single_threading_single_size_allocator_policy_inline.h	md5	5bcb4f89e16e1a6a27bdc7cf95721b56	md5	5bcb4f89e16e1a6a27bdc7cf95721b56	
unchanged	engine	header	vostok/memory_stack_allocator.h	md5	4a21f86315fbd225f60c09fbcf87ef61	md5	4a21f86315fbd225f60c09fbcf87ef61	
changed	engine	header	vostok/memory_stream.h	md5	50a39d92d0eb2d07d045676d3c0b57d9	md5	c2226b515d5532df156c363aa36a8182	
changed	engine	header	vostok/memory_stream_inline.h	md5	4f841afe5a6d300eeff587ff11699739	md5	4e474b81b1821a6fb32b2ca87d962878	
unchanged	engine	header	vostok/memory_writer.h	md5	77d57ba62f5113d823035a88170e1579	md5	77d57ba62f5113d823035a88170e1579	
unchanged	engine	header	vostok/memory_writer_inline.h	md5	8f2633955ed3d8dd77099584b9b2d8c3	md5	8f2633955ed3d8dd77099584b9b2d8c3	
unchanged	engine	header	vostok/multimap.h	md5	ebd36ef02043ec91d3c82b21fffe8c4f	md5	ebd36ef02043ec91d3c82b21fffe8c4f	
unchanged	engine	header	vostok/multimap_inline.h	md5	04791dbfe02d4a515d2e19002ff4dca8	md5	04791dbfe02d4a515d2e19002ff4dca8	
unchanged	engine	header	vostok/multiset.h	md5	20b9b9c427f6423e42460e46b7857dbc	md5	20b9b9c427f6423e42460e46b7857dbc	
unchanged	engine	header	vostok/multiset_inline.h	md5	1f95526555061a07817ce473a138548f	md5	1f95526555061a07817ce473a138548f	
unchanged	engine	header	vostok/network/api.h	md5	6c15f8cde21f2806017866b9ca8fe666	md5	6c15f8cde21f2806017866b9ca8fe666	
unchanged	engine	header	vostok/network/connection_info.h	md5	cfea48e482312baaa4874b22dc9030ea	md5	cfea48e482312baaa4874b22dc9030ea	
unchanged	engine	header	vostok/network/engine.h	md5	63c4f41c906d162ba837165a0e32e8f2	md5	63c4f41c906d162ba837165a0e32e8f2	
unchanged	engine	header	vostok/network/http_client.h	md5	81846f9d4aa88ef34f60b7579db47921	md5	81846f9d4aa88ef34f60b7579db47921	
unchanged	engine	header	vostok/network/library_linkage.h	md5	653d67dd53380bbb738e8a6fc99ce02a	md5	653d67dd53380bbb738e8a6fc99ce02a	
changed	engine	header	vostok/network/lobby_options.h	md5	fbe71e3152f18e7f8d7bc6b1378cdc44	md5	d6dc0aca105f0e0c42931045791d3180	
changed	engine	header	vostok/network/login_client.h	md5	a5ef33d7d23d4f0601fce93d88b5448a	md5	d93f6acf056411aa9484df41c48d161e	
unchanged	engine	header	vostok/network/login_options.h	md5	af931506adaafdd9522dc06bdefdf53d	md5	af931506adaafdd9522dc06bdefdf53d	
changed	engine	header	vostok/network/match_client.h	md5	210c97068720107cf1de56203a3a28f7	md5	bd0a0aabbba81e89b4188644ab91cabe	
changed	engine	header	vostok/network/message_types.h	md5	cb5a22a8880bca8c2e16ca0dcd648dc7	md5	0caff47ca0d3482dd2340bc35c47c64e	
changed	engine	header	vostok/network/messaging_client.h	md5	f251293d2e93c33031156d7b40e811c5	md5	4b50e7dc3b947f602902cbdd33cd6863	
changed	engine	header	vostok/network/sources/connect_order.h	md5	4be6b8cc148a24d797cd22730854793a	md5	e5503cfc49409560802316c49839decd	
changed	engine	header	vostok/network/sources/enqueue_order.h	md5	38427b3e6c1ee212467b14dbfae1d3e6	md5	9173c07082cc103deafc843049c86013	
unchanged	engine	header	vostok/network/sources/functor_order.h	md5	7e9c9729dba719ddc1d81e781669ee47	md5	7e9c9729dba719ddc1d81e781669ee47	
unchanged	engine	header	vostok/network/sources/functor_response.h	md5	38b466631e69a1640cbf530650f7750e	md5	38b466631e69a1640cbf530650f7750e	
unchanged	engine	source	vostok/network/sources/http_client.cpp	md5	8cdbcae640c0312a1c9b106603e0902d	md5	8cdbcae640c0312a1c9b106603e0902d	
changed	engine	source	vostok/network/sources/login_client.cpp	md5	51103566cc1eecfa08bc04e0a950620d	md5	f3b559c19d59fe3ca92956fd26423b14	
changed	engine	source	vostok/network/sources/login_client_impl.cpp	md5	63839e36a1717cfaa617e1008b791061	md5	deb070c5fe37fbec99b6f6ded38522c8	
changed	engine	header	vostok/network/sources/login_client_impl.h	md5	3debc9c33d81ca22d0c1ac2111124399	md5	4dcdcd2a66d6a0cac184dadbd79f5725	
unchanged	engine	source	vostok/network/sources/login_client_impl_connect.cpp	md5	61405d47f3e47a00be18eef7240b5d00	md5	61405d47f3e47a00be18eef7240b5d00	
unchanged	engine	source	vostok/network/sources/login_client_impl_handshake.cpp	md5	0357ade46b88d71f1866ae4db3354211	md5	0357ade46b88d71f1866ae4db3354211	
changed	engine	source	vostok/network/sources/login_client_impl_ping.cpp	md5	1f2865ecc661b22e27054c09419542d5	md5	9406d7e1ff4e20987a468abb371db58f	
unchanged	engine	source	vostok/network/sources/login_client_impl_resolve.cpp	md5	4d031276c63677b91967fcc63a81f6a5	md5	4d031276c63677b91967fcc63a81f6a5	
changed	engine	source	vostok/network/sources/login_client_impl_sign_in.cpp	md5	7119205523b138400b815b81fe89b2fc	md5	e070217cf0b4ec4a1dca4963efa8652c	
unchanged	engine	source	vostok/network/sources/login_client_impl_sign_out.cpp	md5	5406de59741ba02287db91babf28c009	md5	5406de59741ba02287db91babf28c009	
unchanged	engine	source	vostok/network/sources/login_client_impl_sign_up.cpp	md5	930b5eb67621001e8958e9ea774df851	md5	930b5eb67621001e8958e9ea774df851	
changed	engine	source	vostok/network/sources/match_client.cpp	md5	dd6b4c92d378564575cee4fcefdc78d4	md5	c3373c4945775ef1f151e386d396e4c2	
changed	engine	source	vostok/network/sources/match_client_impl.cpp	md5	a678c2fae1a496ef7f8eb167f0ba77b3	md5	0c93960105b3e9d45fe4789ab1e6344c	
changed	engine	header	vostok/network/sources/match_client_impl.h	md5	ce8fbc79757a5d1c9fb3441eaa0c4a53	md5	243fb74542bf2df3266cbbdeadd9a8df	
unchanged	engine	source	vostok/network/sources/network_entry_point.cpp	md5	ced9e3de44dd0116b5c9457bca83dfc3	md5	ced9e3de44dd0116b5c9457bca83dfc3	
unchanged	engine	header	vostok/network/sources/network_memory.h	md5	156b3cd70bce8d7eb2978b980c6bac06	md5	156b3cd70bce8d7eb2978b980c6bac06	
changed	engine	source	vostok/network/sources/network_world.cpp	md5	35cc9ef56ed4efed7003a319a0c0c8cc	md5	f595b756b65b8108c6e0e9a07d34b821	
unchanged	engine	header	vostok/network/sources/network_world.h	md5	8daf7359cc2ebfc9cc5a18741278baa9	md5	8daf7359cc2ebfc9cc5a18741278baa9	
unchanged	engine	header	vostok/network/sources/order.h	md5	e7216126503f98b3e3eab41d2f2fd942	md5	e7216126503f98b3e3eab41d2f2fd942	
unchanged	engine	source	vostok/network/sources/pch.cpp	md5	013a94ccd99d68bd82e5bad146a06e32	md5	013a94ccd99d68bd82e5bad146a06e32	
unchanged	engine	header	vostok/network/sources/pch.h	md5	11b740c60818d9a3dd6b0ef2dd159861	md5	11b740c60818d9a3dd6b0ef2dd159861	
unchanged	engine	header	vostok/network/sources/receive_response.h	md5	d9ce7dc6902be1b0770f393a3d3bdb32	md5	d9ce7dc6902be1b0770f393a3d3bdb32	
changed	engine	header	vostok/network/sources/receive_udp_response.h	md5	1cc771c0500ea3d0bc17b369c84be132	md5	7200efe4b21488e4ad2fcad92f68cb2b	
unchanged	engine	header	vostok/network/sources/response.h	md5	85a083c07e8e9a27a99dc1825d4852ec	md5	85a083c07e8e9a27a99dc1825d4852ec	
unchanged	engine	header	vostok/network/sources/send_order.h	md5	efdce1443cebf55a0367790ca18b3397	md5	efdce1443cebf55a0367790ca18b3397	
changed	engine	header	vostok/network/sources/send_queued_order.h	md5	e406e6ff34ca6654d3562ef003cba0dc	md5	995475b759bb00b1be3ebc752372ce5d	
unchanged	engine	header	vostok/network/sources/string_order.h	md5	596a86fdbe78a37f9852f6ef56402cd2	md5	596a86fdbe78a37f9852f6ef56402cd2	
unchanged	engine	header	vostok/network/sources/string_response.h	md5	1b6a575c02eea146d5f076e72dd56b5f	md5	1b6a575c02eea146d5f076e72dd56b5f	
unchanged	engine	source	vostok/network/sources/tcp_packet_client.cpp	md5	376c4159fd7efaf5291746b47b2acc22	md5	376c4159fd7efaf5291746b47b2acc22	
unchanged	engine	header	vostok/network/sources/two_way_threads_channel.h	md5	6585e1b7d2a09ad5dfba91a3a3c5d035	md5	6585e1b7d2a09ad5dfba91a3a3c5d035	
unchanged	engine	header	vostok/network/tcp_packet_client.h	md5	c3abaaa3d4e7d60203bd23592ac48e7d	md5	c3abaaa3d4e7d60203bd23592ac48e7d	
unchanged	engine	header	vostok/network/world.h	md5	f89ce614adeefb8a98ca331ea27afa91	md5	f89ce614adeefb8a98ca331ea27afa91	
unchanged	engine	header	vostok/network_core/api.h	md5	ba32b516933d87f1d5fa9744bb6f20e9	md5	ba32b516933d87f1d5fa9744bb6f20e9	
unchanged	engine	header	vostok/network_core/async_connector.h	md5	d9f3f59f1e45f4b4cd7e5df6f07f0396	md5	d9f3f59f1e45f4b4cd7e5df6f07f0396	
unchanged	engine	header	vostok/network_core/buffer_reader.h	md5	dfe1df74c71b431095a624371ad3f33c	md5	dfe1df74c71b431095a624371ad3f33c	
unchanged	engine	header	vostok/network_core/buffer_reader_inline.h	md5	0d4362c1ac440eb727f883dd43e44473	md5	0d4362c1ac440eb727f883dd43e44473	
unchanged	engine	header	vostok/network_core/buffer_reader_stream_wrapper.h	md5	63f9f883fb126cef5e92ccbccf1e1200	md5	63f9f883fb126cef5e92ccbccf1e1200	
unchanged	engine	header	vostok/network_core/buffer_writer.h	md5	81a39252ed947ae0ce95471a5a40592a	md5	81a39252ed947ae0ce95471a5a40592a	
unchanged	engine	header	vostok/network_core/buffer_writer_inline.h	md5	91bc70a5c39ce39ed23c0fc07cf9a82c	md5	91bc70a5c39ce39ed23c0fc07cf9a82c	
unchanged	engine	header	vostok/network_core/buffer_writer_stream_wrapper.h	md5	fc470c6ad883873f0cf895b6b30bcca7	md5	fc470c6ad883873f0cf895b6b30bcca7	
changed	engine	header	vostok/network_core/client_error_codes.h	md5	1dd4f40878190e95021dd67b5535a477	md5	00a8ac7cbfbcfbed7cf599842887955c	
unchanged	engine	header	vostok/network_core/handler_allocator.h	md5	65eeb8600f37f9b5e1f33e9cf4e6e406	md5	65eeb8600f37f9b5e1f33e9cf4e6e406	
unchanged	engine	header	vostok/network_core/http_client.h	md5	e5903d30037f8319c9bcb8a1e67e1bc0	md5	e5903d30037f8319c9bcb8a1e67e1bc0	
unchanged	engine	header	vostok/network_core/library_linkage.h	md5	6c3837b031b36ea20a4979cd81444a4b	md5	6c3837b031b36ea20a4979cd81444a4b	
changed	engine	header	vostok/network_core/logging.h	md5	cf1bfda73b213ba4ce18e7c6290debb6	md5	7c42b36459b94409b2d8ec1f7ff51a15	
changed	engine	header	vostok/network_core/mutable_buffer.h	md5	98126ce17deeed1de6216a19a04c5363	md5	47c1fb4d8898d669e30b9d455c1d135b	
unchanged	engine	header	vostok/network_core/mutable_buffer_inline.h	md5	1b52444ec1a6b636d0d4ebc801b3df52	md5	1b52444ec1a6b636d0d4ebc801b3df52	
changed	engine	header	vostok/network_core/sequence_number.h	md5	afce6f7edf03a113943f787b995c57d5	md5	ec7bdfb6fe1cc93fedb20c16fc6e8265	
changed	engine	header	vostok/network_core/sequence_number_inline.h	md5	701826f0f1d3ea179c2c1ad1eac58e37	md5	dd823c16fe36959c2cad8c7672a71a65	
unchanged	engine	source	vostok/network_core/sources/async_connector.cpp	md5	fb14d1712e3e30d3568f6be6829fcca4	md5	fb14d1712e3e30d3568f6be6829fcca4	
unchanged	engine	source	vostok/network_core/sources/http_client.cpp	md5	2f0dd0a35bd06046cf84ee56141b25c2	md5	2f0dd0a35bd06046cf84ee56141b25c2	
changed	engine	source	vostok/network_core/sources/network_core_entry_point.cpp	md5	246fb1753ddac923d799195d2eb3ec9f	md5	2f92187502d785567ea16789173590b7	
unchanged	engine	header	vostok/network_core/sources/network_core_memory.h	md5	9e0e36333f504e844d16d8cf00bbe695	md5	9e0e36333f504e844d16d8cf00bbe695	
unchanged	engine	source	vostok/network_core/sources/pch.cpp	md5	c28cb612706b28a7a4cf3e880ab17599	md5	c28cb612706b28a7a4cf3e880ab17599	
unchanged	engine	header	vostok/network_core/sources/pch.h	md5	0a9ecd02eff69312e43aea7733395ffb	md5	0a9ecd02eff69312e43aea7733395ffb	
unchanged	engine	source	vostok/network_core/sources/tcp_packet.cpp	md5	1a306736611cf9d3c2314930fcdbe1e0	md5	1a306736611cf9d3c2314930fcdbe1e0	
unchanged	engine	source	vostok/network_core/sources/tcp_packet_client.cpp	md5	45c6ec862aabaa13a1956dee17a8bc6c	md5	45c6ec862aabaa13a1956dee17a8bc6c	
changed	engine	source	vostok/network_core/sources/udp_match_client.cpp	md5	c9bb5a1af3657bbb60bd81c55e2ee7d4	md5	343fe97fb02daf119da8d38d94cec401	
changed	engine	source	vostok/network_core/sources/udp_match_connection.cpp	md5	306562234759e25aa3913b8422f008c4	md5	dcfa68f38496af6ea7d739be0222d323	
added	engine	source	vostok/network_core/sources/udp_match_stats.cpp			md5	f281b64cfe79a027b2c0f1d4edb7ce14	
changed	engine	source	vostok/network_core/sources/udp_network_flow_emulator.cpp	md5	aca986aad20731946a71ca37dd036294	md5	dcbf12b1c4ecb79e6aba1dd3fbd5b294	
unchanged	engine	header	vostok/network_core/tcp_packet.h	md5	ef19b474ca27b8771fdd36cea2ad74e4	md5	ef19b474ca27b8771fdd36cea2ad74e4	
unchanged	engine	header	vostok/network_core/tcp_packet_client.h	md5	8c2f448e9f1f3e22f4d69cf4390a847d	md5	8c2f448e9f1f3e22f4d69cf4390a847d	
unchanged	engine	header	vostok/network_core/tcp_packet_inline.h	md5	f4f7f20faba4f9fadc274df61da78357	md5	f4f7f20faba4f9fadc274df61da78357	
unchanged	engine	header	vostok/network_core/tcp_packet_socket.h	md5	86231cfccf864382a26b87bd2e884ff4	md5	86231cfccf864382a26b87bd2e884ff4	
unchanged	engine	header	vostok/network_core/tcp_packet_socket_inline.h	md5	18d5826de2f91eb46b896192b6e65454	md5	18d5826de2f91eb46b896192b6e65454	
changed	engine	header	vostok/network_core/udp_match_client.h	md5	feb132c332303e3a3ada9a324413b4df	md5	136f98a42d44028b292559a18c370bf7	
changed	engine	header	vostok/network_core/udp_match_client_session.h	md5	9d40f9e3c843a34d3618817bcd218d3d	md5	7c1366f60110f88a69760a99f50cc004	
changed	engine	header	vostok/network_core/udp_match_connection.h	md5	42be3d096d83f1ecfc7c4d798941ccd4	md5	33e0595e01e3175e47f2f7d961b5a202	
changed	engine	header	vostok/network_core/udp_match_connection_inline.h	md5	16188291c9c95e8f4e14b22b2482db0b	md5	e01b9a225d1aeba3a40ef8e03b4e33d7	
changed	engine	header	vostok/network_core/udp_match_packet.h	md5	7eb8311056e29a094a7322af29153ba7	md5	1a9e18ce99642d63bc949f127b36f539	
unchanged	engine	header	vostok/network_core/udp_match_packets_allocator.h	md5	5df6d0b9627034a3d8f4331b2878720f	md5	5df6d0b9627034a3d8f4331b2878720f	
unchanged	engine	header	vostok/network_core/udp_match_packets_orderer.h	md5	3e140ba19a27a0ffb65f7f7c76cd3af0	md5	3e140ba19a27a0ffb65f7f7c76cd3af0	
changed	engine	header	vostok/network_core/udp_match_server.h	md5	21e7cb900f5f2222779ff7ef7b8911cf	md5	d673c2df8f94de830a5ac45e093b93f2	
unchanged	engine	header	vostok/network_core/udp_match_socket_settings.h	md5	f2c829fdfa5f525fa40b92007679e3a5	md5	f2c829fdfa5f525fa40b92007679e3a5	
changed	engine	header	vostok/network_core/udp_match_stats.h	md5	f39dabc623ea12091173149f5e2b4ecd	md5	d792dddd5b4fa27c84bfc5a1070e6b7c	
changed	engine	header	vostok/network_core/udp_network_flow_emulator.h	md5	e11b07529ff035f7f8f5a79f7054a2df	md5	7576481d4d06e8fd99b88e677fa85af3	
changed	engine	header	vostok/network_core/udp_network_flow_emulator_options.h	md5	4f905e11fc756940b3d299c95495d7a2	md5	3e36ab218d02c778b4b29f10a17e73bc	
unchanged	engine	header	vostok/network_core/utils.h	md5	3a337c29229f91d923e313acf77e1c47	md5	3a337c29229f91d923e313acf77e1c47	
unchanged	engine	header	vostok/non_null_ptr.h	md5	56f11ddc91c0a9ee024daa66927c0d0a	md5	56f11ddc91c0a9ee024daa66927c0d0a	
unchanged	engine	header	vostok/one_way_threads_channel.h	md5	3f0b6528caf9094dd5e9163d66939810	md5	3f0b6528caf9094dd5e9163d66939810	
unchanged	engine	header	vostok/one_way_threads_channel_inline.h	md5	ce3edbfb9357bedcfc80403d11285889	md5	ce3edbfb9357bedcfc80403d11285889	
unchanged	engine	header	vostok/one_way_threads_channel_with_response.h	md5	23da6e01c3d8ec77ce04ba287d0642ad	md5	23da6e01c3d8ec77ce04ba287d0642ad	
unchanged	engine	header	vostok/one_way_threads_channel_with_response_inline.h	md5	48793d5432350a5c6aca2587c05c7f41	md5	48793d5432350a5c6aca2587c05c7f41	
unchanged	engine	header	vostok/optimization_extensions.h	md5	ea78fe23771c88ad6eb9d4dd909b228b	md5	ea78fe23771c88ad6eb9d4dd909b228b	
unchanged	engine	header	vostok/os_extensions.h	md5	9c5d304f75ee8fdd3ea16f28f5be0cb3	md5	9c5d304f75ee8fdd3ea16f28f5be0cb3	
unchanged	engine	header	vostok/os_functions.h	md5	f03455d760b44120f96a9e9373a042c7	md5	f03455d760b44120f96a9e9373a042c7	
unchanged	engine	header	vostok/os_include.h	md5	6df6f1cf744a4e9c2e6edd550c445871	md5	6df6f1cf744a4e9c2e6edd550c445871	
unchanged	engine	header	vostok/os_preinclude.h	md5	35c323f699af9cfc303b58345c21fbbe	md5	35c323f699af9cfc303b58345c21fbbe	
unchanged	engine	header	vostok/particle/api.h	md5	7be86bb65ce33ae7007644df4dcc5d45	md5	7be86bb65ce33ae7007644df4dcc5d45	
unchanged	engine	header	vostok/particle/base_particle.h	md5	01714cb947587b17da63f0cdaada7b0f	md5	01714cb947587b17da63f0cdaada7b0f	
unchanged	engine	header	vostok/particle/base_particle_inline.h	md5	010f7f5185f7658de33764c867774d16	md5	010f7f5185f7658de33764c867774d16	
unchanged	engine	header	vostok/particle/engine.h	md5	868e66a86a3481b052d8a45d995de6c7	md5	868e66a86a3481b052d8a45d995de6c7	
unchanged	engine	header	vostok/particle/particle_data_type.h	md5	e4ea883bcb33d0fb60f1dd9549ee5b6e	md5	e4ea883bcb33d0fb60f1dd9549ee5b6e	
unchanged	engine	header	vostok/particle/render_particle_emitter_instance.h	md5	1c67721f84032a2bd04bf46b13e4a905	md5	1c67721f84032a2bd04bf46b13e4a905	
unchanged	engine	header	vostok/particle/sources/color_matrix.h	md5	ca460868b8ee5b4c6d341f7fb81d728b	md5	ca460868b8ee5b4c6d341f7fb81d728b	
unchanged	engine	header	vostok/particle/sources/color_matrix_inline.h	md5	d1ae3a90f425b0bb0809e612097e4351	md5	d1ae3a90f425b0bb0809e612097e4351	
unchanged	engine	source	vostok/particle/sources/evaluate_type.cpp	md5	1d5b25febd3e8ce71c65a93a6424e600	md5	1d5b25febd3e8ce71c65a93a6424e600	
unchanged	engine	header	vostok/particle/sources/evaluate_type.h	md5	53fabd9b52f088587dbd26763f4c9db8	md5	53fabd9b52f088587dbd26763f4c9db8	
unchanged	engine	source	vostok/particle/sources/help_functions.cpp	md5	f650cb021a9edd4bf94056e0a3711b41	md5	f650cb021a9edd4bf94056e0a3711b41	
unchanged	engine	header	vostok/particle/sources/help_functions.h	md5	5d80de524b4bbbcb68782fff53a6a558	md5	5d80de524b4bbbcb68782fff53a6a558	
unchanged	engine	source	vostok/particle/sources/particle_actions.cpp	md5	d5f2349651580cb3822522dcbfa3ab4c	md5	d5f2349651580cb3822522dcbfa3ab4c	
unchanged	engine	header	vostok/particle/sources/particle_actions.h	md5	ee3cd4352059658716e6a1798786ec18	md5	ee3cd4352059658716e6a1798786ec18	
unchanged	engine	source	vostok/particle/sources/particle_beam_emitter_instance.cpp	md5	61c2a9cce25e5aa5d997db8f5146cf88	md5	61c2a9cce25e5aa5d997db8f5146cf88	
unchanged	engine	header	vostok/particle/sources/particle_beam_emitter_instance.h	md5	49e52afe226f07176c27701cca1739ac	md5	49e52afe226f07176c27701cca1739ac	
unchanged	engine	source	vostok/particle/sources/particle_domains.cpp	md5	4cff82c4cfb03288345802a1c369b5ae	md5	4cff82c4cfb03288345802a1c369b5ae	
unchanged	engine	header	vostok/particle/sources/particle_domains.h	md5	75cea58484b6142c99eebe06d33e537c	md5	75cea58484b6142c99eebe06d33e537c	
unchanged	engine	source	vostok/particle/sources/particle_emitter.cpp	md5	aaa6ca022d97935d604a9b8c0868fa0a	md5	aaa6ca022d97935d604a9b8c0868fa0a	
unchanged	engine	header	vostok/particle/sources/particle_emitter.h	md5	37d7c5c0c3297a808e3f582cc8c31687	md5	37d7c5c0c3297a808e3f582cc8c31687	
unchanged	engine	header	vostok/particle/sources/particle_emitter_inline.h	md5	7a8692746f4c2c62db00222ec557a3ac	md5	7a8692746f4c2c62db00222ec557a3ac	
changed	engine	source	vostok/particle/sources/particle_emitter_instance.cpp	md5	174b0db27fda8630398d8ee682061c73	md5	54be641295338b880bdc3c36d97542f2	
unchanged	engine	header	vostok/particle/sources/particle_emitter_instance.h	md5	9ea8aefa81dc285f1f5ce3e3f903194d	md5	9ea8aefa81dc285f1f5ce3e3f903194d	
unchanged	engine	header	vostok/particle/sources/particle_entity_types.h	md5	f4fd017f01c2a11bbd79147c483fe7a8	md5	f4fd017f01c2a11bbd79147c483fe7a8	
unchanged	engine	source	vostok/particle/sources/particle_entry_point.cpp	md5	84d6e9153ffa95fc9b3c096d7cfd395b	md5	84d6e9153ffa95fc9b3c096d7cfd395b	
unchanged	engine	source	vostok/particle/sources/particle_system.cpp	md5	ae0ed50983c701483797e6e43ac14422	md5	ae0ed50983c701483797e6e43ac14422	
unchanged	engine	header	vostok/particle/sources/particle_system.h	md5	02b32002295b8eecffad0bdfd35e1d76	md5	02b32002295b8eecffad0bdfd35e1d76	
unchanged	engine	header	vostok/particle/sources/particle_system_cook.h	md5	275590638ce7bc5e5650238bf91d9c25	md5	275590638ce7bc5e5650238bf91d9c25	
unchanged	engine	header	vostok/particle/sources/particle_system_inline.h	md5	5e13302aba6985bd091fd20ee6075eaa	md5	5e13302aba6985bd091fd20ee6075eaa	
unchanged	engine	source	vostok/particle/sources/particle_system_instance.cpp	md5	ea4112fbf68ce75495a2edbe6bbe2ac4	md5	ea4112fbf68ce75495a2edbe6bbe2ac4	
unchanged	engine	header	vostok/particle/sources/particle_system_instance.h	md5	5e0c1d65a438b75f9a117aea2b7dd620	md5	5e0c1d65a438b75f9a117aea2b7dd620	
changed	engine	source	vostok/particle/sources/particle_system_instance_cook.cpp	md5	ecfda0c9f2759e2fae0d9c30ce63c859	md5	fb5aa94add39582a61a35e202b5d233a	
unchanged	engine	header	vostok/particle/sources/particle_system_instance_cook.h	md5	6665b55f0d2ef49938045489aa0a1aa4	md5	6665b55f0d2ef49938045489aa0a1aa4	
unchanged	engine	source	vostok/particle/sources/particle_system_instance_impl.cpp	md5	aed923064637a1324179028eec359c90	md5	aed923064637a1324179028eec359c90	
unchanged	engine	header	vostok/particle/sources/particle_system_instance_impl.h	md5	39594dadaa33452889566b37e3129168	md5	39594dadaa33452889566b37e3129168	
unchanged	engine	source	vostok/particle/sources/particle_system_wrapper_cook.cpp	md5	b12a2d802a38ffbc61484a39a14bdaeb	md5	b12a2d802a38ffbc61484a39a14bdaeb	
unchanged	engine	header	vostok/particle/sources/particle_system_wrapper_cook.h	md5	35767421fad799401e87ff1a6356027e	md5	35767421fad799401e87ff1a6356027e	
unchanged	engine	source	vostok/particle/sources/particle_world.cpp	md5	182c53de23373b47163ac4b2ab773f56	md5	182c53de23373b47163ac4b2ab773f56	
unchanged	engine	header	vostok/particle/sources/particle_world.h	md5	d1b9ddfd62814b2a1252c65df74c7f7e	md5	d1b9ddfd62814b2a1252c65df74c7f7e	
unchanged	engine	source	vostok/particle/sources/particle_world_cooker.cpp	md5	623dd7f4b9d801c56384b4fe4acea806	md5	623dd7f4b9d801c56384b4fe4acea806	
unchanged	engine	header	vostok/particle/sources/particle_world_cooker.h	md5	739bc660195a5ea31669dadc8835aeb7	md5	739bc660195a5ea31669dadc8835aeb7	
unchanged	engine	source	vostok/particle/sources/pch.cpp	md5	a69a1e5e6c459cbb9399924d05749824	md5	a69a1e5e6c459cbb9399924d05749824	
unchanged	engine	header	vostok/particle/sources/pch.h	md5	78d835308ad4e80fecfc6d159c15796b	md5	78d835308ad4e80fecfc6d159c15796b	
changed	engine	header	vostok/particle/world.h	md5	3fcf06c3d96d0a29e01b290a91720c2d	md5	8e49dd447cb9885695ad06e35832d1b8	
unchanged	engine	header	vostok/physics/animated_rigid_body.h	md5	3a0fc4e405f4dda9319bf97cde620d7a	md5	3a0fc4e405f4dda9319bf97cde620d7a	
unchanged	engine	header	vostok/physics/api.h	md5	6d4ba6567d162adc47857f62e9ee50d7	md5	6d4ba6567d162adc47857f62e9ee50d7	
unchanged	engine	header	vostok/physics/base_physics_object.h	md5	4421789a29b22240cb5d035db0047a48	md5	4421789a29b22240cb5d035db0047a48	
unchanged	engine	header	vostok/physics/bullet_utils.h	md5	607f08054e693524d7bfa069e40a8828	md5	607f08054e693524d7bfa069e40a8828	
changed	engine	header	vostok/physics/character_controller.h	md5	bf0f4298c758f459828433072ee8db61	md5	90d6ca0e3b7112d1675e025b7c664454	
unchanged	engine	header	vostok/physics/collision_shapes.h	md5	c00c3c1fd425db8535de4650191aeb72	md5	c00c3c1fd425db8535de4650191aeb72	
unchanged	engine	header	vostok/physics/collision_shapes_inline.h	md5	f7db141a788fc4f09fdf4101e1fdaeae	md5	f7db141a788fc4f09fdf4101e1fdaeae	
unchanged	engine	header	vostok/physics/constraint.h	md5	5cd6639562154e637addac91834bd647	md5	5cd6639562154e637addac91834bd647	
unchanged	engine	header	vostok/physics/debug_renderer.h	md5	b50cd8486cdbb0837539dd1d7d1397b7	md5	b50cd8486cdbb0837539dd1d7d1397b7	
unchanged	engine	header	vostok/physics/dynamic_rigid_body.h	md5	387e1b8b04e8917c81886975289778f0	md5	387e1b8b04e8917c81886975289778f0	
unchanged	engine	header	vostok/physics/engine.h	md5	a5aa99d68232a556a105972177092078	md5	a5aa99d68232a556a105972177092078	
unchanged	engine	header	vostok/physics/ghost_object.h	md5	5db96023ec3f0a8f81743239edc473fc	md5	5db96023ec3f0a8f81743239edc473fc	
unchanged	engine	header	vostok/physics/library_linkage.h	md5	2c60280634034c96c14105409e4bb84c	md5	2c60280634034c96c14105409e4bb84c	
unchanged	engine	header	vostok/physics/model.h	md5	9a5d1aa4461af253212aecd655317032	md5	9a5d1aa4461af253212aecd655317032	
unchanged	engine	header	vostok/physics/primitive_type.h	md5	e4fe36b5abe4505e9c367e4f5445d916	md5	e4fe36b5abe4505e9c367e4f5445d916	
unchanged	engine	header	vostok/physics/ray_result.h	md5	5895498a4e6277b71cdbcaab6106b8c4	md5	5895498a4e6277b71cdbcaab6106b8c4	
unchanged	engine	header	vostok/physics/rigid_body_base.h	md5	e930823b6a6d140f2006e5376fd6a453	md5	e930823b6a6d140f2006e5376fd6a453	
unchanged	engine	header	vostok/physics/soft_body.h	md5	ba6201d010e07d456a07c33fad33750f	md5	ba6201d010e07d456a07c33fad33750f	
unchanged	engine	source	vostok/physics/sources/animated_model_instance_cook.cpp	md5	97f2580cd7b67489c62a30d74f01e77d	md5	97f2580cd7b67489c62a30d74f01e77d	
unchanged	engine	header	vostok/physics/sources/animated_model_instance_cook.h	md5	282bc475857ef17a419dc9568dcc0c17	md5	282bc475857ef17a419dc9568dcc0c17	
changed	engine	source	vostok/physics/sources/animated_rigid_body.cpp	md5	f9fada63069fa8ab5282c1e05d0e2805	md5	4950887eda6fa6e788b17f5ea18ad55b	
unchanged	engine	header	vostok/physics/sources/bt_closest_convex_not_me_result_callback.h	md5	6b44c897d94b2186189895f54ad9198a	md5	6b44c897d94b2186189895f54ad9198a	
changed	engine	source	vostok/physics/sources/bullet_character_controller.cpp	md5	6b88ced09387079ad0b100fcdc992a1d	md5	3831dc557526939f16a04031bc5c3271	
changed	engine	header	vostok/physics/sources/bullet_character_controller.h	md5	f0ee96906cde1eafc94292d3d8a42b00	md5	f059226613c1c336f2e517753085de11	
unchanged	engine	header	vostok/physics/sources/bullet_include.h	md5	2b9768b36b4bf670f310492f4035edb8	md5	2b9768b36b4bf670f310492f4035edb8	
changed	engine	source	vostok/physics/sources/bullet_physics_world.cpp	md5	42a4f05899d57c5be7685778434ab725	md5	9fee5bfda275d85a124c15da56b0888b	
unchanged	engine	header	vostok/physics/sources/bullet_physics_world.h	md5	4042300adf187cf225d96ea7e37f1f24	md5	4042300adf187cf225d96ea7e37f1f24	
changed	engine	source	vostok/physics/sources/character_controller.cpp	md5	bb684b02d46ac8475502033915d28f14	md5	fd3b24cd5cb9193822389e707421cce2	
unchanged	engine	source	vostok/physics/sources/character_controller_can_stand_tester.cpp	md5	cf9a80c7b97dbb062ae709a25029820c	md5	cf9a80c7b97dbb062ae709a25029820c	
unchanged	engine	header	vostok/physics/sources/character_controller_can_stand_tester.h	md5	2249fe7d7851580e549c8a5787db666b	md5	2249fe7d7851580e549c8a5787db666b	
unchanged	engine	source	vostok/physics/sources/character_controller_capsule_move_step_tester.cpp	md5	465d5b14b13fe453f31d3e7104b17b6e	md5	465d5b14b13fe453f31d3e7104b17b6e	
changed	engine	header	vostok/physics/sources/character_controller_capsule_move_step_tester.h	md5	96f1bd02daa6a61d6599c1af5c56671b	md5	2ed938a79d003eda5f21a2dce68a6ea3	
added	engine	source	vostok/physics/sources/character_controller_impassable_slide_down_tester.cpp			md5	69a80109f8fd66dc3bce3fcc1abcd181	
added	engine	header	vostok/physics/sources/character_controller_impassable_slide_down_tester.h			md5	cc894f919236882382b4c795d4d14b58	
unchanged	engine	source	vostok/physics/sources/character_controller_jump_tester.cpp	md5	f277835f0e9fa5d0356b057214e5023c	md5	f277835f0e9fa5d0356b057214e5023c	
changed	engine	header	vostok/physics/sources/character_controller_jump_tester.h	md5	18916a5620c79d54274456d2181d604e	md5	0de3ac55759fd9de929e8aa649d24529	
unchanged	engine	source	vostok/physics/sources/character_controller_jump_vertical_tester.cpp	md5	da1cbca95ec8314e6dcb393e09db77e6	md5	da1cbca95ec8314e6dcb393e09db77e6	
changed	engine	header	vostok/physics/sources/character_controller_jump_vertical_tester.h	md5	2eb78c6abba9ecef691a0dfae6d51a89	md5	f1683089ecf73b67ee01764ba6f147eb	
changed	engine	source	vostok/physics/sources/character_controller_move_step_tester.cpp	md5	a9bad87b99921edf6b112ea90e114a14	md5	11ded2cfc6ecd856275967c65484b979	
changed	engine	header	vostok/physics/sources/character_controller_move_step_tester.h	md5	4f6239d72b9f388ba8fe3fdf18426649	md5	7e6d9d152593305267a2e7fee6b12a0d	
changed	engine	source	vostok/physics/sources/character_controller_step_down_tester.cpp	md5	416dcc12d0e81b6a7da1caff1692c318	md5	59f4a785ca40603fe18e31bb6d948934	
changed	engine	header	vostok/physics/sources/character_controller_step_down_tester.h	md5	412cfdfbf0c8be1d8af0557ec0193d5a	md5	b09a06dc83658dae5066adf007af2065	
unchanged	engine	source	vostok/physics/sources/character_controller_straighten_tester.cpp	md5	313d3e0c3d1c7f7b2c7cb9342bb20a21	md5	313d3e0c3d1c7f7b2c7cb9342bb20a21	
changed	engine	header	vostok/physics/sources/character_controller_straighten_tester.h	md5	07b5c91a9836e5716a7912cf4a90528e	md5	52404df166e68052cc6cdb4030fbed3c	
unchanged	engine	header	vostok/physics/sources/character_controller_sweep_test_cache_template.h	md5	14699eb91bc0986dc84d3fa0fa2c6755	md5	14699eb91bc0986dc84d3fa0fa2c6755	
unchanged	engine	header	vostok/physics/sources/character_controller_utilities.h	md5	e30f5299d687c92364eaa13dac1865dd	md5	e30f5299d687c92364eaa13dac1865dd	
changed	engine	source	vostok/physics/sources/character_move_sweep_callback.cpp	md5	f894337e72e320bb5c85dfc528cf356f	md5	29a6c646ab1591d64396138b2eeb73cd	
unchanged	engine	header	vostok/physics/sources/character_move_sweep_callback.h	md5	0b8aea51d5f2dc1d18f98d62d6d8d67d	md5	0b8aea51d5f2dc1d18f98d62d6d8d67d	
unchanged	engine	header	vostok/physics/sources/character_up_sweep_test_callback.h	md5	4118a0efde427f1a80aa62fcb08d3b02	md5	4118a0efde427f1a80aa62fcb08d3b02	
changed	engine	source	vostok/physics/sources/collision_shape_cook.cpp	md5	21dc056d69ce721c790ec16a24262065	md5	92c94638e717aa3176cd7fc89e16ce74	
unchanged	engine	header	vostok/physics/sources/collision_shape_cook.h	md5	45e854fdb9366c84bec223e6551cd3e8	md5	45e854fdb9366c84bec223e6551cd3e8	
changed	engine	source	vostok/physics/sources/collision_shapes.cpp	md5	45102c51d387ac43f46fb0ebff51dc50	md5	6182a33b5bdf4b50400c39398ed9f7cb	
unchanged	engine	header	vostok/physics/sources/debug_draw_utilities.h	md5	912eef52c90ec241ea7efacc41934cf2	md5	912eef52c90ec241ea7efacc41934cf2	
unchanged	engine	source	vostok/physics/sources/dynamic_rigid_body.cpp	md5	c759e68748a0e4db313b1e2796a8ee89	md5	c759e68748a0e4db313b1e2796a8ee89	
unchanged	engine	source	vostok/physics/sources/ghost_object.cpp	md5	8834e23f40316f5d88c6c2dd454f3056	md5	8834e23f40316f5d88c6c2dd454f3056	
removed	engine	source	vostok/physics/sources/old_bullet_character_controller.cpp	md5	ab2270b73c9455aaf81442cafddd86e8			
removed	engine	header	vostok/physics/sources/old_bullet_character_controller.h	md5	00e784593b64fc8755759c5a6d09626d			
unchanged	engine	source	vostok/physics/sources/pch.cpp	md5	c1180752371077f29e0a0ad48e336072	md5	c1180752371077f29e0a0ad48e336072	
unchanged	engine	header	vostok/physics/sources/pch.h	md5	a737f94f6675384d505db75bf92dd63c	md5	a737f94f6675384d505db75bf92dd63c	
unchanged	engine	source	vostok/physics/sources/physics_entry_point.cpp	md5	110dec395c8ced9bddf6d6255f5fe021	md5	110dec395c8ced9bddf6d6255f5fe021	
unchanged	engine	header	vostok/physics/sources/physics_memory.h	md5	ae9b4b99c08bf2378aa9525aa465d042	md5	ae9b4b99c08bf2378aa9525aa465d042	
unchanged	engine	source	vostok/physics/sources/rigid_body_construction_info.cpp	md5	ac9dd441f44be047606c48eaa4c4d0b4	md5	ac9dd441f44be047606c48eaa4c4d0b4	
unchanged	engine	source	vostok/physics/sources/soft_body.cpp	md5	1d80236e38ecdd6f65cc1276d1013908	md5	1d80236e38ecdd6f65cc1276d1013908	
unchanged	engine	source	vostok/physics/sources/static_rigid_body.cpp	md5	e788ccac9d51d63b447ce698027a9f60	md5	e788ccac9d51d63b447ce698027a9f60	
unchanged	engine	header	vostok/physics/static_rigid_body.h	md5	f0d9be0e3d35df3b9099780e1d938bb6	md5	f0d9be0e3d35df3b9099780e1d938bb6	
unchanged	engine	header	vostok/physics/world.h	md5	89445a878918d85c4d0256d771af5b9e	md5	89445a878918d85c4d0256d771af5b9e	
unchanged	engine	header	vostok/platform_extensions.h	md5	0ac4ca7220ccbb3dcc70e05ad8cdf5e4	md5	0ac4ca7220ccbb3dcc70e05ad8cdf5e4	
unchanged	engine	header	vostok/platform_extensions_win.h	md5	1b540f2f0cb79aa7af9f3184b30c9f07	md5	1b540f2f0cb79aa7af9f3184b30c9f07	
unchanged	engine	header	vostok/platform_pointer.h	md5	8be685dd3832e39699b9ac55e6d1de44	md5	8be685dd3832e39699b9ac55e6d1de44	
unchanged	engine	header	vostok/pointer_extensions.h	md5	cc3f03eb0739600f866941344485f725	md5	cc3f03eb0739600f866941344485f725	
unchanged	engine	header	vostok/profiler.h	md5	405e633f7401a27856247322ea050c85	md5	405e633f7401a27856247322ea050c85	
unchanged	engine	header	vostok/raw_ptr.h	md5	5d7b9add2d87e5b16fb35e8a4fb6c9a2	md5	5d7b9add2d87e5b16fb35e8a4fb6c9a2	
unchanged	engine	header	vostok/render/api.h	md5	f4afef55caa738a2787db79cae1e7247	md5	f4afef55caa738a2787db79cae1e7247	
unchanged	engine	header	vostok/render/core/api.h	md5	9214a66fd834358ee071d019b9de7074	md5	9214a66fd834358ee071d019b9de7074	
unchanged	engine	header	vostok/render/core/backend.h	md5	09867c2edb2022f08050db93b78c20a0	md5	09867c2edb2022f08050db93b78c20a0	
unchanged	engine	header	vostok/render/core/backend_handlers.h	md5	84fe5f47d3f77e22935cc721d039814e	md5	84fe5f47d3f77e22935cc721d039814e	
unchanged	engine	header	vostok/render/core/backend_inline.h	md5	4155ecaebaeffff7afed9b6018b9a0e3	md5	4155ecaebaeffff7afed9b6018b9a0e3	
unchanged	engine	header	vostok/render/core/buffer_slot.h	md5	d86115204876b6f316454864dc93b5a5	md5	d86115204876b6f316454864dc93b5a5	
unchanged	engine	header	vostok/render/core/d3d_defines.h	md5	612230c1653bf991e8453a6a3d601933	md5	612230c1653bf991e8453a6a3d601933	
unchanged	engine	header	vostok/render/core/decl_utils.h	md5	44a5afbbd9958b9d5f384f6841bd3bec	md5	44a5afbbd9958b9d5f384f6841bd3bec	
unchanged	engine	header	vostok/render/core/destroy_data_helper.h	md5	a2dd63e17d62dd5dfb360e851658db49	md5	a2dd63e17d62dd5dfb360e851658db49	
unchanged	engine	header	vostok/render/core/device.h	md5	840dd6ff97fe7c77a3a9273c2e446e8a	md5	840dd6ff97fe7c77a3a9273c2e446e8a	
unchanged	engine	header	vostok/render/core/device_caps.h	md5	fc5bb41586c4ddbb363899f39751965f	md5	fc5bb41586c4ddbb363899f39751965f	
unchanged	engine	header	vostok/render/core/dx11/api.h	md5	32dc575d2e49d3336606cbc11af8e98d	md5	32dc575d2e49d3336606cbc11af8e98d	
unchanged	engine	header	vostok/render/core/dx11/backend.h	md5	4275f56f83a6dbed7bf62e9ac73e21e3	md5	4275f56f83a6dbed7bf62e9ac73e21e3	
changed	engine	header	vostok/render/core/dx11/backend_handlers.h	md5	cca7e73a800e1184f10d6fcd55bfa143	md5	98e7226f7f16c4ed65cf50494d39e292	
unchanged	engine	header	vostok/render/core/dx11/backend_handlers_inline.h	md5	faf51cd45e19deabfef245e576e49a3b	md5	faf51cd45e19deabfef245e576e49a3b	
changed	engine	header	vostok/render/core/dx11/backend_inline.h	md5	502162b0f61eaeab2be52bcb5ffc614c	md5	b603425525e363449d643e09a7c85694	
unchanged	engine	header	vostok/render/core/dx11/buffer_slot.h	md5	6ceecd09821662823c0d62922b7e07ed	md5	6ceecd09821662823c0d62922b7e07ed	
unchanged	engine	header	vostok/render/core/dx11/d3d_defines.h	md5	6364345b0ae3bfb8b132afa8898c2dca	md5	6364345b0ae3bfb8b132afa8898c2dca	
unchanged	engine	header	vostok/render/core/dx11/decl_utils.h	md5	4a8abc4d8c0adf35a2f1713caa1d74c1	md5	4a8abc4d8c0adf35a2f1713caa1d74c1	
unchanged	engine	header	vostok/render/core/dx11/destroy_data_helper.h	md5	6adc926076264cc07e4a5aa48d29bbb9	md5	6adc926076264cc07e4a5aa48d29bbb9	
changed	engine	header	vostok/render/core/dx11/device.h	md5	ba5785597607fefe040fbd192e61411f	md5	e2e379b14a6a7bf4f8254bdc45458470	
unchanged	engine	header	vostok/render/core/dx11/device_caps.h	md5	bf3cf8ab7a6ee559664f91728e53c849	md5	bf3cf8ab7a6ee559664f91728e53c849	
unchanged	engine	header	vostok/render/core/dx11/dx11_defines.h	md5	0b711c38dbbc922a5c2907493848b246	md5	0b711c38dbbc922a5c2907493848b246	
unchanged	engine	header	vostok/render/core/dx11/effect_compiler.h	md5	af095408586016b326a53365652ac883	md5	af095408586016b326a53365652ac883	
unchanged	engine	header	vostok/render/core/dx11/effect_constant_storage.h	md5	498befa37de07fb4402a3fc3b29790bc	md5	498befa37de07fb4402a3fc3b29790bc	
unchanged	engine	header	vostok/render/core/dx11/effect_cook.h	md5	ab20df5ae5afd2d85609aa1f9e9f5c3d	md5	ab20df5ae5afd2d85609aa1f9e9f5c3d	
unchanged	engine	header	vostok/render/core/dx11/effect_descriptor.h	md5	2770a134b8104cc72cfe91804e5ea723	md5	2770a134b8104cc72cfe91804e5ea723	
unchanged	engine	header	vostok/render/core/dx11/effect_manager.h	md5	1be980034d39f1c2ffbcf62ac8edc97a	md5	1be980034d39f1c2ffbcf62ac8edc97a	
unchanged	engine	header	vostok/render/core/dx11/effect_manager_inline.h	md5	f8a84789de04b29f7dbb59b4938ff8d3	md5	f8a84789de04b29f7dbb59b4938ff8d3	
changed	engine	header	vostok/render/core/dx11/event_query.h	md5	660287b8dd842931f31afe7446e9bc2c	md5	ab6c3ee5c06fc274fcdbca5c97332153	
unchanged	engine	header	vostok/render/core/dx11/gpu_timer.h	md5	3b44526f57cfbff82f65c59533b62d9c	md5	3b44526f57cfbff82f65c59533b62d9c	
unchanged	engine	header	vostok/render/core/dx11/pix_event_wrapper.h	md5	511afeba2c5a0ab819f565aeff472182	md5	511afeba2c5a0ab819f565aeff472182	
unchanged	engine	header	vostok/render/core/dx11/render_target.h	md5	2fd7f46a8bef713df739751c207e2189	md5	2fd7f46a8bef713df739751c207e2189	
unchanged	engine	header	vostok/render/core/dx11/res_declaration.h	md5	d9e594c8875f37e91efda5b8e085f9be	md5	d9e594c8875f37e91efda5b8e085f9be	
unchanged	engine	header	vostok/render/core/dx11/res_effect.h	md5	4b9401055bbaeee805583da0fa6546e0	md5	4b9401055bbaeee805583da0fa6546e0	
unchanged	engine	header	vostok/render/core/dx11/res_geometry.h	md5	d5f840dfa2513721ca3c71fcbf64f986	md5	d5f840dfa2513721ca3c71fcbf64f986	
unchanged	engine	header	vostok/render/core/dx11/res_input_layout.h	md5	9a0a20ce476325c42b225671e1b631a1	md5	9a0a20ce476325c42b225671e1b631a1	
changed	engine	header	vostok/render/core/dx11/res_render_output.h	md5	372ab35ddbb233bb4e0bf7e73a90bdfb	md5	e7c05796013f95f8e47aa14ffa5381ec	
unchanged	engine	header	vostok/render/core/dx11/res_sampler_state.h	md5	df1b5205e8a3076fad4f7bbccc6b075d	md5	df1b5205e8a3076fad4f7bbccc6b075d	
unchanged	engine	header	vostok/render/core/dx11/res_signature.h	md5	c8836ddbea9f4937146e50659e23112e	md5	c8836ddbea9f4937146e50659e23112e	
unchanged	engine	header	vostok/render/core/dx11/res_state.h	md5	d679204a84891c4b0014cfb1a110ea25	md5	d679204a84891c4b0014cfb1a110ea25	
unchanged	engine	header	vostok/render/core/dx11/res_texture.h	md5	bb68711f4253e972b1404655e7cf934e	md5	bb68711f4253e972b1404655e7cf934e	
unchanged	engine	header	vostok/render/core/dx11/res_xs_hw.h	md5	c0f8d4a00264b8be9d4d6fbd88c098f4	md5	c0f8d4a00264b8be9d4d6fbd88c098f4	
unchanged	engine	header	vostok/render/core/dx11/res_xs_hw_impl.h	md5	f4257d680efe8b8530098d4f82ec5d7d	md5	f4257d680efe8b8530098d4f82ec5d7d	
changed	engine	header	vostok/render/core/dx11/resource_manager.h	md5	ceff7196b2371c84315b4b8c9de2b93b	md5	7386a228bb9217fe8f37c4ccf4a68019	
unchanged	engine	header	vostok/render/core/dx11/resource_manager_inline.h	md5	cb0d2493dbbbe50d3d6edabda466000e	md5	cb0d2493dbbbe50d3d6edabda466000e	
unchanged	engine	header	vostok/render/core/dx11/sampler_slot.h	md5	e0563f0cc0e23d8d791fb65b97c2e86d	md5	e0563f0cc0e23d8d791fb65b97c2e86d	
unchanged	engine	header	vostok/render/core/dx11/sampler_state_descriptor.h	md5	ae2f3bb15b22a2e6e661fadfead34693	md5	ae2f3bb15b22a2e6e661fadfead34693	
unchanged	engine	header	vostok/render/core/dx11/sampler_state_descriptor_inline.h	md5	c33a821c8aefc25d6f057e128c64ae15	md5	c33a821c8aefc25d6f057e128c64ae15	
unchanged	engine	header	vostok/render/core/dx11/shader_buffer.h	md5	5c0a9056693a512afb21664619b3eeab	md5	5c0a9056693a512afb21664619b3eeab	
unchanged	engine	header	vostok/render/core/dx11/shader_configuration.h	md5	5e82e9726d4981d41c4ab4427677d080	md5	5e82e9726d4981d41c4ab4427677d080	
unchanged	engine	header	vostok/render/core/dx11/shader_constant_buffer.h	md5	5cead595bd86adb111ef6ea6981cfabf	md5	5cead595bd86adb111ef6ea6981cfabf	
changed	engine	header	vostok/render/core/dx11/shader_constant_buffer_inline.h	md5	bfce65e0e7af44e4a4d64c05c037e49b	md5	b91c87730625bddbfa6268711903b5f2	
changed	engine	source	vostok/render/core/dx11/sources/backend.cpp	md5	afac9bece3690c4cb12619615442381d	md5	c50247610221daa3e99ac7b47f35bb61	
changed	engine	source	vostok/render/core/dx11/sources/backend_handlers.cpp	md5	b1167b1d69bc8ece8d102939b4cf7f3c	md5	22d560beddf794d1cfcb40550914ace6	
unchanged	engine	header	vostok/render/core/dx11/sources/com_utils.h	md5	5dc7ccab65c96ed880a4855d13aa8dea	md5	5dc7ccab65c96ed880a4855d13aa8dea	
unchanged	engine	header	vostok/render/core/dx11/sources/dds.h	md5	1e521524669ffe95ec24abe58719e2a3	md5	1e521524669ffe95ec24abe58719e2a3	
changed	engine	source	vostok/render/core/dx11/sources/device.cpp	md5	b2c8b478ae8ba26a616976b94395a8d7	md5	8b4aa30c8655a3ca72527457a5ce1dad	
unchanged	engine	source	vostok/render/core/dx11/sources/effect_compiler.cpp	md5	88ec5efef11e02c424c02927771ab82e	md5	88ec5efef11e02c424c02927771ab82e	
unchanged	engine	source	vostok/render/core/dx11/sources/effect_constant_storage.cpp	md5	7f2158881df09b843a16cd67e161d475	md5	7f2158881df09b843a16cd67e161d475	
changed	engine	source	vostok/render/core/dx11/sources/effect_cook.cpp	md5	31cd921d7a18adb95afa1c169a111b63	md5	14c3ffc1a5616d4fab39c0fef76f3f71	
unchanged	engine	source	vostok/render/core/dx11/sources/effect_descriptor.cpp	md5	4e32d4ce7aa545a1a1d10827056fb7d2	md5	4e32d4ce7aa545a1a1d10827056fb7d2	
changed	engine	source	vostok/render/core/dx11/sources/effect_manager.cpp	md5	ceb3d014594563e0d007691aa6f3eb6e	md5	0a0f1c0f47b8917c9b4bd55c9043f71a	
unchanged	engine	source	vostok/render/core/dx11/sources/hw_buffer_pool.cpp	md5	eff36d867acf2e08a17475c988f046c8	md5	eff36d867acf2e08a17475c988f046c8	
unchanged	engine	source	vostok/render/core/dx11/sources/index_buffer.cpp	md5	a6087e7054cab6374caac6f59616cb10	md5	a6087e7054cab6374caac6f59616cb10	
unchanged	engine	source	vostok/render/core/dx11/sources/macros_extensions.cpp	md5	ecf3f45df2752d124acd51c775245649	md5	ecf3f45df2752d124acd51c775245649	
changed	engine	header	vostok/render/core/dx11/sources/manager_common_inline.h	md5	98d83b23c24e1838d2f4f98798af4886	md5	822cc9c2adc3cd486685bc5c63c20c25	
changed	engine	source	vostok/render/core/dx11/sources/options.cpp	md5	8cb63efe202e1d00b53628e747f9617d	md5	79e58177e53feb41d7e13466375d91d5	
unchanged	engine	source	vostok/render/core/dx11/sources/pch.cpp	md5	5180eb3491daf56b0c8ffa3d7f45ac1b	md5	5180eb3491daf56b0c8ffa3d7f45ac1b	
unchanged	engine	header	vostok/render/core/dx11/sources/pch.h	md5	ca522d3113976ae6c31ca68fb0870c2f	md5	ca522d3113976ae6c31ca68fb0870c2f	
unchanged	engine	source	vostok/render/core/dx11/sources/pix_event_wrapper.cpp	md5	4ce979688d1dc445d3a5aa6c7020caa5	md5	4ce979688d1dc445d3a5aa6c7020caa5	
unchanged	engine	source	vostok/render/core/dx11/sources/render_core_entry_point.cpp	md5	9de54ac6b6efd2de2a70968ffa8ba6e9	md5	9de54ac6b6efd2de2a70968ffa8ba6e9	
changed	engine	source	vostok/render/core/dx11/sources/render_target.cpp	md5	c3afe0a3165761a30acffa49cd5345f2	md5	9d5b0d9ebbdc5d3e836590d8cfe89c58	
unchanged	engine	source	vostok/render/core/dx11/sources/res_buffer_list.cpp	md5	447e90ea9075dbc85bf12bbbe1525210	md5	447e90ea9075dbc85bf12bbbe1525210	
unchanged	engine	source	vostok/render/core/dx11/sources/res_declaration.cpp	md5	72f558050c8dfaeb664a94a3b014e5de	md5	72f558050c8dfaeb664a94a3b014e5de	
unchanged	engine	source	vostok/render/core/dx11/sources/res_effect.cpp	md5	c787572d9263c7fc4a14e65753db78ca	md5	c787572d9263c7fc4a14e65753db78ca	
unchanged	engine	source	vostok/render/core/dx11/sources/res_geometry.cpp	md5	2a57fde4f38739316d86cd9ca671e397	md5	2a57fde4f38739316d86cd9ca671e397	
unchanged	engine	source	vostok/render/core/dx11/sources/res_gs_hw.cpp	md5	69a98610619b13e4e601d95427f2e88d	md5	69a98610619b13e4e601d95427f2e88d	
unchanged	engine	source	vostok/render/core/dx11/sources/res_input_layout.cpp	md5	507f8576038b5e8d140f7648b7a13ae9	md5	507f8576038b5e8d140f7648b7a13ae9	
unchanged	engine	source	vostok/render/core/dx11/sources/res_ps_hw.cpp	md5	06739714bb78f3435fba04d2979f1f50	md5	06739714bb78f3435fba04d2979f1f50	
changed	engine	source	vostok/render/core/dx11/sources/res_render_output.cpp	md5	e14014e1866cd8d10d1b011aa8ab1314	md5	f741fc0eed94608bbdec8cd822dafb39	
changed	engine	source	vostok/render/core/dx11/sources/res_sampler_list.cpp	md5	dde4db4ffc9fa1198008f01cf2307327	md5	e7393ac1ddb0c732a8809f638b4876be	
unchanged	engine	source	vostok/render/core/dx11/sources/res_signature.cpp	md5	98a0c65889f9ccfd7cc79ccad27e72df	md5	98a0c65889f9ccfd7cc79ccad27e72df	
unchanged	engine	source	vostok/render/core/dx11/sources/res_state.cpp	md5	6040377336e9575ed76a86931c6ace34	md5	6040377336e9575ed76a86931c6ace34	
unchanged	engine	source	vostok/render/core/dx11/sources/res_texture.cpp	md5	978bb142e7dfb9a6f609fe6d9befa226	md5	978bb142e7dfb9a6f609fe6d9befa226	
unchanged	engine	source	vostok/render/core/dx11/sources/res_texture_list.cpp	md5	f58c94d007d9c1030b05572ac4ac3355	md5	f58c94d007d9c1030b05572ac4ac3355	
unchanged	engine	source	vostok/render/core/dx11/sources/res_vs_hw.cpp	md5	3f621ebc89f88cbf1a4852ae2c5166f7	md5	3f621ebc89f88cbf1a4852ae2c5166f7	
unchanged	engine	source	vostok/render/core/dx11/sources/res_xs.cpp	md5	f91f288ef164604dea385a8a47782210	md5	f91f288ef164604dea385a8a47782210	
changed	engine	source	vostok/render/core/dx11/sources/resource_manager.cpp	md5	a957a95b635bfe8f46ee22e0ec3f54aa	md5	e79c3e2f7b0e01bdf77e9b732729a60c	
changed	engine	source	vostok/render/core/dx11/sources/shader_binary_source_cook.cpp	md5	c9e70fbf1ab56c66bcee87a5d5b69fe3	md5	2d0e464f5ae839b3094876114a6f921d	
unchanged	engine	header	vostok/render/core/dx11/sources/shader_binary_source_cook.h	md5	e0082a94fbc64748e065ca81527ae3b4	md5	e0082a94fbc64748e065ca81527ae3b4	
changed	engine	source	vostok/render/core/dx11/sources/shader_buffer.cpp	md5	46c32286611cb7f53a49fdc638cacc18	md5	4490d453dc3e348159f420cd07264ce2	
changed	engine	source	vostok/render/core/dx11/sources/shader_constant_buffer.cpp	md5	df4e479a998c76ef78592be58cccfc2e	md5	9228ea0a0804fc889db98b0b64790176	
unchanged	engine	source	vostok/render/core/dx11/sources/shader_constant_table.cpp	md5	bc0bc4fdd29fbb47e25d3e3a124e06f2	md5	bc0bc4fdd29fbb47e25d3e3a124e06f2	
unchanged	engine	source	vostok/render/core/dx11/sources/shader_macros.cpp	md5	53b19922aee5096cba0846be3cb0fabd	md5	53b19922aee5096cba0846be3cb0fabd	
unchanged	engine	source	vostok/render/core/dx11/sources/state_cache.cpp	md5	5a71e1e2f82e1036971b058164bf2bd8	md5	5a71e1e2f82e1036971b058164bf2bd8	
unchanged	engine	source	vostok/render/core/dx11/sources/state_descriptor.cpp	md5	5bc93653c3aa08dd25b48bb92f4739f5	md5	5bc93653c3aa08dd25b48bb92f4739f5	
unchanged	engine	source	vostok/render/core/dx11/sources/state_utils.cpp	md5	d9815f31f1311f2f26486677d2a5d709	md5	d9815f31f1311f2f26486677d2a5d709	
unchanged	engine	source	vostok/render/core/dx11/sources/texture_converter_params.cpp	md5	3fbfd080a4b1f553659c3e3c3cdbcd83	md5	3fbfd080a4b1f553659c3e3c3cdbcd83	
changed	engine	source	vostok/render/core/dx11/sources/texture_cook.cpp	md5	5c5f7828a35a6dc3e599e1c686935477	md5	c023d5cec79edbbaaf405030fad856e1	
changed	engine	header	vostok/render/core/dx11/sources/texture_cook.h	md5	8408cf4d22c989d171763fe8a8c85186	md5	d20268544d3e7c15f556688e69b34666	
changed	engine	source	vostok/render/core/dx11/sources/texture_cook_register.cpp	md5	b97ea907bf5b09475656a1a37d45f4d2	md5	aa87f3acab2fa8214bbcfe3df0f2eb6c	
changed	engine	source	vostok/render/core/dx11/sources/texture_cook_wrapper.cpp	md5	a3f919b101de5cc03588f8b7a84406bf	md5	80e48263a89d6d15d5e3b4a80c1589a8	
changed	engine	header	vostok/render/core/dx11/sources/texture_cook_wrapper.h	md5	6c351b00c445801fbfacf0a57fb4a8ab	md5	ba6f4b8709312a417a2fcdc8583ec499	
changed	engine	source	vostok/render/core/dx11/sources/texture_options.cpp	md5	37184d0e0283b3b53a9f859f4dd88d70	md5	1704fdfe1a4cbb9257a3c14ecc18dfe9	
unchanged	engine	source	vostok/render/core/dx11/sources/texture_pool.cpp	md5	f2563bc855a8a2bf5df99c61c4b7d88f	md5	f2563bc855a8a2bf5df99c61c4b7d88f	
unchanged	engine	source	vostok/render/core/dx11/sources/untyped_buffer.cpp	md5	e6ae91e3dd28ca85fa44a30e8c43f3fe	md5	e6ae91e3dd28ca85fa44a30e8c43f3fe	
unchanged	engine	source	vostok/render/core/dx11/sources/utils.cpp	md5	79a2d89c0bcaedb484728a64f6cdf460	md5	79a2d89c0bcaedb484728a64f6cdf460	
unchanged	engine	source	vostok/render/core/dx11/sources/vertex_buffer.cpp	md5	169e16ea29dbde59e2179724695fdb7d	md5	169e16ea29dbde59e2179724695fdb7d	
unchanged	engine	source	vostok/render/core/dx11/sources/xs_descriptor.cpp	md5	0703fbf7478324368eebe76cd488c926	md5	0703fbf7478324368eebe76cd488c926	
unchanged	engine	header	vostok/render/core/dx11/state_cache.h	md5	ae3ef953f6bcdc01ff9602864801616a	md5	ae3ef953f6bcdc01ff9602864801616a	
unchanged	engine	header	vostok/render/core/dx11/state_cache_inline.h	md5	6ff7b22c91aef1844407d1da041c5b04	md5	6ff7b22c91aef1844407d1da041c5b04	
unchanged	engine	header	vostok/render/core/dx11/state_descriptor.h	md5	6822496cd02263bb0790ee9c646c0a66	md5	6822496cd02263bb0790ee9c646c0a66	
unchanged	engine	header	vostok/render/core/dx11/state_utils.h	md5	7da3024f69db748370924e33cf8e24fa	md5	7da3024f69db748370924e33cf8e24fa	
changed	engine	header	vostok/render/core/dx11/texture_converter_params.h	md5	364b3ea82f8383b69297782a7a48da8b	md5	7d9cc93f96eed481fa608c893d28099a	
unchanged	engine	header	vostok/render/core/dx11/texture_named_instance.h	md5	9c24a9616b5e9e29ffb2222775b45421	md5	9c24a9616b5e9e29ffb2222775b45421	
unchanged	engine	header	vostok/render/core/dx11/texture_slot.h	md5	5ee5ac5637d34e5a50e12da888dc7b6b	md5	5ee5ac5637d34e5a50e12da888dc7b6b	
unchanged	engine	header	vostok/render/core/dx11/untyped_buffer.h	md5	00f17424720cd4191d6d272f335ff803	md5	00f17424720cd4191d6d272f335ff803	
unchanged	engine	header	vostok/render/core/dx11/untyped_buffer_inline.h	md5	a27e6e94af187c149dbc6cd2e14e1a85	md5	a27e6e94af187c149dbc6cd2e14e1a85	
unchanged	engine	header	vostok/render/core/dx11/xs_data.h	md5	087bafa612b1f7ad8dcf3f030439375f	md5	087bafa612b1f7ad8dcf3f030439375f	
unchanged	engine	header	vostok/render/core/dx11_defines.h	md5	8a3f883690bd4c94294b60e47c328d6f	md5	8a3f883690bd4c94294b60e47c328d6f	
unchanged	engine	header	vostok/render/core/effect_compiler.h	md5	dd623be24808e1c3c4e87a22f99056ed	md5	dd623be24808e1c3c4e87a22f99056ed	
unchanged	engine	header	vostok/render/core/effect_constant_storage.h	md5	6885733ea3c81b7380f431e1d72b78e0	md5	6885733ea3c81b7380f431e1d72b78e0	
unchanged	engine	header	vostok/render/core/effect_cook.h	md5	5b9296e96517a02199a4a63ddf9d138c	md5	5b9296e96517a02199a4a63ddf9d138c	
unchanged	engine	header	vostok/render/core/effect_descriptor.h	md5	3dc172403b63ce71a5493d035d85fcc2	md5	3dc172403b63ce71a5493d035d85fcc2	
unchanged	engine	header	vostok/render/core/effect_manager.h	md5	e01dba40763e6650402a019f32a45347	md5	e01dba40763e6650402a019f32a45347	
unchanged	engine	header	vostok/render/core/event_query.h	md5	595ec0ea47c16a42ce274ada9986f159	md5	595ec0ea47c16a42ce274ada9986f159	
unchanged	engine	header	vostok/render/core/gpu_timer.h	md5	66a2d1c1c54704edda3afe74e82a067a	md5	66a2d1c1c54704edda3afe74e82a067a	
unchanged	engine	header	vostok/render/core/hw_buffer_pool.h	md5	acaabafd0007474a27d7cbd8f5062ba3	md5	acaabafd0007474a27d7cbd8f5062ba3	
unchanged	engine	header	vostok/render/core/index_buffer.h	md5	20ce2aa25a8d981e58d122419431a006	md5	20ce2aa25a8d981e58d122419431a006	
unchanged	engine	header	vostok/render/core/index_buffer_inline.h	md5	88a7c2a8fa387ac540979f72660f245e	md5	88a7c2a8fa387ac540979f72660f245e	
unchanged	engine	header	vostok/render/core/macros_extensions.h	md5	6ab91e2578e2e3916368b5ee784feba7	md5	6ab91e2578e2e3916368b5ee784feba7	
unchanged	engine	header	vostok/render/core/memory.h	md5	4dac60eb6a4bf70fbca9c67723320b70	md5	4dac60eb6a4bf70fbca9c67723320b70	
changed	engine	header	vostok/render/core/options.h	md5	cd74eb4d76bfd46736fb125d805b2947	md5	eb925e3d2a9c447abf306f5a7fcae011	
unchanged	engine	header	vostok/render/core/pix_event_wrapper.h	md5	3f8f56228c3c3784d2f3b0a4098932cd	md5	3f8f56228c3c3784d2f3b0a4098932cd	
unchanged	engine	header	vostok/render/core/platform_helper.h	md5	f68b8d31aa1737570c6d251d45d6e4cc	md5	f68b8d31aa1737570c6d251d45d6e4cc	
unchanged	engine	header	vostok/render/core/quasi_singleton.h	md5	c3a271f3ec11c87ecb02d3babf43b56b	md5	c3a271f3ec11c87ecb02d3babf43b56b	
unchanged	engine	header	vostok/render/core/render_include.h	md5	38d890b2f94454c2607420c8876a328b	md5	38d890b2f94454c2607420c8876a328b	
unchanged	engine	header	vostok/render/core/render_target.h	md5	ef0ebd941e2eee93774f6715f96d9c8c	md5	ef0ebd941e2eee93774f6715f96d9c8c	
unchanged	engine	header	vostok/render/core/res_buffer_list.h	md5	29de2a1f84af2e5f64bada541f430ff9	md5	29de2a1f84af2e5f64bada541f430ff9	
unchanged	engine	header	vostok/render/core/res_common.h	md5	5f824f419a8400dc2d23158b5b517c92	md5	5f824f419a8400dc2d23158b5b517c92	
unchanged	engine	header	vostok/render/core/res_declaration.h	md5	55b89b731a06ed27048697cf06ec56a6	md5	55b89b731a06ed27048697cf06ec56a6	
unchanged	engine	header	vostok/render/core/res_effect.h	md5	562c5f00552fef1a0d6ef67ed32f2fe1	md5	562c5f00552fef1a0d6ef67ed32f2fe1	
unchanged	engine	header	vostok/render/core/res_geometry.h	md5	2de0d511d23e1ae04bc037fa4e83db32	md5	2de0d511d23e1ae04bc037fa4e83db32	
unchanged	engine	header	vostok/render/core/res_gs_hw.h	md5	4ba66b5a60da0fe610901e5edf012ca2	md5	4ba66b5a60da0fe610901e5edf012ca2	
unchanged	engine	header	vostok/render/core/res_input_layout.h	md5	b9193a6bad03acb29cee54748edc3fb2	md5	b9193a6bad03acb29cee54748edc3fb2	
unchanged	engine	header	vostok/render/core/res_ps_hw.h	md5	bc0f71a1ddcf7cac163835c52b8eb722	md5	bc0f71a1ddcf7cac163835c52b8eb722	
unchanged	engine	header	vostok/render/core/res_render_output.h	md5	576bf22af99ee240c51e07d832a0d3ce	md5	576bf22af99ee240c51e07d832a0d3ce	
unchanged	engine	header	vostok/render/core/res_sampler_list.h	md5	67a98891bf39f2b6b59d7710d71d65e9	md5	67a98891bf39f2b6b59d7710d71d65e9	
unchanged	engine	header	vostok/render/core/res_sampler_state.h	md5	0d087470eaba70bb8d543337834d578d	md5	0d087470eaba70bb8d543337834d578d	
unchanged	engine	header	vostok/render/core/res_signature.h	md5	f8abb4b45eb3e64e489b990836e13aac	md5	f8abb4b45eb3e64e489b990836e13aac	
unchanged	engine	header	vostok/render/core/res_state.h	md5	df974105496413d898ffd20d8921f443	md5	df974105496413d898ffd20d8921f443	
unchanged	engine	header	vostok/render/core/res_texture.h	md5	f9760bd0a2beb8bae6ebc463043ab28e	md5	f9760bd0a2beb8bae6ebc463043ab28e	
unchanged	engine	header	vostok/render/core/res_texture_list.h	md5	c79c05b5e69d106316680b4db431708d	md5	c79c05b5e69d106316680b4db431708d	
unchanged	engine	header	vostok/render/core/res_vs_hw.h	md5	fc0643647aac60cd85c60120180237c6	md5	fc0643647aac60cd85c60120180237c6	
unchanged	engine	header	vostok/render/core/res_xs.h	md5	d1799b9c832c9e97b57f98edfcf724b5	md5	d1799b9c832c9e97b57f98edfcf724b5	
unchanged	engine	header	vostok/render/core/res_xs_hw.h	md5	1f97f4f5026d41737a9080414553d516	md5	1f97f4f5026d41737a9080414553d516	
unchanged	engine	header	vostok/render/core/res_xs_hw_impl.h	md5	68c8fe4cac6f0c3002e0467d72ee5261	md5	68c8fe4cac6f0c3002e0467d72ee5261	
unchanged	engine	header	vostok/render/core/resource_intrusive_base.h	md5	efe5d8ccc0e755ca5709af149747f3c7	md5	efe5d8ccc0e755ca5709af149747f3c7	
unchanged	engine	header	vostok/render/core/resource_intrusive_base_inline.h	md5	0274174b1881e1881aa19158eb0a90c3	md5	0274174b1881e1881aa19158eb0a90c3	
unchanged	engine	header	vostok/render/core/resource_manager.h	md5	55d0a15585d19272cd9100bc5af2bb0b	md5	55d0a15585d19272cd9100bc5af2bb0b	
unchanged	engine	header	vostok/render/core/sampler_slot.h	md5	5b1bf5cef0f5e5d3678dd864f538acf4	md5	5b1bf5cef0f5e5d3678dd864f538acf4	
unchanged	engine	header	vostok/render/core/sampler_state_descriptor.h	md5	dec71d5cc367de744d52e9dcff0b4c3e	md5	dec71d5cc367de744d52e9dcff0b4c3e	
unchanged	engine	header	vostok/render/core/sampler_state_descriptor_inline.h	md5	c859e41a950f0b38ee387f4125cd46f0	md5	c859e41a950f0b38ee387f4125cd46f0	
unchanged	engine	header	vostok/render/core/shader_buffer.h	md5	94dfaee05ba4021a1c7211ccc5c93dba	md5	94dfaee05ba4021a1c7211ccc5c93dba	
unchanged	engine	header	vostok/render/core/shader_configuration.h	md5	e30e5ad2dd9a691ee72a67783dcbcb31	md5	e30e5ad2dd9a691ee72a67783dcbcb31	
unchanged	engine	header	vostok/render/core/shader_constant.h	md5	db2a938c62b452a8f65c8b3c99f8fab5	md5	db2a938c62b452a8f65c8b3c99f8fab5	
unchanged	engine	header	vostok/render/core/shader_constant_binding.h	md5	2e98453cd0fd0acad7cde710e98494ee	md5	2e98453cd0fd0acad7cde710e98494ee	
unchanged	engine	header	vostok/render/core/shader_constant_binding_inline.h	md5	eca63b75a7d1489fa3757f7bec1e3e2c	md5	eca63b75a7d1489fa3757f7bec1e3e2c	
unchanged	engine	header	vostok/render/core/shader_constant_bindings.h	md5	8fbe5b9acf8fd3b1cefefb9d2381cf8c	md5	8fbe5b9acf8fd3b1cefefb9d2381cf8c	
unchanged	engine	header	vostok/render/core/shader_constant_bindings_inline.h	md5	eabe89dae8e29b2ca1f6665d4464cbd7	md5	eabe89dae8e29b2ca1f6665d4464cbd7	
unchanged	engine	header	vostok/render/core/shader_constant_buffer.h	md5	1d4a2e8a3abd5066b24519eb34ce3000	md5	1d4a2e8a3abd5066b24519eb34ce3000	
unchanged	engine	header	vostok/render/core/shader_constant_buffer_inline.h	md5	0e5182663d6bdb586f8bbd30bacdc445	md5	0e5182663d6bdb586f8bbd30bacdc445	
unchanged	engine	header	vostok/render/core/shader_constant_defines.h	md5	c0c4b0c266437f1e22afcc660f976439	md5	c0c4b0c266437f1e22afcc660f976439	
unchanged	engine	header	vostok/render/core/shader_constant_host.h	md5	f078af9e135a3cffca23682a6a1c85bf	md5	f078af9e135a3cffca23682a6a1c85bf	
unchanged	engine	header	vostok/render/core/shader_constant_host_inline.h	md5	0677724462c94187a839787d2eca7d09	md5	0677724462c94187a839787d2eca7d09	
unchanged	engine	header	vostok/render/core/shader_constant_inline.h	md5	c399af552d13e4d481600e93b14a924d	md5	c399af552d13e4d481600e93b14a924d	
unchanged	engine	header	vostok/render/core/shader_constant_slot.h	md5	b7a2761a877a88f0f8d96f34b9e16cdd	md5	b7a2761a877a88f0f8d96f34b9e16cdd	
unchanged	engine	header	vostok/render/core/shader_constant_slot_inline.h	md5	0388ef6ce033ed2ee81eb72c0f138854	md5	0388ef6ce033ed2ee81eb72c0f138854	
unchanged	engine	header	vostok/render/core/shader_constant_source.h	md5	a89c42b6063b921690577cbf11f1367d	md5	a89c42b6063b921690577cbf11f1367d	
unchanged	engine	header	vostok/render/core/shader_constant_source_inline.h	md5	d687cc2975c9b733ed810ae95b5d2ed4	md5	d687cc2975c9b733ed810ae95b5d2ed4	
unchanged	engine	header	vostok/render/core/shader_constant_table.h	md5	9959d626bf3b7854dbbc006bfa07e03d	md5	9959d626bf3b7854dbbc006bfa07e03d	
unchanged	engine	header	vostok/render/core/shader_constant_table_inline.h	md5	f9af9728e89586af80cf66a90ebf4271	md5	f9af9728e89586af80cf66a90ebf4271	
unchanged	engine	header	vostok/render/core/shader_declarated_macros.h	md5	9ae0761b4a837c73c781244bad5245f0	md5	9ae0761b4a837c73c781244bad5245f0	
unchanged	engine	header	vostok/render/core/shader_defines.h	md5	ce46cdfb72d525698469219f5d240e3a	md5	ce46cdfb72d525698469219f5d240e3a	
unchanged	engine	header	vostok/render/core/shader_include_getter.h	md5	62e9410d20dd3f5f0dcba3eea51fb737	md5	62e9410d20dd3f5f0dcba3eea51fb737	
unchanged	engine	header	vostok/render/core/shader_macros.h	md5	715aabc84b9e0d343044603f898c3e3c	md5	715aabc84b9e0d343044603f898c3e3c	
changed	engine	source	vostok/render/core/sources/event_query.cpp	md5	5f6a6d7151c61f52065ffb1767d7549a	md5	4d69a3e8ed9d9964eae23134f2a48e69	
unchanged	engine	header	vostok/render/core/state_cache.h	md5	753277e65266d41720aec3ad998b6c94	md5	753277e65266d41720aec3ad998b6c94	
unchanged	engine	header	vostok/render/core/state_cache_inline.h	md5	1796bfb05ba69dc45392e84ad8417581	md5	1796bfb05ba69dc45392e84ad8417581	
unchanged	engine	header	vostok/render/core/state_descriptor.h	md5	c35c93d41d01fe2c168deace3beb6b54	md5	c35c93d41d01fe2c168deace3beb6b54	
unchanged	engine	header	vostok/render/core/state_utils.h	md5	6312a85f3a85136d8d0b6a15d27d04f5	md5	6312a85f3a85136d8d0b6a15d27d04f5	
unchanged	engine	header	vostok/render/core/surface_effect_parameters.h	md5	74d135e2551dae7b099c7130b6d93e9f	md5	74d135e2551dae7b099c7130b6d93e9f	
unchanged	engine	header	vostok/render/core/texture_converter_params.h	md5	de57918fc612bc1720dd57a13e6fbda1	md5	de57918fc612bc1720dd57a13e6fbda1	
unchanged	engine	header	vostok/render/core/texture_named_instance.h	md5	84e1a5679c70cae0b563fae53bd4689e	md5	84e1a5679c70cae0b563fae53bd4689e	
unchanged	engine	header	vostok/render/core/texture_options.h	md5	53d573a7eb736905f6f18df79da9756c	md5	53d573a7eb736905f6f18df79da9756c	
unchanged	engine	header	vostok/render/core/texture_pool.h	md5	5ce5cb9d2cbdc9c64faf3b9569e23a55	md5	5ce5cb9d2cbdc9c64faf3b9569e23a55	
unchanged	engine	header	vostok/render/core/texture_slot.h	md5	beb397d612d776530bf84337fce56f5a	md5	beb397d612d776530bf84337fce56f5a	
unchanged	engine	header	vostok/render/core/untyped_buffer.h	md5	025bcf0135834c926236ac7174a2b03f	md5	025bcf0135834c926236ac7174a2b03f	
unchanged	engine	header	vostok/render/core/untyped_buffer_inline.h	md5	bb9f1b75730f0e7ea5468b0fc9ae4551	md5	bb9f1b75730f0e7ea5468b0fc9ae4551	
unchanged	engine	header	vostok/render/core/untyped_buffer_type.h	md5	fce723f6e84722d9ced334bacaa37de6	md5	fce723f6e84722d9ced334bacaa37de6	
unchanged	engine	header	vostok/render/core/utils.h	md5	3f145bc96bd507697ae00f8edf95af95	md5	3f145bc96bd507697ae00f8edf95af95	
unchanged	engine	header	vostok/render/core/utils_inline.h	md5	8339638aa95d2641d06142cbf07b50d2	md5	8339638aa95d2641d06142cbf07b50d2	
unchanged	engine	header	vostok/render/core/vertex_buffer.h	md5	5031c6f5e7898a2f4135cdca2ddef8f0	md5	5031c6f5e7898a2f4135cdca2ddef8f0	
unchanged	engine	header	vostok/render/core/vertex_buffer_inline.h	md5	2d3c22c51bf7222d9e9a772cbbf8d95b	md5	2d3c22c51bf7222d9e9a772cbbf8d95b	
unchanged	engine	header	vostok/render/core/world.h	md5	84e93f48e15c4a065fa32cc9e51e1f51	md5	84e93f48e15c4a065fa32cc9e51e1f51	
unchanged	engine	header	vostok/render/core/xs_data.h	md5	76916cc5328f00a88236ab9af22fc88f	md5	76916cc5328f00a88236ab9af22fc88f	
unchanged	engine	header	vostok/render/core/xs_descriptor.h	md5	7a582628b3d679d6692dc2d13c509f40	md5	7a582628b3d679d6692dc2d13c509f40	
unchanged	engine	header	vostok/render/engine/api.h	md5	c06f45e7051a1284e826b28483b70966	md5	c06f45e7051a1284e826b28483b70966	
unchanged	engine	header	vostok/render/engine/base_classes.h	md5	fb201ab3f60500f343f165838ebe637f	md5	fb201ab3f60500f343f165838ebe637f	
unchanged	engine	header	vostok/render/engine/model_format.h	md5	266bd0942a8f2d311bdeed0596b34ff5	md5	266bd0942a8f2d311bdeed0596b34ff5	
unchanged	engine	header	vostok/render/engine/sources/aab_rect.h	md5	276fe41d4749cd3415526f675f483357	md5	276fe41d4749cd3415526f675f483357	
unchanged	engine	header	vostok/render/engine/sources/aab_rect_inline.h	md5	87491683915a49446964ab2b3f4e0c39	md5	87491683915a49446964ab2b3f4e0c39	
unchanged	engine	header	vostok/render/engine/sources/aabb_indices.h	md5	2854e4f20ab3214e030fcdd5c125bf39	md5	2854e4f20ab3214e030fcdd5c125bf39	
unchanged	engine	source	vostok/render/engine/sources/ambient_light.cpp	md5	e6a2e4436a5d05fb20e34f082af0e2a4	md5	e6a2e4436a5d05fb20e34f082af0e2a4	
unchanged	engine	header	vostok/render/engine/sources/ambient_light.h	md5	64e8364d45a2c6b804db03216703a91e	md5	64e8364d45a2c6b804db03216703a91e	
unchanged	engine	source	vostok/render/engine/sources/ambient_volume.cpp	md5	d16d91f70ffc09ad6c52339ea359c224	md5	d16d91f70ffc09ad6c52339ea359c224	
unchanged	engine	header	vostok/render/engine/sources/ambient_volume.h	md5	33bf9d5aa47dc8b97e9d1eea9c6758b7	md5	33bf9d5aa47dc8b97e9d1eea9c6758b7	
unchanged	engine	source	vostok/render/engine/sources/animated_model_instance_cook.cpp	md5	28127d90246f5db7ca0994965bb5f540	md5	28127d90246f5db7ca0994965bb5f540	
unchanged	engine	header	vostok/render/engine/sources/animated_model_instance_cook.h	md5	70defc18f9ba96ac0e6dc178ca2360c5	md5	70defc18f9ba96ac0e6dc178ca2360c5	
changed	engine	source	vostok/render/engine/sources/bake_decal_cook.cpp	md5	7e0a2cab4a74aa38f66251eda55b9bc0	md5	3b02cf3b19ea19bfe9376add8a16d967	
unchanged	engine	header	vostok/render/engine/sources/bake_decal_cook.h	md5	c4b4aedd283aa1ec0d27d2cbd440ee0a	md5	c4b4aedd283aa1ec0d27d2cbd440ee0a	
unchanged	engine	header	vostok/render/engine/sources/batched_geometry.h	md5	ca59c4fec45893b57ef3a6d7bab0fdc3	md5	ca59c4fec45893b57ef3a6d7bab0fdc3	
unchanged	engine	header	vostok/render/engine/sources/batched_geometry_inline.h	md5	cfab131c6cc5aa00aad036ffcd6d3d5f	md5	cfab131c6cc5aa00aad036ffcd6d3d5f	
unchanged	engine	header	vostok/render/engine/sources/blend_mode.h	md5	a3f38700dda4a2fbe538e33c631d2f22	md5	a3f38700dda4a2fbe538e33c631d2f22	
unchanged	engine	source	vostok/render/engine/sources/box_geometry.cpp	md5	9d7ec887ef8c4b360fd5e0aad7f86d9c	md5	9d7ec887ef8c4b360fd5e0aad7f86d9c	
unchanged	engine	header	vostok/render/engine/sources/box_geometry.h	md5	41209f36c6613e746701a18824d9fcf2	md5	41209f36c6613e746701a18824d9fcf2	
unchanged	engine	header	vostok/render/engine/sources/camera.h	md5	9b94940bb1a3c03b5bb8b8fd5a7aba33	md5	9b94940bb1a3c03b5bb8b8fd5a7aba33	
unchanged	engine	header	vostok/render/engine/sources/camera_inline.h	md5	7d8db5160995d473b5b41c40a529bace	md5	7d8db5160995d473b5b41c40a529bace	
changed	engine	header	vostok/render/engine/sources/capsule_light_effect.h	md5	2a51a3e7c203be6c0fbe1845250f1dd8	md5	47bd3b4e33837f40202907d42bc352f8	
unchanged	engine	header	vostok/render/engine/sources/cloud_evaluate_geometry.h	md5	75e135a91016229dbaa2aec847ba5e38	md5	75e135a91016229dbaa2aec847ba5e38	
unchanged	engine	header	vostok/render/engine/sources/cloud_interp_textures.h	md5	a0425737f899ed33521a22bb606d6db0	md5	a0425737f899ed33521a22bb606d6db0	
unchanged	engine	source	vostok/render/engine/sources/cloud_noise.cpp	md5	3507f35e207b2da23c0ebf75be41297e	md5	3507f35e207b2da23c0ebf75be41297e	
unchanged	engine	header	vostok/render/engine/sources/cloud_noise.h	md5	729f43b1e8c4feaa16723f00d275be78	md5	729f43b1e8c4feaa16723f00d275be78	
unchanged	engine	source	vostok/render/engine/sources/cloud_simulation.cpp	md5	e8ac08f96ac68b6d2f22b6d37446236c	md5	e8ac08f96ac68b6d2f22b6d37446236c	
unchanged	engine	header	vostok/render/engine/sources/cloud_simulation.h	md5	5822fd1646b2765cb21144e2caf9fd16	md5	5822fd1646b2765cb21144e2caf9fd16	
unchanged	engine	source	vostok/render/engine/sources/clouds.cpp	md5	65f95e8a94cd1b92f3fe87d4f90428d4	md5	65f95e8a94cd1b92f3fe87d4f90428d4	
unchanged	engine	header	vostok/render/engine/sources/clouds.h	md5	91e8b5fd2310429662c7b4aff7154af4	md5	91e8b5fd2310429662c7b4aff7154af4	
changed	engine	source	vostok/render/engine/sources/combined_model_cooker.cpp	md5	d17f597a1be56b10b0605c2eba8a802e	md5	f5b3b5bf559489b4a1e7934a5356104c	
unchanged	engine	header	vostok/render/engine/sources/culling_result.h	md5	f06e5549a2ca34a36973607822b0b0c5	md5	f06e5549a2ca34a36973607822b0b0c5	
changed	engine	source	vostok/render/engine/sources/decal_default_material_effect.cpp	md5	abd5c2ae6f376103de5a83422730c43a	md5	8e992d60e29fb3c39e83b2674e865816	
unchanged	engine	header	vostok/render/engine/sources/decal_default_material_effect.h	md5	d4531a50fdb98078af3e3a8162c84692	md5	d4531a50fdb98078af3e3a8162c84692	
unchanged	engine	source	vostok/render/engine/sources/decal_instance.cpp	md5	c09b790e602c0c99679e3d90058ee214	md5	c09b790e602c0c99679e3d90058ee214	
unchanged	engine	header	vostok/render/engine/sources/decal_instance.h	md5	d022cabc535f2ecff36dc075e8a71437	md5	d022cabc535f2ecff36dc075e8a71437	
unchanged	engine	source	vostok/render/engine/sources/depth_accumulate_material_effect.cpp	md5	842de33824e675f796fd07aeb7236b72	md5	842de33824e675f796fd07aeb7236b72	
unchanged	engine	header	vostok/render/engine/sources/depth_accumulate_material_effect.h	md5	cf8a4b9ec0f95bf3e6c73499e061a64a	md5	cf8a4b9ec0f95bf3e6c73499e061a64a	
unchanged	engine	source	vostok/render/engine/sources/du_box.cpp	md5	e0f82e1da3f6c8151e8f8891fd8bf2c8	md5	e0f82e1da3f6c8151e8f8891fd8bf2c8	
unchanged	engine	header	vostok/render/engine/sources/du_box.h	md5	25882458116a5cdab9960024a180b4d9	md5	25882458116a5cdab9960024a180b4d9	
unchanged	engine	source	vostok/render/engine/sources/du_sphere.cpp	md5	a0f1c552ca5bdc9008dec10ceef7d086	md5	a0f1c552ca5bdc9008dec10ceef7d086	
unchanged	engine	header	vostok/render/engine/sources/du_sphere.h	md5	73cbb58b3b054b86a505e36821e439ac	md5	73cbb58b3b054b86a505e36821e439ac	
unchanged	engine	header	vostok/render/engine/sources/dualcone_rain_geometry.h	md5	fc580022aa5c10117fcbc00a8a4ddd06	md5	fc580022aa5c10117fcbc00a8a4ddd06	
unchanged	engine	header	vostok/render/engine/sources/effect_aberration.h	md5	ccb37da229d862ba2bd152b9ad98b69e	md5	ccb37da229d862ba2bd152b9ad98b69e	
unchanged	engine	source	vostok/render/engine/sources/effect_add_border_padding.cpp	md5	bc7345066e94afea0b119a7c5b837947	md5	bc7345066e94afea0b119a7c5b837947	
unchanged	engine	header	vostok/render/engine/sources/effect_add_border_padding.h	md5	0637c715e0ffd60035c15360ea174176	md5	0637c715e0ffd60035c15360ea174176	
unchanged	engine	header	vostok/render/engine/sources/effect_ambient_light.h	md5	e3c017b495cf3fb83ee2bd3a33b31cee	md5	e3c017b495cf3fb83ee2bd3a33b31cee	
unchanged	engine	source	vostok/render/engine/sources/effect_ambient_volume.cpp	md5	11604c926fcf430526cf05ec6f1a51f1	md5	11604c926fcf430526cf05ec6f1a51f1	
unchanged	engine	header	vostok/render/engine/sources/effect_ambient_volume.h	md5	0e9c7c8ddb60188fcff199ff097e89b1	md5	0e9c7c8ddb60188fcff199ff097e89b1	
changed	engine	source	vostok/render/engine/sources/effect_apply_ambient_lights.cpp	md5	e10f2b6658bbb6acbdbbf9eb990bc3ad	md5	fb96ebc9def6a2f0c5db9ffb3e192ac3	
unchanged	engine	header	vostok/render/engine/sources/effect_apply_ambient_lights.h	md5	353741a83dd5a8fc593d9969f9ebc955	md5	353741a83dd5a8fc593d9969f9ebc955	
changed	engine	source	vostok/render/engine/sources/effect_apply_decal_normals.cpp	md5	772bdee42d7a8a2e30108af57564fff6	md5	acd217706b37302ddaaa35c0ba8bf993	
unchanged	engine	header	vostok/render/engine/sources/effect_apply_decal_normals.h	md5	1a018617ad1991564d5fbdb079b50963	md5	1a018617ad1991564d5fbdb079b50963	
unchanged	engine	source	vostok/render/engine/sources/effect_apply_distortion.cpp	md5	3e21b3399e89b4be3bba0dd98e8bc28e	md5	3e21b3399e89b4be3bba0dd98e8bc28e	
unchanged	engine	header	vostok/render/engine/sources/effect_apply_distortion.h	md5	439bf00cbff219611fb1c21890063971	md5	439bf00cbff219611fb1c21890063971	
unchanged	engine	source	vostok/render/engine/sources/effect_apply_ssao.cpp	md5	4ab332c377908dacc1410eb90a08c580	md5	4ab332c377908dacc1410eb90a08c580	
unchanged	engine	header	vostok/render/engine/sources/effect_apply_ssao.h	md5	47000d21706b77990698f9f7b5689532	md5	47000d21706b77990698f9f7b5689532	
unchanged	engine	header	vostok/render/engine/sources/effect_atmospheric_scattering.h	md5	452168742ba7235bef9c7e7017f45a6b	md5	452168742ba7235bef9c7e7017f45a6b	
unchanged	engine	source	vostok/render/engine/sources/effect_block_compression.cpp	md5	1b295c041f51309af203b31af460587e	md5	1b295c041f51309af203b31af460587e	
unchanged	engine	header	vostok/render/engine/sources/effect_block_compression.h	md5	a8d1d5f0acf075f8c6d0fd7e987adb7c	md5	a8d1d5f0acf075f8c6d0fd7e987adb7c	
changed	engine	header	vostok/render/engine/sources/effect_blur.h	md5	1b399711d78a7a73090dc227c4057b74	md5	a611a4336ecb59d874c2b7ede91a5f6d	
unchanged	engine	source	vostok/render/engine/sources/effect_channel_blur.cpp	md5	71cc8519311f7c70de1a4a0e35a3a888	md5	71cc8519311f7c70de1a4a0e35a3a888	
unchanged	engine	header	vostok/render/engine/sources/effect_channel_blur.h	md5	96f40753f6caeff1d98806cb28b6e665	md5	96f40753f6caeff1d98806cb28b6e665	
unchanged	engine	source	vostok/render/engine/sources/effect_color_grading_lut_blending.cpp	md5	add72392aad1db49ee3c87ae4a5e251c	md5	add72392aad1db49ee3c87ae4a5e251c	
unchanged	engine	header	vostok/render/engine/sources/effect_color_grading_lut_blending.h	md5	3ac667e44ddbe2f0f3d4fdbcc3e97532	md5	3ac667e44ddbe2f0f3d4fdbcc3e97532	
changed	engine	header	vostok/render/engine/sources/effect_complex_post_process_blend.h	md5	2946e8e2fef855a0d3644be6d06d2f36	md5	e42a452f566e86db7998f819b65ff429	
unchanged	engine	header	vostok/render/engine/sources/effect_composition.h	md5	ae133c220c5ee0aa909e0db2557de97f	md5	ae133c220c5ee0aa909e0db2557de97f	
unchanged	engine	source	vostok/render/engine/sources/effect_copy_image.cpp	md5	54ee4c631dde7d8b92adeb83df3a4153	md5	54ee4c631dde7d8b92adeb83df3a4153	
unchanged	engine	header	vostok/render/engine/sources/effect_copy_image.h	md5	3b6995e29382d5d84d897cff962374bd	md5	3b6995e29382d5d84d897cff962374bd	
unchanged	engine	source	vostok/render/engine/sources/effect_copy_shadow_map.cpp	md5	bca7ab06f6b5a445d62153cb3f5aeab8	md5	bca7ab06f6b5a445d62153cb3f5aeab8	
unchanged	engine	header	vostok/render/engine/sources/effect_copy_shadow_map.h	md5	95c23836e7dde604401752cdada79de1	md5	95c23836e7dde604401752cdada79de1	
unchanged	engine	source	vostok/render/engine/sources/effect_debug_editor_wireframe.cpp	md5	f1728bffd2813758a3fac6480f2ef6bf	md5	f1728bffd2813758a3fac6480f2ef6bf	
unchanged	engine	header	vostok/render/engine/sources/effect_debug_editor_wireframe.h	md5	c42937ae007e3514715d24587e02dfba	md5	c42937ae007e3514715d24587e02dfba	
unchanged	engine	source	vostok/render/engine/sources/effect_debug_environment_probe_preview.cpp	md5	433217fc03ec5c5507b34e3bd744c75e	md5	433217fc03ec5c5507b34e3bd744c75e	
unchanged	engine	header	vostok/render/engine/sources/effect_debug_environment_probe_preview.h	md5	b64a13de418b40aa1ae4faf8b9550f1d	md5	b64a13de418b40aa1ae4faf8b9550f1d	
unchanged	engine	source	vostok/render/engine/sources/effect_debug_tracer.cpp	md5	bf6560f659d7760e1b98e23690908a5b	md5	bf6560f659d7760e1b98e23690908a5b	
unchanged	engine	header	vostok/render/engine/sources/effect_debug_tracer.h	md5	f6e0df9a235f5ca4fe068228f5c02f1d	md5	f6e0df9a235f5ca4fe068228f5c02f1d	
unchanged	engine	source	vostok/render/engine/sources/effect_decal_mask.cpp	md5	682030ad16ae6b9fe82aea0226f2287f	md5	682030ad16ae6b9fe82aea0226f2287f	
unchanged	engine	header	vostok/render/engine/sources/effect_decal_mask.h	md5	4d9e5639d17a02cb49ed82ce228f2468	md5	4d9e5639d17a02cb49ed82ce228f2468	
unchanged	engine	source	vostok/render/engine/sources/effect_distortion_stage_default_materials.cpp	md5	2b41803c2b68d4bb46f4ff58718c782d	md5	2b41803c2b68d4bb46f4ff58718c782d	
unchanged	engine	header	vostok/render/engine/sources/effect_distortion_stage_default_materials.h	md5	54cb6dc8df7209b261eb9343fe8551a0	md5	54cb6dc8df7209b261eb9343fe8551a0	
unchanged	engine	source	vostok/render/engine/sources/effect_distortion_stage_panner_materials.cpp	md5	49e7b70c0c2c15dadc2577365093b5d6	md5	49e7b70c0c2c15dadc2577365093b5d6	
unchanged	engine	header	vostok/render/engine/sources/effect_distortion_stage_panner_materials.h	md5	1266ba39f1baf6cf4be441417bb08d68	md5	1266ba39f1baf6cf4be441417bb08d68	
unchanged	engine	source	vostok/render/engine/sources/effect_downsample_skin_irradiance_texture.cpp	md5	bef077fa7e2315ba6b0449ea083d1603	md5	bef077fa7e2315ba6b0449ea083d1603	
unchanged	engine	header	vostok/render/engine/sources/effect_downsample_skin_irradiance_texture.h	md5	d69d516eed37827e10ceded1cf2fd03a	md5	d69d516eed37827e10ceded1cf2fd03a	
unchanged	engine	source	vostok/render/engine/sources/effect_editor_accumulate_overdraw.cpp	md5	a7a485cfa606c0007848b9f03e72bd75	md5	a7a485cfa606c0007848b9f03e72bd75	
unchanged	engine	header	vostok/render/engine/sources/effect_editor_accumulate_overdraw.h	md5	73d893e08df6f7cdc10f013fbbea1fcb	md5	73d893e08df6f7cdc10f013fbbea1fcb	
unchanged	engine	source	vostok/render/engine/sources/effect_editor_apply_wireframe.cpp	md5	7cb29577be1db37c7620a96583a8d699	md5	7cb29577be1db37c7620a96583a8d699	
unchanged	engine	header	vostok/render/engine/sources/effect_editor_apply_wireframe.h	md5	cb5d9d2f4438a960e813b363b8f01de8	md5	cb5d9d2f4438a960e813b363b8f01de8	
unchanged	engine	source	vostok/render/engine/sources/effect_editor_geometry_complexity.cpp	md5	e9524fe89c78273e2f8a015621fa4ed5	md5	e9524fe89c78273e2f8a015621fa4ed5	
unchanged	engine	header	vostok/render/engine/sources/effect_editor_geometry_complexity.h	md5	f8d89e33f12f9d932f9dbde8dc62c0a1	md5	f8d89e33f12f9d932f9dbde8dc62c0a1	
unchanged	engine	source	vostok/render/engine/sources/effect_editor_model_ghost.cpp	md5	3cdf41a8e2359fff5445b2d5984b23dd	md5	3cdf41a8e2359fff5445b2d5984b23dd	
unchanged	engine	header	vostok/render/engine/sources/effect_editor_model_ghost.h	md5	3203b7fba7038677821d742166653c40	md5	3203b7fba7038677821d742166653c40	
unchanged	engine	source	vostok/render/engine/sources/effect_editor_selection.cpp	md5	915a721858beb8389a92d725212f00dd	md5	915a721858beb8389a92d725212f00dd	
unchanged	engine	header	vostok/render/engine/sources/effect_editor_selection.h	md5	918d7a01fb81ff796683fe799b11a925	md5	918d7a01fb81ff796683fe799b11a925	
unchanged	engine	source	vostok/render/engine/sources/effect_editor_shader_complexity.cpp	md5	32cd616d07fa7b4cec8810e1b04f5422	md5	32cd616d07fa7b4cec8810e1b04f5422	
unchanged	engine	header	vostok/render/engine/sources/effect_editor_shader_complexity.h	md5	03ad3373ad4187f07d80ecf571d074c4	md5	03ad3373ad4187f07d80ecf571d074c4	
unchanged	engine	source	vostok/render/engine/sources/effect_editor_show_batched_geometry.cpp	md5	6cbe6b4eaa8f808aee2ff8bd61870104	md5	6cbe6b4eaa8f808aee2ff8bd61870104	
unchanged	engine	header	vostok/render/engine/sources/effect_editor_show_batched_geometry.h	md5	1b28908eccde670e7925a9f4c8249096	md5	1b28908eccde670e7925a9f4c8249096	
unchanged	engine	source	vostok/render/engine/sources/effect_editor_show_cascaded_shadow_map_depth.cpp	md5	4e2dec8aa094a4f81e237ac57df40404	md5	4e2dec8aa094a4f81e237ac57df40404	
unchanged	engine	header	vostok/render/engine/sources/effect_editor_show_cascaded_shadow_map_depth.h	md5	e6ddf803c1c3073bb07c19dfb1116892	md5	e6ddf803c1c3073bb07c19dfb1116892	
unchanged	engine	source	vostok/render/engine/sources/effect_editor_show_miplevel.cpp	md5	170c7630eb956db5893851c015e8cc10	md5	170c7630eb956db5893851c015e8cc10	
unchanged	engine	header	vostok/render/engine/sources/effect_editor_show_miplevel.h	md5	f2eaec447c034f7ed63fda7a0d4b48f3	md5	f2eaec447c034f7ed63fda7a0d4b48f3	
unchanged	engine	source	vostok/render/engine/sources/effect_editor_show_overdraw.cpp	md5	93956b1bf6e52837fbb63edebaaea9bf	md5	93956b1bf6e52837fbb63edebaaea9bf	
unchanged	engine	header	vostok/render/engine/sources/effect_editor_show_overdraw.h	md5	49248d5284fb82f216a64868d0a386e6	md5	49248d5284fb82f216a64868d0a386e6	
unchanged	engine	source	vostok/render/engine/sources/effect_editor_texture_density.cpp	md5	5cd46f52f4fe5c8d0fb63fe47a335e73	md5	5cd46f52f4fe5c8d0fb63fe47a335e73	
unchanged	engine	header	vostok/render/engine/sources/effect_editor_texture_density.h	md5	d55ac9d940b911a04ad779f162c3cee6	md5	d55ac9d940b911a04ad779f162c3cee6	
unchanged	engine	source	vostok/render/engine/sources/effect_editor_vertex_alpha.cpp	md5	36d489e2d03dbc00ff547b38a0f2af1e	md5	36d489e2d03dbc00ff547b38a0f2af1e	
unchanged	engine	header	vostok/render/engine/sources/effect_editor_vertex_alpha.h	md5	4bb8df01301700dcde78ecfbf86f459d	md5	4bb8df01301700dcde78ecfbf86f459d	
changed	engine	source	vostok/render/engine/sources/effect_editor_view_mode.cpp	md5	e6bd1f50171bf4b34019825c709c64db	md5	03c80397f78be2b94cb54e8efbdd3f0d	
unchanged	engine	header	vostok/render/engine/sources/effect_editor_view_mode.h	md5	6969d4862e4ad6b9ff93c97eea6f7bd2	md5	6969d4862e4ad6b9ff93c97eea6f7bd2	
unchanged	engine	source	vostok/render/engine/sources/effect_editor_wireframe_accumulation.cpp	md5	64f812e6549d7a2862ebd73dd6e64c65	md5	64f812e6549d7a2862ebd73dd6e64c65	
unchanged	engine	header	vostok/render/engine/sources/effect_editor_wireframe_accumulation.h	md5	8106994e932092fb7a84272f65a25283	md5	8106994e932092fb7a84272f65a25283	
unchanged	engine	source	vostok/render/engine/sources/effect_environment_probe_lighting.cpp	md5	15b27df3ee1b57523cd6876607ca70b1	md5	15b27df3ee1b57523cd6876607ca70b1	
changed	engine	header	vostok/render/engine/sources/effect_environment_probe_lighting.h	md5	19e0de471848b8754d5439f202f5ff68	md5	cb38ba79171808e928d690faadeeef13	
unchanged	engine	source	vostok/render/engine/sources/effect_exponential_volume_fog.cpp	md5	3fcae6b8c6fe1c29a91866ac3866ae94	md5	3fcae6b8c6fe1c29a91866ac3866ae94	
unchanged	engine	header	vostok/render/engine/sources/effect_exponential_volume_fog.h	md5	aec8352213c5eedf0b7e9f7088d21c09	md5	aec8352213c5eedf0b7e9f7088d21c09	
unchanged	engine	source	vostok/render/engine/sources/effect_eye_adaptation.cpp	md5	9eb5ad17a20d0883d94d1450a331324d	md5	9eb5ad17a20d0883d94d1450a331324d	
unchanged	engine	header	vostok/render/engine/sources/effect_eye_adaptation.h	md5	e7e7d7b929230399789041464cb8ee98	md5	e7e7d7b929230399789041464cb8ee98	
unchanged	engine	source	vostok/render/engine/sources/effect_fill_environment_probe_face.cpp	md5	40656c85820cb243f96de69d28df0fb3	md5	40656c85820cb243f96de69d28df0fb3	
unchanged	engine	header	vostok/render/engine/sources/effect_fill_environment_probe_face.h	md5	2570b290baad023f3725d37591f8b587	md5	2570b290baad023f3725d37591f8b587	
unchanged	engine	source	vostok/render/engine/sources/effect_fill_reflective_shadow_map.cpp	md5	af5f8440cad49b0f403592f487a86ee1	md5	af5f8440cad49b0f403592f487a86ee1	
unchanged	engine	header	vostok/render/engine/sources/effect_fill_reflective_shadow_map.h	md5	a38aebff7cd576f942940cb315c7bef8	md5	a38aebff7cd576f942940cb315c7bef8	
unchanged	engine	source	vostok/render/engine/sources/effect_fill_sky_ao_map.cpp	md5	895737efb5348fc1b623ac56607aa840	md5	895737efb5348fc1b623ac56607aa840	
unchanged	engine	header	vostok/render/engine/sources/effect_fill_sky_ao_map.h	md5	cd7552fcd3a60af990aecc5bd09fc01a	md5	cd7552fcd3a60af990aecc5bd09fc01a	
unchanged	engine	source	vostok/render/engine/sources/effect_fix_irradiance_texture.cpp	md5	c08da21e423d5340626f396e4462f40c	md5	c08da21e423d5340626f396e4462f40c	
unchanged	engine	header	vostok/render/engine/sources/effect_fix_irradiance_texture.h	md5	4c44afe02d3aa53770051cefa5057d7b	md5	4c44afe02d3aa53770051cefa5057d7b	
unchanged	engine	source	vostok/render/engine/sources/effect_fstage_blend_subuv_materials.cpp	md5	0c005c56ec1cfa3d7bf395e3077b2988	md5	0c005c56ec1cfa3d7bf395e3077b2988	
unchanged	engine	header	vostok/render/engine/sources/effect_fstage_blend_subuv_materials.h	md5	81364a807d2608d9f90f9a2dc5bf70a5	md5	81364a807d2608d9f90f9a2dc5bf70a5	
unchanged	engine	source	vostok/render/engine/sources/effect_fstage_default_materials.cpp	md5	e30ef14f02ba5d5d35eec07927f33b98	md5	e30ef14f02ba5d5d35eec07927f33b98	
unchanged	engine	header	vostok/render/engine/sources/effect_fstage_default_materials.h	md5	dc3d407e108635975d96a65548a55734	md5	dc3d407e108635975d96a65548a55734	
unchanged	engine	source	vostok/render/engine/sources/effect_fstage_default_view_angle_dependent_materials.cpp	md5	1294795ada0dc72ea35e38211561f6f1	md5	1294795ada0dc72ea35e38211561f6f1	
unchanged	engine	header	vostok/render/engine/sources/effect_fstage_default_view_angle_dependent_materials.h	md5	744b84e32eb18c532fe917da54984cf8	md5	744b84e32eb18c532fe917da54984cf8	
unchanged	engine	source	vostok/render/engine/sources/effect_fstage_fake_translucency_materials.cpp	md5	3b16a379f2930dd4b66d0daa1125d4ce	md5	3b16a379f2930dd4b66d0daa1125d4ce	
unchanged	engine	header	vostok/render/engine/sources/effect_fstage_fake_translucency_materials.h	md5	cb1b63749a7b4861ec44056d0205a423	md5	cb1b63749a7b4861ec44056d0205a423	
unchanged	engine	source	vostok/render/engine/sources/effect_fstage_fire_fresnel_materials.cpp	md5	5c6155461875f8fc4cc96b19aedce1c8	md5	5c6155461875f8fc4cc96b19aedce1c8	
unchanged	engine	header	vostok/render/engine/sources/effect_fstage_fire_fresnel_materials.h	md5	b86fbdb8571a8a9f5cbaa3f4e88d21b9	md5	b86fbdb8571a8a9f5cbaa3f4e88d21b9	
changed	engine	source	vostok/render/engine/sources/effect_fstage_simpe_water_materials.cpp	md5	73cec9f839ccd53fb87ea9afed3ef1c3	md5	1a33cc72bc7acebdc1c08b0c4ed06672	
unchanged	engine	header	vostok/render/engine/sources/effect_fstage_simpe_water_materials.h	md5	213d1fab52f68c1efdb69980f83a62f1	md5	213d1fab52f68c1efdb69980f83a62f1	
unchanged	engine	source	vostok/render/engine/sources/effect_fstage_sky_materials.cpp	md5	dff5c2902055cfe29e894267e1bc5590	md5	dff5c2902055cfe29e894267e1bc5590	
unchanged	engine	header	vostok/render/engine/sources/effect_fstage_sky_materials.h	md5	0ff61200b465ac043b13e072522081ce	md5	0ff61200b465ac043b13e072522081ce	
unchanged	engine	source	vostok/render/engine/sources/effect_fstage_smoke_custom_lighted_materials.cpp	md5	bba6dba594020c31833f4feb24d8a665	md5	bba6dba594020c31833f4feb24d8a665	
unchanged	engine	header	vostok/render/engine/sources/effect_fstage_smoke_custom_lighted_materials.h	md5	a6de6b0d33d8d131c4c69c2d30681fa1	md5	a6de6b0d33d8d131c4c69c2d30681fa1	
unchanged	engine	source	vostok/render/engine/sources/effect_fstage_soft_materials.cpp	md5	2ed889cb7704a07f25976c5b3593da80	md5	2ed889cb7704a07f25976c5b3593da80	
unchanged	engine	header	vostok/render/engine/sources/effect_fstage_soft_materials.h	md5	b9e131229000eb09d1889ea0dd323ffd	md5	b9e131229000eb09d1889ea0dd323ffd	
unchanged	engine	source	vostok/render/engine/sources/effect_fstage_sphere_projection_materials.cpp	md5	8a2f09dfd5b22aa9a085529755e4e498	md5	8a2f09dfd5b22aa9a085529755e4e498	
unchanged	engine	header	vostok/render/engine/sources/effect_fstage_sphere_projection_materials.h	md5	0c85ccbe09e11aea58e47d9634580aab	md5	0c85ccbe09e11aea58e47d9634580aab	
changed	engine	source	vostok/render/engine/sources/effect_fstage_volume_cone_base_materials.cpp	md5	343f7d1e0273a31a1464ec7bd4f474eb	md5	cc951fb61c50664b42e1d3cf4d65a55f	
unchanged	engine	header	vostok/render/engine/sources/effect_fstage_volume_cone_base_materials.h	md5	bbd8e9478798de5104c07008dbd754f4	md5	bbd8e9478798de5104c07008dbd754f4	
unchanged	engine	source	vostok/render/engine/sources/effect_fstage_volume_sphere_base_materials.cpp	md5	26916798b9921ea9038e81e10dfb777a	md5	26916798b9921ea9038e81e10dfb777a	
unchanged	engine	header	vostok/render/engine/sources/effect_fstage_volume_sphere_base_materials.h	md5	f3df3542bd3f5f759cb97e1210b47905	md5	f3df3542bd3f5f759cb97e1210b47905	
unchanged	engine	source	vostok/render/engine/sources/effect_gather_bloom.cpp	md5	e3165ae3711afdcb82682cc94a42fae7	md5	e3165ae3711afdcb82682cc94a42fae7	
unchanged	engine	header	vostok/render/engine/sources/effect_gather_bloom.h	md5	b68e6673d9b4d6a0f4885e82194db08c	md5	b68e6673d9b4d6a0f4885e82194db08c	
unchanged	engine	source	vostok/render/engine/sources/effect_gather_luminance.cpp	md5	96c71d2cd6a5506ab0f05c052b0de718	md5	96c71d2cd6a5506ab0f05c052b0de718	
unchanged	engine	header	vostok/render/engine/sources/effect_gather_luminance.h	md5	5a8b5b89706899e99c91dbce244324da	md5	5a8b5b89706899e99c91dbce244324da	
unchanged	engine	source	vostok/render/engine/sources/effect_gather_luminance_histogram.cpp	md5	2ced80157bbe022a8e47e7fb9fe97c8f	md5	2ced80157bbe022a8e47e7fb9fe97c8f	
unchanged	engine	header	vostok/render/engine/sources/effect_gather_luminance_histogram.h	md5	01e724ef5e54e3e37cf7564f7478e80a	md5	01e724ef5e54e3e37cf7564f7478e80a	
unchanged	engine	source	vostok/render/engine/sources/effect_gbuffer_depth.cpp	md5	682751da14582830dc0169d7dd5d6c00	md5	682751da14582830dc0169d7dd5d6c00	
unchanged	engine	header	vostok/render/engine/sources/effect_gbuffer_depth.h	md5	5e12e57fe4463f6b545d8f753b9d746a	md5	5e12e57fe4463f6b545d8f753b9d746a	
unchanged	engine	source	vostok/render/engine/sources/effect_gbuffer_nomaterial_materials.cpp	md5	e4b839d7078bbe8bf0df3d3ba7814c80	md5	e4b839d7078bbe8bf0df3d3ba7814c80	
unchanged	engine	header	vostok/render/engine/sources/effect_gbuffer_nomaterial_materials.h	md5	305510a23454b1adba7166a10744b2b6	md5	305510a23454b1adba7166a10744b2b6	
unchanged	engine	source	vostok/render/engine/sources/effect_god_rays.cpp	md5	6d5256b1a9c26f86eb40db4f22de57c0	md5	6d5256b1a9c26f86eb40db4f22de57c0	
unchanged	engine	header	vostok/render/engine/sources/effect_god_rays.h	md5	165203ea6c41db3ec24968f72b57de1e	md5	165203ea6c41db3ec24968f72b57de1e	
unchanged	engine	source	vostok/render/engine/sources/effect_grass_trample.cpp	md5	72db8551162b8f70bb72d62343409313	md5	72db8551162b8f70bb72d62343409313	
unchanged	engine	header	vostok/render/engine/sources/effect_grass_trample.h	md5	9ffc46affca6df7cb2cd00f45572534e	md5	9ffc46affca6df7cb2cd00f45572534e	
unchanged	engine	source	vostok/render/engine/sources/effect_gstage_burning_wood_materials.cpp	md5	8f3e6f26d22989f1aeb2e609624ee766	md5	8f3e6f26d22989f1aeb2e609624ee766	
unchanged	engine	header	vostok/render/engine/sources/effect_gstage_burning_wood_materials.h	md5	336bed8aafae7004e8da61674239e964	md5	336bed8aafae7004e8da61674239e964	
changed	engine	source	vostok/render/engine/sources/effect_gstage_default_materials.cpp	md5	477954e4d3fa78d936a03966b4d44af4	md5	b62817b5a725d304d848f1a16e49b39f	
unchanged	engine	header	vostok/render/engine/sources/effect_gstage_default_materials.h	md5	f2831f61bf432d929614ca8ed9d6e149	md5	f2831f61bf432d929614ca8ed9d6e149	
changed	engine	source	vostok/render/engine/sources/effect_gstage_terrain_materials.cpp	md5	af13c0a98ccaf3c67290fcd9966d58be	md5	bb899def1a210fdba9e172c444ca0f73	
unchanged	engine	header	vostok/render/engine/sources/effect_gstage_terrain_materials.h	md5	fde59a5726edb8b6cb45f9af09951ae2	md5	fde59a5726edb8b6cb45f9af09951ae2	
unchanged	engine	source	vostok/render/engine/sources/effect_hiz_occlusion.cpp	md5	1d313942bf38dd0f7785ae96826650a7	md5	1d313942bf38dd0f7785ae96826650a7	
unchanged	engine	header	vostok/render/engine/sources/effect_hiz_occlusion.h	md5	6972e591a2268bd9884e8fb4349c2fbc	md5	6972e591a2268bd9884e8fb4349c2fbc	
unchanged	engine	source	vostok/render/engine/sources/effect_image_space_reflections.cpp	md5	d4966f2f06b70d6217f16fb6db9a2bfc	md5	d4966f2f06b70d6217f16fb6db9a2bfc	
unchanged	engine	header	vostok/render/engine/sources/effect_image_space_reflections.h	md5	affbf1127cecfd3cb533b715f4fe0e42	md5	affbf1127cecfd3cb533b715f4fe0e42	
unchanged	engine	source	vostok/render/engine/sources/effect_lens_flares.cpp	md5	7d4575a717af3b0c6c60d3d1b804345f	md5	7d4575a717af3b0c6c60d3d1b804345f	
unchanged	engine	header	vostok/render/engine/sources/effect_lens_flares.h	md5	4f3861cbebc253cee7e8efb937fa0bb2	md5	4f3861cbebc253cee7e8efb937fa0bb2	
unchanged	engine	source	vostok/render/engine/sources/effect_light_mask.cpp	md5	da6420a9e47463de3cd29a6c297f3bdd	md5	da6420a9e47463de3cd29a6c297f3bdd	
unchanged	engine	header	vostok/render/engine/sources/effect_light_mask.h	md5	d2ebbf685258a94fbccfdb0b6df0edca	md5	d2ebbf685258a94fbccfdb0b6df0edca	
unchanged	engine	source	vostok/render/engine/sources/effect_lighting_stage_default_materials.cpp	md5	bcfc988c2770d140f4496acff0dbb2a5	md5	bcfc988c2770d140f4496acff0dbb2a5	
unchanged	engine	header	vostok/render/engine/sources/effect_lighting_stage_default_materials.h	md5	40bfbaa35d3f677c632286f9f62e79f1	md5	40bfbaa35d3f677c632286f9f62e79f1	
unchanged	engine	source	vostok/render/engine/sources/effect_lighting_stage_organic_base_materials.cpp	md5	94e962998abf5ba892852dcfc8576ba2	md5	94e962998abf5ba892852dcfc8576ba2	
unchanged	engine	header	vostok/render/engine/sources/effect_lighting_stage_organic_base_materials.h	md5	1fe027fbf0b9cb8ede25131d7cf1a2b7	md5	1fe027fbf0b9cb8ede25131d7cf1a2b7	
unchanged	engine	source	vostok/render/engine/sources/effect_lighting_stage_skin_base_materials.cpp	md5	3d3389cb80332694d1fade8a24bb2fb5	md5	3d3389cb80332694d1fade8a24bb2fb5	
unchanged	engine	header	vostok/render/engine/sources/effect_lighting_stage_skin_base_materials.h	md5	9d873d5a59880d9b46ee3947d9c16638	md5	9d873d5a59880d9b46ee3947d9c16638	
changed	engine	source	vostok/render/engine/sources/effect_mask_far_plane.cpp	md5	1b9b97763d776d261813581d0e39b43e	md5	69743b069eb5db4cde41e26ffc8418f0	
unchanged	engine	header	vostok/render/engine/sources/effect_mask_far_plane.h	md5	11896022d2ee37175d8fc3aa01a7b122	md5	11896022d2ee37175d8fc3aa01a7b122	
unchanged	engine	source	vostok/render/engine/sources/effect_material_base.cpp	md5	fa26ff910cd0155422840759a0f0ed2b	md5	fa26ff910cd0155422840759a0f0ed2b	
unchanged	engine	header	vostok/render/engine/sources/effect_material_base.h	md5	0830878f9b96419a45e19f56aae98406	md5	0830878f9b96419a45e19f56aae98406	
unchanged	engine	source	vostok/render/engine/sources/effect_motion_blur.cpp	md5	b1adc25fe5bc3dfef2b89c4e485dafc7	md5	b1adc25fe5bc3dfef2b89c4e485dafc7	
unchanged	engine	header	vostok/render/engine/sources/effect_motion_blur.h	md5	746a91d3c206b27a8c2b7f13c0fc6af4	md5	746a91d3c206b27a8c2b7f13c0fc6af4	
unchanged	engine	source	vostok/render/engine/sources/effect_motion_vectors_accumulation.cpp	md5	f6702b041b11ea78a88cdc99ab8798b3	md5	f6702b041b11ea78a88cdc99ab8798b3	
unchanged	engine	header	vostok/render/engine/sources/effect_motion_vectors_accumulation.h	md5	e428ca56729a63c832e43f1a2259dbc2	md5	e428ca56729a63c832e43f1a2259dbc2	
unchanged	engine	source	vostok/render/engine/sources/effect_offscreen_particle_lighting_materials.cpp	md5	bc95da4254b581e36afe3503440fe061	md5	bc95da4254b581e36afe3503440fe061	
unchanged	engine	header	vostok/render/engine/sources/effect_offscreen_particle_lighting_materials.h	md5	4358d669b42b6edd8840489bdf0ca71d	md5	4358d669b42b6edd8840489bdf0ca71d	
unchanged	engine	source	vostok/render/engine/sources/effect_olta.cpp	md5	83148d97b68c81067d7dd6a56f8a308b	md5	83148d97b68c81067d7dd6a56f8a308b	
unchanged	engine	header	vostok/render/engine/sources/effect_olta.h	md5	1fdce5a2e3bfcc6d38f92dad8da5178b	md5	1fdce5a2e3bfcc6d38f92dad8da5178b	
unchanged	engine	source	vostok/render/engine/sources/effect_particle_selection.cpp	md5	8bad667545c4fe607ba86f5656e8b395	md5	8bad667545c4fe607ba86f5656e8b395	
unchanged	engine	header	vostok/render/engine/sources/effect_particle_selection.h	md5	642159c9aacab26f2a64a9822d30950f	md5	642159c9aacab26f2a64a9822d30950f	
unchanged	engine	source	vostok/render/engine/sources/effect_post_process_blend_texture_materials.cpp	md5	8374ddd6e4a8109a723752264e5452e1	md5	8374ddd6e4a8109a723752264e5452e1	
unchanged	engine	header	vostok/render/engine/sources/effect_post_process_blend_texture_materials.h	md5	735366664f34c4d49addc284549da8f6	md5	735366664f34c4d49addc284549da8f6	
unchanged	engine	source	vostok/render/engine/sources/effect_post_process_distortion_materials.cpp	md5	bb11c758cd30bf590441e79ac8d619bd	md5	bb11c758cd30bf590441e79ac8d619bd	
unchanged	engine	header	vostok/render/engine/sources/effect_post_process_distortion_materials.h	md5	896c551ee05e84783793553b228524d4	md5	896c551ee05e84783793553b228524d4	
unchanged	engine	source	vostok/render/engine/sources/effect_post_process_downsample_frame.cpp	md5	c4ce5fe126373fd802588d9fd4ed3dda	md5	c4ce5fe126373fd802588d9fd4ed3dda	
unchanged	engine	header	vostok/render/engine/sources/effect_post_process_downsample_frame.h	md5	482e9a7e7b0969fef63164c45f430864	md5	482e9a7e7b0969fef63164c45f430864	
unchanged	engine	source	vostok/render/engine/sources/effect_post_process_fxaa.cpp	md5	6cfcfbfaaf8b5558dd47e64f4f0da48d	md5	6cfcfbfaaf8b5558dd47e64f4f0da48d	
unchanged	engine	header	vostok/render/engine/sources/effect_post_process_fxaa.h	md5	ae2380b3cc3a4e34f15769f10b6c9fe3	md5	ae2380b3cc3a4e34f15769f10b6c9fe3	
unchanged	engine	source	vostok/render/engine/sources/effect_post_process_mlaa.cpp	md5	2d65cfbe60ca20a5a16ae896766e6fad	md5	2d65cfbe60ca20a5a16ae896766e6fad	
unchanged	engine	header	vostok/render/engine/sources/effect_post_process_mlaa.h	md5	fcdf28cfd25a7a1d909664e1871a73f6	md5	fcdf28cfd25a7a1d909664e1871a73f6	
unchanged	engine	source	vostok/render/engine/sources/effect_post_process_sharpen.cpp	md5	59493bc398af5a7b60b6d3aecc805483	md5	59493bc398af5a7b60b6d3aecc805483	
unchanged	engine	header	vostok/render/engine/sources/effect_post_process_sharpen.h	md5	0c2e9b6dbcd6e0959e5754a4e393c90e	md5	0c2e9b6dbcd6e0959e5754a4e393c90e	
unchanged	engine	source	vostok/render/engine/sources/effect_post_process_sraa.cpp	md5	6df81177869d8683561033fd30cc4513	md5	6df81177869d8683561033fd30cc4513	
unchanged	engine	header	vostok/render/engine/sources/effect_post_process_sraa.h	md5	e50fe28110f6cd04d67ddf063df85d94	md5	e50fe28110f6cd04d67ddf063df85d94	
changed	engine	source	vostok/render/engine/sources/effect_post_process_terrain_debug_materials.cpp	md5	92f151c750596234077ed651b8edcb15	md5	90a8973b4646b9e31f35f3192f3bfd6c	
unchanged	engine	header	vostok/render/engine/sources/effect_post_process_terrain_debug_materials.h	md5	2b1f115780e70b1f0ff8b267e70d7c11	md5	2b1f115780e70b1f0ff8b267e70d7c11	
added	engine	source	vostok/render/engine/sources/effect_probe_brdf.cpp			md5	0c34112e2d3b3f0e3b7d0957fd03e304	
added	engine	header	vostok/render/engine/sources/effect_probe_brdf.h			md5	79a75b020c9fd232b39555bdbeb81e07	
unchanged	engine	source	vostok/render/engine/sources/effect_radial_motion_blur.cpp	md5	34cce73f1e9876dd6237134cc7278847	md5	34cce73f1e9876dd6237134cc7278847	
unchanged	engine	header	vostok/render/engine/sources/effect_radial_motion_blur.h	md5	ee269dfeb00539f20efa9913335dc118	md5	ee269dfeb00539f20efa9913335dc118	
changed	engine	source	vostok/render/engine/sources/effect_rain.cpp	md5	42930465cfc1ed0f2058b812be33f29c	md5	66cce67cc6637ff1579518cf7bf0ea72	
changed	engine	header	vostok/render/engine/sources/effect_rain.h	md5	ba4b789804f4d851f30fb5a989352bac	md5	df13dec96b205f1109e408d8863904b7	
unchanged	engine	source	vostok/render/engine/sources/effect_reflection_mask.cpp	md5	200722cec78ff0f82b769f1a7f353cd6	md5	200722cec78ff0f82b769f1a7f353cd6	
unchanged	engine	header	vostok/render/engine/sources/effect_reflection_mask.h	md5	93a7b1f6004f367fc2f38592df6f7320	md5	93a7b1f6004f367fc2f38592df6f7320	
unchanged	engine	source	vostok/render/engine/sources/effect_shadow_map.cpp	md5	70ac77267bcb791817e762f06a4843d8	md5	70ac77267bcb791817e762f06a4843d8	
unchanged	engine	header	vostok/render/engine/sources/effect_shadow_map.h	md5	0354e282f101d709d67e7ce991a7e213	md5	0354e282f101d709d67e7ce991a7e213	
unchanged	engine	source	vostok/render/engine/sources/effect_shadow_mask.cpp	md5	075d6d797491910fda6aa545a9c4ded1	md5	075d6d797491910fda6aa545a9c4ded1	
unchanged	engine	header	vostok/render/engine/sources/effect_shadow_mask.h	md5	cdcbae01d6cf464bc1325b685d20c310	md5	cdcbae01d6cf464bc1325b685d20c310	
unchanged	engine	header	vostok/render/engine/sources/effect_sky_ambient_occlusion.h	md5	4cb9419011a539df3a252c19716fe77e	md5	4cb9419011a539df3a252c19716fe77e	
unchanged	engine	source	vostok/render/engine/sources/effect_sky_sphere_default_materials.cpp	md5	ab0ae5cdd99538950dde607d12c3d788	md5	ab0ae5cdd99538950dde607d12c3d788	
unchanged	engine	header	vostok/render/engine/sources/effect_sky_sphere_default_materials.h	md5	cd09b24600a39f1daa848315ea36ea0b	md5	cd09b24600a39f1daa848315ea36ea0b	
unchanged	engine	source	vostok/render/engine/sources/effect_skylight.cpp	md5	09808884f16cb4676a904086aac1fe87	md5	09808884f16cb4676a904086aac1fe87	
unchanged	engine	header	vostok/render/engine/sources/effect_skylight.h	md5	498bfc7538f7e8f3349aca6ada6fccc0	md5	498bfc7538f7e8f3349aca6ada6fccc0	
unchanged	engine	source	vostok/render/engine/sources/effect_ssao_accumulation.cpp	md5	b0e996836582daa3aab042b38d7a42c2	md5	b0e996836582daa3aab042b38d7a42c2	
unchanged	engine	header	vostok/render/engine/sources/effect_ssao_accumulation.h	md5	d573bf8f5781c21fe9935cd878862732	md5	d573bf8f5781c21fe9935cd878862732	
unchanged	engine	source	vostok/render/engine/sources/effect_ssao_downsample_position_and_normal.cpp	md5	2ba6e81c3fb9ead61b843e0630c803b7	md5	2ba6e81c3fb9ead61b843e0630c803b7	
unchanged	engine	header	vostok/render/engine/sources/effect_ssao_downsample_position_and_normal.h	md5	5f950d5ae120f403f6813c0c3f9aff33	md5	5f950d5ae120f403f6813c0c3f9aff33	
unchanged	engine	source	vostok/render/engine/sources/effect_ssao_filter4x4.cpp	md5	b491f0d7b76d62c2416cb030269385cf	md5	b491f0d7b76d62c2416cb030269385cf	
unchanged	engine	header	vostok/render/engine/sources/effect_ssao_filter4x4.h	md5	9d778220dcfd2bf03c855e46bc4f5427	md5	9d778220dcfd2bf03c855e46bc4f5427	
added	engine	source	vostok/render/engine/sources/effect_ssr.cpp			md5	0992f0e8335ef56729b207f758b11fd5	
added	engine	header	vostok/render/engine/sources/effect_ssr.h			md5	3f3eb6b80a26939194edce32e0e8b013	
added	engine	source	vostok/render/engine/sources/effect_ssr_mask.cpp			md5	6ed3e225974df48e665c86f0911ed16f	
added	engine	header	vostok/render/engine/sources/effect_ssr_mask.h			md5	823f0fcc7852770dccc7c372f8f9079f	
unchanged	engine	source	vostok/render/engine/sources/effect_system_colored.cpp	md5	92b6fe1b0e84692cb1c391a44d528941	md5	92b6fe1b0e84692cb1c391a44d528941	
unchanged	engine	header	vostok/render/engine/sources/effect_system_colored.h	md5	ebf5c0b041836230f949aae06a9e2082	md5	ebf5c0b041836230f949aae06a9e2082	
unchanged	engine	source	vostok/render/engine/sources/effect_system_line.cpp	md5	822b4d2fc4077d7454b2e8ba14c59569	md5	822b4d2fc4077d7454b2e8ba14c59569	
unchanged	engine	header	vostok/render/engine/sources/effect_system_line.h	md5	316399e35559f827b5aa6de907ace9da	md5	316399e35559f827b5aa6de907ace9da	
unchanged	engine	source	vostok/render/engine/sources/effect_system_ui.cpp	md5	29164a03367aaae69fcdfcfcbf3888ec	md5	29164a03367aaae69fcdfcfcbf3888ec	
unchanged	engine	header	vostok/render/engine/sources/effect_system_ui.h	md5	929bac4763a1a7c7aecf34ff40df8c86	md5	929bac4763a1a7c7aecf34ff40df8c86	
unchanged	engine	source	vostok/render/engine/sources/effect_temporal_antialiasing.cpp	md5	21c0afc7deff5e166128a704dda264d7	md5	21c0afc7deff5e166128a704dda264d7	
unchanged	engine	header	vostok/render/engine/sources/effect_temporal_antialiasing.h	md5	f3949d9b925b217856a1c152cf48eadc	md5	f3949d9b925b217856a1c152cf48eadc	
unchanged	engine	source	vostok/render/engine/sources/effect_wet_surface.cpp	md5	515fc52637f6098fa64af56a8208f180	md5	515fc52637f6098fa64af56a8208f180	
unchanged	engine	header	vostok/render/engine/sources/effect_wet_surface.h	md5	1188455ab8dfd28447e15dc8b5a36179	md5	1188455ab8dfd28447e15dc8b5a36179	
unchanged	engine	source	vostok/render/engine/sources/effect_wireframe_colored.cpp	md5	cfdd863b7aa4be1f9e54c9138346d12a	md5	cfdd863b7aa4be1f9e54c9138346d12a	
unchanged	engine	header	vostok/render/engine/sources/effect_wireframe_colored.h	md5	209fbcae2f5c8a6dad2b0bc6e1694342	md5	209fbcae2f5c8a6dad2b0bc6e1694342	
unchanged	engine	source	vostok/render/engine/sources/environment_probe.cpp	md5	b95b3839a7b45ad312f16531049ca008	md5	b95b3839a7b45ad312f16531049ca008	
unchanged	engine	header	vostok/render/engine/sources/environment_probe.h	md5	8c846120b26c311681d7e7ce6bbc76f3	md5	8c846120b26c311681d7e7ce6bbc76f3	
unchanged	engine	source	vostok/render/engine/sources/fog_box_geometry.cpp	md5	4abf41b2174e2196359b94ade7c740fc	md5	4abf41b2174e2196359b94ade7c740fc	
unchanged	engine	header	vostok/render/engine/sources/fog_box_geometry.h	md5	d9c59c06b92f3a2d40a6de55768399f0	md5	d9c59c06b92f3a2d40a6de55768399f0	
unchanged	engine	header	vostok/render/engine/sources/geometry_type.h	md5	e159c117533694aab6dad9acaa609ee8	md5	e159c117533694aab6dad9acaa609ee8	
unchanged	engine	header	vostok/render/engine/sources/gpu_synchronizer.h	md5	8d4e8dc5be026d2bf40ec8ccf4c653ea	md5	8d4e8dc5be026d2bf40ec8ccf4c653ea	
unchanged	engine	source	vostok/render/engine/sources/grass_cook.cpp	md5	e2b4a06e5d6fbfcf3799ba2f603d6f3a	md5	e2b4a06e5d6fbfcf3799ba2f603d6f3a	
unchanged	engine	header	vostok/render/engine/sources/grass_cook.h	md5	fd1c1b3a948c5f56808b7f0088cdf55f	md5	fd1c1b3a948c5f56808b7f0088cdf55f	
unchanged	engine	source	vostok/render/engine/sources/grass_instance.cpp	md5	b3a6bbb8a2ad183d3973266fdcf246c0	md5	b3a6bbb8a2ad183d3973266fdcf246c0	
unchanged	engine	header	vostok/render/engine/sources/grass_instance.h	md5	472b08e7847d608157a4ade807050c69	md5	472b08e7847d608157a4ade807050c69	
unchanged	engine	source	vostok/render/engine/sources/grass_patch.cpp	md5	44a692a22b3f86010a03a320b5321b90	md5	44a692a22b3f86010a03a320b5321b90	
unchanged	engine	header	vostok/render/engine/sources/grass_patch.h	md5	746c843f5a1e1cc1fc461b10a4acbe02	md5	746c843f5a1e1cc1fc461b10a4acbe02	
unchanged	engine	header	vostok/render/engine/sources/grass_source_vertex.h	md5	b0260f2d2d9581d624f1580811a3e28b	md5	b0260f2d2d9581d624f1580811a3e28b	
unchanged	engine	source	vostok/render/engine/sources/grass_template.cpp	md5	9e89edd59c2da9b87ca0b0c2147b93a4	md5	9e89edd59c2da9b87ca0b0c2147b93a4	
unchanged	engine	header	vostok/render/engine/sources/grass_template.h	md5	c865403639bd218d2d48c7b895cfa8a2	md5	c865403639bd218d2d48c7b895cfa8a2	
unchanged	engine	source	vostok/render/engine/sources/grass_world.cpp	md5	b0f083025efbdf3b2ed7cbaf70d52f23	md5	b0f083025efbdf3b2ed7cbaf70d52f23	
unchanged	engine	header	vostok/render/engine/sources/grass_world.h	md5	b60fd2eb8f6008ae07194dcf4a5214a8	md5	b60fd2eb8f6008ae07194dcf4a5214a8	
unchanged	engine	header	vostok/render/engine/sources/help_math.h	md5	9bb48703fd3aa7ba541a439c1dfcdb4a	md5	9bb48703fd3aa7ba541a439c1dfcdb4a	
changed	engine	source	vostok/render/engine/sources/hw_hiz_occlusion_manager.cpp	md5	78b94d12aed8b547a948b06a18bcec02	md5	9d034a0754a37f0a5eb6050221748e83	
unchanged	engine	header	vostok/render/engine/sources/hw_hiz_occlusion_manager.h	md5	32c2b6b22a3eb185cf1835da1115991a	md5	32c2b6b22a3eb185cf1835da1115991a	
unchanged	engine	source	vostok/render/engine/sources/hw_hiz_point_list.cpp	md5	151bcff590d6401a1e95a23a896cb96b	md5	151bcff590d6401a1e95a23a896cb96b	
unchanged	engine	header	vostok/render/engine/sources/hw_hiz_point_list.h	md5	769d18fb7f4a905aa7a23ab5056fd043	md5	769d18fb7f4a905aa7a23ab5056fd043	
unchanged	engine	header	vostok/render/engine/sources/input_layout.h	md5	6228671c6130605447503f6d8abfe96d	md5	6228671c6130605447503f6d8abfe96d	
changed	engine	source	vostok/render/engine/sources/light.cpp	md5	77a843e8f03032d9870f60bf99f7abd4	md5	539e3448623024cfd2cb8f24ba0048f3	
unchanged	engine	header	vostok/render/engine/sources/light.h	md5	00a6954d8babd477534a71436af53fb5	md5	00a6954d8babd477534a71436af53fb5	
unchanged	engine	source	vostok/render/engine/sources/lights_db.cpp	md5	ee992623e55778a3c4d5c1f4aaa69d05	md5	ee992623e55778a3c4d5c1f4aaa69d05	
unchanged	engine	header	vostok/render/engine/sources/lights_db.h	md5	de0e5bd38b099c1a40f726a959f9d7a4	md5	de0e5bd38b099c1a40f726a959f9d7a4	
unchanged	engine	source	vostok/render/engine/sources/lpv_batched_geometry.cpp	md5	5dc02243d1b4df0f83cb614103b55677	md5	5dc02243d1b4df0f83cb614103b55677	
unchanged	engine	header	vostok/render/engine/sources/lpv_batched_geometry.h	md5	3c20038c8123ae0a05ea0a623b177a08	md5	3c20038c8123ae0a05ea0a623b177a08	
unchanged	engine	source	vostok/render/engine/sources/material.cpp	md5	e0a19cd76391c1ecf40dfd335b5f5d83	md5	e0a19cd76391c1ecf40dfd335b5f5d83	
unchanged	engine	header	vostok/render/engine/sources/material.h	md5	8a851fa7d7e7a293ef65de3ecb877a84	md5	8a851fa7d7e7a293ef65de3ecb877a84	
changed	engine	source	vostok/render/engine/sources/material_cook.cpp	md5	6c9ea0766f0a6ded445cfe6e66d44435	md5	cede6db3c79cf9c614c1ae17a02b5049	
changed	engine	header	vostok/render/engine/sources/material_cook.h	md5	57eaa8bdddfb38b5380c6a3259c5d640	md5	855ded70189be0395e7b6700d88d5a02	
changed	engine	source	vostok/render/engine/sources/material_effects.cpp	md5	3f4da8990de90c7d6b00e237c9af9c4c	md5	d96360398d06bd405730dd5baf5d4499	
changed	engine	header	vostok/render/engine/sources/material_effects.h	md5	216e98a12c6d70508a125d8e7b9a0a9c	md5	9453fc7698fae188e544f5e01b8d8479	
unchanged	engine	header	vostok/render/engine/sources/material_effects_inline.h	md5	633cc88ba17683fb7b86b0b5253e5cbf	md5	633cc88ba17683fb7b86b0b5253e5cbf	
unchanged	engine	source	vostok/render/engine/sources/material_effects_instance_cook.cpp	md5	d92d44406e1f7f9258db798073cc9a9b	md5	d92d44406e1f7f9258db798073cc9a9b	
unchanged	engine	header	vostok/render/engine/sources/material_effects_instance_cook.h	md5	dd197f509106cb4d410539fab0981b38	md5	dd197f509106cb4d410539fab0981b38	
changed	engine	source	vostok/render/engine/sources/material_manager.cpp	md5	68bae51e9b7cd9698cecc905e899a19b	md5	dd302145e7990180273da0fe3f9c0e3d	
unchanged	engine	header	vostok/render/engine/sources/material_manager.h	md5	fc5106492db468988861ba398f207bc5	md5	fc5106492db468988861ba398f207bc5	
unchanged	engine	header	vostok/render/engine/sources/model_converter.h	md5	43b26bae029020d6d66e8f20beb9c8b5	md5	43b26bae029020d6d66e8f20beb9c8b5	
changed	engine	source	vostok/render/engine/sources/model_cooker.cpp	md5	82f138be8195547075b025bbd1ae8caf	md5	d81e1f4e21ff656f7a0a302b25f19e2b	
unchanged	engine	header	vostok/render/engine/sources/model_cooker.h	md5	631476f2ce33a21cc1a4c9a084eac1bd	md5	631476f2ce33a21cc1a4c9a084eac1bd	
unchanged	engine	source	vostok/render/engine/sources/model_manager.cpp	md5	05284b41f7e85b62534dc0e5afdde006	md5	05284b41f7e85b62534dc0e5afdde006	
unchanged	engine	header	vostok/render/engine/sources/model_manager.h	md5	9568057833b5eee5d9995992a3ea2d51	md5	9568057833b5eee5d9995992a3ea2d51	
unchanged	engine	header	vostok/render/engine/sources/moon_position.h	md5	2b58c9fc0e56ce24db94242d96a61524	md5	2b58c9fc0e56ce24db94242d96a61524	
changed	engine	header	vostok/render/engine/sources/obb_light_effect.h	md5	1b0d6457c44a8229ea17a73beefa0ed2	md5	11eb2edb47b28629e9fe5ee46d229d69	
unchanged	engine	header	vostok/render/engine/sources/organic_lighting_passes.h	md5	a3266b4e425da8fa56afe7673f05c97b	md5	a3266b4e425da8fa56afe7673f05c97b	
added	engine	source	vostok/render/engine/sources/particle_rain_drops_geometry.cpp			md5	889389a09d5929ec0c6f596e6819a2ea	
added	engine	header	vostok/render/engine/sources/particle_rain_drops_geometry.h			md5	71425dcc4608a17d83c67dd31a2a9bc6	
unchanged	engine	source	vostok/render/engine/sources/pch.cpp	md5	5180eb3491daf56b0c8ffa3d7f45ac1b	md5	5180eb3491daf56b0c8ffa3d7f45ac1b	
unchanged	engine	header	vostok/render/engine/sources/pch.h	md5	fa655d394a5d56612685abbdcfbc798f	md5	fa655d394a5d56612685abbdcfbc798f	
unchanged	engine	source	vostok/render/engine/sources/perlin_noise.cpp	md5	33375095f2fa83ddbcc6c4e4daeab3bc	md5	33375095f2fa83ddbcc6c4e4daeab3bc	
unchanged	engine	header	vostok/render/engine/sources/perlin_noise.h	md5	b6cee951d56338edeac16ca5f2335d1f	md5	b6cee951d56338edeac16ca5f2335d1f	
changed	engine	header	vostok/render/engine/sources/plane_spot_light_effect.h	md5	f9fd8650b06c8ead856038da9355427a	md5	33397016f810ffbd2ed7ae3f669745c3	
changed	engine	header	vostok/render/engine/sources/point_light_effect.h	md5	d8f0408c205695818aa2edf50b0d8c53	md5	242e846ee9f7e6af33f0921987e6e2ad	
unchanged	engine	source	vostok/render/engine/sources/portal_sector_structure_cook.cpp	md5	4f308c59494a7692dd134558e1366325	md5	4f308c59494a7692dd134558e1366325	
unchanged	engine	header	vostok/render/engine/sources/portal_sector_structure_cook.h	md5	d078ff631855f892f509545808a11924	md5	d078ff631855f892f509545808a11924	
changed	engine	source	vostok/render/engine/sources/portal_sector_system.cpp	md5	c0c924d7f2d734e5e9cd4945ec246ec9	md5	7b90dee3f90f5e08e687bf3c656cbec9	
unchanged	engine	header	vostok/render/engine/sources/portal_sector_system.h	md5	4ccb4d7efa4eb20404effa5be6471e2e	md5	4ccb4d7efa4eb20404effa5be6471e2e	
unchanged	engine	header	vostok/render/engine/sources/possible_sectors_holder.h	md5	0dc27fe236aca3369506efac0634a146	md5	0dc27fe236aca3369506efac0634a146	
unchanged	engine	header	vostok/render/engine/sources/radiance_volume.h	md5	20f447dac7c3ac9f5e13094ccf427d2c	md5	20f447dac7c3ac9f5e13094ccf427d2c	
unchanged	engine	header	vostok/render/engine/sources/ray.h	md5	4b37d9a5ac4ccf91f2f971ccf2e9ea00	md5	4b37d9a5ac4ccf91f2f971ccf2e9ea00	
unchanged	engine	header	vostok/render/engine/sources/register_effect_descriptors.h	md5	25bfc13be1044a04ac8c02a2c8a387ee	md5	25bfc13be1044a04ac8c02a2c8a387ee	
changed	engine	source	vostok/render/engine/sources/register_samplers.cpp	md5	ac6b4f3043f1766442b24170619e0274	md5	7e73ca772a66fcc84bea77a5ab78330e	
unchanged	engine	header	vostok/render/engine/sources/register_samplers.h	md5	946b7fab074b4fe824eb9658a07c332d	md5	946b7fab074b4fe824eb9658a07c332d	
unchanged	engine	header	vostok/render/engine/sources/render_collision_object.h	md5	df5a601e5eeecc9d8db4b21fd121eeb9	md5	df5a601e5eeecc9d8db4b21fd121eeb9	
changed	engine	source	vostok/render/engine/sources/render_engine_world_pc_dx11.cpp	md5	c09822cf02509572051683e117260810	md5	40622d1d4b58629a6ba6d9c9a66510f6	
changed	engine	source	vostok/render/engine/sources/render_model.cpp	md5	a8b9f62cb2af19750976c3058c965ab3	md5	4dbaa5c9194ea188edbe160d2067f01c	
changed	engine	header	vostok/render/engine/sources/render_model.h	md5	035b6b21d4467b6f29d03371965b31ec	md5	1f9bb95f050e3fb4bc02b395537d7058	
unchanged	engine	header	vostok/render/engine/sources/render_model_composite.h	md5	9ce850c438b5903582841d5b314d4434	md5	9ce850c438b5903582841d5b314d4434	
unchanged	engine	source	vostok/render/engine/sources/render_model_cooker.cpp	md5	d30ee7b48b7a8e0521ba6422148cde6f	md5	d30ee7b48b7a8e0521ba6422148cde6f	
unchanged	engine	header	vostok/render/engine/sources/render_model_cooker.h	md5	3f5a572aaea404feb330a527dd4a7c53	md5	3f5a572aaea404feb330a527dd4a7c53	
unchanged	engine	source	vostok/render/engine/sources/render_model_grass.cpp	md5	5420aef24481e29c98b01c83a721dfdd	md5	5420aef24481e29c98b01c83a721dfdd	
unchanged	engine	header	vostok/render/engine/sources/render_model_grass.h	md5	ee6bc41e67ec2dc6dd385dbd2267a5c4	md5	ee6bc41e67ec2dc6dd385dbd2267a5c4	
changed	engine	source	vostok/render/engine/sources/render_model_skeleton.cpp	md5	a07ef532ca77c3069efe72b79b9d4ff9	md5	38faab47851ed66eb4c8f6e0b80f6ba8	
unchanged	engine	header	vostok/render/engine/sources/render_model_skeleton.h	md5	3e999a50f4abbf2b175c863dbce248a9	md5	3e999a50f4abbf2b175c863dbce248a9	
unchanged	engine	source	vostok/render/engine/sources/render_model_static.cpp	md5	329d092e9db49b14dd2a427ac9c52a33	md5	329d092e9db49b14dd2a427ac9c52a33	
unchanged	engine	header	vostok/render/engine/sources/render_model_static.h	md5	eafa917a06aed3106ec43c48677c6259	md5	eafa917a06aed3106ec43c48677c6259	
changed	engine	source	vostok/render/engine/sources/render_model_user.cpp	md5	de0ffa69318ae01bd225f3be827c0833	md5	ed4ff9241300e0cd899c67bd2c3337c3	
unchanged	engine	header	vostok/render/engine/sources/render_model_user.h	md5	b2f43d2f87004601c8ba6cbac2ed4fdc	md5	b2f43d2f87004601c8ba6cbac2ed4fdc	
changed	engine	source	vostok/render/engine/sources/render_output_window.cpp	md5	7d352035126ed08d6680c2d618f8689f	md5	2c9b0d6d05a904146cd680cebea7cae3	
changed	engine	header	vostok/render/engine/sources/render_output_window.h	md5	310acf655a3710744ed6f6f4f42442e9	md5	6e745dbf8523cdc56394bffe9d6bf14b	
unchanged	engine	source	vostok/render/engine/sources/render_output_window_cook.cpp	md5	52018d322f205df3ab3b9d286818f7e6	md5	52018d322f205df3ab3b9d286818f7e6	
unchanged	engine	header	vostok/render/engine/sources/render_output_window_cook.h	md5	7f4ea468cffc0d339ce3425c6c005928	md5	7f4ea468cffc0d339ce3425c6c005928	
unchanged	engine	source	vostok/render/engine/sources/render_particle_emitter_instance.cpp	md5	b294e74d7d4724b15ca0c8145ee7cef8	md5	b294e74d7d4724b15ca0c8145ee7cef8	
unchanged	engine	header	vostok/render/engine/sources/render_particle_emitter_instance.h	md5	d652d3b9b63227e323e3811c2d7baab5	md5	d652d3b9b63227e323e3811c2d7baab5	
changed	engine	source	vostok/render/engine/sources/render_texture_cook.cpp	md5	ad19d96169f1fc21e469a7d7aef02b75	md5	b7b39160c21b300163e1db9a69927752	
unchanged	engine	header	vostok/render/engine/sources/render_texture_cook.h	md5	d52edb547cbd0087beba7fac1cc96f1d	md5	d52edb547cbd0087beba7fac1cc96f1d	
changed	engine	source	vostok/render/engine/sources/renderer.cpp	md5	d87af7c8ca94d0f9669d11c940b252a1	md5	217294fd9edf19c45015f803c3eca5b0	
changed	engine	header	vostok/render/engine/sources/renderer.h	md5	15fc938c856e07352d20f5e88b81516b	md5	763eafc9109d70681d133ee0d8c4fd3d	
unchanged	engine	source	vostok/render/engine/sources/renderer_bake_decal.cpp	md5	89c770677ec5059c48d6129577b28657	md5	89c770677ec5059c48d6129577b28657	
unchanged	engine	source	vostok/render/engine/sources/renderer_context.cpp	md5	e88c6c2ae8eaf21c3d2aa94ac3f22fbe	md5	e88c6c2ae8eaf21c3d2aa94ac3f22fbe	
unchanged	engine	header	vostok/render/engine/sources/renderer_context.h	md5	36a3b214a03e55db3702c73ce15bdb31	md5	36a3b214a03e55db3702c73ce15bdb31	
changed	engine	source	vostok/render/engine/sources/renderer_context_targets.cpp	md5	e9d600f3967ed95a14efc345f3199e8f	md5	59cfd752ef1793609ea18573aa4a5179	
changed	engine	header	vostok/render/engine/sources/renderer_context_targets.h	md5	158e7d5483602f6ac30722408d6ce508	md5	c55561da1a9d8eeae7c3f2348dabea24	
unchanged	engine	source	vostok/render/engine/sources/renderer_picking_luminance.cpp	md5	33f12fdb59223fc1ab811b531e0e8f65	md5	33f12fdb59223fc1ab811b531e0e8f65	
unchanged	engine	source	vostok/render/engine/sources/renderer_register_effects.cpp	md5	3408c1bb82826dccf0450016211a3112	md5	3408c1bb82826dccf0450016211a3112	
changed	engine	source	vostok/render/engine/sources/scene.cpp	md5	b10f0ecfa2e0bc859b6fea2b767c4df1	md5	6b710126ebcb26932cd9239fe245df92	
changed	engine	header	vostok/render/engine/sources/scene.h	md5	df99ca795beb2630f3c00d017bc66f06	md5	dfa7a4c8b1a032f4bd37f06b8d1baecc	
unchanged	engine	source	vostok/render/engine/sources/scene_cook.cpp	md5	9a3c69ba37ca34d259c92fd1bb730f3c	md5	9a3c69ba37ca34d259c92fd1bb730f3c	
unchanged	engine	header	vostok/render/engine/sources/scene_cook.h	md5	d21ec15a71b7fbedc2a67c1fd980c6c3	md5	d21ec15a71b7fbedc2a67c1fd980c6c3	
unchanged	engine	source	vostok/render/engine/sources/scene_manager.cpp	md5	3c9274ac4ef066950ee6d8e7290cd506	md5	3c9274ac4ef066950ee6d8e7290cd506	
unchanged	engine	header	vostok/render/engine/sources/scene_manager.h	md5	fd3807f19df47384a9df1e973694090a	md5	fd3807f19df47384a9df1e973694090a	
changed	engine	source	vostok/render/engine/sources/scene_texture_streaming.cpp	md5	a4aca0f9ff62f1652b654ee56c0817f5	md5	6a49593bc16a9579945ea778979ef203	
unchanged	engine	source	vostok/render/engine/sources/scene_view.cpp	md5	c0092288dc96720ae55a612a47564f5d	md5	c0092288dc96720ae55a612a47564f5d	
changed	engine	header	vostok/render/engine/sources/scene_view.h	md5	a25e5369381b609ddbea618b25f1eb59	md5	3707d1a0bc4017ec23ba1732c193b149	
unchanged	engine	source	vostok/render/engine/sources/scene_view_cook.cpp	md5	23e8a16bccbbb68e04470f58a28f90e7	md5	23e8a16bccbbb68e04470f58a28f90e7	
unchanged	engine	header	vostok/render/engine/sources/scene_view_cook.h	md5	62a7da6f584359abbad95f3b4e9e7bef	md5	62a7da6f584359abbad95f3b4e9e7bef	
unchanged	engine	source	vostok/render/engine/sources/sector_double_query_preventer.cpp	md5	b882b1affe9e058eef51013b434b70d7	md5	b882b1affe9e058eef51013b434b70d7	
unchanged	engine	header	vostok/render/engine/sources/sector_double_query_preventer.h	md5	dc4d25a48f8490594bc17794e635acd7	md5	dc4d25a48f8490594bc17794e635acd7	
unchanged	engine	source	vostok/render/engine/sources/shadow_batched_geometry.cpp	md5	41e9de0ada86868ee610304fe7ecb638	md5	41e9de0ada86868ee610304fe7ecb638	
unchanged	engine	header	vostok/render/engine/sources/shadow_batched_geometry.h	md5	56c67d728ee5d6b4340b14e644bc44e6	md5	56c67d728ee5d6b4340b14e644bc44e6	
unchanged	engine	header	vostok/render/engine/sources/shadow_cascade_volume.h	md5	5d349c140f59024ba723e616d6a2472d	md5	5d349c140f59024ba723e616d6a2472d	
changed	engine	header	vostok/render/engine/sources/shared_names.h	md5	d4d85529467092e0c2ee7a12d24ae04c	md5	c279ac8a6121cf047a9297da9930ab48	
unchanged	engine	source	vostok/render/engine/sources/skeleton_mesh_gpu_skinning_1weight.cpp	md5	48fde7edcdf59d754f1b2c04c11b2c4a	md5	48fde7edcdf59d754f1b2c04c11b2c4a	
unchanged	engine	header	vostok/render/engine/sources/skeleton_mesh_gpu_skinning_1weight.h	md5	3ff5f2df176980d475c737d6e537c526	md5	3ff5f2df176980d475c737d6e537c526	
unchanged	engine	source	vostok/render/engine/sources/skeleton_mesh_gpu_skinning_2weights.cpp	md5	76a328affc6e0807bbc09716e21784d9	md5	76a328affc6e0807bbc09716e21784d9	
unchanged	engine	header	vostok/render/engine/sources/skeleton_mesh_gpu_skinning_2weights.h	md5	6bc668135513de63425669c0168098ad	md5	6bc668135513de63425669c0168098ad	
unchanged	engine	source	vostok/render/engine/sources/skeleton_mesh_gpu_skinning_3weights.cpp	md5	66253a3c2645facae734c45287d78d24	md5	66253a3c2645facae734c45287d78d24	
unchanged	engine	header	vostok/render/engine/sources/skeleton_mesh_gpu_skinning_3weights.h	md5	e51e7b73ea7954ea1cf4f2a8419dafdc	md5	e51e7b73ea7954ea1cf4f2a8419dafdc	
unchanged	engine	source	vostok/render/engine/sources/skeleton_mesh_gpu_skinning_4weights.cpp	md5	0c7fdb1c272b94c4a8260283a54749ba	md5	0c7fdb1c272b94c4a8260283a54749ba	
unchanged	engine	header	vostok/render/engine/sources/skeleton_mesh_gpu_skinning_4weights.h	md5	dd4557f45eb874ec486baa3bbaf79034	md5	dd4557f45eb874ec486baa3bbaf79034	
unchanged	engine	source	vostok/render/engine/sources/sky_ambient_occlusion.cpp	md5	e15f956aaa538ab1f0bd914f34c27dd6	md5	e15f956aaa538ab1f0bd914f34c27dd6	
unchanged	engine	header	vostok/render/engine/sources/sky_ambient_occlusion.h	md5	ad82ee6c0fd5f64bb88a96ee8a138683	md5	ad82ee6c0fd5f64bb88a96ee8a138683	
unchanged	engine	source	vostok/render/engine/sources/sky_dome_geometry.cpp	md5	55a72d83659c558d281d43f498b9772e	md5	55a72d83659c558d281d43f498b9772e	
unchanged	engine	header	vostok/render/engine/sources/sky_dome_geometry.h	md5	9ad6428693a811ed54015c2b5241656a	md5	9ad6428693a811ed54015c2b5241656a	
unchanged	engine	source	vostok/render/engine/sources/sliced_cube_geometry.cpp	md5	b0a09368a30cc987859e3f7e06193478	md5	b0a09368a30cc987859e3f7e06193478	
unchanged	engine	header	vostok/render/engine/sources/sliced_cube_geometry.h	md5	f6c38757bce83ad31dc7f32439c9342c	md5	f6c38757bce83ad31dc7f32439c9342c	
unchanged	engine	source	vostok/render/engine/sources/sphere_geometry.cpp	md5	ec8cf898aad578543c5325127447d397	md5	ec8cf898aad578543c5325127447d397	
unchanged	engine	header	vostok/render/engine/sources/sphere_geometry.h	md5	f1539736f8e933741ec3ca78ac4ea14a	md5	f1539736f8e933741ec3ca78ac4ea14a	
changed	engine	header	vostok/render/engine/sources/sphere_light_effect.h	md5	663e7fd7608e3cbc7b9060160c86c4f1	md5	42b304115b31523d8c48564c5a4866ad	
unchanged	engine	source	vostok/render/engine/sources/sphere_occluder_geometry.cpp	md5	eab8071f8f182bb1ebc1a70ca97ac53a	md5	eab8071f8f182bb1ebc1a70ca97ac53a	
unchanged	engine	header	vostok/render/engine/sources/sphere_occluder_geometry.h	md5	15c8fe5ba8f6966e5c53da85e3ab7326	md5	15c8fe5ba8f6966e5c53da85e3ab7326	
changed	engine	header	vostok/render/engine/sources/spot_light_effect.h	md5	246696bd4ed6cb3827d5caaf67fc719f	md5	ebd0e4aad6432012d612cf364c2fa614	
unchanged	engine	source	vostok/render/engine/sources/stage.cpp	md5	72a4c315f5554fe6d30a6b358f34355c	md5	72a4c315f5554fe6d30a6b358f34355c	
unchanged	engine	header	vostok/render/engine/sources/stage.h	md5	d198b50b84f9332d86faa0d099778b0d	md5	d198b50b84f9332d86faa0d099778b0d	
changed	engine	source	vostok/render/engine/sources/stage_accumulate_distortion.cpp	md5	b0e413a4f8ebd2dd7d57928b3a31944f	md5	8e99725073c6227c68cce5a3dfa9b1b2	
unchanged	engine	header	vostok/render/engine/sources/stage_accumulate_distortion.h	md5	a21495a415432cea7bef62bab84537cc	md5	a21495a415432cea7bef62bab84537cc	
changed	engine	source	vostok/render/engine/sources/stage_ambient_lighting.cpp	md5	ab09935a30123c20082a284ff8caae62	md5	c0e4bb992b51fc84811eaf01d86449b7	
changed	engine	header	vostok/render/engine/sources/stage_ambient_lighting.h	md5	3359163fb54a93906196e65d63f91359	md5	7fd77667911004997470dc2a5dfa3e34	
unchanged	engine	source	vostok/render/engine/sources/stage_ambient_occlusion.cpp	md5	cd624e4d5a35e64f964cd9664084d20a	md5	cd624e4d5a35e64f964cd9664084d20a	
unchanged	engine	header	vostok/render/engine/sources/stage_ambient_occlusion.h	md5	7e2c581306923e2bd557906eba53c20d	md5	7e2c581306923e2bd557906eba53c20d	
changed	engine	source	vostok/render/engine/sources/stage_apply_distortion.cpp	md5	5558c332137740598494a22985bc579e	md5	cdaa62599aa19ff76130788c08257d2a	
unchanged	engine	header	vostok/render/engine/sources/stage_apply_distortion.h	md5	5939eb02f7c2545336cd43763d72c65f	md5	5939eb02f7c2545336cd43763d72c65f	
unchanged	engine	source	vostok/render/engine/sources/stage_atmosphere.cpp	md5	bec3b353577aa1ebe0cdf0326bb19d83	md5	bec3b353577aa1ebe0cdf0326bb19d83	
unchanged	engine	header	vostok/render/engine/sources/stage_atmosphere.h	md5	a7657eec0703e5cd64809b6faef9700f	md5	a7657eec0703e5cd64809b6faef9700f	
unchanged	engine	header	vostok/render/engine/sources/stage_clouds.h	md5	18b5a4e1f012f7e09fc6c8486b19e26d	md5	18b5a4e1f012f7e09fc6c8486b19e26d	
changed	engine	source	vostok/render/engine/sources/stage_composition.cpp	md5	5abebb155a8a9757d2d2d17bd302fd99	md5	687f5a3b056880d5a9d075fb6f872b17	
changed	engine	header	vostok/render/engine/sources/stage_composition.h	md5	6a761ba9df9f60a1a0e244b91a69ee74	md5	ee8fb4568f2bb433e319d053c979e133	
unchanged	engine	source	vostok/render/engine/sources/stage_debug.cpp	md5	eb0d3006ff77ced7c8baaa6289402a2e	md5	eb0d3006ff77ced7c8baaa6289402a2e	
unchanged	engine	header	vostok/render/engine/sources/stage_debug.h	md5	416bcf82152a7ea0bce63f395ad87dcf	md5	416bcf82152a7ea0bce63f395ad87dcf	
changed	engine	source	vostok/render/engine/sources/stage_decals_accumulate.cpp	md5	ca8290a3cacf331c89c99a1f297095b5	md5	1dd130db8517ddfa6780cc4785399080	
unchanged	engine	header	vostok/render/engine/sources/stage_decals_accumulate.h	md5	1fbd8dc1d00527248255d731f66df567	md5	1fbd8dc1d00527248255d731f66df567	
unchanged	engine	source	vostok/render/engine/sources/stage_foreground.cpp	md5	60082caa05573803dee19f89dd76a2e8	md5	60082caa05573803dee19f89dd76a2e8	
unchanged	engine	header	vostok/render/engine/sources/stage_foreground.h	md5	e161b544c410194280fc30554272ef44	md5	e161b544c410194280fc30554272ef44	
changed	engine	source	vostok/render/engine/sources/stage_forward.cpp	md5	ff2ea695da48d05f27673d755c39cb8b	md5	3fa2f328bd0c58a15b8208b365ea6f9e	
unchanged	engine	header	vostok/render/engine/sources/stage_forward.h	md5	a604ec77b78c8fcda64f939a4a3e6c6a	md5	a604ec77b78c8fcda64f939a4a3e6c6a	
unchanged	engine	source	vostok/render/engine/sources/stage_gbuffer.cpp	md5	41728f1a9985138c6ba01b46f3cc8f7b	md5	41728f1a9985138c6ba01b46f3cc8f7b	
unchanged	engine	header	vostok/render/engine/sources/stage_gbuffer.h	md5	be7e72ecd134794b5fde60c20ed08695	md5	be7e72ecd134794b5fde60c20ed08695	
unchanged	engine	header	vostok/render/engine/sources/stage_light_propagation_volumes.h	md5	eb1d6bdc0ff87b55d4b77eb8f0297f91	md5	eb1d6bdc0ff87b55d4b77eb8f0297f91	
changed	engine	source	vostok/render/engine/sources/stage_lights.cpp	md5	85c91e478de86ae3361c555faa372496	md5	b0b38db36b229cf7f10382c59cb35728	
unchanged	engine	header	vostok/render/engine/sources/stage_lights.h	md5	edd549b92f915cbb2a60bb8bc4f5faf9	md5	edd549b92f915cbb2a60bb8bc4f5faf9	
changed	engine	source	vostok/render/engine/sources/stage_particles.cpp	md5	d372672ff86dcc8f93c458e14379aa4b	md5	96c935589f593737cc5ce5081c006e0c	
unchanged	engine	header	vostok/render/engine/sources/stage_particles.h	md5	bbbbebbbf54baf5b413e7afac6ae2d61	md5	bbbbebbbf54baf5b413e7afac6ae2d61	
changed	engine	source	vostok/render/engine/sources/stage_postprocess.cpp	md5	8374478bb1d1eca7183010afd66ffc80	md5	f37eb9bae3525cdb3a9f8a0b1129b709	
changed	engine	header	vostok/render/engine/sources/stage_postprocess.h	md5	d3ad4f712caccab4c408cbd1ef9a755e	md5	a9ca12412708286a109ead2d8da6703d	
changed	engine	source	vostok/render/engine/sources/stage_pre_rain.cpp	md5	21eb574d760394d06bd0a533305612e4	md5	706b05706b2885e118f2a6dc1c670399	
unchanged	engine	header	vostok/render/engine/sources/stage_pre_rain.h	md5	c8c64df35e9fd611b987b9fac2f1439d	md5	c8c64df35e9fd611b987b9fac2f1439d	
changed	engine	source	vostok/render/engine/sources/stage_rain.cpp	md5	1b3d4b9ca846b11899e9c3c54684e8d2	md5	70dea70810209fbb61f20ebf9076e9c9	
changed	engine	header	vostok/render/engine/sources/stage_rain.h	md5	fa9f43d3a3888e7734923b59f3f5856e	md5	e78662f51e1f595f215ea8244ca632c8	
unchanged	engine	source	vostok/render/engine/sources/stage_screen_image.cpp	md5	ee35c153a2db8a4e28a13346110a4526	md5	ee35c153a2db8a4e28a13346110a4526	
unchanged	engine	header	vostok/render/engine/sources/stage_screen_image.h	md5	1fad5dc63e06d25b1ccfcd5fb198d572	md5	1fad5dc63e06d25b1ccfcd5fb198d572	
changed	engine	source	vostok/render/engine/sources/stage_screen_space_reflections.cpp	md5	41970d27fbe5e16ee79293a29b212360	md5	8ea79faaabf9c9d19fe2daa805aaff4d	
changed	engine	header	vostok/render/engine/sources/stage_screen_space_reflections.h	md5	36acfb6879afb59811ae2fdb6238dfed	md5	36bd76a5fb23760d0e8ac5b188d1dc68	
changed	engine	source	vostok/render/engine/sources/stage_shadow_direct.cpp	md5	2ca641e79670b83ea11fbc9f43edfaa4	md5	b3f622f2ee05c527743d91a8cd867225	
changed	engine	header	vostok/render/engine/sources/stage_shadow_direct.h	md5	6645076a5e13b33b650aade1bfc4eeb5	md5	486d0a71bfb78dfc962aaf867a734f46	
changed	engine	source	vostok/render/engine/sources/stage_shadow_mask.cpp	md5	827181124b3f6ce46a616af152653f04	md5	c0bd20571a4e00be1ee40c9671eae758	
changed	engine	header	vostok/render/engine/sources/stage_shadow_mask.h	md5	c9661c5ba771650126cdc99e28ec7011	md5	82fc7c8894c8858afc7450b0c64e2d68	
unchanged	engine	header	vostok/render/engine/sources/stage_sky_sphere.h	md5	ea2d48d2f8670ffb5f2be28750c1ad2c	md5	ea2d48d2f8670ffb5f2be28750c1ad2c	
unchanged	engine	header	vostok/render/engine/sources/stage_skybox.h	md5	32c8a7d225e628783b721d7f9d18dbdd	md5	32c8a7d225e628783b721d7f9d18dbdd	
unchanged	engine	header	vostok/render/engine/sources/stage_sun.h	md5	5b89bf66a1934c707dd3b5ec2fa7ae5f	md5	5b89bf66a1934c707dd3b5ec2fa7ae5f	
removed	engine	header	vostok/render/engine/sources/stage_translucency.h	md5	59e6354077bd331f9d1c7ed7c7fd50be			
changed	engine	source	vostok/render/engine/sources/stage_view_mode.cpp	md5	a2b434c841cfa93d73c786906511e7d6	md5	c3ee5cbed1693f12f54d3197d1f7d509	
unchanged	engine	header	vostok/render/engine/sources/stage_view_mode.h	md5	31dafd7f9b77d23704ffa7af6417e7ca	md5	31dafd7f9b77d23704ffa7af6417e7ca	
unchanged	engine	source	vostok/render/engine/sources/stage_visibility.cpp	md5	dd962f34b2de1b936314d712290dc408	md5	dd962f34b2de1b936314d712290dc408	
unchanged	engine	header	vostok/render/engine/sources/stage_visibility.h	md5	855e5b6555848d11180ed9e591dec8d6	md5	855e5b6555848d11180ed9e591dec8d6	
changed	engine	source	vostok/render/engine/sources/stage_volume_fog.cpp	md5	a926333c4928f2fdeb37f5cad968a4ac	md5	372383f722b7b14cea4a10439b9d8a73	
unchanged	engine	header	vostok/render/engine/sources/stage_volume_fog.h	md5	526ed6a95620f6092e42e70f92c567fa	md5	526ed6a95620f6092e42e70f92c567fa	
unchanged	engine	source	vostok/render/engine/sources/statistics.cpp	md5	8e4d6133e18363163ed379c52d2a5254	md5	8e4d6133e18363163ed379c52d2a5254	
unchanged	engine	header	vostok/render/engine/sources/statistics.h	md5	d4cfdfa427d80405a523fc5bff582c94	md5	d4cfdfa427d80405a523fc5bff582c94	
unchanged	engine	header	vostok/render/engine/sources/statistics_inline.h	md5	d00a1b9caf3e884f9bafab233cb98952	md5	d00a1b9caf3e884f9bafab233cb98952	
unchanged	engine	source	vostok/render/engine/sources/streaming.cpp	md5	dab8326cb383607e04aad411910e8ea5	md5	dab8326cb383607e04aad411910e8ea5	
unchanged	engine	header	vostok/render/engine/sources/streaming.h	md5	28cdff7409295b5c20563a9eed011c31	md5	28cdff7409295b5c20563a9eed011c31	
unchanged	engine	header	vostok/render/engine/sources/sun_cascade.h	md5	01f8e86de3c3898ea125ed1c948963d7	md5	01f8e86de3c3898ea125ed1c948963d7	
unchanged	engine	header	vostok/render/engine/sources/sun_position.h	md5	d77a80a3bb5bf37808ab17e6aef9e61a	md5	d77a80a3bb5bf37808ab17e6aef9e61a	
unchanged	engine	source	vostok/render/engine/sources/system_renderer.cpp	md5	dfb76c06e50019091d692332af535713	md5	dfb76c06e50019091d692332af535713	
unchanged	engine	header	vostok/render/engine/sources/system_renderer.h	md5	69474369e48f681981bb9c9dab68580d	md5	69474369e48f681981bb9c9dab68580d	
unchanged	engine	source	vostok/render/engine/sources/temporal_projection_matrix_modifier.cpp	md5	0c6a93b8ad5638e0739e5ff45ec729bd	md5	0c6a93b8ad5638e0739e5ff45ec729bd	
unchanged	engine	header	vostok/render/engine/sources/temporal_projection_matrix_modifier.h	md5	bc750bf4c69b77e2514eb4e9d7c4a94c	md5	bc750bf4c69b77e2514eb4e9d7c4a94c	
unchanged	engine	source	vostok/render/engine/sources/texture_gpu_converter_cook.cpp	md5	5aace7ae8f72be9389c7550d7a13593b	md5	5aace7ae8f72be9389c7550d7a13593b	
unchanged	engine	header	vostok/render/engine/sources/texture_gpu_converter_cook.h	md5	aff5a025f831b22417b53895694311b6	md5	aff5a025f831b22417b53895694311b6	
unchanged	engine	source	vostok/render/engine/sources/texture_streaming_async_worker.cpp	md5	b77656e0ea8621e35e5f28872a62e4d7	md5	b77656e0ea8621e35e5f28872a62e4d7	
unchanged	engine	header	vostok/render/engine/sources/texture_streaming_async_worker.h	md5	c01f173f48ac2b86d543e9ff9f7b9a16	md5	c01f173f48ac2b86d543e9ff9f7b9a16	
unchanged	engine	source	vostok/render/engine/sources/tracer_model_instance_cook.cpp	md5	fd33b7a0740cdb8e5badd39b2c9ca6fb	md5	fd33b7a0740cdb8e5badd39b2c9ca6fb	
unchanged	engine	header	vostok/render/engine/sources/tracer_model_instance_cook.h	md5	138cb4ed5da07aeabf879c7219030eb4	md5	138cb4ed5da07aeabf879c7219030eb4	
unchanged	engine	header	vostok/render/engine/sources/vertex_formats.h	md5	9151adb38f43fb37b55eabe7d1da2e1a	md5	9151adb38f43fb37b55eabe7d1da2e1a	
unchanged	engine	header	vostok/render/engine/vertex_colored.h	md5	5d8049940555f474aa77f341c503df69	md5	5d8049940555f474aa77f341c503df69	
unchanged	engine	header	vostok/render/engine/world.h	md5	8ef9b7f00f9054ced38d925d1973aa79	md5	8ef9b7f00f9054ced38d925d1973aa79	
changed	engine	header	vostok/render/engine/world_pc.h	md5	d2f0f9c7ef04faced39deeb20ff42fe6	md5	a1bfbc4d7cf27c94247689b2d998e113	
unchanged	engine	header	vostok/render/facade/ambient_light_properties.h	md5	9006ac2aba50d11c7d920bf906ae35e9	md5	9006ac2aba50d11c7d920bf906ae35e9	
unchanged	engine	header	vostok/render/facade/ambient_volume_properties.h	md5	4662d6242236a93710ebd8e713b11c0a	md5	4662d6242236a93710ebd8e713b11c0a	
unchanged	engine	header	vostok/render/facade/base_command.h	md5	93917053321566fa14640f25cd217309	md5	93917053321566fa14640f25cd217309	
unchanged	engine	header	vostok/render/facade/cloud_key.h	md5	f2c82a5d74f6699c9fa738985775ec9e	md5	f2c82a5d74f6699c9fa738985775ec9e	
unchanged	engine	header	vostok/render/facade/cloud_key_inline.h	md5	895af77450e4236bdf8d61ae9d8d7552	md5	895af77450e4236bdf8d61ae9d8d7552	
unchanged	engine	header	vostok/render/facade/cloud_parameters.h	md5	6faf7c0626a421840a77c33867a51b0f	md5	6faf7c0626a421840a77c33867a51b0f	
unchanged	engine	header	vostok/render/facade/cloud_parameters_inline.h	md5	362bbc5c39fccfbcc03661012c184578	md5	362bbc5c39fccfbcc03661012c184578	
unchanged	engine	header	vostok/render/facade/command_allocators.h	md5	02ba4630d7ec7b9e14e6cce30632ae6c	md5	02ba4630d7ec7b9e14e6cce30632ae6c	
unchanged	engine	header	vostok/render/facade/common_types.h	md5	6ff95a032ab8679b7d401e829ad61973	md5	6ff95a032ab8679b7d401e829ad61973	
unchanged	engine	header	vostok/render/facade/cull_mode.h	md5	5025e22c3e7b89d245dbb77126cf4735	md5	5025e22c3e7b89d245dbb77126cf4735	
changed	engine	header	vostok/render/facade/debug_renderer.h	md5	534014883c3b5dd31f5a9a6450ae0c3c	md5	9a9b15be6cb5fc847a63b1b5978916dc	
unchanged	engine	header	vostok/render/facade/decal_properties.h	md5	6e6d2c7b2864c12db266a08d04fb4bcb	md5	6e6d2c7b2864c12db266a08d04fb4bcb	
unchanged	engine	header	vostok/render/facade/decal_properties_inline.h	md5	72232a3553de192a5d4f356b2af9f5ac	md5	72232a3553de192a5d4f356b2af9f5ac	
unchanged	engine	header	vostok/render/facade/engine_renderer.h	md5	edacf723f562665bf96ee785ab225c5c	md5	edacf723f562665bf96ee785ab225c5c	
unchanged	engine	header	vostok/render/facade/environment_probe_properties.h	md5	fa2171fb7960ef52ceb8183094ac8395	md5	fa2171fb7960ef52ceb8183094ac8395	
changed	engine	header	vostok/render/facade/environment_properties.h	md5	f3de3b144e496fca3946f6bfa2c16c90	md5	22d609886cb7d567fc45fa4787074143	
unchanged	engine	header	vostok/render/facade/environment_properties_inline.h	md5	d7114865d6409dc98c8b755ed1661645	md5	d7114865d6409dc98c8b755ed1661645	
changed	engine	header	vostok/render/facade/game_renderer.h	md5	4d0c4e1e95e0971fa8b05c58a0cd442c	md5	96373e6f9ec4c810f9f1c75d0a5acbfb	
unchanged	engine	header	vostok/render/facade/gamma_correction.h	md5	87441709dfeb628758a5f68f1859fcb2	md5	87441709dfeb628758a5f68f1859fcb2	
unchanged	engine	header	vostok/render/facade/grass.h	md5	6d2f75d39d7cf0eba75864dd683b40e6	md5	6d2f75d39d7cf0eba75864dd683b40e6	
unchanged	engine	header	vostok/render/facade/library_linkage.h	md5	b8c80f2be8b30148ef5dcae93fe66c60	md5	b8c80f2be8b30148ef5dcae93fe66c60	
unchanged	engine	header	vostok/render/facade/light_props.h	md5	b86b1bf18cebedf5f0fad4e82179e3ad	md5	b86b1bf18cebedf5f0fad4e82179e3ad	
unchanged	engine	header	vostok/render/facade/material_effects_instance_cook_data.h	md5	f7f7ff2304c9a5a23bf4f0c6716ecaf4	md5	f7f7ff2304c9a5a23bf4f0c6716ecaf4	
changed	engine	header	vostok/render/facade/model.h	md5	2b6494984c362d2e67721b9b94934eb1	md5	52702a1a1c42f953032f08ebc3ff4267	
unchanged	engine	header	vostok/render/facade/one_way_render_channel.h	md5	c0feb3a9c76caa6fab3ab303eaffcb18	md5	c0feb3a9c76caa6fab3ab303eaffcb18	
unchanged	engine	header	vostok/render/facade/one_way_render_channel_inline.h	md5	80c576a571f812badccd63d4ef3aed3e	md5	80c576a571f812badccd63d4ef3aed3e	
unchanged	engine	header	vostok/render/facade/particles.h	md5	1c221be3653e1e42845442da646adc24	md5	1c221be3653e1e42845442da646adc24	
unchanged	engine	header	vostok/render/facade/portal.h	md5	ebb23aa4bc01f4392e2ed4390e0a5892	md5	ebb23aa4bc01f4392e2ed4390e0a5892	
unchanged	engine	header	vostok/render/facade/portal_sector_structure.h	md5	616873a0f07afac5206b7010f28caaa8	md5	616873a0f07afac5206b7010f28caaa8	
unchanged	engine	header	vostok/render/facade/render_stage_types.h	md5	d1f8dcc7b9194dc8151695bad7cd5e28	md5	d1f8dcc7b9194dc8151695bad7cd5e28	
changed	engine	header	vostok/render/facade/scene_renderer.h	md5	fb620f80d77bba67b40b15c6860c2f55	md5	b3289a388597c38dd7e8db8e8da5bb99	
unchanged	engine	header	vostok/render/facade/scene_view_mode.h	md5	0a6c2af20e7f2043f9ca017f04e387fc	md5	0a6c2af20e7f2043f9ca017f04e387fc	
changed	engine	header	vostok/render/facade/skeleton_combined_cook_data.h	md5	54518fd6638fbca6fb6e84039b8195fe	md5	e03f2c38a670fe27fd07d0e4b5bb7be0	
unchanged	engine	header	vostok/render/facade/sky_ambient_occlusion_properties.h	md5	3bd4c1dedf22936911d0af087897e6d2	md5	3bd4c1dedf22936911d0af087897e6d2	
removed	engine	source	vostok/render/facade/sources/debug_draw_lines_command.cpp	md5	61261a449bb0b7b2a8921000570b9772			
removed	engine	header	vostok/render/facade/sources/debug_draw_lines_command.h	md5	bbda614ab3539e2caf4614b62493c1af			
removed	engine	header	vostok/render/facade/sources/debug_draw_lines_command_inline.h	md5	a043e2db6649887a02edd98d9ec549c9			
removed	engine	source	vostok/render/facade/sources/debug_draw_triangles_command.cpp	md5	d3a77d4b07fc661f069ec340cc99cc7e			
removed	engine	header	vostok/render/facade/sources/debug_draw_triangles_command.h	md5	f4b0c3f2a11eb26ebadcc85c1b192f16			
removed	engine	header	vostok/render/facade/sources/debug_draw_triangles_command_inline.h	md5	94de3297b3390dd52195ce26989caa54			
removed	engine	source	vostok/render/facade/sources/debug_renderer.cpp	md5	f542f087e546fe6ae10b8800eda105dd			
added	engine	source	vostok/render/facade/sources/defer_execution.cpp			md5	0e74d8b0b62b8faacc91c3c6f11474ea	
unchanged	engine	header	vostok/render/facade/sources/editor_allocator.h	md5	8e9bca2832354d857841abadde0e27e6	md5	8e9bca2832354d857841abadde0e27e6	
unchanged	engine	source	vostok/render/facade/sources/engine_renderer.cpp	md5	73a39ef7bcd5d9c2be0fe87f0e143846	md5	73a39ef7bcd5d9c2be0fe87f0e143846	
changed	engine	source	vostok/render/facade/sources/environment_properties.cpp	md5	50e09db95509ffc4f9a2c3e566ad21fd	md5	ec1074417e3ad8e0eff243fc1dc6ba07	
unchanged	engine	source	vostok/render/facade/sources/functor_command.cpp	md5	68804847c693d35f072d3de512e6cf4e	md5	68804847c693d35f072d3de512e6cf4e	
unchanged	engine	header	vostok/render/facade/sources/functor_command.h	md5	ff915460a2ea9f2c28d63e581cc38ccb	md5	ff915460a2ea9f2c28d63e581cc38ccb	
unchanged	engine	header	vostok/render/facade/sources/functor_with_big_buffer_to_copy_command.h	md5	8b7273850302ff1ea34bf9fd68955b4c	md5	8b7273850302ff1ea34bf9fd68955b4c	
unchanged	engine	header	vostok/render/facade/sources/functor_with_big_buffer_to_copy_command_inline.h	md5	272481d28240d3ddac0c0bfc6ff8804e	md5	272481d28240d3ddac0c0bfc6ff8804e	
changed	engine	source	vostok/render/facade/sources/game_renderer.cpp	md5	bebb243517e221c082e47d0921f61e06	md5	cc87d36e20581bf41131fdd36d05dec9	
unchanged	engine	source	vostok/render/facade/sources/light_props.cpp	md5	c841bf940809d7b61f709da00ebba1a2	md5	c841bf940809d7b61f709da00ebba1a2	
unchanged	engine	header	vostok/render/facade/sources/logic_allocator.h	md5	6a8e34e0181a1546a3a6d62396f66818	md5	6a8e34e0181a1546a3a6d62396f66818	
unchanged	engine	source	vostok/render/facade/sources/one_way_render_channel.cpp	md5	a4c423060ca5512caa0fd91375cc8c02	md5	a4c423060ca5512caa0fd91375cc8c02	
unchanged	engine	source	vostok/render/facade/sources/pch.cpp	md5	5180eb3491daf56b0c8ffa3d7f45ac1b	md5	5180eb3491daf56b0c8ffa3d7f45ac1b	
unchanged	engine	header	vostok/render/facade/sources/pch.h	md5	d29b13b5dfd53060fc8d9e5fd3dcb313	md5	d29b13b5dfd53060fc8d9e5fd3dcb313	
unchanged	engine	source	vostok/render/facade/sources/portal_sector_structure.cpp	md5	e21f61606bf5571e50bf5892328522df	md5	e21f61606bf5571e50bf5892328522df	
unchanged	engine	source	vostok/render/facade/sources/render_facade_entry_point.cpp	md5	86e7c62f67731986d8966387f780bbf7	md5	86e7c62f67731986d8966387f780bbf7	
unchanged	engine	source	vostok/render/facade/sources/render_facade_world.cpp	md5	e432975b5d35a49737086146ac585b0c	md5	e432975b5d35a49737086146ac585b0c	
unchanged	engine	source	vostok/render/facade/sources/render_stage_types.cpp	md5	7d8e30e38d0cd43e3b318c25954e19bb	md5	7d8e30e38d0cd43e3b318c25954e19bb	
changed	engine	source	vostok/render/facade/sources/scene_renderer.cpp	md5	04d93bf2b1418d318a92200ebf6014e5	md5	51e4f3d2dcb28f29c4dbed3f9d32fba8	
unchanged	engine	source	vostok/render/facade/sources/static_video_info.cpp	md5	63363e749288625d6e9457d40aa228de	md5	63363e749288625d6e9457d40aa228de	
unchanged	engine	source	vostok/render/facade/sources/ui_draw_vertices_command.cpp	md5	734bf351c192da280b7e85593a4a262d	md5	734bf351c192da280b7e85593a4a262d	
unchanged	engine	header	vostok/render/facade/sources/ui_draw_vertices_command.h	md5	37225456c3ff382140e899172581a951	md5	37225456c3ff382140e899172581a951	
unchanged	engine	source	vostok/render/facade/sources/ui_renderer.cpp	md5	6f52898899a482ab2dbaf755dde8e6e3	md5	6f52898899a482ab2dbaf755dde8e6e3	
unchanged	engine	source	vostok/render/facade/sources/update_model_vertex_buffer_command.cpp	md5	17caa7a398bb329ab83b7acd040c7a12	md5	17caa7a398bb329ab83b7acd040c7a12	
unchanged	engine	header	vostok/render/facade/sources/update_model_vertex_buffer_command.h	md5	38495e01dac9e2c007f3cbee4d31a2fd	md5	38495e01dac9e2c007f3cbee4d31a2fd	
unchanged	engine	source	vostok/render/facade/sources/update_skeleton_command.cpp	md5	f454b760c17a86134592331e964add58	md5	f454b760c17a86134592331e964add58	
unchanged	engine	header	vostok/render/facade/sources/update_skeleton_command.h	md5	6ea47790b5f04214eaeb60b9e944eeba	md5	6ea47790b5f04214eaeb60b9e944eeba	
unchanged	engine	source	vostok/render/facade/sources/user_render_options_values.cpp	md5	94e255555362cf6e053b9f5f185cf2ba	md5	94e255555362cf6e053b9f5f185cf2ba	
unchanged	engine	source	vostok/render/facade/sources/vertex_input_type.cpp	md5	472194ba59283bc46a6caae14d92b33c	md5	472194ba59283bc46a6caae14d92b33c	
unchanged	engine	header	vostok/render/facade/spatial_sector.h	md5	e6908001a81e3d99b50633ca54a12156	md5	e6908001a81e3d99b50633ca54a12156	
unchanged	engine	header	vostok/render/facade/static_video_info.h	md5	de28a933d5258bc02d9256a36b6ae2de	md5	de28a933d5258bc02d9256a36b6ae2de	
unchanged	engine	header	vostok/render/facade/texture_dimension.h	md5	8027063cef26342163bd4c78c073d975	md5	8027063cef26342163bd4c78c073d975	
unchanged	engine	header	vostok/render/facade/ui_renderer.h	md5	e8d7790369470d8abb3cae111c61d818	md5	e8d7790369470d8abb3cae111c61d818	
unchanged	engine	header	vostok/render/facade/user_render_options_values.h	md5	c91f2da7d63fea2f9fcd7e57a27d2e2f	md5	c91f2da7d63fea2f9fcd7e57a27d2e2f	
unchanged	engine	header	vostok/render/facade/vertex_input_type.h	md5	72faffd6782fe875c9f49519f83f10d1	md5	72faffd6782fe875c9f49519f83f10d1	
unchanged	engine	header	vostok/render/facade/volume_fog_parameters.h	md5	6a21fc5b63f267ddc1e1e334776c6eda	md5	6a21fc5b63f267ddc1e1e334776c6eda	
unchanged	engine	header	vostok/render/world.h	md5	d6feca53ae28300bb8b83b06f10f4d6c	md5	d6feca53ae28300bb8b83b06f10f4d6c	
unchanged	engine	header	vostok/replay_match_io.h	md5	339b458d8473a4e291fc34a1f8e947da	md5	339b458d8473a4e291fc34a1f8e947da	
unchanged	engine	header	vostok/resources.h	md5	faec30e6a76ca2c279fc9a8646bcf6c3	md5	faec30e6a76ca2c279fc9a8646bcf6c3	
unchanged	engine	header	vostok/resources_callbacks.h	md5	be5866ef61a03ef4852cb787ca71a7ec	md5	be5866ef61a03ef4852cb787ca71a7ec	
changed	engine	header	vostok/resources_classes.h	md5	9ec8f6532c8ab86e6b903004a03ecfa9	md5	0fbba83c64a7cf4ba93e719dfc85517f	
unchanged	engine	header	vostok/resources_cook_base.h	md5	78714639d8597007d8098a1848fca4fe	md5	78714639d8597007d8098a1848fca4fe	
unchanged	engine	header	vostok/resources_cook_classes.h	md5	b43c89525dd52a8ebd836ab2a027af8a	md5	b43c89525dd52a8ebd836ab2a027af8a	
unchanged	engine	header	vostok/resources_fs.h	md5	c13f11b1f93de8bfa046838c19707501	md5	c13f11b1f93de8bfa046838c19707501	
unchanged	engine	header	vostok/resources_fs_iterator.h	md5	441e8666e594ba28ade1a761107a6557	md5	441e8666e594ba28ade1a761107a6557	
unchanged	engine	header	vostok/resources_fs_task.h	md5	836bc7724cfc22d8f8144c8a9ac56731	md5	836bc7724cfc22d8f8144c8a9ac56731	
unchanged	engine	header	vostok/resources_intrusive_base.h	md5	2ba39146d3c5e59de60f926a90a78394	md5	2ba39146d3c5e59de60f926a90a78394	
unchanged	engine	header	vostok/resources_managed_resource.h	md5	8bc1c7eb4ac84087c27b15005761d1eb	md5	8bc1c7eb4ac84087c27b15005761d1eb	
unchanged	engine	header	vostok/resources_memory.h	md5	d14be1ee183d2a9dee9b88de64add4d0	md5	d14be1ee183d2a9dee9b88de64add4d0	
unchanged	engine	header	vostok/resources_memory_usage.h	md5	cbe589f5a730e8918fdcc33318753a6a	md5	cbe589f5a730e8918fdcc33318753a6a	
unchanged	engine	header	vostok/resources_mount_ptr.h	md5	3f7726742c47dcf16a10d20b50a9137e	md5	3f7726742c47dcf16a10d20b50a9137e	
unchanged	engine	header	vostok/resources_name_registry_entry.h	md5	eb1d2dab744c876a1a67216a41c92ac6	md5	eb1d2dab744c876a1a67216a41c92ac6	
unchanged	engine	header	vostok/resources_pinned_ptr.h	md5	fc0afb9ff80a31838fc24eaf661c66cf	md5	fc0afb9ff80a31838fc24eaf661c66cf	
unchanged	engine	header	vostok/resources_queries_result.h	md5	50880967957684d02f3b057336c93d45	md5	50880967957684d02f3b057336c93d45	
unchanged	engine	header	vostok/resources_query_result.h	md5	14488bea3ba7cb53f158960daf9c7eb5	md5	14488bea3ba7cb53f158960daf9c7eb5	
unchanged	engine	header	vostok/resources_resource.h	md5	6eb07b2cfc07622389cda02abcfe1dca	md5	6eb07b2cfc07622389cda02abcfe1dca	
unchanged	engine	header	vostok/resources_resource_base.h	md5	869b91a756658b5a8b0638c542d2ba42	md5	869b91a756658b5a8b0638c542d2ba42	
unchanged	engine	header	vostok/resources_resource_children.h	md5	e74bef15011ce17281f6c5bfffc7b5bb	md5	e74bef15011ce17281f6c5bfffc7b5bb	
unchanged	engine	header	vostok/resources_resource_flags.h	md5	bb74a605074b36f0ff97a16cd2e81c0a	md5	bb74a605074b36f0ff97a16cd2e81c0a	
unchanged	engine	header	vostok/resources_resource_link.h	md5	295ecdba79c8aea106e190a548bcfea4	md5	295ecdba79c8aea106e190a548bcfea4	
unchanged	engine	header	vostok/resources_resource_ptr.h	md5	b3cb85ab494a255119b28573b5680a5b	md5	b3cb85ab494a255119b28573b5680a5b	
unchanged	engine	header	vostok/resources_resource_ptr_inline.h	md5	b73b33a58b25176d1f563a091629a217	md5	b73b33a58b25176d1f563a091629a217	
unchanged	engine	header	vostok/resources_resource_quality.h	md5	cb229b3e94e62a075ebc35ca628bb7b0	md5	cb229b3e94e62a075ebc35ca628bb7b0	
unchanged	engine	header	vostok/resources_resource_reconstruction_info.h	md5	9595f8fef34efec6e4d159e5cd25e782	md5	9595f8fef34efec6e4d159e5cd25e782	
unchanged	engine	header	vostok/resources_save_generated_data.h	md5	3e0bd5be4a509f5bc9ea1aca0608558b	md5	3e0bd5be4a509f5bc9ea1aca0608558b	
unchanged	engine	header	vostok/resources_types.h	md5	7971d94f5d3169714ed5ef369078e246	md5	7971d94f5d3169714ed5ef369078e246	
unchanged	engine	header	vostok/resources_unmanaged_allocator.h	md5	90672f462a6e1bd6b5a0ec94ce8e3d04	md5	90672f462a6e1bd6b5a0ec94ce8e3d04	
unchanged	engine	header	vostok/resources_unmanaged_resource.h	md5	befb0f83fa8369052cafea713f635ecd	md5	befb0f83fa8369052cafea713f635ecd	
unchanged	engine	header	vostok/scaleform/api.h	md5	daef3f28e0147662581770bef4896f5b	md5	daef3f28e0147662581770bef4896f5b	
changed	engine	header	vostok/scaleform/factory.h	md5	008001cbbe408b33d2ccfa978d310277	md5	1bb16f7b22d73219619f7df76d04552d	
unchanged	engine	header	vostok/scaleform/library_linkage.h	md5	a7924ff9abc26e6dfaf767bd1d3bf28d	md5	a7924ff9abc26e6dfaf767bd1d3bf28d	
unchanged	engine	header	vostok/scaleform/movie.h	md5	b68d6c1b481517f10b1c7f2df8cfe93f	md5	b68d6c1b481517f10b1c7f2df8cfe93f	
unchanged	engine	header	vostok/scaleform/renderer.h	md5	5776833d13b68c80e770fc893487dc5b	md5	5776833d13b68c80e770fc893487dc5b	
unchanged	engine	source	vostok/scaleform/sources/command_queue.cpp	md5	ea73886d4efd93d95f4a6b238da1c1a4	md5	ea73886d4efd93d95f4a6b238da1c1a4	
unchanged	engine	header	vostok/scaleform/sources/command_queue.h	md5	07ae86deb3318b6ef84a9a854df659d0	md5	07ae86deb3318b6ef84a9a854df659d0	
unchanged	engine	header	vostok/scaleform/sources/d3d1x_config.h	md5	f80fffbcf098db40527a88e196d66b13	md5	f80fffbcf098db40527a88e196d66b13	
unchanged	engine	header	vostok/scaleform/sources/d3d1x_events.h	md5	86f02d9670e0bda9ed7444804a8d69a6	md5	86f02d9670e0bda9ed7444804a8d69a6	
unchanged	engine	source	vostok/scaleform/sources/d3d1x_hal.cpp	md5	09f5794101ea960f09b88bc28b687c44	md5	09f5794101ea960f09b88bc28b687c44	
unchanged	engine	header	vostok/scaleform/sources/d3d1x_hal.h	md5	2bdb8797eb7fe3874609e5dbe9af7d5f	md5	2bdb8797eb7fe3874609e5dbe9af7d5f	
unchanged	engine	source	vostok/scaleform/sources/d3d1x_meshcache.cpp	md5	0df16738efb6a3e43d3e20a9fac26fb0	md5	0df16738efb6a3e43d3e20a9fac26fb0	
unchanged	engine	header	vostok/scaleform/sources/d3d1x_meshcache.h	md5	d72b165224f451e4b4e65962f13d65f8	md5	d72b165224f451e4b4e65962f13d65f8	
unchanged	engine	source	vostok/scaleform/sources/d3d1x_shader.cpp	md5	751ab17fc8c82ec6334c6ba5c01796a8	md5	751ab17fc8c82ec6334c6ba5c01796a8	
unchanged	engine	header	vostok/scaleform/sources/d3d1x_shader.h	md5	d7f8be52f07eb3230efbde3112628bf4	md5	d7f8be52f07eb3230efbde3112628bf4	
unchanged	engine	source	vostok/scaleform/sources/d3d1x_shaderbinary.cpp	md5	07334b1de64c45f7b687105783585a80	md5	07334b1de64c45f7b687105783585a80	
unchanged	engine	source	vostok/scaleform/sources/d3d1x_shaderdescs.cpp	md5	a4f0b863a63d5f59108c9dcc9ab25812	md5	a4f0b863a63d5f59108c9dcc9ab25812	
unchanged	engine	header	vostok/scaleform/sources/d3d1x_shaderdescs.h	md5	949d20be5e489403d438685dfa830652	md5	949d20be5e489403d438685dfa830652	
unchanged	engine	header	vostok/scaleform/sources/d3d1x_sync.h	md5	c9d653e93d5a32bb3990a5c5ce1777fe	md5	c9d653e93d5a32bb3990a5c5ce1777fe	
unchanged	engine	source	vostok/scaleform/sources/d3d1x_texture.cpp	md5	2f25d1eb54c66635e8837008be727dd2	md5	2f25d1eb54c66635e8837008be727dd2	
unchanged	engine	header	vostok/scaleform/sources/d3d1x_texture.h	md5	3d4858c2897885b5418706ac25744eff	md5	3d4858c2897885b5418706ac25744eff	
changed	engine	source	vostok/scaleform/sources/factory.cpp	md5	66a7c9d8939cb82302425094c48440de	md5	78d23eac32e247cd4bb60c62ceff8c4f	
unchanged	engine	source	vostok/scaleform/sources/movie.cpp	md5	f9345ee882dd018b26359f66dc035505	md5	f9345ee882dd018b26359f66dc035505	
unchanged	engine	source	vostok/scaleform/sources/pch.cpp	md5	2f897ca407e2932ee3234e3cf92809ac	md5	2f897ca407e2932ee3234e3cf92809ac	
changed	engine	header	vostok/scaleform/sources/pch.h	md5	b370d31b3e3f7b3231c87dc3b0f978e6	md5	888f004a3133a75bdae21f64035e2d3a	
unchanged	engine	source	vostok/scaleform/sources/renderer.cpp	md5	31eebd8079a8e0c96a817be6550ca6fc	md5	31eebd8079a8e0c96a817be6550ca6fc	
unchanged	engine	source	vostok/scaleform/sources/value.cpp	md5	0182c97a35bb2509f99e272a67512f13	md5	0182c97a35bb2509f99e272a67512f13	
unchanged	engine	header	vostok/scaleform/value.h	md5	be3493acc579ace9d95eede37802aecf	md5	be3493acc579ace9d95eede37802aecf	
unchanged	engine	header	vostok/set.h	md5	25abd0cc74d93670802d9b260b465bd5	md5	25abd0cc74d93670802d9b260b465bd5	
unchanged	engine	header	vostok/set_inline.h	md5	83d80c2857f28624b76ed8643797c5a5	md5	83d80c2857f28624b76ed8643797c5a5	
unchanged	engine	header	vostok/shader_utils/api.h	md5	45285f2e97992f9d7dc43ab8e954bdb0	md5	45285f2e97992f9d7dc43ab8e954bdb0	
unchanged	engine	header	vostok/shared_string.h	md5	06ed269f3dd46fcb1cd1725ea28d510d	md5	06ed269f3dd46fcb1cd1725ea28d510d	
unchanged	engine	header	vostok/shared_string_inline.h	md5	52492f2ccf0b0070c2eea910e8315a0d	md5	52492f2ccf0b0070c2eea910e8315a0d	
unchanged	engine	header	vostok/size_policies.h	md5	d5a2beca50e83a098512da8fe15d545f	md5	d5a2beca50e83a098512da8fe15d545f	
unchanged	engine	header	vostok/sound/api.h	md5	548e896bfd031044bb814ce6fd74dc44	md5	548e896bfd031044bb814ce6fd74dc44	
unchanged	engine	header	vostok/sound/atomic_half3.h	md5	3d437b626616d10df045f69f7c2f741e	md5	3d437b626616d10df045f69f7c2f741e	
unchanged	engine	header	vostok/sound/channels_type.h	md5	96120254958a9dc6a93773d0138a7225	md5	96120254958a9dc6a93773d0138a7225	
unchanged	engine	header	vostok/sound/encoded_sound_interface.h	md5	15245bd50f7ed1fa79d0f2a533111b53	md5	15245bd50f7ed1fa79d0f2a533111b53	
unchanged	engine	header	vostok/sound/encoded_sound_with_qualities.h	md5	ce65ef9e16b9dd0e68a20ee78bbf995c	md5	ce65ef9e16b9dd0e68a20ee78bbf995c	
unchanged	engine	header	vostok/sound/engine.h	md5	ac9e272008c084f5963df0177a1de1f3	md5	ac9e272008c084f5963df0177a1de1f3	
unchanged	engine	header	vostok/sound/file_types.h	md5	c6adaced003031e254734c905f9aae5a	md5	c6adaced003031e254734c905f9aae5a	
unchanged	engine	header	vostok/sound/functor_command.h	md5	83cde37006add5b9bc34a39ca02cbba0	md5	83cde37006add5b9bc34a39ca02cbba0	
unchanged	engine	header	vostok/sound/library_linkage.h	md5	88d438f087f4f933a84afdcc4a71e113	md5	88d438f087f4f933a84afdcc4a71e113	
unchanged	engine	header	vostok/sound/playback_mode.h	md5	c95355b060d771b89f2e4ca24a5d6379	md5	c95355b060d771b89f2e4ca24a5d6379	
unchanged	engine	header	vostok/sound/sound.h	md5	10c85c22f9f85aa26225319b6c2414d3	md5	10c85c22f9f85aa26225319b6c2414d3	
unchanged	engine	header	vostok/sound/sound_debug_stats.h	md5	1539aa1fcdebbb44e3d35ce2d6984163	md5	1539aa1fcdebbb44e3d35ce2d6984163	
unchanged	engine	header	vostok/sound/sound_emitter.h	md5	5a871eacc478ec8bed8ded20b5f1034b	md5	5a871eacc478ec8bed8ded20b5f1034b	
unchanged	engine	header	vostok/sound/sound_instance_emitter.h	md5	c411f859b437793843d4d8628ad28b60	md5	c411f859b437793843d4d8628ad28b60	
unchanged	engine	header	vostok/sound/sound_instance_proxy.h	md5	7709f2e44f3e83c1063b441db3bca7a2	md5	7709f2e44f3e83c1063b441db3bca7a2	
unchanged	engine	header	vostok/sound/sound_object_commands.h	md5	c1098602ee4845f85cbb73754d98bd32	md5	c1098602ee4845f85cbb73754d98bd32	
unchanged	engine	header	vostok/sound/sound_producer.h	md5	5c341b16a22f548ad2f11cacfe503ec9	md5	5c341b16a22f548ad2f11cacfe503ec9	
changed	engine	header	vostok/sound/sound_propagator_emitter.h	md5	6831e8c345f5b8f64a54839c0de57e68	md5	33f97810659630414b555bebb0a1c18e	
unchanged	engine	header	vostok/sound/sound_receiver.h	md5	d7af8344b445efa79dff216ec78e3b95	md5	d7af8344b445efa79dff216ec78e3b95	
unchanged	engine	header	vostok/sound/sound_rms.h	md5	5d516062dad59949b862dc6751cecf39	md5	5d516062dad59949b862dc6751cecf39	
unchanged	engine	header	vostok/sound/sound_spl.h	md5	bdb2daf3e3993fb92f3bc6edbc62b692	md5	bdb2daf3e3993fb92f3bc6edbc62b692	
changed	engine	source	vostok/sound/sources/composite_sound.cpp	md5	c3dd40a4c2748989b35775fc7bb0a8fb	md5	a71dce7338732fff0f2cd3bfbf12b45e	
changed	engine	header	vostok/sound/sources/composite_sound.h	md5	cf7bc0cd0832d68835ceb2cbf217f6bc	md5	d5ddb3e9d33ae1e9b308550bc2c61c21	
changed	engine	source	vostok/sound/sources/composite_sound_cook.cpp	md5	dcf635a4ba7497304d847c1b84529eed	md5	0e75aca95ac68139aa7d00f4fe3ff2bf	
unchanged	engine	header	vostok/sound/sources/composite_sound_cook.h	md5	82f4e3316f8bfd5b35ce378b92c10f52	md5	82f4e3316f8bfd5b35ce378b92c10f52	
unchanged	engine	header	vostok/sound/sources/console_commands.h	md5	853309a7574512b332b5f1ed29223f8c	md5	853309a7574512b332b5f1ed29223f8c	
unchanged	engine	source	vostok/sound/sources/debug_statistic.cpp	md5	76e38e491dba2f2fce935e3cab04ce08	md5	76e38e491dba2f2fce935e3cab04ce08	
unchanged	engine	header	vostok/sound/sources/debug_statistic.h	md5	f31c4e7827ecd9b3bfff2947bb4385e8	md5	f31c4e7827ecd9b3bfff2947bb4385e8	
unchanged	engine	source	vostok/sound/sources/encoded_sound_interface.cpp	md5	552e2a6720c05ba04a34593b62d56bf3	md5	552e2a6720c05ba04a34593b62d56bf3	
unchanged	engine	source	vostok/sound/sources/encoded_sound_with_qualities.cpp	md5	3717ccc93b1020ff3892ae31eb30bbd4	md5	3717ccc93b1020ff3892ae31eb30bbd4	
unchanged	engine	source	vostok/sound/sources/encoded_sound_with_qualities_cook.cpp	md5	d38eb1e68e39394c81429a5b7dc56b03	md5	d38eb1e68e39394c81429a5b7dc56b03	
unchanged	engine	header	vostok/sound/sources/encoded_sound_with_qualities_cook.h	md5	f1425d223cd3b11a2f7abdcccc6ac334	md5	f1425d223cd3b11a2f7abdcccc6ac334	
unchanged	engine	header	vostok/sound/sources/functor_command.h	md5	60c1b9a76030bb57d563a6db1b2447b4	md5	60c1b9a76030bb57d563a6db1b2447b4	
unchanged	engine	header	vostok/sound/sources/functor_command_inline.h	md5	8d0079123c9756ded533da9b6fe945e4	md5	8d0079123c9756ded533da9b6fe945e4	
unchanged	engine	header	vostok/sound/sources/graph_heuristics.h	md5	19eab7a43cc9e418d66ac259b4d7e6a0	md5	19eab7a43cc9e418d66ac259b4d7e6a0	
unchanged	engine	header	vostok/sound/sources/graph_wrapper.h	md5	63016716f7767083db2d3d855b8f2f5b	md5	63016716f7767083db2d3d855b8f2f5b	
unchanged	engine	header	vostok/sound/sources/mtv_player.h	md5	02fde2e5a8f56784ba46e6b29d5775c7	md5	02fde2e5a8f56784ba46e6b29d5775c7	
changed	engine	source	vostok/sound/sources/ogg_encoded_sound_interface.cpp	md5	09a9b1e9c2faa7b5533be0bf8b072f8a	md5	6bd539ca3c44a8f86e9222ada0f98cec	
unchanged	engine	header	vostok/sound/sources/ogg_encoded_sound_interface.h	md5	49bd3f443b093c5e09910cfb9d553a65	md5	49bd3f443b093c5e09910cfb9d553a65	
unchanged	engine	source	vostok/sound/sources/ogg_encoded_sound_interface_cook.cpp	md5	7ac30d5f4f98133be94fed27e43c2aa3	md5	7ac30d5f4f98133be94fed27e43c2aa3	
unchanged	engine	header	vostok/sound/sources/ogg_encoded_sound_interface_cook.h	md5	5a619a458cfbf7624058a9013967e447	md5	5a619a458cfbf7624058a9013967e447	
unchanged	engine	header	vostok/sound/sources/ogg_sound_cook.h	md5	e348d20274b292c321bcd6bb817ca5d1	md5	e348d20274b292c321bcd6bb817ca5d1	
unchanged	engine	source	vostok/sound/sources/ogg_utils.cpp	md5	86ea3f944e9102e7fa82f2c497e9a1f0	md5	86ea3f944e9102e7fa82f2c497e9a1f0	
unchanged	engine	header	vostok/sound/sources/ogg_utils.h	md5	c9b2bb9b01c0ebc1f8b7f28ee28b4e72	md5	c9b2bb9b01c0ebc1f8b7f28ee28b4e72	
unchanged	engine	source	vostok/sound/sources/panning_lut.cpp	md5	211496a16c880c44d49910b27fddec54	md5	211496a16c880c44d49910b27fddec54	
unchanged	engine	header	vostok/sound/sources/panning_lut.h	md5	1d6a6f7c0dfa5a5b4f420e37ad29659f	md5	1d6a6f7c0dfa5a5b4f420e37ad29659f	
unchanged	engine	source	vostok/sound/sources/pch.cpp	md5	49a9b45f7a1a6d4a7e8f2ff9ee0b2723	md5	49a9b45f7a1a6d4a7e8f2ff9ee0b2723	
unchanged	engine	header	vostok/sound/sources/pch.h	md5	bec077f2b6a62726027b83173fd444d9	md5	bec077f2b6a62726027b83173fd444d9	
unchanged	engine	header	vostok/sound/sources/pcm_data_chunk.h	md5	0f3a6be39174df70fafea61d2eb41d68	md5	0f3a6be39174df70fafea61d2eb41d68	
unchanged	engine	header	vostok/sound/sources/search_restrictor.h	md5	f1818467de50250e0676038e03c0aa28	md5	f1818467de50250e0676038e03c0aa28	
unchanged	engine	source	vostok/sound/sources/search_service.cpp	md5	e47e83098c08cc610b91217d243906f0	md5	e47e83098c08cc610b91217d243906f0	
unchanged	engine	header	vostok/sound/sources/search_service.h	md5	894640f9b60cf1c5202d843c3ea6febb	md5	894640f9b60cf1c5202d843c3ea6febb	
unchanged	engine	header	vostok/sound/sources/search_service_base_types.h	md5	cfd639a3bea0b8ab58ccbb11d7ca2d1b	md5	cfd639a3bea0b8ab58ccbb11d7ca2d1b	
changed	engine	source	vostok/sound/sources/single_sound.cpp	md5	4f427e25834d19e1d1990c019186150e	md5	9a43a8b78f3a130eada5c3d151b6b10f	
changed	engine	header	vostok/sound/sources/single_sound.h	md5	fd72adc3fcfd5b9cd4d5e3a473d4ee87	md5	c27c684b7066c1d42212541cdaa8dc32	
unchanged	engine	source	vostok/sound/sources/single_sound_cook.cpp	md5	5bcb98769afbb9c4a1f34cad013f9c78	md5	5bcb98769afbb9c4a1f34cad013f9c78	
unchanged	engine	header	vostok/sound/sources/single_sound_cook.h	md5	b115b561555e86c3ba50967ab0739d05	md5	b115b561555e86c3ba50967ab0739d05	
changed	engine	source	vostok/sound/sources/sound_buffer.cpp	md5	60bee8c8d64c688e3f1844ebff1b9f82	md5	46ba12c56e934d086f5af13e4b00794a	
unchanged	engine	header	vostok/sound/sources/sound_buffer.h	md5	ccbe366ba51f7cae645721281c0ab5e8	md5	ccbe366ba51f7cae645721281c0ab5e8	
unchanged	engine	source	vostok/sound/sources/sound_buffer_factory.cpp	md5	f39d9d066de1a7493955c52c73e82496	md5	f39d9d066de1a7493955c52c73e82496	
unchanged	engine	header	vostok/sound/sources/sound_buffer_factory.h	md5	c4355dd8dc939400fffe7613b3f7821d	md5	c4355dd8dc939400fffe7613b3f7821d	
changed	engine	source	vostok/sound/sources/sound_collection.cpp	md5	55e79ee1e7ec3ad6c160e02c953c958a	md5	8d4fc796cf250fd413157e2526033c81	
changed	engine	header	vostok/sound/sources/sound_collection.h	md5	60e5bc7fa56a94a61ee8cab507b1a73f	md5	077222d40af2de5c6d460a1aee2ee5ed	
changed	engine	source	vostok/sound/sources/sound_collection_cook.cpp	md5	e63073311996701bcafbcb128898e23e	md5	fec261e4a0e6d3680f64aa163cfb69d3	
unchanged	engine	header	vostok/sound/sources/sound_collection_cook.h	md5	64f2bb9dbc6a0588072206f0abe1b0bc	md5	64f2bb9dbc6a0588072206f0abe1b0bc	
unchanged	engine	source	vostok/sound/sources/sound_debug_stats.cpp	md5	26801adf70931f0f442503bbabe33ccb	md5	26801adf70931f0f442503bbabe33ccb	
unchanged	engine	source	vostok/sound/sources/sound_emitter.cpp	md5	904ce7e4e52cb550193eb859ff59684b	md5	904ce7e4e52cb550193eb859ff59684b	
unchanged	engine	source	vostok/sound/sources/sound_entry_point.cpp	md5	559e8a1f6b590708b0912afcbae17bbc	md5	559e8a1f6b590708b0912afcbae17bbc	
unchanged	engine	header	vostok/sound/sources/sound_environment.h	md5	c31af5fc44cf8c4dcc2c573a75b895c0	md5	c31af5fc44cf8c4dcc2c573a75b895c0	
unchanged	engine	header	vostok/sound/sources/sound_environment_cook.h	md5	1c32a14fe926065e5e937cc127f87a36	md5	1c32a14fe926065e5e937cc127f87a36	
unchanged	engine	source	vostok/sound/sources/sound_instance_proxy.cpp	md5	746d85f053fa4aa9ec288680ee1ac752	md5	746d85f053fa4aa9ec288680ee1ac752	
changed	engine	source	vostok/sound/sources/sound_instance_proxy_internal.cpp	md5	45618c6b89a142b74a7efcf995c4a3ef	md5	5dc20771e674f883d88ef24288e5c6be	
changed	engine	header	vostok/sound/sources/sound_instance_proxy_internal.h	md5	082bc936f74dc8b80274532f8b00885e	md5	6d9492478319ee75f3a3b6d7616b302d	
unchanged	engine	source	vostok/sound/sources/sound_instance_proxy_order.cpp	md5	864db82c6b17b33e8402c101009c6878	md5	864db82c6b17b33e8402c101009c6878	
unchanged	engine	header	vostok/sound/sources/sound_instance_proxy_order.h	md5	aca5616d0f14c99990ef5ad5f7a75869	md5	aca5616d0f14c99990ef5ad5f7a75869	
unchanged	engine	header	vostok/sound/sources/sound_memory.h	md5	662373b6ba7024cc352455c8333e5f42	md5	662373b6ba7024cc352455c8333e5f42	
unchanged	engine	source	vostok/sound/sources/sound_object_commands.cpp	md5	76f25d90a2ff68185444e775ce0e315d	md5	76f25d90a2ff68185444e775ce0e315d	
unchanged	engine	source	vostok/sound/sources/sound_producer.cpp	md5	96b0e562622f17c5e56364dcfa1ae9a3	md5	96b0e562622f17c5e56364dcfa1ae9a3	
changed	engine	source	vostok/sound/sources/sound_propagator.cpp	md5	905552a68e5933abff569b556277f4d1	md5	70603034b8635c9f1ee5b4f0ae551acf	
changed	engine	header	vostok/sound/sources/sound_propagator.h	md5	cd4b45cce5a19b93d4a3954dd5030146	md5	c387a1da006520dcf12f5f3965e3258c	
unchanged	engine	source	vostok/sound/sources/sound_receiver.cpp	md5	2b347df96fc12742fc65061ab91522f5	md5	2b347df96fc12742fc65061ab91522f5	
unchanged	engine	header	vostok/sound/sources/sound_recorder.h	md5	9b9389e01b5fc4c871d68e5500a6e7ab	md5	9b9389e01b5fc4c871d68e5500a6e7ab	
changed	engine	source	vostok/sound/sources/sound_scene.cpp	md5	e16a82656777c4c95706813d90dfc147	md5	1ceb62aa23941fd3215f4bde33cd7133	
changed	engine	header	vostok/sound/sources/sound_scene.h	md5	2a583be35a28b6408d6297d7e43cf903	md5	469b6869163803e7c2b00f6c2137f5e7	
changed	engine	source	vostok/sound/sources/sound_scene_cook.cpp	md5	c553426045daaea7f80b4d3a32d96d2d	md5	42153f9e3bb611f33e249e123539e970	
unchanged	engine	header	vostok/sound/sources/sound_scene_cook.h	md5	2e42cfd8bb66788f411d15038281c212	md5	2e42cfd8bb66788f411d15038281c212	
unchanged	engine	source	vostok/sound/sources/sound_scene_cross_fade.cpp	md5	0e55bcf28961277b57910dd23c8f879b	md5	0e55bcf28961277b57910dd23c8f879b	
unchanged	engine	source	vostok/sound/sources/sound_scene_hdr.cpp	md5	470eae36ed51af0de035d7cc9883db6e	md5	470eae36ed51af0de035d7cc9883db6e	
unchanged	engine	source	vostok/sound/sources/sound_scene_initialize.cpp	md5	4f8fd2f993bda186f944832942ec415b	md5	4f8fd2f993bda186f944832942ec415b	
unchanged	engine	source	vostok/sound/sources/sound_scene_path_computation.cpp	md5	78e5fe5ce9481bd8be5f81ef2b695378	md5	78e5fe5ce9481bd8be5f81ef2b695378	
changed	engine	source	vostok/sound/sources/sound_scene_propagators.cpp	md5	a0d8d3fd714a6611084054ceb08958d3	md5	571bca9d42763d8bcc9aa28d2c6a761f	
unchanged	engine	source	vostok/sound/sources/sound_scene_proxies.cpp	md5	cdfbd343d611a1815d208205155a8b74	md5	cdfbd343d611a1815d208205155a8b74	
unchanged	engine	source	vostok/sound/sources/sound_scene_receivers.cpp	md5	bc9fb7e7cdac92760f91c31f718e6877	md5	bc9fb7e7cdac92760f91c31f718e6877	
unchanged	engine	source	vostok/sound/sources/sound_scene_statistic.cpp	md5	ee474fc62b4cde80eaeb5515e5b6bfd3	md5	ee474fc62b4cde80eaeb5515e5b6bfd3	
unchanged	engine	source	vostok/sound/sources/sound_spl_cook.cpp	md5	fd1d102607d34d56ab6b4789eb9741d3	md5	fd1d102607d34d56ab6b4789eb9741d3	
unchanged	engine	header	vostok/sound/sources/sound_spl_cook.h	md5	1aa74cc5233f6337a3f1efbe4db27e66	md5	1aa74cc5233f6337a3f1efbe4db27e66	
unchanged	engine	source	vostok/sound/sources/sound_voice.cpp	md5	edc613ecdfef4a6dd0effbc0ccad4f00	md5	edc613ecdfef4a6dd0effbc0ccad4f00	
unchanged	engine	header	vostok/sound/sources/sound_voice.h	md5	219829cf3a792b6e3096953bf7edbace	md5	219829cf3a792b6e3096953bf7edbace	
unchanged	engine	source	vostok/sound/sources/sound_voice_callbacks.cpp	md5	bf6a5b35fd67c3407594ad5ee541b702	md5	bf6a5b35fd67c3407594ad5ee541b702	
changed	engine	source	vostok/sound/sources/sound_world.cpp	md5	05ecc8f3f5662477fb03f2110627338c	md5	12fb9c2fc773ef39df49b1e3d669ce29	
unchanged	engine	header	vostok/sound/sources/sound_world.h	md5	11cf572d0cb38e1f7562cf8c27e33cc4	md5	11cf572d0cb38e1f7562cf8c27e33cc4	
unchanged	engine	header	vostok/sound/sources/sound_world_inline.h	md5	312845743d1ef39cf5a4150757a5e0c1	md5	312845743d1ef39cf5a4150757a5e0c1	
unchanged	engine	source	vostok/sound/sources/sound_world_orders.cpp	md5	a80981d2f9048e8d93c2ea34eb08f948	md5	a80981d2f9048e8d93c2ea34eb08f948	
unchanged	engine	header	vostok/sound/sources/sound_world_parameters.h	md5	7716f56f572554f881ddf394bb9fd658	md5	7716f56f572554f881ddf394bb9fd658	
changed	engine	source	vostok/sound/sources/voice_bridge.cpp	md5	76d4fb9953e16bd6bea15b0bbc7d1fcf	md5	3111cf0dd053f8efb5a7f5a575e3cf3b	
unchanged	engine	header	vostok/sound/sources/voice_bridge.h	md5	ad6e88dcd3f53c84a098c8e73e506152	md5	ad6e88dcd3f53c84a098c8e73e506152	
unchanged	engine	header	vostok/sound/sources/voice_callback_handler.h	md5	9d87816c90148e6f2f034a92a1608814	md5	9d87816c90148e6f2f034a92a1608814	
unchanged	engine	source	vostok/sound/sources/voice_factory.cpp	md5	7842e4ab74040bdbc5c0383e2cebb24c	md5	7842e4ab74040bdbc5c0383e2cebb24c	
unchanged	engine	header	vostok/sound/sources/voice_factory.h	md5	56e06e52cbba79ee8167e26a8582ae88	md5	56e06e52cbba79ee8167e26a8582ae88	
unchanged	engine	header	vostok/sound/sources/voice_format.h	md5	8fa1b5f060f2d348f27513ecd86ff165	md5	8fa1b5f060f2d348f27513ecd86ff165	
unchanged	engine	source	vostok/sound/sources/world.cpp	md5	74fdc29abd5a9a636f83bf584f0ce38f	md5	74fdc29abd5a9a636f83bf584f0ce38f	
unchanged	engine	source	vostok/sound/sources/world_user.cpp	md5	79f0d1630e3f3c1a816540c0941116e2	md5	79f0d1630e3f3c1a816540c0941116e2	
unchanged	engine	header	vostok/sound/two_way_thread_channel.h	md5	553deab6313056d34b2dcb55cc83eba1	md5	553deab6313056d34b2dcb55cc83eba1	
unchanged	engine	header	vostok/sound/world.h	md5	42e515dae7098dea28b775b6c83c644b	md5	42e515dae7098dea28b775b6c83c644b	
unchanged	engine	header	vostok/sound/world_user.h	md5	d952a854c94324713687fa690bdd49ea	md5	d952a854c94324713687fa690bdd49ea	
unchanged	engine	header	vostok/std_allocator.h	md5	62d9b8bba0d59c95fc82543ab254dccb	md5	62d9b8bba0d59c95fc82543ab254dccb	
unchanged	engine	header	vostok/std_allocator_inline.h	md5	f3ed3cde8d547db63221bdabf3f4484a	md5	f3ed3cde8d547db63221bdabf3f4484a	
changed	engine	header	vostok/std_containers.h	md5	79ec3fb168e116eeece93d0e5b8e7908	md5	3d6d0cce19d40dc09845dfd2540fc108	
unchanged	engine	header	vostok/stdlib_extensions.h	md5	9a9597f9bad2060a0fcc206f343ed6a7	md5	9a9597f9bad2060a0fcc206f343ed6a7	
unchanged	engine	header	vostok/stdlib_extensions_inline.h	md5	130cbfff8c7b309253928b6647029efb	md5	130cbfff8c7b309253928b6647029efb	
unchanged	engine	header	vostok/strings_concatenations.h	md5	dc808a5452512cc78246b1c883db5ec3	md5	dc808a5452512cc78246b1c883db5ec3	
unchanged	engine	header	vostok/strings_detail_tuples.h	md5	1e96359bb65f177763ab6d2ba2645c80	md5	1e96359bb65f177763ab6d2ba2645c80	
unchanged	engine	header	vostok/strings_detail_tuples_inline.h	md5	9ddb039cefc8a8618c11292381860a2b	md5	9ddb039cefc8a8618c11292381860a2b	
unchanged	engine	header	vostok/strings_extensions.h	md5	693b252aff9f3140634520a3ee469b6f	md5	693b252aff9f3140634520a3ee469b6f	
changed	engine	header	vostok/strings_functions.h	md5	31d982ae414e9e6e0ef8244c19f75159	md5	87f370159cd85fe92ca1f7e1cf808ed0	
unchanged	engine	header	vostok/strings_functions_inline.h	md5	28184d962fd0b59918a4c7c796e66a29	md5	28184d962fd0b59918a4c7c796e66a29	
unchanged	engine	header	vostok/strings_shared_profile.h	md5	bf2cb3161d712dc2cbd2f7319660c749	md5	bf2cb3161d712dc2cbd2f7319660c749	
unchanged	engine	header	vostok/strings_shared_profile_inline.h	md5	f665107153e641e8ba2aaa67a76a5412	md5	f665107153e641e8ba2aaa67a76a5412	
unchanged	engine	source	vostok/survarium/finger_print.cpp	md5	58a59e1fdde7d17e3144383ed11c2b38	md5	58a59e1fdde7d17e3144383ed11c2b38	
unchanged	engine	source	vostok/survarium/game_module_proxy.cpp	md5	22467226ded6330c25179a7477dccd60	md5	22467226ded6330c25179a7477dccd60	
unchanged	engine	header	vostok/survarium/game_module_proxy.h	md5	6560ccf1f4b367c2f846930cdd315cde	md5	6560ccf1f4b367c2f846930cdd315cde	
unchanged	engine	source	vostok/survarium/pc/sources/math_error_win.cpp	md5	ea894700ba1392e7545293b5c280688b	md5	ea894700ba1392e7545293b5c280688b	
unchanged	engine	source	vostok/survarium/pc/sources/pch.cpp	md5	218cda603a1660955076580cb6b01426	md5	218cda603a1660955076580cb6b01426	
unchanged	engine	header	vostok/survarium/pc/sources/pch.h	md5	375616099c9f57f37fa3383330d37dec	md5	375616099c9f57f37fa3383330d37dec	
unchanged	engine	header	vostok/survarium/pc/sources/resource.h	md5	c44f5ac17c06ec2c66e3d761b6baade0	md5	c44f5ac17c06ec2c66e3d761b6baade0	
unchanged	engine	source	vostok/survarium/pc/sources/survarium_pc_application.cpp	md5	afc41b80ca6e41734369b4f575d4192b	md5	afc41b80ca6e41734369b4f575d4192b	
unchanged	engine	header	vostok/survarium/pc/sources/survarium_pc_application.h	md5	dd4af9686dc513f9590c1a9e3c3281a5	md5	dd4af9686dc513f9590c1a9e3c3281a5	
unchanged	engine	source	vostok/survarium/pc/sources/survarium_pc_application_win.cpp	md5	65c7fb35cbf084eb8934f18be92f0b81	md5	65c7fb35cbf084eb8934f18be92f0b81	
unchanged	engine	source	vostok/survarium/pc/sources/survarium_pc_entry_point.cpp	md5	d35185c694d1c2bc312fd70e70d16f5b	md5	d35185c694d1c2bc312fd70e70d16f5b	
unchanged	engine	source	vostok/survarium/pc/sources/survarium_pc_library_linkage.cpp	md5	716b7a082c825b53dd204bc08eca4915	md5	716b7a082c825b53dd204bc08eca4915	
unchanged	engine	header	vostok/tasks_system.h	md5	d0ca7fcec3442a860cdb5d0f38b0eea4	md5	d0ca7fcec3442a860cdb5d0f38b0eea4	
unchanged	engine	header	vostok/tasks_task.h	md5	bb4afe5e27ed66f9b8974a7e9c224ca0	md5	bb4afe5e27ed66f9b8974a7e9c224ca0	
unchanged	engine	header	vostok/tasks_thread_tls.h	md5	1e5d479b4741c24bd1a12dc0719318c4	md5	1e5d479b4741c24bd1a12dc0719318c4	
unchanged	engine	header	vostok/testing.h	md5	8bc4c8913e17212e627eb19ab5d88fce	md5	8bc4c8913e17212e627eb19ab5d88fce	
unchanged	engine	header	vostok/testing_inline.h	md5	4cbf138fc153c681a304c6ed2676c44d	md5	4cbf138fc153c681a304c6ed2676c44d	
unchanged	engine	header	vostok/testing_macro.h	md5	ae070fe5452f526076952cd564dadfd8	md5	ae070fe5452f526076952cd564dadfd8	
unchanged	engine	header	vostok/text_tree.h	md5	14f7e038c063676a9b798e168d82039f	md5	14f7e038c063676a9b798e168d82039f	
unchanged	engine	header	vostok/text_tree_item.h	md5	52ca9f976d6aa1a233da977cec7c2219	md5	52ca9f976d6aa1a233da977cec7c2219	
unchanged	engine	header	vostok/threading_event.h	md5	fd289f1d25ff231e65afed53b593c05d	md5	fd289f1d25ff231e65afed53b593c05d	
unchanged	engine	header	vostok/threading_extensions.h	md5	58717c11ae6768cf4fed2471c1a3e28f	md5	58717c11ae6768cf4fed2471c1a3e28f	
unchanged	engine	header	vostok/threading_functions.h	md5	f5017ef3ee93eb280b05f8e366bfeb61	md5	f5017ef3ee93eb280b05f8e366bfeb61	
unchanged	engine	header	vostok/threading_functions_guard.h	md5	b4763781c8452b28c5175e8ab04dc84a	md5	b4763781c8452b28c5175e8ab04dc84a	
unchanged	engine	header	vostok/threading_functions_tls.h	md5	018e37be129b90fce8fa7862b1ddc6e5	md5	018e37be129b90fce8fa7862b1ddc6e5	
unchanged	engine	header	vostok/threading_functions_win_inline.h	md5	f9fe060aec904b344865d0407c75ec11	md5	f9fe060aec904b344865d0407c75ec11	
unchanged	engine	header	vostok/threading_mutex.h	md5	b4a47150f9dc8957d263abda5e670293	md5	b4a47150f9dc8957d263abda5e670293	
unchanged	engine	header	vostok/threading_policies.h	md5	7e0a8dec337ce9e240dca2b06c91521e	md5	7e0a8dec337ce9e240dca2b06c91521e	
changed	engine	header	vostok/threading_reader_writer_lock.h	md5	7e0cc2d6a2e8ee0a650efda380e14545	md5	ae29c927ef703618b0f1aa49b7fd432e	
changed	engine	header	vostok/threading_simple_lock.h	md5	2fbdb966ebe7c9ed11b74027e60a8d14	md5	5138fbbd6944e8c3f1f5b8f90f4cec04	
unchanged	engine	header	vostok/timing_extensions.h	md5	03d1906a83b92f0db980b7ffc2fbd31f	md5	03d1906a83b92f0db980b7ffc2fbd31f	
unchanged	engine	header	vostok/timing_floating_timer.h	md5	284c7465b9020fd62fdce70c8dea7bdf	md5	284c7465b9020fd62fdce70c8dea7bdf	
unchanged	engine	header	vostok/timing_floating_timer_inline.h	md5	1ff2f05c236021d04a06a57b5ecf7d94	md5	1ff2f05c236021d04a06a57b5ecf7d94	
unchanged	engine	header	vostok/timing_functions.h	md5	5272aeb45fab6263a2cbdc98d31ed653	md5	5272aeb45fab6263a2cbdc98d31ed653	
unchanged	engine	header	vostok/timing_timer.h	md5	6832d737184e06e7352c564e27c6d8f2	md5	6832d737184e06e7352c564e27c6d8f2	
unchanged	engine	header	vostok/timing_timer_inline.h	md5	afa913e34602e524f95f02b7fa5798c9	md5	afa913e34602e524f95f02b7fa5798c9	
unchanged	engine	header	vostok/type_enum_flags.h	md5	405cf3166cf440629f59073415fea542	md5	405cf3166cf440629f59073415fea542	
unchanged	engine	header	vostok/type_extensions.h	md5	828e8871745f9a1dc49998813ccf9b2d	md5	828e8871745f9a1dc49998813ccf9b2d	
unchanged	engine	header	vostok/type_predicates.h	md5	7cd332bd7814a5fd700169abcfa245c2	md5	7cd332bd7814a5fd700169abcfa245c2	
unchanged	engine	header	vostok/type_predicates_inline.h	md5	a6a19e2949dc23274e0bf8919006b813	md5	a6a19e2949dc23274e0bf8919006b813	
unchanged	engine	header	vostok/type_uid_object.h	md5	e40799aed7cc7a4e91a948e49870d357	md5	e40799aed7cc7a4e91a948e49870d357	
unchanged	engine	header	vostok/type_variant.h	md5	f878ed7ec68ca275b806da503fa850d2	md5	f878ed7ec68ca275b806da503fa850d2	
unchanged	engine	header	vostok/type_variant_inline.h	md5	c00de532a6935fc3ebdff0983ca616a4	md5	c00de532a6935fc3ebdff0983ca616a4	
unchanged	engine	header	vostok/ui/api.h	md5	92ebefcd16dc9cedb52959422a76567b	md5	92ebefcd16dc9cedb52959422a76567b	
unchanged	engine	header	vostok/ui/engine.h	md5	a7e98b698b87c85a85d9c1e189c036e3	md5	a7e98b698b87c85a85d9c1e189c036e3	
unchanged	engine	header	vostok/ui/library_linkage.h	md5	eef1b01dc62ffba7678e874d54efafa6	md5	eef1b01dc62ffba7678e874d54efafa6	
unchanged	engine	source	vostok/ui/sources/pch.cpp	md5	ca0ebcc94212a532d1dc28059ae4ca43	md5	ca0ebcc94212a532d1dc28059ae4ca43	
unchanged	engine	header	vostok/ui/sources/pch.h	md5	721e27355c4b09cb14fe62d84815fdfb	md5	721e27355c4b09cb14fe62d84815fdfb	
unchanged	engine	header	vostok/ui/sources/ui_base.h	md5	34fafca8724c6d77c541a18c85f967f1	md5	34fafca8724c6d77c541a18c85f967f1	
unchanged	engine	source	vostok/ui/sources/ui_dialog.cpp	md5	a98fc2125a68372a0b3dfab54132223d	md5	a98fc2125a68372a0b3dfab54132223d	
unchanged	engine	header	vostok/ui/sources/ui_dialog.h	md5	470fea05008f1b758eb12ed063de3d88	md5	470fea05008f1b758eb12ed063de3d88	
unchanged	engine	source	vostok/ui/sources/ui_dialog_input_handler.cpp	md5	cfb9769691259d3ef86996b37ce283b3	md5	cfb9769691259d3ef86996b37ce283b3	
unchanged	engine	source	vostok/ui/sources/ui_entry_point.cpp	md5	5b309afe1babcb7515253dfd45826f17	md5	5b309afe1babcb7515253dfd45826f17	
unchanged	engine	source	vostok/ui/sources/ui_font.cpp	md5	53a1d2d0fd32c540055dbb224bf5f04e	md5	53a1d2d0fd32c540055dbb224bf5f04e	
unchanged	engine	header	vostok/ui/sources/ui_font.h	md5	3e3da70d62f570852c9648ce7d280600	md5	3e3da70d62f570852c9648ce7d280600	
unchanged	engine	source	vostok/ui/sources/ui_image.cpp	md5	418125c3b425b7fbe5586edad55918a5	md5	418125c3b425b7fbe5586edad55918a5	
unchanged	engine	header	vostok/ui/sources/ui_image.h	md5	86b71c2c2fdb817851963a36ccb5410b	md5	86b71c2c2fdb817851963a36ccb5410b	
unchanged	engine	source	vostok/ui/sources/ui_progress_bar.cpp	md5	2aa26abd6714a61887211186b9faa6f1	md5	2aa26abd6714a61887211186b9faa6f1	
unchanged	engine	header	vostok/ui/sources/ui_progress_bar.h	md5	e7f6fb0fb4ec013192093ab40dfc8ac4	md5	e7f6fb0fb4ec013192093ab40dfc8ac4	
unchanged	engine	source	vostok/ui/sources/ui_scroll_bar.cpp	md5	e3d1f1a6b4be3314fe54cc8d0ec914be	md5	e3d1f1a6b4be3314fe54cc8d0ec914be	
unchanged	engine	header	vostok/ui/sources/ui_scroll_bar.h	md5	b6bdb600335d8cbf993f835867d1f685	md5	b6bdb600335d8cbf993f835867d1f685	
unchanged	engine	source	vostok/ui/sources/ui_scroll_pad.cpp	md5	0ea3caf2aa2c98daa678812b85effa5e	md5	0ea3caf2aa2c98daa678812b85effa5e	
unchanged	engine	header	vostok/ui/sources/ui_scroll_pad.h	md5	1e0475beb2ee33d3273b99f54ca5e7c7	md5	1e0475beb2ee33d3273b99f54ca5e7c7	
unchanged	engine	source	vostok/ui/sources/ui_scroll_view.cpp	md5	7dee7b1d70f1ad96d09a5589218c2223	md5	7dee7b1d70f1ad96d09a5589218c2223	
unchanged	engine	header	vostok/ui/sources/ui_scroll_view.h	md5	f8b9bd8062b803734273a91a5da7e685	md5	f8b9bd8062b803734273a91a5da7e685	
unchanged	engine	source	vostok/ui/sources/ui_text.cpp	md5	0f3b92e85039fa14d9d9a0b1a60fc9c7	md5	0f3b92e85039fa14d9d9a0b1a60fc9c7	
unchanged	engine	header	vostok/ui/sources/ui_text.h	md5	d931dfc9c1c1d90680afae148f24f791	md5	d931dfc9c1c1d90680afae148f24f791	
unchanged	engine	source	vostok/ui/sources/ui_text_edit.cpp	md5	983fb8bbb762ff73214de98a49f5581d	md5	983fb8bbb762ff73214de98a49f5581d	
unchanged	engine	header	vostok/ui/sources/ui_text_edit.h	md5	37c2db1a3eb2036e7299e02c504a6ede	md5	37c2db1a3eb2036e7299e02c504a6ede	
unchanged	engine	source	vostok/ui/sources/ui_text_edit_action.cpp	md5	3c6c313b57f75653a7e67f5a460252e8	md5	3c6c313b57f75653a7e67f5a460252e8	
unchanged	engine	header	vostok/ui/sources/ui_text_edit_action.h	md5	75ee50ff33df0e5c6754759b942411ad	md5	75ee50ff33df0e5c6754759b942411ad	
unchanged	engine	header	vostok/ui/sources/ui_text_edit_defs.h	md5	46fd5ea8444b87e2885a630f9da4aa36	md5	46fd5ea8444b87e2885a630f9da4aa36	
unchanged	engine	source	vostok/ui/sources/ui_text_edit_initialize.cpp	md5	af7c3155655038e6ad4300a33a929c32	md5	af7c3155655038e6ad4300a33a929c32	
unchanged	engine	header	vostok/ui/sources/ui_text_inline.h	md5	b76ac7b8d9ecb0c61a248f0aa9efa2cc	md5	b76ac7b8d9ecb0c61a248f0aa9efa2cc	
unchanged	engine	source	vostok/ui/sources/ui_window.cpp	md5	cee4fc915cc9642e0182d9fdafd18ef0	md5	cee4fc915cc9642e0182d9fdafd18ef0	
unchanged	engine	header	vostok/ui/sources/ui_window.h	md5	644da1cd043a20d49a37d63109e8719e	md5	644da1cd043a20d49a37d63109e8719e	
unchanged	engine	header	vostok/ui/sources/ui_window_inline.h	md5	1f78ec3a53f5d5df943e4effac9dd4bb	md5	1f78ec3a53f5d5df943e4effac9dd4bb	
unchanged	engine	source	vostok/ui/sources/ui_world.cpp	md5	69a68195db3dca911a9f1a166078ade2	md5	69a68195db3dca911a9f1a166078ade2	
unchanged	engine	header	vostok/ui/sources/ui_world.h	md5	dc0ded004a089d825b896cf398123241	md5	dc0ded004a089d825b896cf398123241	
unchanged	engine	source	vostok/ui/sources/ui_world_factory.cpp	md5	58df0d835667902496d6fdfb7a8f4002	md5	58df0d835667902496d6fdfb7a8f4002	
unchanged	engine	header	vostok/ui/text_tree_draw_helper.h	md5	af6052ac1891c8a282c36fe756752e60	md5	af6052ac1891c8a282c36fe756752e60	
unchanged	engine	header	vostok/ui/ui.h	md5	33808248fa729a2001072d324f1e6c21	md5	33808248fa729a2001072d324f1e6c21	
unchanged	engine	header	vostok/ui/world.h	md5	3fdfddc2060fcee9eabd9dc915d13eae	md5	3fdfddc2060fcee9eabd9dc915d13eae	
unchanged	engine	header	vostok/uninitialized_reference.h	md5	151069b8932a01befe9bcdd4debd0780	md5	151069b8932a01befe9bcdd4debd0780	
unchanged	engine	header	vostok/unique_ptr.h	md5	a0351784eb78d28d8b3681f754bb8f73	md5	a0351784eb78d28d8b3681f754bb8f73	
unchanged	engine	header	vostok/unique_ptr_inline.h	md5	5ee836f35b7ab75f80d416c25bec3b8a	md5	5ee836f35b7ab75f80d416c25bec3b8a	
unchanged	engine	header	vostok/unmanaged_allocation_resource.h	md5	899f2f3f4b7172be4e3ae76706701b04	md5	899f2f3f4b7172be4e3ae76706701b04	
unchanged	engine	header	vostok/vector.h	md5	308c9f2b1e1baf94d7ec01374cdffce2	md5	308c9f2b1e1baf94d7ec01374cdffce2	
unchanged	engine	header	vostok/vector_inline.h	md5	190cbdf04dc3395d8c04df87aad02902	md5	190cbdf04dc3395d8c04df87aad02902	
unchanged	engine	header	vostok/vectora.h	md5	bdd3d4b05cb0b7380803b76ef2c14637	md5	bdd3d4b05cb0b7380803b76ef2c14637	
unchanged	engine	header	vostok/vectora_inline.h	md5	2609897d7cedd0d4ff7b80bf4f94332b	md5	2609897d7cedd0d4ff7b80bf4f94332b	
unchanged	engine	header	vostok/vfs/api.h	md5	3eeacf0e30e15749f8704c4b1ba3b707	md5	3eeacf0e30e15749f8704c4b1ba3b707	
unchanged	engine	header	vostok/vfs/association.h	md5	4f0aef1837f985dad9e61aaa28d6679d	md5	4f0aef1837f985dad9e61aaa28d6679d	
unchanged	engine	header	vostok/vfs/base_node.h	md5	de254e8f9af18fce842a9f4caf0f151e	md5	de254e8f9af18fce842a9f4caf0f151e	
unchanged	engine	header	vostok/vfs/base_node_inline.h	md5	be82cde1966aaa3928e038c56864300e	md5	be82cde1966aaa3928e038c56864300e	
unchanged	engine	header	vostok/vfs/device_file_system.h	md5	994c6e83a5345da05c6028b075426d21	md5	994c6e83a5345da05c6028b075426d21	
unchanged	engine	header	vostok/vfs/find_results.h	md5	3415fb0684f66ac0361a30b46ff08920	md5	3415fb0684f66ac0361a30b46ff08920	
unchanged	engine	header	vostok/vfs/hashset.h	md5	655be870c29482f730a895a2cd3878e5	md5	655be870c29482f730a895a2cd3878e5	
changed	engine	header	vostok/vfs/iterator.h	md5	19832b99b19970e924ff80b6408e8bdd	md5	e89dbab3555c23a5f4eeae602e353b0a	
unchanged	engine	header	vostok/vfs/library_linkage.h	md5	dc734853cd04560b2d4729bcfd4d1df4	md5	dc734853cd04560b2d4729bcfd4d1df4	
unchanged	engine	header	vostok/vfs/locked_iterator.h	md5	f1cb968d768384d007f9a316a5b72d29	md5	f1cb968d768384d007f9a316a5b72d29	
unchanged	engine	header	vostok/vfs/mount_args.h	md5	862fa8c0837d84454e3c8abee1488943	md5	862fa8c0837d84454e3c8abee1488943	
unchanged	engine	header	vostok/vfs/mount_history.h	md5	2ffe71879d508fd3d5cc5c143396ce39	md5	2ffe71879d508fd3d5cc5c143396ce39	
unchanged	engine	header	vostok/vfs/mount_ptr.h	md5	175ad1fe5e80754a5846f15b45ed9189	md5	175ad1fe5e80754a5846f15b45ed9189	
unchanged	engine	header	vostok/vfs/mounter_base.h	md5	5c9207158b1b4ba12c3f64df15dcd3a4	md5	5c9207158b1b4ba12c3f64df15dcd3a4	
unchanged	engine	header	vostok/vfs/pack_archive.h	md5	ae6fd54bdd51f236736f5b2781c767b2	md5	ae6fd54bdd51f236736f5b2781c767b2	
unchanged	engine	header	vostok/vfs/patch_args.h	md5	61e3dcae1584412b2d57f0f0589b8604	md5	61e3dcae1584412b2d57f0f0589b8604	
unchanged	engine	header	vostok/vfs/platform_configuration.h	md5	7469fb9bebc62f72cb6d1ce371c93be9	md5	7469fb9bebc62f72cb6d1ce371c93be9	
unchanged	engine	header	vostok/vfs/saving_args.h	md5	c23aa7578bed82a06e109b5fe56e9541	md5	c23aa7578bed82a06e109b5fe56e9541	
unchanged	engine	header	vostok/vfs/saving_fat_inline_data.h	md5	67357509b8405afa465d2ca2762ad5ae	md5	67357509b8405afa465d2ca2762ad5ae	
unchanged	engine	header	vostok/vfs/scheduled_to_unmount.h	md5	eb002999e193c96b205dacb3f711397f	md5	eb002999e193c96b205dacb3f711397f	
unchanged	engine	header	vostok/vfs/sources/archive_compressed_file_node.h	md5	6d9cd967c3660c53be1bd527ca389544	md5	6d9cd967c3660c53be1bd527ca389544	
unchanged	engine	header	vostok/vfs/sources/archive_file_node.h	md5	5ac38e763dff1aa945b0d71390d00387	md5	5ac38e763dff1aa945b0d71390d00387	
unchanged	engine	header	vostok/vfs/sources/archive_file_node_base.h	md5	ae8118785d9bec28574b5c5120fe4b7a	md5	ae8118785d9bec28574b5c5120fe4b7a	
unchanged	engine	header	vostok/vfs/sources/archive_folder_mount_root_node.h	md5	42d68d5c94966324cf0303814b1e3b22	md5	42d68d5c94966324cf0303814b1e3b22	
unchanged	engine	header	vostok/vfs/sources/archive_inline_compressed_file_node.h	md5	79c70af3b132b63d27ae9274f20eb9e7	md5	79c70af3b132b63d27ae9274f20eb9e7	
unchanged	engine	header	vostok/vfs/sources/archive_inline_file_node.h	md5	486d4d6d153efeb85a9ce17d79443d8e	md5	486d4d6d153efeb85a9ce17d79443d8e	
unchanged	engine	header	vostok/vfs/sources/archive_inline_file_node_base.h	md5	0fe3b6b431ab94c2c17fc3b40b2c60da	md5	0fe3b6b431ab94c2c17fc3b40b2c60da	
unchanged	engine	header	vostok/vfs/sources/base_folder_node.h	md5	6fbd8a1e8c1faa5c2f3db7eb143e2ab0	md5	6fbd8a1e8c1faa5c2f3db7eb143e2ab0	
unchanged	engine	header	vostok/vfs/sources/base_folder_node_inline.h	md5	bcf71fb846a31fcec4c7b22c7b0bb1de	md5	bcf71fb846a31fcec4c7b22c7b0bb1de	
unchanged	engine	source	vostok/vfs/sources/base_node.cpp	md5	8d7b08207922d5aeb6f3ae45abbdac7b	md5	8d7b08207922d5aeb6f3ae45abbdac7b	
unchanged	engine	source	vostok/vfs/sources/branch_locks.cpp	md5	abd54791d7ad4f7ec4b7ad7e6e941493	md5	abd54791d7ad4f7ec4b7ad7e6e941493	
unchanged	engine	header	vostok/vfs/sources/branch_locks.h	md5	c5fd0143175c49ca0c2c7a16634b98a5	md5	c5fd0143175c49ca0c2c7a16634b98a5	
unchanged	engine	header	vostok/vfs/sources/erased_node.h	md5	5371fc2beb50b126aac216fee8cd91c1	md5	5371fc2beb50b126aac216fee8cd91c1	
unchanged	engine	header	vostok/vfs/sources/external_subfat_node.h	md5	089962c76116e3f99b20dd12ed1b7268	md5	089962c76116e3f99b20dd12ed1b7268	
unchanged	engine	source	vostok/vfs/sources/fat_header.cpp	md5	22fe7b2017072ceb6e39d3ec450b9e37	md5	22fe7b2017072ceb6e39d3ec450b9e37	
unchanged	engine	header	vostok/vfs/sources/fat_header.h	md5	a8be74d4dd58168a5fef7ca49c141f0d	md5	a8be74d4dd58168a5fef7ca49c141f0d	
unchanged	engine	header	vostok/vfs/sources/find.h	md5	19a82048c630fd8f2f68dc0d47385681	md5	19a82048c630fd8f2f68dc0d47385681	
unchanged	engine	source	vostok/vfs/sources/find_async.cpp	md5	ccf6399de62255a2caf7dceb2e4794a4	md5	ccf6399de62255a2caf7dceb2e4794a4	
unchanged	engine	source	vostok/vfs/sources/find_async_callbacks.cpp	md5	5be71a744b28f57e0c1279a260d89259	md5	5be71a744b28f57e0c1279a260d89259	
unchanged	engine	header	vostok/vfs/sources/find_async_callbacks.h	md5	f7d973edbbf22c29ca87e629c4b68c27	md5	f7d973edbbf22c29ca87e629c4b68c27	
unchanged	engine	source	vostok/vfs/sources/find_async_link.cpp	md5	b09f1b8b1cbad3321b001dd346eca9c9	md5	b09f1b8b1cbad3321b001dd346eca9c9	
unchanged	engine	source	vostok/vfs/sources/find_async_tree.cpp	md5	ccbdebf6396de15c18d6c72b55073700	md5	ccbdebf6396de15c18d6c72b55073700	
unchanged	engine	header	vostok/vfs/sources/find_environment.h	md5	d744a2edea9a51c70457d7a584a14535	md5	d744a2edea9a51c70457d7a584a14535	
unchanged	engine	source	vostok/vfs/sources/find_helper.cpp	md5	43ca15bd19544c05c087ba73e93d7df6	md5	43ca15bd19544c05c087ba73e93d7df6	
unchanged	engine	source	vostok/vfs/sources/find_physical.cpp	md5	79db4152091b2235e7bde4a406c0359e	md5	79db4152091b2235e7bde4a406c0359e	
unchanged	engine	source	vostok/vfs/sources/find_pin.cpp	md5	7966ed9fc3895461750e3b838a451e9b	md5	7966ed9fc3895461750e3b838a451e9b	
unchanged	engine	source	vostok/vfs/sources/find_sub_fat.cpp	md5	12a3a5a2979e68b2da8b74f64d050cc1	md5	12a3a5a2979e68b2da8b74f64d050cc1	
unchanged	engine	source	vostok/vfs/sources/find_sync.cpp	md5	72fbbab018619671d7cd7a0f78532975	md5	72fbbab018619671d7cd7a0f78532975	
unchanged	engine	source	vostok/vfs/sources/free_node.cpp	md5	aa35711d8411975be24ca39d5e178434	md5	aa35711d8411975be24ca39d5e178434	
unchanged	engine	header	vostok/vfs/sources/free_node.h	md5	bea274cc2f257dd9c725844bc04b9801	md5	bea274cc2f257dd9c725844bc04b9801	
changed	engine	source	vostok/vfs/sources/handle_notifications.cpp	md5	af58e726f12b5bdc351a97bc92740250	md5	1bdb1c508473457f27882a99f071283b	
unchanged	engine	header	vostok/vfs/sources/hard_link_node.h	md5	1850cd816de45596b5b0e95db73f2f82	md5	1850cd816de45596b5b0e95db73f2f82	
unchanged	engine	source	vostok/vfs/sources/hashset.cpp	md5	5d04ad1a46f19d5455b91b1b6bdb91ea	md5	5d04ad1a46f19d5455b91b1b6bdb91ea	
changed	engine	source	vostok/vfs/sources/iterator.cpp	md5	edfae85c2b5ed2151cd33b7f33cffa0d	md5	362481573a31d61f73fadf5be9521200	
unchanged	engine	source	vostok/vfs/sources/locked_iterator.cpp	md5	8b77f6012e31d301d1a41128803bec67	md5	8b77f6012e31d301d1a41128803bec67	
changed	engine	source	vostok/vfs/sources/mount_archive.cpp	md5	91cafa451f4c0d2427839334f750f2de	md5	d676f810032934e28d79b72f508bb96e	
unchanged	engine	header	vostok/vfs/sources/mount_archive.h	md5	21e49fb5b781b13c0d2178560b44d7a3	md5	21e49fb5b781b13c0d2178560b44d7a3	
unchanged	engine	source	vostok/vfs/sources/mount_archive_fixup.cpp	md5	064971624c2c8b643af1b19be0176bcc	md5	064971624c2c8b643af1b19be0176bcc	
unchanged	engine	source	vostok/vfs/sources/mount_args.cpp	md5	0caa2c42c3d57cf69c21724c3312aa8c	md5	0caa2c42c3d57cf69c21724c3312aa8c	
unchanged	engine	source	vostok/vfs/sources/mount_helper_branch.cpp	md5	6c4491391369fb0ee69286770a1f354b	md5	6c4491391369fb0ee69286770a1f354b	
unchanged	engine	header	vostok/vfs/sources/mount_helper_node.h	md5	b483e33cd4abb9eab90af4f232443e40	md5	b483e33cd4abb9eab90af4f232443e40	
unchanged	engine	source	vostok/vfs/sources/mount_history.cpp	md5	b9f4731b50b267fb4f591c1cd1a2526e	md5	b9f4731b50b267fb4f591c1cd1a2526e	
unchanged	engine	source	vostok/vfs/sources/mount_hot.cpp	md5	ce1d4baa3e00eccdf5f9c70ad09e184d	md5	ce1d4baa3e00eccdf5f9c70ad09e184d	
unchanged	engine	source	vostok/vfs/sources/mount_lazy.cpp	md5	1734a83352b460097e1edd08a42a86c7	md5	1734a83352b460097e1edd08a42a86c7	
unchanged	engine	source	vostok/vfs/sources/mount_physical_path.cpp	md5	434b13f8d003ad60834fe94a2b32bbbc	md5	434b13f8d003ad60834fe94a2b32bbbc	
unchanged	engine	header	vostok/vfs/sources/mount_physical_path.h	md5	fa6e4cc2ef16f1c66587d6b43e8b8ad0	md5	fa6e4cc2ef16f1c66587d6b43e8b8ad0	
changed	engine	source	vostok/vfs/sources/mount_ptr.cpp	md5	780e52871d7bdd6e75326ecb599e2594	md5	08e8ad97ed66c5df2aee3e9888e57ab4	
unchanged	engine	source	vostok/vfs/sources/mount_referers.cpp	md5	b28754d5e416beba1e5009a4ff7f23c4	md5	b28754d5e416beba1e5009a4ff7f23c4	
unchanged	engine	header	vostok/vfs/sources/mount_referers.h	md5	ffde49a5d4fcb2afd0facb2fdc2d89df	md5	ffde49a5d4fcb2afd0facb2fdc2d89df	
unchanged	engine	header	vostok/vfs/sources/mount_root_node_base.h	md5	7633d1b97e4f6289066a32d82e42eb4b	md5	7633d1b97e4f6289066a32d82e42eb4b	
unchanged	engine	header	vostok/vfs/sources/mount_root_node_functions.h	md5	cf2f4461808e9a07f3947f41bddf0e97	md5	cf2f4461808e9a07f3947f41bddf0e97	
unchanged	engine	source	vostok/vfs/sources/mount_subfat.cpp	md5	af515aa9da0fc9cdc6d873a8a021cc69	md5	af515aa9da0fc9cdc6d873a8a021cc69	
unchanged	engine	source	vostok/vfs/sources/mount_transfer.cpp	md5	c1e4db42ed74d1a5c9138242b353a633	md5	c1e4db42ed74d1a5c9138242b353a633	
unchanged	engine	header	vostok/vfs/sources/mount_transfer.h	md5	c72b1a64cba77b2445e9997a9837d2f8	md5	c72b1a64cba77b2445e9997a9837d2f8	
unchanged	engine	source	vostok/vfs/sources/mount_utils.cpp	md5	7557b0f7cc737322d76a2d708ebc3beb	md5	7557b0f7cc737322d76a2d708ebc3beb	
unchanged	engine	header	vostok/vfs/sources/mount_utils.h	md5	24b1be29f4a3ee2712b768e8a39f8389	md5	24b1be29f4a3ee2712b768e8a39f8389	
unchanged	engine	source	vostok/vfs/sources/mounter.cpp	md5	59c16de3c21deaca352977f0733f51d0	md5	59c16de3c21deaca352977f0733f51d0	
unchanged	engine	header	vostok/vfs/sources/mounter.h	md5	a7eae3c592aab6bca87089224dd0a78f	md5	a7eae3c592aab6bca87089224dd0a78f	
unchanged	engine	source	vostok/vfs/sources/node_lock.cpp	md5	5701c1d2225083f55e2487b8ca412b31	md5	5701c1d2225083f55e2487b8ca412b31	
unchanged	engine	header	vostok/vfs/sources/node_lock.h	md5	0d730ef1983e18ac4dd33a76f1e4ba32	md5	0d730ef1983e18ac4dd33a76f1e4ba32	
unchanged	engine	header	vostok/vfs/sources/nodes.h	md5	726974dccf927a7ee3999d65906231e7	md5	726974dccf927a7ee3999d65906231e7	
unchanged	engine	source	vostok/vfs/sources/overlapped_node_iterator.cpp	md5	2643bd5848e3bccd13f1890745291e37	md5	2643bd5848e3bccd13f1890745291e37	
unchanged	engine	header	vostok/vfs/sources/overlapped_node_iterator.h	md5	cca39cc4d8365d0fa0cbb7fe04204e71	md5	cca39cc4d8365d0fa0cbb7fe04204e71	
unchanged	engine	source	vostok/vfs/sources/pack_archive.cpp	md5	3d5eb13d3e4f00f194565a6cc873bb0f	md5	3d5eb13d3e4f00f194565a6cc873bb0f	
unchanged	engine	source	vostok/vfs/sources/pack_archive_utils.cpp	md5	bd4c0bca13d534e42d578c07d8549346	md5	bd4c0bca13d534e42d578c07d8549346	
unchanged	engine	source	vostok/vfs/sources/patch.cpp	md5	c8e5e6a84c9bb8aa14a555300353d882	md5	c8e5e6a84c9bb8aa14a555300353d882	
unchanged	engine	header	vostok/vfs/sources/patch.h	md5	c4eb96f1f077f4da4e043b0474c469ca	md5	c4eb96f1f077f4da4e043b0474c469ca	
unchanged	engine	source	vostok/vfs/sources/patch_duplicate.cpp	md5	e170d5e86e8deed88684993a7b562a6c	md5	e170d5e86e8deed88684993a7b562a6c	
unchanged	engine	source	vostok/vfs/sources/patch_erased_nodes.cpp	md5	81f5605eedc89955069fe078df0412fc	md5	81f5605eedc89955069fe078df0412fc	
unchanged	engine	source	vostok/vfs/sources/patch_new_nodes.cpp	md5	c99e46a4ffe1b3377dbe6854cb771325	md5	c99e46a4ffe1b3377dbe6854cb771325	
unchanged	engine	source	vostok/vfs/sources/pch.cpp	md5	e03f4f69fd12f4c34a525de891c486c0	md5	e03f4f69fd12f4c34a525de891c486c0	
unchanged	engine	header	vostok/vfs/sources/pch.h	md5	53e2c2e312c1a9911a3d3fcf417f8141	md5	53e2c2e312c1a9911a3d3fcf417f8141	
unchanged	engine	header	vostok/vfs/sources/physical_file_mount_root_node.h	md5	27bc199bbac4094458f2cf87fb2055d3	md5	27bc199bbac4094458f2cf87fb2055d3	
unchanged	engine	header	vostok/vfs/sources/physical_file_node.h	md5	e20f3dcb9b9b3b3427b9011a4106c636	md5	e20f3dcb9b9b3b3427b9011a4106c636	
unchanged	engine	header	vostok/vfs/sources/physical_folder_mount_root_node.h	md5	5a6a96a58828d4daf72cd31fa9da903b	md5	5a6a96a58828d4daf72cd31fa9da903b	
unchanged	engine	header	vostok/vfs/sources/physical_folder_node.h	md5	3c8d125c0276c9698c08f4fd7f8af6bb	md5	3c8d125c0276c9698c08f4fd7f8af6bb	
unchanged	engine	source	vostok/vfs/sources/saving.cpp	md5	b149be2d39b4872cefd278bbf4ba9de2	md5	b149be2d39b4872cefd278bbf4ba9de2	
unchanged	engine	header	vostok/vfs/sources/saving.h	md5	2234f49fb188f6b8948c62cb0611daaa	md5	2234f49fb188f6b8948c62cb0611daaa	
unchanged	engine	header	vostok/vfs/sources/saving_creating_nodes.h	md5	e488eb6c39bb9933d0ae78d4d79521cd	md5	e488eb6c39bb9933d0ae78d4d79521cd	
changed	engine	source	vostok/vfs/sources/saving_db.cpp	md5	637716c8df5e2bfa1f078d329d91e9e4	md5	0b3730f99676de72422e40896f71473f	
unchanged	engine	header	vostok/vfs/sources/saving_environment.h	md5	ea848a5200f04e97e0e761c8bcbc9fd3	md5	ea848a5200f04e97e0e761c8bcbc9fd3	
unchanged	engine	source	vostok/vfs/sources/saving_fat_inline_data.cpp	md5	8b067840465cdc3016ec8ee1297497d3	md5	8b067840465cdc3016ec8ee1297497d3	
unchanged	engine	source	vostok/vfs/sources/saving_file.cpp	md5	46103c38fdff3f9fdd86ac2e51fafa63	md5	46103c38fdff3f9fdd86ac2e51fafa63	
unchanged	engine	source	vostok/vfs/sources/saving_find_duplicates.cpp	md5	96c0702a749cf92cb170ec56050e464e	md5	96c0702a749cf92cb170ec56050e464e	
unchanged	engine	header	vostok/vfs/sources/saving_helper.h	md5	04d7ab14219e551a3e1ee58f67bc60e0	md5	04d7ab14219e551a3e1ee58f67bc60e0	
unchanged	engine	source	vostok/vfs/sources/saving_info_tree.cpp	md5	9ee592964c8ba959c325b3f6c0e798d5	md5	9ee592964c8ba959c325b3f6c0e798d5	
unchanged	engine	header	vostok/vfs/sources/saving_info_tree.h	md5	27ccc0381e23938e7b3e1f8f268b10ad	md5	27ccc0381e23938e7b3e1f8f268b10ad	
unchanged	engine	source	vostok/vfs/sources/saving_node.cpp	md5	f31a1afecd29b61c9fd377c6c48a76d2	md5	f31a1afecd29b61c9fd377c6c48a76d2	
unchanged	engine	source	vostok/vfs/sources/scheduled_to_unmount.cpp	md5	20e015156e6bc3e3c1316481e813c503	md5	20e015156e6bc3e3c1316481e813c503	
unchanged	engine	header	vostok/vfs/sources/soft_link_node.h	md5	bd74802c62036064f7e2ef45db03d165	md5	bd74802c62036064f7e2ef45db03d165	
unchanged	engine	source	vostok/vfs/sources/test.cpp	md5	24a6f45aa4e0a9893efd3519b91a7bb3	md5	24a6f45aa4e0a9893efd3519b91a7bb3	
unchanged	engine	header	vostok/vfs/sources/test.h	md5	cca8887559a9a3a9a203750d61ae9fc6	md5	cca8887559a9a3a9a203750d61ae9fc6	
unchanged	engine	source	vostok/vfs/sources/test_find.cpp	md5	669da3f73a9a64c696dc554b066ce047	md5	669da3f73a9a64c696dc554b066ce047	
unchanged	engine	source	vostok/vfs/sources/test_log.cpp	md5	9728ff58b7c7575a6cbcbbf134522743	md5	9728ff58b7c7575a6cbcbbf134522743	
unchanged	engine	source	vostok/vfs/sources/test_mount_inside.cpp	md5	5bb9282d8cf92c20870fdeeb4312d321	md5	5bb9282d8cf92c20870fdeeb4312d321	
unchanged	engine	source	vostok/vfs/sources/test_patch.cpp	md5	cb721eb11eeb0853196d80cfd04825d4	md5	cb721eb11eeb0853196d80cfd04825d4	
unchanged	engine	source	vostok/vfs/sources/test_utils.cpp	md5	3a597e6e14a21d9abe0e19d62c69afc3	md5	3a597e6e14a21d9abe0e19d62c69afc3	
unchanged	engine	header	vostok/vfs/sources/universal_file_node.h	md5	279ea638693a8e8db0f5c056423acfd2	md5	279ea638693a8e8db0f5c056423acfd2	
changed	engine	source	vostok/vfs/sources/unmount.cpp	md5	7ccf425fb06a5d380a86074e5e46cd52	md5	64930a169cc03bd37a6cc18b74fbae04	
unchanged	engine	header	vostok/vfs/sources/unmount.h	md5	1599204987f21e04bc9ae993d2b3d808	md5	1599204987f21e04bc9ae993d2b3d808	
unchanged	engine	source	vostok/vfs/sources/unmount_helper_branch.cpp	md5	c8bf2893c089024a1a2ec6b4686ad20c	md5	c8bf2893c089024a1a2ec6b4686ad20c	
unchanged	engine	source	vostok/vfs/sources/unmount_hot.cpp	md5	55546aeb1d7253db56a762ec9cc2f386	md5	55546aeb1d7253db56a762ec9cc2f386	
unchanged	engine	header	vostok/vfs/sources/unmount_inline.h	md5	f43e828edd8511e3b6dbeadc3edc0c0c	md5	f43e828edd8511e3b6dbeadc3edc0c0c	
unchanged	engine	source	vostok/vfs/sources/unpack.cpp	md5	fa4b220282678e079ca3a13ab42b207b	md5	fa4b220282678e079ca3a13ab42b207b	
changed	engine	source	vostok/vfs/sources/virtual_file_system.cpp	md5	762f51136f3c1bfd1f8c7f8fc5f6f179	md5	b67b60027250b0f5553896177db372af	
unchanged	engine	source	vostok/vfs/sources/virtual_file_system_compare.cpp	md5	f567bd2ea710f71577e4c35a0f4c281d	md5	f567bd2ea710f71577e4c35a0f4c281d	
unchanged	engine	header	vostok/vfs/types.h	md5	8c5d9cd5328425d90ec9dc537f530d14	md5	8c5d9cd5328425d90ec9dc537f530d14	
unchanged	engine	header	vostok/vfs/unpack.h	md5	bcec331cb6a7b6f5e3ff9066ac6ab28f	md5	bcec331cb6a7b6f5e3ff9066ac6ab28f	
unchanged	engine	header	vostok/vfs/virtual_file_system.h	md5	24bff2c830409b4e08f2d886a0c4aac3	md5	24bff2c830409b4e08f2d886a0c4aac3	
unchanged	engine	header	vostok/vfs/watcher.h	md5	c6675fb9322e566625c87d5f0cbf5aae	md5	c6675fb9322e566625c87d5f0cbf5aae	
unchanged	engine	header	vostok/vfs/watcher_notification.h	md5	f4f9d2947b5d19ba12650560517d4365	md5	f4f9d2947b5d19ba12650560517d4365	
unchanged	engine	header	vostok/vfs_sub_fat_resource.h	md5	76e5aba90918997f75b390555c4b407b	md5	76e5aba90918997f75b390555c4b407b	
unchanged	third_party	header	wildmagic/libfoundation/approximation/wm4apprcirclefit2.h	md5	ddc1fad421d79e5965fa41ae6471e7f9	md5	ddc1fad421d79e5965fa41ae6471e7f9	
unchanged	third_party	header	wildmagic/libfoundation/approximation/wm4apprcylinderfit3.h	md5	bfc98aa5c9fd57ea5f6b4ab6ab15db05	md5	bfc98aa5c9fd57ea5f6b4ab6ab15db05	
unchanged	third_party	header	wildmagic/libfoundation/approximation/wm4apprellipsebyarcs2.h	md5	eace816b3861876c343ce73197bf2d41	md5	eace816b3861876c343ce73197bf2d41	
unchanged	third_party	header	wildmagic/libfoundation/approximation/wm4apprellipsefit2.h	md5	e8267d781141829f394c929f58d46970	md5	e8267d781141829f394c929f58d46970	
unchanged	third_party	header	wildmagic/libfoundation/approximation/wm4apprellipsoidfit3.h	md5	85e066480f58160cf7a59b7ff3ac5dd2	md5	85e066480f58160cf7a59b7ff3ac5dd2	
unchanged	third_party	source	wildmagic/libfoundation/approximation/wm4apprgausspointsfit2.cpp	md5	96c6a6fff5ea296deab8902f9ab2a499	md5	96c6a6fff5ea296deab8902f9ab2a499	
unchanged	third_party	header	wildmagic/libfoundation/approximation/wm4apprgausspointsfit2.h	md5	99a17f1e563d9b67dcdcd833205d82d4	md5	99a17f1e563d9b67dcdcd833205d82d4	
unchanged	third_party	header	wildmagic/libfoundation/approximation/wm4apprgausspointsfit3.h	md5	e42e5c39c78c4addb36c12aba7d561f1	md5	e42e5c39c78c4addb36c12aba7d561f1	
unchanged	third_party	header	wildmagic/libfoundation/approximation/wm4apprgreatcirclefit3.h	md5	b36ca40ea4dd0523559bcf012261cdc7	md5	b36ca40ea4dd0523559bcf012261cdc7	
unchanged	third_party	header	wildmagic/libfoundation/approximation/wm4apprlinefit2.h	md5	384f131ab27d714ec18f4ecab2227b54	md5	384f131ab27d714ec18f4ecab2227b54	
unchanged	third_party	header	wildmagic/libfoundation/approximation/wm4apprlinefit3.h	md5	7daa00cbbfd7b822f69fe267efb75428	md5	7daa00cbbfd7b822f69fe267efb75428	
unchanged	third_party	header	wildmagic/libfoundation/approximation/wm4apprparaboloidfit3.h	md5	2b598a2613fdfc4a8f1b1be380d1b793	md5	2b598a2613fdfc4a8f1b1be380d1b793	
unchanged	third_party	header	wildmagic/libfoundation/approximation/wm4apprplanefit3.h	md5	ef14935cb7a205f5afef7cc8b873eb46	md5	ef14935cb7a205f5afef7cc8b873eb46	
unchanged	third_party	header	wildmagic/libfoundation/approximation/wm4apprpolyfit2.h	md5	40cc0597b0265da52ae2abab3e3e494a	md5	40cc0597b0265da52ae2abab3e3e494a	
unchanged	third_party	header	wildmagic/libfoundation/approximation/wm4apprpolyfit3.h	md5	ef27e472896bcea6fe70ccb29cd81301	md5	ef27e472896bcea6fe70ccb29cd81301	
unchanged	third_party	header	wildmagic/libfoundation/approximation/wm4apprpolyfit4.h	md5	f84a1f50a6b254893208b5c5ecefb1dc	md5	f84a1f50a6b254893208b5c5ecefb1dc	
unchanged	third_party	header	wildmagic/libfoundation/approximation/wm4apprquadraticfit2.h	md5	a9fdf387a8a44fb416ea5de5e478c279	md5	a9fdf387a8a44fb416ea5de5e478c279	
unchanged	third_party	header	wildmagic/libfoundation/approximation/wm4apprquadraticfit3.h	md5	7800a344565c1ceaabcb08e7b617b467	md5	7800a344565c1ceaabcb08e7b617b467	
unchanged	third_party	header	wildmagic/libfoundation/approximation/wm4apprspherefit3.h	md5	42827919824250e26193336129d67078	md5	42827919824250e26193336129d67078	
unchanged	third_party	source	wildmagic/libfoundation/computationalgeometry/wm4convexhull.cpp	md5	48d90bf81ec40440d31625c1b853d379	md5	48d90bf81ec40440d31625c1b853d379	
unchanged	third_party	header	wildmagic/libfoundation/computationalgeometry/wm4convexhull.h	md5	9ea38810695093666372526f042d2513	md5	9ea38810695093666372526f042d2513	
unchanged	third_party	source	wildmagic/libfoundation/computationalgeometry/wm4convexhull1.cpp	md5	c3be0cee7811d6d8d0937804dfa10d1c	md5	c3be0cee7811d6d8d0937804dfa10d1c	
unchanged	third_party	header	wildmagic/libfoundation/computationalgeometry/wm4convexhull1.h	md5	862dc79a61be6ba9122e117bb380c264	md5	862dc79a61be6ba9122e117bb380c264	
unchanged	third_party	source	wildmagic/libfoundation/computationalgeometry/wm4convexhull2.cpp	md5	09d7ddb0d96df706f6e9b952b4ffe510	md5	09d7ddb0d96df706f6e9b952b4ffe510	
unchanged	third_party	header	wildmagic/libfoundation/computationalgeometry/wm4convexhull2.h	md5	02f7c2492952d0a2bb78674dd8c9605c	md5	02f7c2492952d0a2bb78674dd8c9605c	
unchanged	third_party	header	wildmagic/libfoundation/computationalgeometry/wm4convexhull3.h	md5	ef7012de0f1127c6e5f7b96ab76ac763	md5	ef7012de0f1127c6e5f7b96ab76ac763	
unchanged	third_party	header	wildmagic/libfoundation/computationalgeometry/wm4delaunay.h	md5	a98fe207d2e9b62bc4bad8d5fcd413c0	md5	a98fe207d2e9b62bc4bad8d5fcd413c0	
unchanged	third_party	header	wildmagic/libfoundation/computationalgeometry/wm4delaunay1.h	md5	6efd133621acbb9cd18bc19d74f8fb93	md5	6efd133621acbb9cd18bc19d74f8fb93	
unchanged	third_party	header	wildmagic/libfoundation/computationalgeometry/wm4delaunay2.h	md5	f8c3f3384efef426346aeb3b20094008	md5	f8c3f3384efef426346aeb3b20094008	
unchanged	third_party	header	wildmagic/libfoundation/computationalgeometry/wm4delaunay3.h	md5	ae9d327d0ce902239a4eb2bd3ca44f48	md5	ae9d327d0ce902239a4eb2bd3ca44f48	
unchanged	third_party	header	wildmagic/libfoundation/computationalgeometry/wm4delpolygonedge.h	md5	e5122b6e049a424265a74bf474b48ee6	md5	e5122b6e049a424265a74bf474b48ee6	
unchanged	third_party	header	wildmagic/libfoundation/computationalgeometry/wm4delpolyhedronface.h	md5	dbe1bb66df9dcec3feab103295afb352	md5	dbe1bb66df9dcec3feab103295afb352	
unchanged	third_party	header	wildmagic/libfoundation/computationalgeometry/wm4deltetrahedron.h	md5	906dc09cfff299a2e29c440c3f36561b	md5	906dc09cfff299a2e29c440c3f36561b	
unchanged	third_party	header	wildmagic/libfoundation/computationalgeometry/wm4deltriangle.h	md5	9fdd2ea417dd51e3778f5724e8ef1c51	md5	9fdd2ea417dd51e3778f5724e8ef1c51	
unchanged	third_party	source	wildmagic/libfoundation/computationalgeometry/wm4hulledge2.cpp	md5	fb216cb4bfa10c23ef264116fb5b20a4	md5	fb216cb4bfa10c23ef264116fb5b20a4	
unchanged	third_party	header	wildmagic/libfoundation/computationalgeometry/wm4hulledge2.h	md5	536044ace2254ddeb9d47ec581379a38	md5	536044ace2254ddeb9d47ec581379a38	
unchanged	third_party	header	wildmagic/libfoundation/computationalgeometry/wm4hulltriangle3.h	md5	ebca0315f1c719fd572ebd19eb488487	md5	ebca0315f1c719fd572ebd19eb488487	
unchanged	third_party	header	wildmagic/libfoundation/computationalgeometry/wm4ivector2.h	md5	1fa87bc937815a7332d7cdc5755e5b5e	md5	1fa87bc937815a7332d7cdc5755e5b5e	
unchanged	third_party	header	wildmagic/libfoundation/computationalgeometry/wm4ivector2.inl	md5	f5dcb0ffb6088e5b56585c693c47aafe	md5	f5dcb0ffb6088e5b56585c693c47aafe	
unchanged	third_party	header	wildmagic/libfoundation/computationalgeometry/wm4ivector3.h	md5	a8f512fca458769a879dfb8d16d821df	md5	a8f512fca458769a879dfb8d16d821df	
unchanged	third_party	header	wildmagic/libfoundation/computationalgeometry/wm4ivector3.inl	md5	647e11ab8563d33f7b1458dbafe83644	md5	647e11ab8563d33f7b1458dbafe83644	
unchanged	third_party	source	wildmagic/libfoundation/computationalgeometry/wm4query.cpp	md5	6bb8d2d3848fe7ed626050b67283a505	md5	6bb8d2d3848fe7ed626050b67283a505	
unchanged	third_party	header	wildmagic/libfoundation/computationalgeometry/wm4query.h	md5	69b4cd1b2c481874d162d6671e8d6dad	md5	69b4cd1b2c481874d162d6671e8d6dad	
unchanged	third_party	header	wildmagic/libfoundation/computationalgeometry/wm4query2.h	md5	3a01b2d870904f9ad01a12516e924fba	md5	3a01b2d870904f9ad01a12516e924fba	
unchanged	third_party	header	wildmagic/libfoundation/computationalgeometry/wm4query2.inl	md5	253bf331cb777a10bbc0033cf1bea1e5	md5	253bf331cb777a10bbc0033cf1bea1e5	
unchanged	third_party	header	wildmagic/libfoundation/computationalgeometry/wm4query2filtered.h	md5	6a8d6c0141771066cb52a2b01f613aa9	md5	6a8d6c0141771066cb52a2b01f613aa9	
unchanged	third_party	header	wildmagic/libfoundation/computationalgeometry/wm4query2filtered.inl	md5	a282eba94e321c2c32a7fe2a7b0b48ab	md5	a282eba94e321c2c32a7fe2a7b0b48ab	
unchanged	third_party	header	wildmagic/libfoundation/computationalgeometry/wm4query2int64.h	md5	b2c1b3077933447dfeb20deba21840be	md5	b2c1b3077933447dfeb20deba21840be	
unchanged	third_party	header	wildmagic/libfoundation/computationalgeometry/wm4query2int64.inl	md5	19e71783de8330ecae7e1244beee9faf	md5	19e71783de8330ecae7e1244beee9faf	
unchanged	third_party	header	wildmagic/libfoundation/computationalgeometry/wm4query2tinteger.h	md5	be388f68358d45d85068184386e48b32	md5	be388f68358d45d85068184386e48b32	
unchanged	third_party	header	wildmagic/libfoundation/computationalgeometry/wm4query2tinteger.inl	md5	88a52950af3cf2c2428f0a4934694e4a	md5	88a52950af3cf2c2428f0a4934694e4a	
unchanged	third_party	header	wildmagic/libfoundation/computationalgeometry/wm4query2trational.h	md5	56ff1fe9a7934e1ba3d25a1b943ddf71	md5	56ff1fe9a7934e1ba3d25a1b943ddf71	
unchanged	third_party	header	wildmagic/libfoundation/computationalgeometry/wm4query2trational.inl	md5	5f650af878d87d5808dfdba2e413ece8	md5	5f650af878d87d5808dfdba2e413ece8	
unchanged	third_party	header	wildmagic/libfoundation/computationalgeometry/wm4query3.h	md5	6431bd74d488ee7960adb49816b181d4	md5	6431bd74d488ee7960adb49816b181d4	
unchanged	third_party	header	wildmagic/libfoundation/computationalgeometry/wm4query3.inl	md5	b70328939aef202025fc294878d797eb	md5	b70328939aef202025fc294878d797eb	
unchanged	third_party	header	wildmagic/libfoundation/computationalgeometry/wm4query3filtered.h	md5	6c37d1ab014447394253bf43cde0c615	md5	6c37d1ab014447394253bf43cde0c615	
unchanged	third_party	header	wildmagic/libfoundation/computationalgeometry/wm4query3filtered.inl	md5	e3890b8354ab6c8468a05adb4639bee7	md5	e3890b8354ab6c8468a05adb4639bee7	
unchanged	third_party	header	wildmagic/libfoundation/computationalgeometry/wm4query3int64.h	md5	3f040fcfef2acd70b7fe65bf4611cd15	md5	3f040fcfef2acd70b7fe65bf4611cd15	
unchanged	third_party	header	wildmagic/libfoundation/computationalgeometry/wm4query3int64.inl	md5	8495884d7b7fde3f085e8b2d9da9799b	md5	8495884d7b7fde3f085e8b2d9da9799b	
unchanged	third_party	header	wildmagic/libfoundation/computationalgeometry/wm4query3tinteger.h	md5	c62403b238fb4483aa9be8f9a87df343	md5	c62403b238fb4483aa9be8f9a87df343	
unchanged	third_party	header	wildmagic/libfoundation/computationalgeometry/wm4query3tinteger.inl	md5	9cea731815239035d6415473d86d79fb	md5	9cea731815239035d6415473d86d79fb	
unchanged	third_party	header	wildmagic/libfoundation/computationalgeometry/wm4query3trational.h	md5	7a2fba536265f5f35a74a30e80bc50b3	md5	7a2fba536265f5f35a74a30e80bc50b3	
unchanged	third_party	header	wildmagic/libfoundation/computationalgeometry/wm4query3trational.inl	md5	6ef086559aca185de936a1769ecedc06	md5	6ef086559aca185de936a1769ecedc06	
unchanged	third_party	header	wildmagic/libfoundation/computationalgeometry/wm4rvector2.h	md5	37ac212424b48ebabc52c5a3d4f1c3c6	md5	37ac212424b48ebabc52c5a3d4f1c3c6	
unchanged	third_party	header	wildmagic/libfoundation/computationalgeometry/wm4rvector2.inl	md5	f5f942171563fdafeb50c049b941569b	md5	f5f942171563fdafeb50c049b941569b	
unchanged	third_party	header	wildmagic/libfoundation/computationalgeometry/wm4rvector3.h	md5	fe59b8e695e884993f90012d65bd175b	md5	fe59b8e695e884993f90012d65bd175b	
unchanged	third_party	header	wildmagic/libfoundation/computationalgeometry/wm4rvector3.inl	md5	6f5e92f7c45f182245dc6b6962de62c3	md5	6f5e92f7c45f182245dc6b6962de62c3	
unchanged	third_party	header	wildmagic/libfoundation/computationalgeometry/wm4tinteger.h	md5	5781b7a6175f1e412b7d53c767475db7	md5	5781b7a6175f1e412b7d53c767475db7	
unchanged	third_party	header	wildmagic/libfoundation/computationalgeometry/wm4tinteger.inl	md5	acef32c451832982036803f9f2c5a983	md5	acef32c451832982036803f9f2c5a983	
unchanged	third_party	header	wildmagic/libfoundation/computationalgeometry/wm4tivector.h	md5	d95631a5e4268efc3f0d15c6343bd057	md5	d95631a5e4268efc3f0d15c6343bd057	
unchanged	third_party	header	wildmagic/libfoundation/computationalgeometry/wm4tivector.inl	md5	8360bea11c38bcc6fa539a5c953fbf89	md5	8360bea11c38bcc6fa539a5c953fbf89	
unchanged	third_party	header	wildmagic/libfoundation/computationalgeometry/wm4trational.h	md5	26111a37772fc8db42581babb42a5e0a	md5	26111a37772fc8db42581babb42a5e0a	
unchanged	third_party	header	wildmagic/libfoundation/computationalgeometry/wm4trational.inl	md5	f2b3f976659cea9bd44644a9e5b0d816	md5	f2b3f976659cea9bd44644a9e5b0d816	
unchanged	third_party	header	wildmagic/libfoundation/computationalgeometry/wm4triangulateec.h	md5	0254c2cc513beeae3b4bddb37052ede9	md5	0254c2cc513beeae3b4bddb37052ede9	
unchanged	third_party	header	wildmagic/libfoundation/computationalgeometry/wm4trvector.h	md5	61576d0c13257e677663bf212fdb2648	md5	61576d0c13257e677663bf212fdb2648	
unchanged	third_party	header	wildmagic/libfoundation/computationalgeometry/wm4trvector.inl	md5	cbc6348ce878c3abc278e4354411c2a0	md5	cbc6348ce878c3abc278e4354411c2a0	
unchanged	third_party	source	wildmagic/libfoundation/containment/wm4contbox2.cpp	md5	249198459ba0ff34dc02484cfb64f71f	md5	249198459ba0ff34dc02484cfb64f71f	
unchanged	third_party	header	wildmagic/libfoundation/containment/wm4contbox2.h	md5	869fcabe8a31e9e328e04371dbf1558a	md5	869fcabe8a31e9e328e04371dbf1558a	
unchanged	third_party	header	wildmagic/libfoundation/containment/wm4contbox3.h	md5	9c9a12f25f08e4621205bb72ad1e04db	md5	9c9a12f25f08e4621205bb72ad1e04db	
unchanged	third_party	header	wildmagic/libfoundation/containment/wm4contcapsule3.h	md5	759287fafe4d022181ba69d29fc470ca	md5	759287fafe4d022181ba69d29fc470ca	
unchanged	third_party	header	wildmagic/libfoundation/containment/wm4contcircle2.h	md5	75210b6bf77b48703a83f78680ff34fd	md5	75210b6bf77b48703a83f78680ff34fd	
unchanged	third_party	header	wildmagic/libfoundation/containment/wm4contcylinder3.h	md5	e84904a16689648888866e1a1b9e126d	md5	e84904a16689648888866e1a1b9e126d	
unchanged	third_party	header	wildmagic/libfoundation/containment/wm4contellipse2.h	md5	b5aaf70a4cbf89d8721bd142a4a0d911	md5	b5aaf70a4cbf89d8721bd142a4a0d911	
unchanged	third_party	header	wildmagic/libfoundation/containment/wm4contellipse2mincr.h	md5	243556cec990a6aa7728c264d4a71177	md5	243556cec990a6aa7728c264d4a71177	
unchanged	third_party	header	wildmagic/libfoundation/containment/wm4contellipsoid3.h	md5	d363d3b140aa7ca1b73693acb4646d3f	md5	d363d3b140aa7ca1b73693acb4646d3f	
unchanged	third_party	header	wildmagic/libfoundation/containment/wm4contellipsoid3mincr.h	md5	99251431fcd13fe3ae8626b6e4b8d184	md5	99251431fcd13fe3ae8626b6e4b8d184	
unchanged	third_party	header	wildmagic/libfoundation/containment/wm4contlozenge3.h	md5	db136c593929af0826821efb26056ddd	md5	db136c593929af0826821efb26056ddd	
unchanged	third_party	header	wildmagic/libfoundation/containment/wm4contpointinpolygon2.h	md5	35e48c1c7651b218988a327c35db7f9d	md5	35e48c1c7651b218988a327c35db7f9d	
unchanged	third_party	header	wildmagic/libfoundation/containment/wm4contpointinpolyhedron3.h	md5	d8e9dac6da944dcaf6c5d8708179cded	md5	d8e9dac6da944dcaf6c5d8708179cded	
unchanged	third_party	header	wildmagic/libfoundation/containment/wm4contscribecircle2.h	md5	937bfda834c5cdf35703e56bdc01c61c	md5	937bfda834c5cdf35703e56bdc01c61c	
unchanged	third_party	header	wildmagic/libfoundation/containment/wm4contscribecircle3sphere3.h	md5	4cb4be37cdaebe495476b50985ee38e5	md5	4cb4be37cdaebe495476b50985ee38e5	
unchanged	third_party	header	wildmagic/libfoundation/containment/wm4contseparatepoints2.h	md5	804c43431621b6d92d51b607ea548eec	md5	804c43431621b6d92d51b607ea548eec	
unchanged	third_party	header	wildmagic/libfoundation/containment/wm4contseparatepoints3.h	md5	9eab1d2a75fd85fc3eaff7f7b846281c	md5	9eab1d2a75fd85fc3eaff7f7b846281c	
unchanged	third_party	header	wildmagic/libfoundation/containment/wm4contsphere3.h	md5	47b39420b7b4649435b0375119e42b76	md5	47b39420b7b4649435b0375119e42b76	
unchanged	third_party	header	wildmagic/libfoundation/curves/wm4beziercurve2.h	md5	773726489a4cd703ed76902a0967209f	md5	773726489a4cd703ed76902a0967209f	
unchanged	third_party	header	wildmagic/libfoundation/curves/wm4beziercurve3.h	md5	d4c5d10281a01c329b897884f7677ff5	md5	d4c5d10281a01c329b897884f7677ff5	
unchanged	third_party	header	wildmagic/libfoundation/curves/wm4bsplinebasis.h	md5	8c64f057940f16c14615cc118e427752	md5	8c64f057940f16c14615cc118e427752	
unchanged	third_party	header	wildmagic/libfoundation/curves/wm4bsplinecurve2.h	md5	4fd7cb46712f7159a19834fe2d339e96	md5	4fd7cb46712f7159a19834fe2d339e96	
unchanged	third_party	header	wildmagic/libfoundation/curves/wm4bsplinecurve3.h	md5	edaa5f273eee111df1044aaf022f4082	md5	edaa5f273eee111df1044aaf022f4082	
unchanged	third_party	header	wildmagic/libfoundation/curves/wm4bsplinecurvefit.h	md5	e425d2711b455c3559dbc32fb6cf31f2	md5	e425d2711b455c3559dbc32fb6cf31f2	
unchanged	third_party	header	wildmagic/libfoundation/curves/wm4bsplinefitbasis.h	md5	49a55d725541698448ae07767a2f6085	md5	49a55d725541698448ae07767a2f6085	
unchanged	third_party	header	wildmagic/libfoundation/curves/wm4bsplinegeodesic.h	md5	35777542f947e633cd3283a9e8181944	md5	35777542f947e633cd3283a9e8181944	
unchanged	third_party	header	wildmagic/libfoundation/curves/wm4bsplinereduction.h	md5	6995ffb9b7de0265408638c819afa516	md5	6995ffb9b7de0265408638c819afa516	
unchanged	third_party	header	wildmagic/libfoundation/curves/wm4cubicpolynomialcurve2.h	md5	596452aa326c2e4e5e77575dad179d6d	md5	596452aa326c2e4e5e77575dad179d6d	
unchanged	third_party	header	wildmagic/libfoundation/curves/wm4cubicpolynomialcurve3.h	md5	e992a86d11e130a0218947f028ef743c	md5	e992a86d11e130a0218947f028ef743c	
unchanged	third_party	header	wildmagic/libfoundation/curves/wm4curve2.h	md5	1da55b36d3d3cc85d5fcab7414c42a84	md5	1da55b36d3d3cc85d5fcab7414c42a84	
unchanged	third_party	header	wildmagic/libfoundation/curves/wm4curve3.h	md5	b827e479d49801d4c72df83b0de99116	md5	b827e479d49801d4c72df83b0de99116	
unchanged	third_party	header	wildmagic/libfoundation/curves/wm4ellipsoidgeodesic.h	md5	862443408f9d870a36359a55f14b19be	md5	862443408f9d870a36359a55f14b19be	
unchanged	third_party	header	wildmagic/libfoundation/curves/wm4multiplecurve2.h	md5	6c123ec14becb14b3b11d5f7b16160e8	md5	6c123ec14becb14b3b11d5f7b16160e8	
unchanged	third_party	header	wildmagic/libfoundation/curves/wm4multiplecurve3.h	md5	201bdaab11faafb75bc1e95df6dea796	md5	201bdaab11faafb75bc1e95df6dea796	
unchanged	third_party	header	wildmagic/libfoundation/curves/wm4naturalspline1.h	md5	eb42ccf0d6f530520079f44b33938891	md5	eb42ccf0d6f530520079f44b33938891	
unchanged	third_party	header	wildmagic/libfoundation/curves/wm4naturalspline2.h	md5	268243c093529d66e48c72b466f09a4c	md5	268243c093529d66e48c72b466f09a4c	
unchanged	third_party	header	wildmagic/libfoundation/curves/wm4naturalspline3.h	md5	61b3972704ea39d9dca77e9799310342	md5	61b3972704ea39d9dca77e9799310342	
unchanged	third_party	header	wildmagic/libfoundation/curves/wm4nurbscurve2.h	md5	0882649381fb2d3647629b7bfa1d9c98	md5	0882649381fb2d3647629b7bfa1d9c98	
unchanged	third_party	header	wildmagic/libfoundation/curves/wm4nurbscurve3.h	md5	30aea331c7cb423efce43aacf647da53	md5	30aea331c7cb423efce43aacf647da53	
unchanged	third_party	header	wildmagic/libfoundation/curves/wm4polynomialcurve2.h	md5	72291f15313b3aeaa3ab21ae6f828dfe	md5	72291f15313b3aeaa3ab21ae6f828dfe	
unchanged	third_party	header	wildmagic/libfoundation/curves/wm4polynomialcurve3.h	md5	d02db27c23e0ac472c2927bb7b14a739	md5	d02db27c23e0ac472c2927bb7b14a739	
unchanged	third_party	header	wildmagic/libfoundation/curves/wm4riemanniangeodesic.h	md5	8b57b26953cbe672642b0dc84ca49462	md5	8b57b26953cbe672642b0dc84ca49462	
unchanged	third_party	header	wildmagic/libfoundation/curves/wm4singlecurve2.h	md5	fb5d05cee3654c67e46cf6badf722ef0	md5	fb5d05cee3654c67e46cf6badf722ef0	
unchanged	third_party	header	wildmagic/libfoundation/curves/wm4singlecurve3.h	md5	b59e781c5cdd18dddcb0d60f1a8b1f3c	md5	b59e781c5cdd18dddcb0d60f1a8b1f3c	
unchanged	third_party	header	wildmagic/libfoundation/curves/wm4tcbspline2.h	md5	9f10a96dac4a667a699e67e500ed65ff	md5	9f10a96dac4a667a699e67e500ed65ff	
unchanged	third_party	header	wildmagic/libfoundation/curves/wm4tcbspline3.h	md5	7cbe9045a145909743cf4c28afe575e9	md5	7cbe9045a145909743cf4c28afe575e9	
unchanged	third_party	header	wildmagic/libfoundation/distance/wm4distance.h	md5	8151a66a5689401e7c751a03950dffab	md5	8151a66a5689401e7c751a03950dffab	
unchanged	third_party	header	wildmagic/libfoundation/distance/wm4distcircle3circle3.h	md5	9de2203ab66ffc4bb80762646c80fb30	md5	9de2203ab66ffc4bb80762646c80fb30	
unchanged	third_party	header	wildmagic/libfoundation/distance/wm4distline2line2.h	md5	13b147c501cc4e99ead0fdc61c1bbe96	md5	13b147c501cc4e99ead0fdc61c1bbe96	
unchanged	third_party	header	wildmagic/libfoundation/distance/wm4distline2ray2.h	md5	9afbe54fee15975c687af617fefee19a	md5	9afbe54fee15975c687af617fefee19a	
unchanged	third_party	header	wildmagic/libfoundation/distance/wm4distline2segment2.h	md5	d5d4a57ffd12bd1f8c3eb6bbe5a9efb9	md5	d5d4a57ffd12bd1f8c3eb6bbe5a9efb9	
unchanged	third_party	header	wildmagic/libfoundation/distance/wm4distline3box3.h	md5	4a5428f7d9d4f4778d8e9ba0149027a6	md5	4a5428f7d9d4f4778d8e9ba0149027a6	
unchanged	third_party	header	wildmagic/libfoundation/distance/wm4distline3circle3.h	md5	d5e05510bd0fdd965918798d19bb00d1	md5	d5e05510bd0fdd965918798d19bb00d1	
unchanged	third_party	header	wildmagic/libfoundation/distance/wm4distline3line3.h	md5	628f7f19be6115dcfab22d46b0df403c	md5	628f7f19be6115dcfab22d46b0df403c	
unchanged	third_party	header	wildmagic/libfoundation/distance/wm4distline3ray3.h	md5	baffefd04f738b17e252602f53f88209	md5	baffefd04f738b17e252602f53f88209	
unchanged	third_party	header	wildmagic/libfoundation/distance/wm4distline3rectangle3.h	md5	06ec3f5852bdb13ec6dd6833648bc1e3	md5	06ec3f5852bdb13ec6dd6833648bc1e3	
unchanged	third_party	header	wildmagic/libfoundation/distance/wm4distline3segment3.h	md5	03ec8e1a5dcf7585c896fb87515ed5b1	md5	03ec8e1a5dcf7585c896fb87515ed5b1	
unchanged	third_party	header	wildmagic/libfoundation/distance/wm4distline3triangle3.h	md5	2d90f3f1873bb3ca2a6492943b06ff61	md5	2d90f3f1873bb3ca2a6492943b06ff61	
unchanged	third_party	header	wildmagic/libfoundation/distance/wm4distray2ray2.h	md5	d0d23fe244c85b6f89a08b3f10f6746b	md5	d0d23fe244c85b6f89a08b3f10f6746b	
unchanged	third_party	header	wildmagic/libfoundation/distance/wm4distray2segment2.h	md5	7e3c001f3fb22b996ddd62e213211123	md5	7e3c001f3fb22b996ddd62e213211123	
unchanged	third_party	header	wildmagic/libfoundation/distance/wm4distray3box3.h	md5	0a79d2384e879a86fcae2c8783160242	md5	0a79d2384e879a86fcae2c8783160242	
unchanged	third_party	header	wildmagic/libfoundation/distance/wm4distray3ray3.h	md5	d2424764eceb3ed4d4ab4e26c429d2df	md5	d2424764eceb3ed4d4ab4e26c429d2df	
unchanged	third_party	header	wildmagic/libfoundation/distance/wm4distray3rectangle3.h	md5	f922f987886cb64b69379c50ca355dc7	md5	f922f987886cb64b69379c50ca355dc7	
unchanged	third_party	header	wildmagic/libfoundation/distance/wm4distray3segment3.h	md5	1c064310fc2c8652460e870481e8f53e	md5	1c064310fc2c8652460e870481e8f53e	
unchanged	third_party	header	wildmagic/libfoundation/distance/wm4distray3triangle3.h	md5	10c3c4e6c20bb906b0965d157e6cd9a2	md5	10c3c4e6c20bb906b0965d157e6cd9a2	
unchanged	third_party	header	wildmagic/libfoundation/distance/wm4distrectangle3rectangle3.h	md5	28a9660c155da1eaabaaed755d1d3f41	md5	28a9660c155da1eaabaaed755d1d3f41	
unchanged	third_party	header	wildmagic/libfoundation/distance/wm4distsegment2segment2.h	md5	8a1f50a9edd29f9eecfcc52985ba9723	md5	8a1f50a9edd29f9eecfcc52985ba9723	
unchanged	third_party	header	wildmagic/libfoundation/distance/wm4distsegment3box3.h	md5	3ae31246bf110f66c5321d9d4acabd9a	md5	3ae31246bf110f66c5321d9d4acabd9a	
unchanged	third_party	header	wildmagic/libfoundation/distance/wm4distsegment3rectangle3.h	md5	aae64f8948eb08cd976c764bec43d07d	md5	aae64f8948eb08cd976c764bec43d07d	
unchanged	third_party	header	wildmagic/libfoundation/distance/wm4distsegment3segment3.h	md5	26113a88d31655aa3d0b4752d8bc5acb	md5	26113a88d31655aa3d0b4752d8bc5acb	
unchanged	third_party	header	wildmagic/libfoundation/distance/wm4distsegment3triangle3.h	md5	25473aa82e05469fcb3d2860993d3911	md5	25473aa82e05469fcb3d2860993d3911	
unchanged	third_party	header	wildmagic/libfoundation/distance/wm4disttriangle3rectangle3.h	md5	4d9519a0553be1b9a750e56239787bfe	md5	4d9519a0553be1b9a750e56239787bfe	
unchanged	third_party	header	wildmagic/libfoundation/distance/wm4disttriangle3triangle3.h	md5	ecb8c379f16597c1e63caa0462a03d8e	md5	ecb8c379f16597c1e63caa0462a03d8e	
unchanged	third_party	header	wildmagic/libfoundation/distance/wm4distvector2box2.h	md5	9ecfae2216f109dc7fb70901833a792b	md5	9ecfae2216f109dc7fb70901833a792b	
unchanged	third_party	header	wildmagic/libfoundation/distance/wm4distvector2ellipse2.h	md5	3db1a699b449495a1cffdb375cb3585e	md5	3db1a699b449495a1cffdb375cb3585e	
unchanged	third_party	header	wildmagic/libfoundation/distance/wm4distvector2line2.h	md5	78aee7684db3b5efa297ecbad4d91d5a	md5	78aee7684db3b5efa297ecbad4d91d5a	
unchanged	third_party	header	wildmagic/libfoundation/distance/wm4distvector2quadratic2.h	md5	d96d3aefd1cd9dc4e6e8f1b0f1085ec8	md5	d96d3aefd1cd9dc4e6e8f1b0f1085ec8	
unchanged	third_party	header	wildmagic/libfoundation/distance/wm4distvector2ray2.h	md5	57dc34659969b989d48a09f8982f66e8	md5	57dc34659969b989d48a09f8982f66e8	
unchanged	third_party	header	wildmagic/libfoundation/distance/wm4distvector2segment2.h	md5	c9ac712d2ea20f24aac5ffc52d6126e7	md5	c9ac712d2ea20f24aac5ffc52d6126e7	
unchanged	third_party	header	wildmagic/libfoundation/distance/wm4distvector3box3.h	md5	f775910b7fe1ccfe61cf057a5237711f	md5	f775910b7fe1ccfe61cf057a5237711f	
unchanged	third_party	header	wildmagic/libfoundation/distance/wm4distvector3circle3.h	md5	cdf705dcee6acce2ceb3fe845a388d21	md5	cdf705dcee6acce2ceb3fe845a388d21	
unchanged	third_party	header	wildmagic/libfoundation/distance/wm4distvector3ellipsoid3.h	md5	0d8f86edaa5bf7e727c2be3edcbc3638	md5	0d8f86edaa5bf7e727c2be3edcbc3638	
unchanged	third_party	header	wildmagic/libfoundation/distance/wm4distvector3frustum3.h	md5	3edc02381a0fc7a73b1bf13825356d96	md5	3edc02381a0fc7a73b1bf13825356d96	
unchanged	third_party	header	wildmagic/libfoundation/distance/wm4distvector3line3.h	md5	09121e438bc35eb1126be8cece073dec	md5	09121e438bc35eb1126be8cece073dec	
unchanged	third_party	header	wildmagic/libfoundation/distance/wm4distvector3plane3.h	md5	dffa232836b9c0807b562e81d638e74f	md5	dffa232836b9c0807b562e81d638e74f	
unchanged	third_party	header	wildmagic/libfoundation/distance/wm4distvector3quadratic3.h	md5	0c252a08aff5c867766e466e989ef320	md5	0c252a08aff5c867766e466e989ef320	
unchanged	third_party	header	wildmagic/libfoundation/distance/wm4distvector3ray3.h	md5	53b79c127787ced5436d6c0dfc0626bb	md5	53b79c127787ced5436d6c0dfc0626bb	
unchanged	third_party	header	wildmagic/libfoundation/distance/wm4distvector3rectangle3.h	md5	fce6cfb80e4050d03ab2c70dcca3507d	md5	fce6cfb80e4050d03ab2c70dcca3507d	
unchanged	third_party	header	wildmagic/libfoundation/distance/wm4distvector3segment3.h	md5	5b168a0c37fe8da0cf07797f03f48dab	md5	5b168a0c37fe8da0cf07797f03f48dab	
unchanged	third_party	header	wildmagic/libfoundation/distance/wm4distvector3tetrahedron3.h	md5	1d6341fac2b7bfef51615d32fab7cdda	md5	1d6341fac2b7bfef51615d32fab7cdda	
unchanged	third_party	header	wildmagic/libfoundation/distance/wm4distvector3triangle3.h	md5	122808032681fdc2799b98811fdc03cb	md5	122808032681fdc2799b98811fdc03cb	
unchanged	third_party	header	wildmagic/libfoundation/interpolation/wm4intpakima1.h	md5	5bbcd5aa13d48190e583464c014a3ccb	md5	5bbcd5aa13d48190e583464c014a3ccb	
unchanged	third_party	header	wildmagic/libfoundation/interpolation/wm4intpakimanonuniform1.h	md5	a1b95db0ae4d1a7be66903f466fdb13c	md5	a1b95db0ae4d1a7be66903f466fdb13c	
unchanged	third_party	header	wildmagic/libfoundation/interpolation/wm4intpakimauniform1.h	md5	80b1ebb64cb9bcb04d83a4dbfb0fb535	md5	80b1ebb64cb9bcb04d83a4dbfb0fb535	
unchanged	third_party	header	wildmagic/libfoundation/interpolation/wm4intpakimauniform2.h	md5	78baca7dea50b87c70bb122dc03f700f	md5	78baca7dea50b87c70bb122dc03f700f	
unchanged	third_party	header	wildmagic/libfoundation/interpolation/wm4intpakimauniform3.h	md5	3c7d4c67fb12e3e4f98cb7c60860dda0	md5	3c7d4c67fb12e3e4f98cb7c60860dda0	
unchanged	third_party	header	wildmagic/libfoundation/interpolation/wm4intpbicubic2.h	md5	6aa7356c8f02f2b9ecae05f52b0ebdda	md5	6aa7356c8f02f2b9ecae05f52b0ebdda	
unchanged	third_party	header	wildmagic/libfoundation/interpolation/wm4intpbilinear2.h	md5	b27d7eff3e8af4eb6119996e76ad7ee2	md5	b27d7eff3e8af4eb6119996e76ad7ee2	
unchanged	third_party	header	wildmagic/libfoundation/interpolation/wm4intpbsplineuniform.h	md5	3e261c6cb5a91e46fe8469ad331105ad	md5	3e261c6cb5a91e46fe8469ad331105ad	
unchanged	third_party	header	wildmagic/libfoundation/interpolation/wm4intpbsplineuniform1.h	md5	e8ec8a4040aaedf19d73c02c83c56013	md5	e8ec8a4040aaedf19d73c02c83c56013	
unchanged	third_party	header	wildmagic/libfoundation/interpolation/wm4intpbsplineuniform2.h	md5	3822529035aad1c2e00d22653e6f4912	md5	3822529035aad1c2e00d22653e6f4912	
unchanged	third_party	header	wildmagic/libfoundation/interpolation/wm4intpbsplineuniform3.h	md5	4b6fea14cd3e777f39d941e4a3820964	md5	4b6fea14cd3e777f39d941e4a3820964	
unchanged	third_party	header	wildmagic/libfoundation/interpolation/wm4intpbsplineuniform4.h	md5	820c32ffc4227a0e189478c5ab5c390a	md5	820c32ffc4227a0e189478c5ab5c390a	
unchanged	third_party	header	wildmagic/libfoundation/interpolation/wm4intpbsplineuniformn.h	md5	2f03f214cdc394100d5eb456c00fa221	md5	2f03f214cdc394100d5eb456c00fa221	
unchanged	third_party	header	wildmagic/libfoundation/interpolation/wm4intplinearnonuniform2.h	md5	f1a58f4dbcd6e119cc0b761863ac4eb0	md5	f1a58f4dbcd6e119cc0b761863ac4eb0	
unchanged	third_party	header	wildmagic/libfoundation/interpolation/wm4intplinearnonuniform3.h	md5	b237d91ceebd2a1a45f58c03727d8bfa	md5	b237d91ceebd2a1a45f58c03727d8bfa	
unchanged	third_party	header	wildmagic/libfoundation/interpolation/wm4intpqdrnonuniform2.h	md5	0e56f36426f28832b768c7197672e8b3	md5	0e56f36426f28832b768c7197672e8b3	
unchanged	third_party	header	wildmagic/libfoundation/interpolation/wm4intpsphere2.h	md5	22cb96e8f35a6fa55d423c4eff63f8c9	md5	22cb96e8f35a6fa55d423c4eff63f8c9	
unchanged	third_party	header	wildmagic/libfoundation/interpolation/wm4intpthinplatespline2.h	md5	9aa9fd4cb280913bb3bc48a0a9cf5164	md5	9aa9fd4cb280913bb3bc48a0a9cf5164	
unchanged	third_party	header	wildmagic/libfoundation/interpolation/wm4intpthinplatespline3.h	md5	51c128f051f846c72ab38f759cbdf861	md5	51c128f051f846c72ab38f759cbdf861	
unchanged	third_party	header	wildmagic/libfoundation/interpolation/wm4intptricubic3.h	md5	79baa5db17af4c890a314f2133ca6f3f	md5	79baa5db17af4c890a314f2133ca6f3f	
unchanged	third_party	header	wildmagic/libfoundation/interpolation/wm4intptrilinear3.h	md5	598625ad64de1746b47e3a354d143ba6	md5	598625ad64de1746b47e3a354d143ba6	
unchanged	third_party	header	wildmagic/libfoundation/interpolation/wm4intpvectorfield2.h	md5	ee69e079a3f5d1be9ce40a201094ee26	md5	ee69e079a3f5d1be9ce40a201094ee26	
unchanged	third_party	header	wildmagic/libfoundation/intersection/wm4intersector.h	md5	b546fc9c648d33f13a8d95c4decdfe2b	md5	b546fc9c648d33f13a8d95c4decdfe2b	
unchanged	third_party	header	wildmagic/libfoundation/intersection/wm4intersector1.h	md5	7878c34ccd7eb5944ec3200141107ebf	md5	7878c34ccd7eb5944ec3200141107ebf	
unchanged	third_party	header	wildmagic/libfoundation/intersection/wm4intrarc2arc2.h	md5	a22e560883faa8fcc1ac1f7d9116bc39	md5	a22e560883faa8fcc1ac1f7d9116bc39	
unchanged	third_party	header	wildmagic/libfoundation/intersection/wm4intrarc2circle2.h	md5	31edb3b185a7a1a7592ae48402b36c88	md5	31edb3b185a7a1a7592ae48402b36c88	
unchanged	third_party	header	wildmagic/libfoundation/intersection/wm4intrbox2box2.h	md5	e24c4f2c56cc2c16ccd3316f4bbd6459	md5	e24c4f2c56cc2c16ccd3316f4bbd6459	
unchanged	third_party	header	wildmagic/libfoundation/intersection/wm4intrbox2circle2.h	md5	94a1646f690bc0db5596f6d5328e5ae8	md5	94a1646f690bc0db5596f6d5328e5ae8	
unchanged	third_party	header	wildmagic/libfoundation/intersection/wm4intrbox3box3.h	md5	de4d1d9c418e290e1b96d1dcce53799a	md5	de4d1d9c418e290e1b96d1dcce53799a	
unchanged	third_party	header	wildmagic/libfoundation/intersection/wm4intrbox3frustum3.h	md5	715c9917be6e14f396ce13b1d6385695	md5	715c9917be6e14f396ce13b1d6385695	
unchanged	third_party	header	wildmagic/libfoundation/intersection/wm4intrbox3sphere3.h	md5	68692bed085443b80855971bfedfef61	md5	68692bed085443b80855971bfedfef61	
unchanged	third_party	header	wildmagic/libfoundation/intersection/wm4intrcapsule3capsule3.h	md5	527f8a893c06e9fa15250aacc94e6340	md5	527f8a893c06e9fa15250aacc94e6340	
unchanged	third_party	header	wildmagic/libfoundation/intersection/wm4intrcircle2circle2.h	md5	8aee54b37b1e61fe62d534685bb41214	md5	8aee54b37b1e61fe62d534685bb41214	
unchanged	third_party	header	wildmagic/libfoundation/intersection/wm4intrcircle3plane3.h	md5	f33c52b79c7a2213618238bebe6cc5bd	md5	f33c52b79c7a2213618238bebe6cc5bd	
unchanged	third_party	header	wildmagic/libfoundation/intersection/wm4intrellipse2ellipse2.h	md5	e89f867b1f85796c94c288f182138bc7	md5	e89f867b1f85796c94c288f182138bc7	
unchanged	third_party	header	wildmagic/libfoundation/intersection/wm4intrhalfspace3box3.h	md5	e8236706c159c9b946c037dd6e834c5b	md5	e8236706c159c9b946c037dd6e834c5b	
unchanged	third_party	header	wildmagic/libfoundation/intersection/wm4intrhalfspace3segment3.h	md5	8b5ddaa05af75fd7457e4fdcf9d3040b	md5	8b5ddaa05af75fd7457e4fdcf9d3040b	
unchanged	third_party	header	wildmagic/libfoundation/intersection/wm4intrhalfspace3sphere3.h	md5	ae973217e2779ecfcc51e4c6e2d2b3b8	md5	ae973217e2779ecfcc51e4c6e2d2b3b8	
unchanged	third_party	header	wildmagic/libfoundation/intersection/wm4intrhalfspace3triangle3.h	md5	bbc0bc0b8f4ce8fc7755d27962c7546b	md5	bbc0bc0b8f4ce8fc7755d27962c7546b	
unchanged	third_party	header	wildmagic/libfoundation/intersection/wm4intrlincomp2lincomp2.h	md5	2b28e59e6f1e03f9fdf8c6ce952dbb02	md5	2b28e59e6f1e03f9fdf8c6ce952dbb02	
unchanged	third_party	header	wildmagic/libfoundation/intersection/wm4intrlincomp2triangle2.h	md5	32ddb5d684b5f4a1b8eceb2b0acc884a	md5	32ddb5d684b5f4a1b8eceb2b0acc884a	
unchanged	third_party	header	wildmagic/libfoundation/intersection/wm4intrline2arc2.h	md5	c71ddab80f54d3c25f2e04cd56440eb2	md5	c71ddab80f54d3c25f2e04cd56440eb2	
unchanged	third_party	header	wildmagic/libfoundation/intersection/wm4intrline2box2.h	md5	7e4fa32fc34fdb550726de57c9d70c8a	md5	7e4fa32fc34fdb550726de57c9d70c8a	
unchanged	third_party	header	wildmagic/libfoundation/intersection/wm4intrline2circle2.h	md5	8c98c07e33a2062faa04309c55112614	md5	8c98c07e33a2062faa04309c55112614	
unchanged	third_party	header	wildmagic/libfoundation/intersection/wm4intrline2line2.h	md5	b2d38b6ecca0d9d9312b3a709cd26274	md5	b2d38b6ecca0d9d9312b3a709cd26274	
unchanged	third_party	header	wildmagic/libfoundation/intersection/wm4intrline2ray2.h	md5	2b23a9dfa92cc55867b06d54397f3a62	md5	2b23a9dfa92cc55867b06d54397f3a62	
unchanged	third_party	header	wildmagic/libfoundation/intersection/wm4intrline2segment2.h	md5	f75b160a26d8798e6e4a86ac36bc116f	md5	f75b160a26d8798e6e4a86ac36bc116f	
unchanged	third_party	header	wildmagic/libfoundation/intersection/wm4intrline3box3.h	md5	6e125e35eff6f3c3abc7c4a0fb9c5f6b	md5	6e125e35eff6f3c3abc7c4a0fb9c5f6b	
unchanged	third_party	header	wildmagic/libfoundation/intersection/wm4intrline3capsule3.h	md5	ba9ca9e41d06d63c6eac543fde54d17d	md5	ba9ca9e41d06d63c6eac543fde54d17d	
unchanged	third_party	header	wildmagic/libfoundation/intersection/wm4intrline3cone3.h	md5	06d96db477fab0a0d47cbca755dbaa22	md5	06d96db477fab0a0d47cbca755dbaa22	
unchanged	third_party	header	wildmagic/libfoundation/intersection/wm4intrline3cylinder3.h	md5	8d929ba6d2f2ed148603b4fd4f758904	md5	8d929ba6d2f2ed148603b4fd4f758904	
unchanged	third_party	header	wildmagic/libfoundation/intersection/wm4intrline3ellipsoid3.h	md5	17ae47c9c59d9716ea54de97679c243f	md5	17ae47c9c59d9716ea54de97679c243f	
unchanged	third_party	header	wildmagic/libfoundation/intersection/wm4intrline3lozenge3.h	md5	60e62b438ffc6922ba0d407769ef6d46	md5	60e62b438ffc6922ba0d407769ef6d46	
unchanged	third_party	header	wildmagic/libfoundation/intersection/wm4intrline3plane3.h	md5	14d52190db1bcb4f5cad9d50b0125425	md5	14d52190db1bcb4f5cad9d50b0125425	
unchanged	third_party	header	wildmagic/libfoundation/intersection/wm4intrline3sphere3.h	md5	52226d9f6fd95e16525b50165ab91a5d	md5	52226d9f6fd95e16525b50165ab91a5d	
unchanged	third_party	header	wildmagic/libfoundation/intersection/wm4intrline3torus3.h	md5	724aab30a09382a843d4af71aea270f3	md5	724aab30a09382a843d4af71aea270f3	
unchanged	third_party	header	wildmagic/libfoundation/intersection/wm4intrline3triangle3.h	md5	0a048829fcf653f29f8296b0f10a656a	md5	0a048829fcf653f29f8296b0f10a656a	
unchanged	third_party	header	wildmagic/libfoundation/intersection/wm4intrlozenge3lozenge3.h	md5	2fbd4f6e7345218f708c80fe67b04d13	md5	2fbd4f6e7345218f708c80fe67b04d13	
unchanged	third_party	header	wildmagic/libfoundation/intersection/wm4intrplane3box3.h	md5	40c77b70d709b1228d930739b14809ac	md5	40c77b70d709b1228d930739b14809ac	
unchanged	third_party	header	wildmagic/libfoundation/intersection/wm4intrplane3capsule3.h	md5	abe6732a17ce2d778f5e91b7cfb78f2e	md5	abe6732a17ce2d778f5e91b7cfb78f2e	
unchanged	third_party	header	wildmagic/libfoundation/intersection/wm4intrplane3cylinder3.h	md5	37d61868c7ef16d4439896054db3a6a0	md5	37d61868c7ef16d4439896054db3a6a0	
unchanged	third_party	header	wildmagic/libfoundation/intersection/wm4intrplane3ellipsoid3.h	md5	0e26c6fb03a880fda49066ef143054b7	md5	0e26c6fb03a880fda49066ef143054b7	
unchanged	third_party	header	wildmagic/libfoundation/intersection/wm4intrplane3lozenge3.h	md5	b016e77a03aa9e862c4d5440ea7cb115	md5	b016e77a03aa9e862c4d5440ea7cb115	
unchanged	third_party	header	wildmagic/libfoundation/intersection/wm4intrplane3plane3.h	md5	e7d6346cbbe4ae55a0c514d78f7fec56	md5	e7d6346cbbe4ae55a0c514d78f7fec56	
unchanged	third_party	header	wildmagic/libfoundation/intersection/wm4intrplane3sphere3.h	md5	dca32538ac640a4da74ae549b94ecfb7	md5	dca32538ac640a4da74ae549b94ecfb7	
unchanged	third_party	header	wildmagic/libfoundation/intersection/wm4intrplane3triangle3.h	md5	292fd7f18926e18ffc497fd4e137be5a	md5	292fd7f18926e18ffc497fd4e137be5a	
unchanged	third_party	header	wildmagic/libfoundation/intersection/wm4intrray2arc2.h	md5	9a7991386f7f4ecfb20fbbaabbd5fd41	md5	9a7991386f7f4ecfb20fbbaabbd5fd41	
unchanged	third_party	header	wildmagic/libfoundation/intersection/wm4intrray2box2.h	md5	2f180f541736036b2af97eddf6f9b4bc	md5	2f180f541736036b2af97eddf6f9b4bc	
unchanged	third_party	header	wildmagic/libfoundation/intersection/wm4intrray2circle2.h	md5	b7dffd4115e986ab048376e5aab72234	md5	b7dffd4115e986ab048376e5aab72234	
unchanged	third_party	header	wildmagic/libfoundation/intersection/wm4intrray2ray2.h	md5	fc64804801e0303c0f54e35142ad1eca	md5	fc64804801e0303c0f54e35142ad1eca	
unchanged	third_party	header	wildmagic/libfoundation/intersection/wm4intrray2segment2.h	md5	531d27012ad354bccc37902381d5def8	md5	531d27012ad354bccc37902381d5def8	
unchanged	third_party	header	wildmagic/libfoundation/intersection/wm4intrray3box3.h	md5	fd25cafa7f14d0f3e14fe8e2b524785e	md5	fd25cafa7f14d0f3e14fe8e2b524785e	
unchanged	third_party	header	wildmagic/libfoundation/intersection/wm4intrray3capsule3.h	md5	21519792053fd9f1d055c20b3723eaa8	md5	21519792053fd9f1d055c20b3723eaa8	
unchanged	third_party	header	wildmagic/libfoundation/intersection/wm4intrray3cylinder3.h	md5	2869ba349e3f67b2602665a173555829	md5	2869ba349e3f67b2602665a173555829	
unchanged	third_party	header	wildmagic/libfoundation/intersection/wm4intrray3ellipsoid3.h	md5	866d3a4a89df20476e74600a040f3059	md5	866d3a4a89df20476e74600a040f3059	
unchanged	third_party	header	wildmagic/libfoundation/intersection/wm4intrray3lozenge3.h	md5	1ebb0e213ba8dfbc157fbc98bbb225de	md5	1ebb0e213ba8dfbc157fbc98bbb225de	
unchanged	third_party	header	wildmagic/libfoundation/intersection/wm4intrray3plane3.h	md5	43b31192b5d23979b5db7a0df08f361a	md5	43b31192b5d23979b5db7a0df08f361a	
unchanged	third_party	header	wildmagic/libfoundation/intersection/wm4intrray3sphere3.h	md5	1465f75bb14848ec8a0226300dd1d8f4	md5	1465f75bb14848ec8a0226300dd1d8f4	
unchanged	third_party	header	wildmagic/libfoundation/intersection/wm4intrray3triangle3.h	md5	613449a3f66d6f50aa3392ea50457e09	md5	613449a3f66d6f50aa3392ea50457e09	
unchanged	third_party	header	wildmagic/libfoundation/intersection/wm4intrsegment2arc2.h	md5	6b8a8315e426527d103b9a784c12a03f	md5	6b8a8315e426527d103b9a784c12a03f	
unchanged	third_party	header	wildmagic/libfoundation/intersection/wm4intrsegment2box2.h	md5	51fd1a9dfb4538699ac20b1f77d3e032	md5	51fd1a9dfb4538699ac20b1f77d3e032	
unchanged	third_party	header	wildmagic/libfoundation/intersection/wm4intrsegment2circle2.h	md5	9557e15f9f2e48dea8bb42d803f347e9	md5	9557e15f9f2e48dea8bb42d803f347e9	
unchanged	third_party	header	wildmagic/libfoundation/intersection/wm4intrsegment2segment2.h	md5	ada240ed62c27e41134c46082f0efe23	md5	ada240ed62c27e41134c46082f0efe23	
unchanged	third_party	header	wildmagic/libfoundation/intersection/wm4intrsegment3box3.h	md5	199b87d4d1938241329ebf70c20ec20f	md5	199b87d4d1938241329ebf70c20ec20f	
unchanged	third_party	header	wildmagic/libfoundation/intersection/wm4intrsegment3capsule3.h	md5	ec6d2b8f644a935fa5831d739f78761c	md5	ec6d2b8f644a935fa5831d739f78761c	
unchanged	third_party	header	wildmagic/libfoundation/intersection/wm4intrsegment3cylinder3.h	md5	541b02f6023b15f89d96c19b78b53b1f	md5	541b02f6023b15f89d96c19b78b53b1f	
unchanged	third_party	header	wildmagic/libfoundation/intersection/wm4intrsegment3ellipsoid3.h	md5	55375b4b6616510c132e053e1f6a55b9	md5	55375b4b6616510c132e053e1f6a55b9	
unchanged	third_party	header	wildmagic/libfoundation/intersection/wm4intrsegment3lozenge3.h	md5	f662a503643aa4f92830b5973a10c15d	md5	f662a503643aa4f92830b5973a10c15d	
unchanged	third_party	header	wildmagic/libfoundation/intersection/wm4intrsegment3plane3.h	md5	4dcf10d6715fababfe3caea522a0913c	md5	4dcf10d6715fababfe3caea522a0913c	
unchanged	third_party	header	wildmagic/libfoundation/intersection/wm4intrsegment3sphere3.h	md5	79539d5ee75b43f31fb98a144e590f7f	md5	79539d5ee75b43f31fb98a144e590f7f	
unchanged	third_party	header	wildmagic/libfoundation/intersection/wm4intrsegment3triangle3.h	md5	769a360b0c3e4c0cf20886aec178a110	md5	769a360b0c3e4c0cf20886aec178a110	
unchanged	third_party	header	wildmagic/libfoundation/intersection/wm4intrsphere3cone3.h	md5	ce9fe7e63c8e444a84728af32b4eb619	md5	ce9fe7e63c8e444a84728af32b4eb619	
unchanged	third_party	header	wildmagic/libfoundation/intersection/wm4intrsphere3frustum3.h	md5	5d89625252e64949dc7be04cb7541279	md5	5d89625252e64949dc7be04cb7541279	
unchanged	third_party	header	wildmagic/libfoundation/intersection/wm4intrsphere3sphere3.h	md5	4b059aad0720b045224ef87f7e525c20	md5	4b059aad0720b045224ef87f7e525c20	
unchanged	third_party	header	wildmagic/libfoundation/intersection/wm4intrtetrahedron3tetrahedron3.h	md5	acbc3f3920cbe3826efc7931623396b5	md5	acbc3f3920cbe3826efc7931623396b5	
unchanged	third_party	header	wildmagic/libfoundation/intersection/wm4intrtriangle2triangle2.h	md5	9fe9e7bdc152eef657f13284975ae626	md5	9fe9e7bdc152eef657f13284975ae626	
unchanged	third_party	header	wildmagic/libfoundation/intersection/wm4intrtriangle3box3.h	md5	318b7ca642789790206658e0a0ba6310	md5	318b7ca642789790206658e0a0ba6310	
unchanged	third_party	header	wildmagic/libfoundation/intersection/wm4intrtriangle3cone3.h	md5	b5785adc00a3a387014997d8ba785b73	md5	b5785adc00a3a387014997d8ba785b73	
unchanged	third_party	header	wildmagic/libfoundation/intersection/wm4intrtriangle3sphere3.h	md5	db6f5cbda08658b8a0b86c0de41a5a51	md5	db6f5cbda08658b8a0b86c0de41a5a51	
unchanged	third_party	header	wildmagic/libfoundation/intersection/wm4intrtriangle3triangle3.h	md5	f89ac27c6abb74052b1057164c266791	md5	f89ac27c6abb74052b1057164c266791	
unchanged	third_party	header	wildmagic/libfoundation/intersection/wm4intrutility3.h	md5	19ba0b631bbee993cf456100357ebb71	md5	19ba0b631bbee993cf456100357ebb71	
unchanged	third_party	header	wildmagic/libfoundation/mathematics/wm4arc2.h	md5	389c73b6f52ac0d86b090212053afad5	md5	389c73b6f52ac0d86b090212053afad5	
unchanged	third_party	header	wildmagic/libfoundation/mathematics/wm4arc2.inl	md5	588075e55c9057ad47870f42e941130d	md5	588075e55c9057ad47870f42e941130d	
unchanged	third_party	header	wildmagic/libfoundation/mathematics/wm4axisalignedbox2.h	md5	c8ae012e53687e74222b29dc5b50153b	md5	c8ae012e53687e74222b29dc5b50153b	
unchanged	third_party	header	wildmagic/libfoundation/mathematics/wm4axisalignedbox2.inl	md5	64dc7f6f6ae5c012240bead05683a788	md5	64dc7f6f6ae5c012240bead05683a788	
unchanged	third_party	header	wildmagic/libfoundation/mathematics/wm4axisalignedbox3.h	md5	65dc811de7bdf17481a1cd5db039016d	md5	65dc811de7bdf17481a1cd5db039016d	
unchanged	third_party	header	wildmagic/libfoundation/mathematics/wm4axisalignedbox3.inl	md5	f5e8f6de78057f27687134e4498f426e	md5	f5e8f6de78057f27687134e4498f426e	
unchanged	third_party	header	wildmagic/libfoundation/mathematics/wm4bandedmatrix.h	md5	8f64c7aa6e54b57f74c53f34a888d7c7	md5	8f64c7aa6e54b57f74c53f34a888d7c7	
unchanged	third_party	header	wildmagic/libfoundation/mathematics/wm4bandedmatrix.inl	md5	a99438cf0f44fea22361412551f52256	md5	a99438cf0f44fea22361412551f52256	
unchanged	third_party	header	wildmagic/libfoundation/mathematics/wm4bithacks.h	md5	b3b3d7053f9750c81cb816624b5821fb	md5	b3b3d7053f9750c81cb816624b5821fb	
unchanged	third_party	header	wildmagic/libfoundation/mathematics/wm4bithacks.inl	md5	5ceb356ae83f2eeffefc53bc45f7e615	md5	5ceb356ae83f2eeffefc53bc45f7e615	
unchanged	third_party	header	wildmagic/libfoundation/mathematics/wm4box2.h	md5	76488ee763fe333a48c7e8d50c809dbd	md5	76488ee763fe333a48c7e8d50c809dbd	
unchanged	third_party	header	wildmagic/libfoundation/mathematics/wm4box2.inl	md5	7b12db9ba2a14b571008fda08007638b	md5	7b12db9ba2a14b571008fda08007638b	
unchanged	third_party	header	wildmagic/libfoundation/mathematics/wm4box3.h	md5	32c6375e6ce03e853b13bade53e8d262	md5	32c6375e6ce03e853b13bade53e8d262	
unchanged	third_party	header	wildmagic/libfoundation/mathematics/wm4box3.inl	md5	e461aed8ce9696404f00e71698200620	md5	e461aed8ce9696404f00e71698200620	
unchanged	third_party	header	wildmagic/libfoundation/mathematics/wm4bsplinevolume.h	md5	aa040c307cabfb04a5f6959d1c8575f1	md5	aa040c307cabfb04a5f6959d1c8575f1	
unchanged	third_party	header	wildmagic/libfoundation/mathematics/wm4capsule3.h	md5	23ba20bda65dd0863f3551d00ae53de9	md5	23ba20bda65dd0863f3551d00ae53de9	
unchanged	third_party	header	wildmagic/libfoundation/mathematics/wm4capsule3.inl	md5	006eafdac9487365f8dc4632b4b6fa41	md5	006eafdac9487365f8dc4632b4b6fa41	
unchanged	third_party	header	wildmagic/libfoundation/mathematics/wm4circle2.h	md5	ef5c84145873dca5bde9d8a09fb34ee6	md5	ef5c84145873dca5bde9d8a09fb34ee6	
unchanged	third_party	header	wildmagic/libfoundation/mathematics/wm4circle2.inl	md5	5a485c89c5ba6a23f0a260e745227615	md5	5a485c89c5ba6a23f0a260e745227615	
unchanged	third_party	header	wildmagic/libfoundation/mathematics/wm4circle3.h	md5	a1a6bc00b643f83be757a166c6b6b88e	md5	a1a6bc00b643f83be757a166c6b6b88e	
unchanged	third_party	header	wildmagic/libfoundation/mathematics/wm4circle3.inl	md5	53243e942c15af31bed469e800464407	md5	53243e942c15af31bed469e800464407	
unchanged	third_party	header	wildmagic/libfoundation/mathematics/wm4colorrgb.h	md5	909457955469bc813001dbe0588fec95	md5	909457955469bc813001dbe0588fec95	
unchanged	third_party	header	wildmagic/libfoundation/mathematics/wm4colorrgb.inl	md5	3a95e3fba028d4618c416fc78f1e279d	md5	3a95e3fba028d4618c416fc78f1e279d	
unchanged	third_party	header	wildmagic/libfoundation/mathematics/wm4colorrgba.h	md5	f14770ae2db63a209a989b0d132a6285	md5	f14770ae2db63a209a989b0d132a6285	
unchanged	third_party	header	wildmagic/libfoundation/mathematics/wm4colorrgba.inl	md5	8bc8cdceb6717c30c7deddd1344abbde	md5	8bc8cdceb6717c30c7deddd1344abbde	
unchanged	third_party	header	wildmagic/libfoundation/mathematics/wm4cone3.h	md5	9b2103a62c5db5e5c519beaf4d223b31	md5	9b2103a62c5db5e5c519beaf4d223b31	
unchanged	third_party	header	wildmagic/libfoundation/mathematics/wm4cone3.inl	md5	ab3e1c80283c849dabd1d91278e10694	md5	ab3e1c80283c849dabd1d91278e10694	
unchanged	third_party	header	wildmagic/libfoundation/mathematics/wm4convexpolygon2.h	md5	058992c382db139f0e6a2b862df1a712	md5	058992c382db139f0e6a2b862df1a712	
unchanged	third_party	header	wildmagic/libfoundation/mathematics/wm4convexpolyhedron3.h	md5	3ed0a8e64ffe8a77d644e2f4d473dd1f	md5	3ed0a8e64ffe8a77d644e2f4d473dd1f	
unchanged	third_party	header	wildmagic/libfoundation/mathematics/wm4convexpolyhedron3.inl	md5	59c05e08574e6d45195449b054fb43eb	md5	59c05e08574e6d45195449b054fb43eb	
unchanged	third_party	header	wildmagic/libfoundation/mathematics/wm4cylinder3.h	md5	401fe0b8b3ed196b5eb3c6e72946c5c7	md5	401fe0b8b3ed196b5eb3c6e72946c5c7	
unchanged	third_party	header	wildmagic/libfoundation/mathematics/wm4cylinder3.inl	md5	f7f1205275b81084cead6fc47e80dfcb	md5	f7f1205275b81084cead6fc47e80dfcb	
unchanged	third_party	header	wildmagic/libfoundation/mathematics/wm4ellipse2.h	md5	41ddeba9a60531c78103bb6d080106b1	md5	41ddeba9a60531c78103bb6d080106b1	
unchanged	third_party	header	wildmagic/libfoundation/mathematics/wm4ellipse2.inl	md5	0cd093f28f7df36d773b2692bb4fdb29	md5	0cd093f28f7df36d773b2692bb4fdb29	
unchanged	third_party	header	wildmagic/libfoundation/mathematics/wm4ellipse3.h	md5	aa9b9323cd7666e2191e04f4d39f0890	md5	aa9b9323cd7666e2191e04f4d39f0890	
unchanged	third_party	header	wildmagic/libfoundation/mathematics/wm4ellipse3.inl	md5	75e35a990c7a9a11f8b2de1bc987a0cf	md5	75e35a990c7a9a11f8b2de1bc987a0cf	
unchanged	third_party	header	wildmagic/libfoundation/mathematics/wm4ellipsoid3.h	md5	ec0d12be1a23097c2724baf71a96d585	md5	ec0d12be1a23097c2724baf71a96d585	
unchanged	third_party	header	wildmagic/libfoundation/mathematics/wm4ellipsoid3.inl	md5	bae18f5b38f03648c97594e56b1d5b7a	md5	bae18f5b38f03648c97594e56b1d5b7a	
unchanged	third_party	header	wildmagic/libfoundation/mathematics/wm4frustum3.h	md5	a0c735058283597957783e67e8466986	md5	a0c735058283597957783e67e8466986	
unchanged	third_party	header	wildmagic/libfoundation/mathematics/wm4frustum3.inl	md5	4fdede307b31da16fd462a0f0221450e	md5	4fdede307b31da16fd462a0f0221450e	
unchanged	third_party	header	wildmagic/libfoundation/mathematics/wm4gmatrix.h	md5	bcdaa3b437e390cca2291688d2e43392	md5	bcdaa3b437e390cca2291688d2e43392	
unchanged	third_party	header	wildmagic/libfoundation/mathematics/wm4gmatrix.inl	md5	e13311a71ca8529569565722e686e7dd	md5	e13311a71ca8529569565722e686e7dd	
unchanged	third_party	header	wildmagic/libfoundation/mathematics/wm4gvector.h	md5	178d6fa83d9b54c14219af5e5af16873	md5	178d6fa83d9b54c14219af5e5af16873	
unchanged	third_party	header	wildmagic/libfoundation/mathematics/wm4gvector.inl	md5	7177bbdfcaa5185e7358f369462aab80	md5	7177bbdfcaa5185e7358f369462aab80	
unchanged	third_party	header	wildmagic/libfoundation/mathematics/wm4lincomp.h	md5	a8861cc4b787f649fddd5efdf52dedf0	md5	a8861cc4b787f649fddd5efdf52dedf0	
unchanged	third_party	header	wildmagic/libfoundation/mathematics/wm4lincomp.inl	md5	b183f9b64314c1fc75ecab23011d193f	md5	b183f9b64314c1fc75ecab23011d193f	
unchanged	third_party	header	wildmagic/libfoundation/mathematics/wm4lincomp2.h	md5	af1bf6f7b36aed2291d7ff70d9049ee9	md5	af1bf6f7b36aed2291d7ff70d9049ee9	
unchanged	third_party	header	wildmagic/libfoundation/mathematics/wm4lincomp2.inl	md5	36b0d655b8e46f68831d6684a35e2c87	md5	36b0d655b8e46f68831d6684a35e2c87	
unchanged	third_party	header	wildmagic/libfoundation/mathematics/wm4lincomp3.h	md5	47aee6159c06523c9cf6c73bca69fe73	md5	47aee6159c06523c9cf6c73bca69fe73	
unchanged	third_party	header	wildmagic/libfoundation/mathematics/wm4lincomp3.inl	md5	603a73cd325a653dfaa9a33941d703de	md5	603a73cd325a653dfaa9a33941d703de	
unchanged	third_party	header	wildmagic/libfoundation/mathematics/wm4line2.h	md5	6dda7cf42e5d52acdf16c86327b2d69c	md5	6dda7cf42e5d52acdf16c86327b2d69c	
unchanged	third_party	header	wildmagic/libfoundation/mathematics/wm4line2.inl	md5	002a807d8c47bde3ae911db7cd47404c	md5	002a807d8c47bde3ae911db7cd47404c	
unchanged	third_party	header	wildmagic/libfoundation/mathematics/wm4line3.h	md5	4fcc64f0f895a141a4fa4311a2a4b3e1	md5	4fcc64f0f895a141a4fa4311a2a4b3e1	
unchanged	third_party	header	wildmagic/libfoundation/mathematics/wm4line3.inl	md5	5c2cdf3bc861ce14709020715275a885	md5	5c2cdf3bc861ce14709020715275a885	
unchanged	third_party	header	wildmagic/libfoundation/mathematics/wm4lozenge3.h	md5	265a3b02cd1bc0b4c9ebd88ae90e182d	md5	265a3b02cd1bc0b4c9ebd88ae90e182d	
unchanged	third_party	header	wildmagic/libfoundation/mathematics/wm4lozenge3.inl	md5	00db50e4200ac8f67724bd3b71e29a08	md5	00db50e4200ac8f67724bd3b71e29a08	
unchanged	third_party	header	wildmagic/libfoundation/mathematics/wm4mapper2.h	md5	18584539401c0bc7c3644873d6e16dba	md5	18584539401c0bc7c3644873d6e16dba	
unchanged	third_party	header	wildmagic/libfoundation/mathematics/wm4mapper2.inl	md5	b061315e8c136f3db6aef66e60893cb3	md5	b061315e8c136f3db6aef66e60893cb3	
unchanged	third_party	header	wildmagic/libfoundation/mathematics/wm4mapper3.h	md5	8017768abbf3882c2cc27ab17bbeed9f	md5	8017768abbf3882c2cc27ab17bbeed9f	
unchanged	third_party	header	wildmagic/libfoundation/mathematics/wm4mapper3.inl	md5	37dc5cac8c21f7c2da1dd9e8fb547cc1	md5	37dc5cac8c21f7c2da1dd9e8fb547cc1	
unchanged	third_party	source	wildmagic/libfoundation/mathematics/wm4math.cpp	md5	0156e7d18f4960e7a4ad91aff12e50ed	md5	0156e7d18f4960e7a4ad91aff12e50ed	
unchanged	third_party	header	wildmagic/libfoundation/mathematics/wm4math.h	md5	2dfc5463fd19cb3e8e2c5553ca3da2ff	md5	2dfc5463fd19cb3e8e2c5553ca3da2ff	
unchanged	third_party	header	wildmagic/libfoundation/mathematics/wm4math.inl	md5	f50c6ba3c16c8ba29b4e870cea36b28e	md5	f50c6ba3c16c8ba29b4e870cea36b28e	
unchanged	third_party	header	wildmagic/libfoundation/mathematics/wm4mathmcr.h	md5	e200c82d820f7cc4c3f23d866a90a893	md5	e200c82d820f7cc4c3f23d866a90a893	
unchanged	third_party	header	wildmagic/libfoundation/mathematics/wm4matrix2.h	md5	cedfa73b766440a3300f2f9e300b343e	md5	cedfa73b766440a3300f2f9e300b343e	
unchanged	third_party	header	wildmagic/libfoundation/mathematics/wm4matrix2.inl	md5	5d21bfb786b9d15052f84d6a3eabb510	md5	5d21bfb786b9d15052f84d6a3eabb510	
unchanged	third_party	header	wildmagic/libfoundation/mathematics/wm4matrix3.h	md5	2cebe88fa1b89bd59be3608829e36a5f	md5	2cebe88fa1b89bd59be3608829e36a5f	
unchanged	third_party	header	wildmagic/libfoundation/mathematics/wm4matrix3.inl	md5	8cbc3f30388557a1ceb2d73570f5e9fd	md5	8cbc3f30388557a1ceb2d73570f5e9fd	
unchanged	third_party	header	wildmagic/libfoundation/mathematics/wm4matrix4.h	md5	a089a80c5bb2c9388ce20c7103f65171	md5	a089a80c5bb2c9388ce20c7103f65171	
unchanged	third_party	header	wildmagic/libfoundation/mathematics/wm4matrix4.inl	md5	357b62abf941ff30528b3ddbe09302b3	md5	357b62abf941ff30528b3ddbe09302b3	
unchanged	third_party	header	wildmagic/libfoundation/mathematics/wm4plane3.h	md5	8ceddc9711c661127c46b8ce0a5c0e55	md5	8ceddc9711c661127c46b8ce0a5c0e55	
unchanged	third_party	header	wildmagic/libfoundation/mathematics/wm4plane3.inl	md5	71490957a3bd33c0293e62da4fc94683	md5	71490957a3bd33c0293e62da4fc94683	
unchanged	third_party	header	wildmagic/libfoundation/mathematics/wm4polyhedron3.h	md5	3a9fc7a34c74379fb732c5f153a35a0c	md5	3a9fc7a34c74379fb732c5f153a35a0c	
unchanged	third_party	header	wildmagic/libfoundation/mathematics/wm4polyhedron3.inl	md5	46ec87a33ae67692721cb7b98937b999	md5	46ec87a33ae67692721cb7b98937b999	
unchanged	third_party	header	wildmagic/libfoundation/mathematics/wm4polynomial1.h	md5	2d4caaf5e85ce7f058f9823689b97ce5	md5	2d4caaf5e85ce7f058f9823689b97ce5	
unchanged	third_party	header	wildmagic/libfoundation/mathematics/wm4polynomial1.inl	md5	36d137a87eba87809f8520c310fd3ed0	md5	36d137a87eba87809f8520c310fd3ed0	
unchanged	third_party	header	wildmagic/libfoundation/mathematics/wm4quadratic2.h	md5	ddf568f6580a6de8c1963697f515f0cc	md5	ddf568f6580a6de8c1963697f515f0cc	
unchanged	third_party	header	wildmagic/libfoundation/mathematics/wm4quadratic2.inl	md5	eb159980e86302ed56d17823918cb709	md5	eb159980e86302ed56d17823918cb709	
unchanged	third_party	header	wildmagic/libfoundation/mathematics/wm4quadratic3.h	md5	9d5b1018d3422be32e31070be9c276f2	md5	9d5b1018d3422be32e31070be9c276f2	
unchanged	third_party	header	wildmagic/libfoundation/mathematics/wm4quadratic3.inl	md5	1589ed47359670fee46c3e156bcc6ad6	md5	1589ed47359670fee46c3e156bcc6ad6	
unchanged	third_party	header	wildmagic/libfoundation/mathematics/wm4quaternion.h	md5	a2fd0ab7bfc17949fbf76589c36267bc	md5	a2fd0ab7bfc17949fbf76589c36267bc	
unchanged	third_party	header	wildmagic/libfoundation/mathematics/wm4quaternion.inl	md5	6d4d4b478d584743acede5906cd4e959	md5	6d4d4b478d584743acede5906cd4e959	
unchanged	third_party	header	wildmagic/libfoundation/mathematics/wm4ray2.h	md5	5f271782a379c4a88c08af0375c037fa	md5	5f271782a379c4a88c08af0375c037fa	
unchanged	third_party	header	wildmagic/libfoundation/mathematics/wm4ray2.inl	md5	dd176b2cbead74a8a7085709929fd149	md5	dd176b2cbead74a8a7085709929fd149	
unchanged	third_party	header	wildmagic/libfoundation/mathematics/wm4ray3.h	md5	7183a1ce28422ada476bbdb3cecf67ae	md5	7183a1ce28422ada476bbdb3cecf67ae	
unchanged	third_party	header	wildmagic/libfoundation/mathematics/wm4ray3.inl	md5	b44586b703d1231bbc5718119b921958	md5	b44586b703d1231bbc5718119b921958	
unchanged	third_party	header	wildmagic/libfoundation/mathematics/wm4rectangle3.h	md5	4be1facbf036eac3f0c678c788cf6b0b	md5	4be1facbf036eac3f0c678c788cf6b0b	
unchanged	third_party	header	wildmagic/libfoundation/mathematics/wm4rectangle3.inl	md5	0370f62f2e221280c17285f9ed745aa1	md5	0370f62f2e221280c17285f9ed745aa1	
unchanged	third_party	header	wildmagic/libfoundation/mathematics/wm4segment2.h	md5	9101503429fff2105071f27a27515ff2	md5	9101503429fff2105071f27a27515ff2	
unchanged	third_party	header	wildmagic/libfoundation/mathematics/wm4segment2.inl	md5	7bec9782b373d131de605ee1fba1d7c3	md5	7bec9782b373d131de605ee1fba1d7c3	
unchanged	third_party	header	wildmagic/libfoundation/mathematics/wm4segment3.h	md5	aed9e6741101e040e1ada14bd1a780e0	md5	aed9e6741101e040e1ada14bd1a780e0	
unchanged	third_party	header	wildmagic/libfoundation/mathematics/wm4segment3.inl	md5	9d9eeb1111ce870b6309b54db418f772	md5	9d9eeb1111ce870b6309b54db418f772	
unchanged	third_party	header	wildmagic/libfoundation/mathematics/wm4sphere3.h	md5	df19b1095689753cef73a0ac2566fb65	md5	df19b1095689753cef73a0ac2566fb65	
unchanged	third_party	header	wildmagic/libfoundation/mathematics/wm4sphere3.inl	md5	37a9e5154a373dc67380e78d6547613c	md5	37a9e5154a373dc67380e78d6547613c	
unchanged	third_party	header	wildmagic/libfoundation/mathematics/wm4tetrahedron3.h	md5	a9ab506a8cda45d99ab981bc8be5d66c	md5	a9ab506a8cda45d99ab981bc8be5d66c	
unchanged	third_party	header	wildmagic/libfoundation/mathematics/wm4tetrahedron3.inl	md5	512fa8fc24669b63efb409a6ecc8905e	md5	512fa8fc24669b63efb409a6ecc8905e	
unchanged	third_party	header	wildmagic/libfoundation/mathematics/wm4torus3.h	md5	7240dbb36392b48752c3c40cd4e7c28c	md5	7240dbb36392b48752c3c40cd4e7c28c	
unchanged	third_party	header	wildmagic/libfoundation/mathematics/wm4torus3.inl	md5	c0bdd06ee13c42b6deb72753e99bf484	md5	c0bdd06ee13c42b6deb72753e99bf484	
unchanged	third_party	header	wildmagic/libfoundation/mathematics/wm4triangle2.h	md5	4343707a3c4e020bfd535aafe92eec81	md5	4343707a3c4e020bfd535aafe92eec81	
unchanged	third_party	header	wildmagic/libfoundation/mathematics/wm4triangle2.inl	md5	3892d0b17181c41bf80082ddd578fcad	md5	3892d0b17181c41bf80082ddd578fcad	
unchanged	third_party	header	wildmagic/libfoundation/mathematics/wm4triangle3.h	md5	7fac2e9ebab7c3444ba2832f5df48ad4	md5	7fac2e9ebab7c3444ba2832f5df48ad4	
unchanged	third_party	header	wildmagic/libfoundation/mathematics/wm4triangle3.inl	md5	494b1e66562b8fd3ab01fdf933cef228	md5	494b1e66562b8fd3ab01fdf933cef228	
unchanged	third_party	source	wildmagic/libfoundation/mathematics/wm4vector2.cpp	md5	1ecdf17f410a9844d7d68317a4a5f546	md5	1ecdf17f410a9844d7d68317a4a5f546	
unchanged	third_party	header	wildmagic/libfoundation/mathematics/wm4vector2.h	md5	fc6c1d5d867cab025a68dd9c853ee1ff	md5	fc6c1d5d867cab025a68dd9c853ee1ff	
unchanged	third_party	header	wildmagic/libfoundation/mathematics/wm4vector2.inl	md5	11746c2ec735ebe77614ac932c16fdf1	md5	11746c2ec735ebe77614ac932c16fdf1	
unchanged	third_party	source	wildmagic/libfoundation/mathematics/wm4vector3.cpp	md5	b461f1e84db948dda6c895542cd57849	md5	b461f1e84db948dda6c895542cd57849	
unchanged	third_party	header	wildmagic/libfoundation/mathematics/wm4vector3.h	md5	b4b4629985bb7c9fd857feb7d85b5362	md5	b4b4629985bb7c9fd857feb7d85b5362	
unchanged	third_party	header	wildmagic/libfoundation/mathematics/wm4vector3.inl	md5	9a6b2645912e61177686a919a41e16e2	md5	9a6b2645912e61177686a919a41e16e2	
unchanged	third_party	header	wildmagic/libfoundation/mathematics/wm4vector4.h	md5	cee4543d5f4abc473364598dceaceaa5	md5	cee4543d5f4abc473364598dceaceaa5	
unchanged	third_party	header	wildmagic/libfoundation/mathematics/wm4vector4.inl	md5	294a6c13198d746fd860ef5ce581ca9c	md5	294a6c13198d746fd860ef5ce581ca9c	
unchanged	third_party	header	wildmagic/libfoundation/meshes/wm4basicmesh.h	md5	522eaed9eadfc6aab7f656e239ab329e	md5	522eaed9eadfc6aab7f656e239ab329e	
unchanged	third_party	header	wildmagic/libfoundation/meshes/wm4basicmesh.inl	md5	b4490996bbc95509d365601665680b46	md5	b4490996bbc95509d365601665680b46	
unchanged	third_party	header	wildmagic/libfoundation/meshes/wm4conformalmap.h	md5	74c3c2f3aea21b89702ba5afbea7d4f6	md5	74c3c2f3aea21b89702ba5afbea7d4f6	
unchanged	third_party	header	wildmagic/libfoundation/meshes/wm4edgekey.h	md5	2c3516e3d84f6882f5474ca49f3736f6	md5	2c3516e3d84f6882f5474ca49f3736f6	
unchanged	third_party	header	wildmagic/libfoundation/meshes/wm4edgekey.inl	md5	93cbf5a504f50ae211125bb6ad7246e6	md5	93cbf5a504f50ae211125bb6ad7246e6	
unchanged	third_party	header	wildmagic/libfoundation/meshes/wm4etmanifoldmesh.h	md5	85a28f6903979e6719ac52393c611c53	md5	85a28f6903979e6719ac52393c611c53	
unchanged	third_party	header	wildmagic/libfoundation/meshes/wm4etmanifoldmesh.inl	md5	20c2f5c9beaac7eb7e5e231089568606	md5	20c2f5c9beaac7eb7e5e231089568606	
unchanged	third_party	header	wildmagic/libfoundation/meshes/wm4etnonmanifoldmesh.h	md5	54e27edbc2947a81e244af41d8cb0619	md5	54e27edbc2947a81e244af41d8cb0619	
unchanged	third_party	header	wildmagic/libfoundation/meshes/wm4etnonmanifoldmesh.inl	md5	79f52e5278362b37667cc1e24da4ab8c	md5	79f52e5278362b37667cc1e24da4ab8c	
unchanged	third_party	header	wildmagic/libfoundation/meshes/wm4meshcurvature.h	md5	a290bf27c136c5f883f5da792ff05703	md5	a290bf27c136c5f883f5da792ff05703	
unchanged	third_party	header	wildmagic/libfoundation/meshes/wm4meshsmoother.h	md5	85ae8e4d29e7f80c8009baa34b4c1bd5	md5	85ae8e4d29e7f80c8009baa34b4c1bd5	
unchanged	third_party	header	wildmagic/libfoundation/meshes/wm4planargraph.h	md5	1534543ac93bf536b3cec87a4ffe165c	md5	1534543ac93bf536b3cec87a4ffe165c	
unchanged	third_party	header	wildmagic/libfoundation/meshes/wm4planargraph.inl	md5	edc2ef3b0d5860f92ec409480935e7cc	md5	edc2ef3b0d5860f92ec409480935e7cc	
unchanged	third_party	header	wildmagic/libfoundation/meshes/wm4trianglekey.h	md5	a1f3fab842eb037a134e480fc509fe7c	md5	a1f3fab842eb037a134e480fc509fe7c	
unchanged	third_party	header	wildmagic/libfoundation/meshes/wm4trianglekey.inl	md5	e5960268d8fce9aab594dc60ff533e48	md5	e5960268d8fce9aab594dc60ff533e48	
unchanged	third_party	header	wildmagic/libfoundation/meshes/wm4uniqueverticestriangles.h	md5	5302b5723e18475c30deb03947e5a549	md5	5302b5723e18475c30deb03947e5a549	
unchanged	third_party	header	wildmagic/libfoundation/meshes/wm4uniqueverticestriangles.inl	md5	9de55bf1d359b84fc2746140037ab131	md5	9de55bf1d359b84fc2746140037ab131	
unchanged	third_party	header	wildmagic/libfoundation/meshes/wm4vemanifoldmesh.h	md5	c1dffb87025d21013ce0471fe17da12e	md5	c1dffb87025d21013ce0471fe17da12e	
unchanged	third_party	header	wildmagic/libfoundation/meshes/wm4vemanifoldmesh.inl	md5	307a510d872bdcb4b9c2d3c5cfcd08a4	md5	307a510d872bdcb4b9c2d3c5cfcd08a4	
unchanged	third_party	header	wildmagic/libfoundation/meshes/wm4vetmesh.h	md5	c227eab9ab990040ab08f0b34938f336	md5	c227eab9ab990040ab08f0b34938f336	
unchanged	third_party	header	wildmagic/libfoundation/meshes/wm4vetmesh.inl	md5	cd7b129f6b3ea89ecd23a1063685b0a7	md5	cd7b129f6b3ea89ecd23a1063685b0a7	
unchanged	third_party	header	wildmagic/libfoundation/miscellaneous/wm4gridgraph2.h	md5	00e46afbea159f8cec6ddb01c8257d22	md5	00e46afbea159f8cec6ddb01c8257d22	
unchanged	third_party	header	wildmagic/libfoundation/miscellaneous/wm4normalcompression.h	md5	5b161b287a741dcf76e13c6c9bd28fb0	md5	5b161b287a741dcf76e13c6c9bd28fb0	
unchanged	third_party	header	wildmagic/libfoundation/miscellaneous/wm4perspprojellipsoid.h	md5	d7020bfb4712de29134184e2dca4ea3c	md5	d7020bfb4712de29134184e2dca4ea3c	
unchanged	third_party	header	wildmagic/libfoundation/miscellaneous/wm4quadtoquadtransforms.h	md5	efd63addf9979a25c9203525d8f28aa4	md5	efd63addf9979a25c9203525d8f28aa4	
unchanged	third_party	header	wildmagic/libfoundation/miscellaneous/wm4randomhypersphere.h	md5	0d0ab73c840011e409cc6ba2ab27eebe	md5	0d0ab73c840011e409cc6ba2ab27eebe	
unchanged	third_party	header	wildmagic/libfoundation/miscellaneous/wm4tangentstocircles.h	md5	7df3c5a1a43c45ec357db7a6601b99d5	md5	7df3c5a1a43c45ec357db7a6601b99d5	
unchanged	third_party	header	wildmagic/libfoundation/numericalanalysis/wm4bisect1.h	md5	3fcf1b9d62abcbbacf51cce56b970576	md5	3fcf1b9d62abcbbacf51cce56b970576	
unchanged	third_party	header	wildmagic/libfoundation/numericalanalysis/wm4bisect2.h	md5	a8f2c5e118d3de65598c2e0447566d0b	md5	a8f2c5e118d3de65598c2e0447566d0b	
unchanged	third_party	header	wildmagic/libfoundation/numericalanalysis/wm4bisect3.h	md5	b162388de37cd247032fb5e91b5256d3	md5	b162388de37cd247032fb5e91b5256d3	
unchanged	third_party	source	wildmagic/libfoundation/numericalanalysis/wm4eigen.cpp	md5	be9e12dbd775c61a1f322e72444872e8	md5	be9e12dbd775c61a1f322e72444872e8	
unchanged	third_party	header	wildmagic/libfoundation/numericalanalysis/wm4eigen.h	md5	e0522e2f3bfec6e15f35e5369076666a	md5	e0522e2f3bfec6e15f35e5369076666a	
unchanged	third_party	header	wildmagic/libfoundation/numericalanalysis/wm4integrate1.h	md5	fb70094269a769870cec15ff2b0fbf78	md5	fb70094269a769870cec15ff2b0fbf78	
unchanged	third_party	header	wildmagic/libfoundation/numericalanalysis/wm4linearsystem.h	md5	7ca5a132751976d5a915317bdbe19349	md5	7ca5a132751976d5a915317bdbe19349	
unchanged	third_party	header	wildmagic/libfoundation/numericalanalysis/wm4minimize1.h	md5	a156de6609eb32b4416d3ef904b25198	md5	a156de6609eb32b4416d3ef904b25198	
unchanged	third_party	header	wildmagic/libfoundation/numericalanalysis/wm4minimizen.h	md5	60e864b06a5886e9b90593be299b1174	md5	60e864b06a5886e9b90593be299b1174	
unchanged	third_party	header	wildmagic/libfoundation/numericalanalysis/wm4noniterativeeigen3x3.h	md5	b4283a0500e25f99ab124c5da7bf35c4	md5	b4283a0500e25f99ab124c5da7bf35c4	
unchanged	third_party	header	wildmagic/libfoundation/numericalanalysis/wm4odeeuler.h	md5	240d5e84d037fa9afacdaed69cbf1e6e	md5	240d5e84d037fa9afacdaed69cbf1e6e	
unchanged	third_party	header	wildmagic/libfoundation/numericalanalysis/wm4odeimpliciteuler.h	md5	e7c793679ab9ff164d72128b3e40f70a	md5	e7c793679ab9ff164d72128b3e40f70a	
unchanged	third_party	header	wildmagic/libfoundation/numericalanalysis/wm4odemidpoint.h	md5	12801f9d126cf00d8ba5f0c149ab89c3	md5	12801f9d126cf00d8ba5f0c149ab89c3	
unchanged	third_party	header	wildmagic/libfoundation/numericalanalysis/wm4oderungekutta4.h	md5	bdb990e169393fd4f016a9d8a7a3d171	md5	bdb990e169393fd4f016a9d8a7a3d171	
unchanged	third_party	header	wildmagic/libfoundation/numericalanalysis/wm4odesolver.h	md5	f1ba858ca600ae9b7832178665847402	md5	f1ba858ca600ae9b7832178665847402	
unchanged	third_party	header	wildmagic/libfoundation/numericalanalysis/wm4polynomialroots.h	md5	58dbcf690e6b20a96296a1ca7dcf9933	md5	58dbcf690e6b20a96296a1ca7dcf9933	
unchanged	third_party	header	wildmagic/libfoundation/numericalanalysis/wm4polynomialrootsr.h	md5	39b4d8f08439f6c5c758ef141c20b4d4	md5	39b4d8f08439f6c5c758ef141c20b4d4	
unchanged	third_party	header	wildmagic/libfoundation/surfaces/wm4bsplinerectangle.h	md5	9d456c34b109d3237014002f6edb5025	md5	9d456c34b109d3237014002f6edb5025	
unchanged	third_party	header	wildmagic/libfoundation/surfaces/wm4bsplinesurfacefit.h	md5	dbb8216347a7ae562d065054ca26f7d3	md5	dbb8216347a7ae562d065054ca26f7d3	
unchanged	third_party	header	wildmagic/libfoundation/surfaces/wm4implicitsurface.h	md5	e0acc701690e258c5fda27c80a4c192c	md5	e0acc701690e258c5fda27c80a4c192c	
unchanged	third_party	header	wildmagic/libfoundation/surfaces/wm4nurbsrectangle.h	md5	8dcd091286648486a58470673584dce5	md5	8dcd091286648486a58470673584dce5	
unchanged	third_party	header	wildmagic/libfoundation/surfaces/wm4parametricsurface.h	md5	ca6f8085c9a2a909f7f2be515408ae70	md5	ca6f8085c9a2a909f7f2be515408ae70	
unchanged	third_party	header	wildmagic/libfoundation/surfaces/wm4quadricsurface.h	md5	e03b61898e8aef5b74e38b690765a86e	md5	e03b61898e8aef5b74e38b690765a86e	
unchanged	third_party	header	wildmagic/libfoundation/surfaces/wm4surface.h	md5	8feb9440e14a500f976c5f47903d0639	md5	8feb9440e14a500f976c5f47903d0639	
unchanged	third_party	header	wildmagic/libfoundation/system/wm4command.h	md5	7a552cc427e7b69a692d03b5f2a30fb6	md5	7a552cc427e7b69a692d03b5f2a30fb6	
unchanged	third_party	header	wildmagic/libfoundation/system/wm4memory.h	md5	7f0c7054187469ee254e69747ce79116	md5	7f0c7054187469ee254e69747ce79116	
unchanged	third_party	header	wildmagic/libfoundation/system/wm4platforms.h	md5	401cdffc6b9a86f361e2c6f1b91d8140	md5	401cdffc6b9a86f361e2c6f1b91d8140	
unchanged	third_party	source	wildmagic/libfoundation/system/wm4system.cpp	md5	6bc307b766b0f2ea03d0a7d443f4fd39	md5	6bc307b766b0f2ea03d0a7d443f4fd39	
unchanged	third_party	header	wildmagic/libfoundation/system/wm4system.h	md5	2d0373633820c643541ec429b2cdb7f7	md5	2d0373633820c643541ec429b2cdb7f7	
unchanged	third_party	header	wildmagic/libfoundation/system/wm4system.inl	md5	1aec8e055a405ab81caf87d73ea40f43	md5	1aec8e055a405ab81caf87d73ea40f43	
unchanged	third_party	header	wildmagic/libfoundation/system/wm4thashset.h	md5	49445293a6aa2bb39845b502b67f8ea5	md5	49445293a6aa2bb39845b502b67f8ea5	
unchanged	third_party	header	wildmagic/libfoundation/system/wm4thashset.inl	md5	de9404b32b892c9190f9b77d44776259	md5	de9404b32b892c9190f9b77d44776259	
unchanged	third_party	header	wildmagic/libfoundation/system/wm4thashtable.h	md5	f97b971a93e2985ed83a53403ac9e0e6	md5	f97b971a93e2985ed83a53403ac9e0e6	
unchanged	third_party	header	wildmagic/libfoundation/system/wm4thashtable.inl	md5	076f915063ed9f731d380b1328580b22	md5	076f915063ed9f731d380b1328580b22	
unchanged	third_party	header	wildmagic/libfoundation/system/wm4tminheap.h	md5	a544ea1e8f12f8cd10da9809d85d129a	md5	a544ea1e8f12f8cd10da9809d85d129a	
unchanged	third_party	header	wildmagic/libfoundation/system/wm4tminheap.inl	md5	9de73a6497711f6b10236f836ca1f8a7	md5	9de73a6497711f6b10236f836ca1f8a7	
unchanged	third_party	header	wildmagic/libfoundation/system/wm4tsmallunorderedset.h	md5	85ee0365dc97efda39f1020079d8a03f	md5	85ee0365dc97efda39f1020079d8a03f	
unchanged	third_party	header	wildmagic/libfoundation/system/wm4tsmallunorderedset.inl	md5	80db89677381c180700143e3ce7909b6	md5	80db89677381c180700143e3ce7909b6	
unchanged	third_party	header	wildmagic/libfoundation/system/wm4tstringhashtable.h	md5	6941e0be0397bb131490ba5fca03dd5c	md5	6941e0be0397bb131490ba5fca03dd5c	
unchanged	third_party	header	wildmagic/libfoundation/system/wm4tstringhashtable.inl	md5	980c5a910b2d1643c7f8b9e150e7b911	md5	980c5a910b2d1643c7f8b9e150e7b911	
unchanged	third_party	header	wildmagic/libfoundation/system/wm4ttuple.h	md5	25ce135108aa8241b085cc3d0a469c6b	md5	25ce135108aa8241b085cc3d0a469c6b	
unchanged	third_party	header	wildmagic/libfoundation/system/wm4ttuple.inl	md5	58ab01cef01eef9dadcda29f433c62ab	md5	58ab01cef01eef9dadcda29f433c62ab	
unchanged	third_party	header	wildmagic/libfoundation/wm4foundation.h	md5	9a35f434a24a5ff7e778f9d698c5fa2a	md5	9a35f434a24a5ff7e778f9d698c5fa2a	
unchanged	third_party	header	wildmagic/libfoundation/wm4foundationlib.h	md5	40f54006b221219a25ad94dae30fb349	md5	40f54006b221219a25ad94dae30fb349	
unchanged	third_party	source	wildmagic/libfoundation/wm4foundationpch.cpp	md5	4e2d4f94de72f3896a490c2f70e62a9e	md5	4e2d4f94de72f3896a490c2f70e62a9e	
unchanged	third_party	header	wildmagic/libfoundation/wm4foundationpch.h	md5	37e2d330ab0f0fc64a7ae299c46ce9a7	md5	37e2d330ab0f0fc64a7ae299c46ce9a7	
unchanged	third_party	header	wildmagic/sdk/include/wm4box2.h	md5	76488ee763fe333a48c7e8d50c809dbd	md5	76488ee763fe333a48c7e8d50c809dbd	
unchanged	third_party	header	wildmagic/sdk/include/wm4box2.inl	md5	7b12db9ba2a14b571008fda08007638b	md5	7b12db9ba2a14b571008fda08007638b	
unchanged	third_party	header	wildmagic/sdk/include/wm4box3.h	md5	32c6375e6ce03e853b13bade53e8d262	md5	32c6375e6ce03e853b13bade53e8d262	
unchanged	third_party	header	wildmagic/sdk/include/wm4box3.inl	md5	e461aed8ce9696404f00e71698200620	md5	e461aed8ce9696404f00e71698200620	
unchanged	third_party	header	wildmagic/sdk/include/wm4contbox2.h	md5	869fcabe8a31e9e328e04371dbf1558a	md5	869fcabe8a31e9e328e04371dbf1558a	
unchanged	third_party	header	wildmagic/sdk/include/wm4contbox3.h	md5	9c9a12f25f08e4621205bb72ad1e04db	md5	9c9a12f25f08e4621205bb72ad1e04db	
unchanged	third_party	header	wildmagic/sdk/include/wm4foundationlib.h	md5	40f54006b221219a25ad94dae30fb349	md5	40f54006b221219a25ad94dae30fb349	
unchanged	third_party	header	wildmagic/sdk/include/wm4math.h	md5	2dfc5463fd19cb3e8e2c5553ca3da2ff	md5	2dfc5463fd19cb3e8e2c5553ca3da2ff	
unchanged	third_party	header	wildmagic/sdk/include/wm4math.inl	md5	f50c6ba3c16c8ba29b4e870cea36b28e	md5	f50c6ba3c16c8ba29b4e870cea36b28e	
unchanged	third_party	header	wildmagic/sdk/include/wm4mathmcr.h	md5	e200c82d820f7cc4c3f23d866a90a893	md5	e200c82d820f7cc4c3f23d866a90a893	
unchanged	third_party	header	wildmagic/sdk/include/wm4memory.h	md5	7f0c7054187469ee254e69747ce79116	md5	7f0c7054187469ee254e69747ce79116	
unchanged	third_party	header	wildmagic/sdk/include/wm4platforms.h	md5	401cdffc6b9a86f361e2c6f1b91d8140	md5	401cdffc6b9a86f361e2c6f1b91d8140	
unchanged	third_party	header	wildmagic/sdk/include/wm4query.h	md5	69b4cd1b2c481874d162d6671e8d6dad	md5	69b4cd1b2c481874d162d6671e8d6dad	
unchanged	third_party	header	wildmagic/sdk/include/wm4system.h	md5	2d0373633820c643541ec429b2cdb7f7	md5	2d0373633820c643541ec429b2cdb7f7	
unchanged	third_party	header	wildmagic/sdk/include/wm4system.inl	md5	1aec8e055a405ab81caf87d73ea40f43	md5	1aec8e055a405ab81caf87d73ea40f43	
unchanged	third_party	header	wildmagic/sdk/include/wm4thashset.h	md5	49445293a6aa2bb39845b502b67f8ea5	md5	49445293a6aa2bb39845b502b67f8ea5	
unchanged	third_party	header	wildmagic/sdk/include/wm4thashset.inl	md5	de9404b32b892c9190f9b77d44776259	md5	de9404b32b892c9190f9b77d44776259	
unchanged	third_party	header	wildmagic/sdk/include/wm4thashtable.h	md5	f97b971a93e2985ed83a53403ac9e0e6	md5	f97b971a93e2985ed83a53403ac9e0e6	
unchanged	third_party	header	wildmagic/sdk/include/wm4thashtable.inl	md5	076f915063ed9f731d380b1328580b22	md5	076f915063ed9f731d380b1328580b22	
unchanged	third_party	header	wildmagic/sdk/include/wm4tminheap.h	md5	a544ea1e8f12f8cd10da9809d85d129a	md5	a544ea1e8f12f8cd10da9809d85d129a	
unchanged	third_party	header	wildmagic/sdk/include/wm4tminheap.inl	md5	9de73a6497711f6b10236f836ca1f8a7	md5	9de73a6497711f6b10236f836ca1f8a7	
unchanged	third_party	header	wildmagic/sdk/include/wm4tsmallunorderedset.h	md5	85ee0365dc97efda39f1020079d8a03f	md5	85ee0365dc97efda39f1020079d8a03f	
unchanged	third_party	header	wildmagic/sdk/include/wm4tsmallunorderedset.inl	md5	80db89677381c180700143e3ce7909b6	md5	80db89677381c180700143e3ce7909b6	
unchanged	third_party	header	wildmagic/sdk/include/wm4tstringhashtable.h	md5	6941e0be0397bb131490ba5fca03dd5c	md5	6941e0be0397bb131490ba5fca03dd5c	
unchanged	third_party	header	wildmagic/sdk/include/wm4tstringhashtable.inl	md5	980c5a910b2d1643c7f8b9e150e7b911	md5	980c5a910b2d1643c7f8b9e150e7b911	
unchanged	third_party	header	wildmagic/sdk/include/wm4ttuple.h	md5	25ce135108aa8241b085cc3d0a469c6b	md5	25ce135108aa8241b085cc3d0a469c6b	
unchanged	third_party	header	wildmagic/sdk/include/wm4ttuple.inl	md5	58ab01cef01eef9dadcda29f433c62ab	md5	58ab01cef01eef9dadcda29f433c62ab	
unchanged	third_party	header	wildmagic/sdk/include/wm4vector2.h	md5	fc6c1d5d867cab025a68dd9c853ee1ff	md5	fc6c1d5d867cab025a68dd9c853ee1ff	
unchanged	third_party	header	wildmagic/sdk/include/wm4vector2.inl	md5	11746c2ec735ebe77614ac932c16fdf1	md5	11746c2ec735ebe77614ac932c16fdf1	
unchanged	third_party	header	wildmagic/sdk/include/wm4vector3.h	md5	b4b4629985bb7c9fd857feb7d85b5362	md5	b4b4629985bb7c9fd857feb7d85b5362	
unchanged	third_party	header	wildmagic/sdk/include/wm4vector3.inl	md5	9a6b2645912e61177686a919a41e16e2	md5	9a6b2645912e61177686a919a41e16e2	
unchanged	third_party	source	zlib/adler32.c	md5	a6e767699d7b6c1c28a2730530aaf1fa	md5	a6e767699d7b6c1c28a2730530aaf1fa	
unchanged	third_party	source	zlib/compress.c	md5	a66706c3d84e02ecdfecc5c4ce874458	md5	a66706c3d84e02ecdfecc5c4ce874458	
unchanged	third_party	source	zlib/crc32.c	md5	5bfb1ece1f5a71771ac89bb98d99ca3c	md5	5bfb1ece1f5a71771ac89bb98d99ca3c	
unchanged	third_party	header	zlib/crc32.h	md5	4d1cfa258e52f3f91b09afdba248fec5	md5	4d1cfa258e52f3f91b09afdba248fec5	
unchanged	third_party	source	zlib/deflate.c	md5	7bf96f81234d6a384c15f13f7f4b7759	md5	7bf96f81234d6a384c15f13f7f4b7759	
unchanged	third_party	header	zlib/deflate.h	md5	559347a9c7a3955d2c654ec2a9dc482f	md5	559347a9c7a3955d2c654ec2a9dc482f	
unchanged	third_party	source	zlib/inffast.c	md5	962b35b2eed3bf72d26eedd0f68e16a3	md5	962b35b2eed3bf72d26eedd0f68e16a3	
unchanged	third_party	header	zlib/inffast.h	md5	6829902d95364faa2e740e7359a50c30	md5	6829902d95364faa2e740e7359a50c30	
unchanged	third_party	header	zlib/inffixed.h	md5	28aabce27feb2810caf634a39abb9d8b	md5	28aabce27feb2810caf634a39abb9d8b	
unchanged	third_party	source	zlib/inflate.c	md5	9132e0c3c8f19d887904d8ba81446a33	md5	9132e0c3c8f19d887904d8ba81446a33	
unchanged	third_party	header	zlib/inflate.h	md5	33ea38bfbc068b14f1931aff7cce56ac	md5	33ea38bfbc068b14f1931aff7cce56ac	
unchanged	third_party	source	zlib/inftrees.c	md5	a6a36b368661bdabf81b1fe66f3e1831	md5	a6a36b368661bdabf81b1fe66f3e1831	
unchanged	third_party	header	zlib/inftrees.h	md5	438e654ab8fe4725813cfa33107c2863	md5	438e654ab8fe4725813cfa33107c2863	
unchanged	third_party	source	zlib/trees.c	md5	dff7366a93335d5efc87daeb99ca9a6c	md5	dff7366a93335d5efc87daeb99ca9a6c	
unchanged	third_party	header	zlib/trees.h	md5	9c26c55c8a5b7121850f83947a523c04	md5	9c26c55c8a5b7121850f83947a523c04	
unchanged	third_party	header	zlib/zconf.h	md5	d0b5d7082e4506c4f500d073fde64911	md5	d0b5d7082e4506c4f500d073fde64911	
unchanged	third_party	header	zlib/zlib.h	md5	9c4b84aff68aa55f2e9bf70481b94333	md5	9c4b84aff68aa55f2e9bf70481b94333	
unchanged	third_party	source	zlib/zutil.c	md5	4156c94cdfd9c48c4246fe4ee160f96c	md5	4156c94cdfd9c48c4246fe4ee160f96c	
unchanged	third_party	header	zlib/zutil.h	md5	2730c61c8df16928ff7a9610fe7763b4	md5	2730c61c8df16928ff7a9610fe7763b4	
