md5	31dae5b6ebb9e4e325a0a396fbfe7510	boost/aligned_storage.hpp
md5	82302fcac1308c4e8c761a8e69b43f3e	boost/array.hpp
md5	8dad142366e10e56236c6cb7a6edd207	boost/asio.hpp
md5	10f6bf7427a366b5b1bb72157a70f54f	boost/asio/basic_datagram_socket.hpp
md5	713137d02baf93b8d2aa3ce1c91220ab	boost/asio/basic_deadline_timer.hpp
md5	2015299f6f5d9052380ec601868ee948	boost/asio/basic_io_object.hpp
md5	9965103c0c8ab20537f457985b106210	boost/asio/basic_raw_socket.hpp
md5	2855161432d403adfc72623650122a16	boost/asio/basic_seq_packet_socket.hpp
md5	74d958ad65798779e769f57acc60ff63	boost/asio/basic_serial_port.hpp
md5	5c9b5b1f7f436ac4824a71d57e6121ba	boost/asio/basic_signal_set.hpp
md5	cd0ab984778bed4ec8e64c6e811995ce	boost/asio/basic_socket.hpp
md5	6e10e1199bac056d97d1be7b8c81927a	boost/asio/basic_socket_acceptor.hpp
md5	b284116be64936b3fac0af120663b377	boost/asio/basic_socket_iostream.hpp
md5	6a04de3ec376d2c46975eaf71fd2151d	boost/asio/basic_socket_streambuf.hpp
md5	c437f09b8898076e8c380b7cca544828	boost/asio/basic_stream_socket.hpp
md5	036bfe2e802efc97dc05fbf5ea0f2a6c	boost/asio/basic_streambuf.hpp
md5	d486dd64a5eaf274e7720b45f8990ced	boost/asio/basic_streambuf_fwd.hpp
md5	329909d5989b25d43e99a3c8b7edf173	boost/asio/buffer.hpp
md5	e0fff6d44b9c24d9fca4c5ffef387a91	boost/asio/buffered_read_stream.hpp
md5	01668311b272d55023a7fb54f3bcbfdd	boost/asio/buffered_read_stream_fwd.hpp
md5	b5be9d7b7de68f12844453e60b763031	boost/asio/buffered_stream.hpp
md5	c2a41af21a11a13985aef79c9bfd1934	boost/asio/buffered_stream_fwd.hpp
md5	317674ffc06e8edd86ad335600a14e3e	boost/asio/buffered_write_stream.hpp
md5	e046bd5a3163d2bdc308c71cb6a78610	boost/asio/buffered_write_stream_fwd.hpp
md5	5f3aa9aba0c7fcbe6bf5e355ed079f71	boost/asio/buffers_iterator.hpp
md5	e6c295bbeed9864d74f5f10457e374d6	boost/asio/completion_condition.hpp
md5	d79935fabdbe2d4a3ba0af30570825b3	boost/asio/connect.hpp
md5	8780ffb02fa2a8b7307d2c17a46af3d7	boost/asio/datagram_socket_service.hpp
md5	a3c046e8b13afd4d7dd81f5fdd810cf0	boost/asio/deadline_timer.hpp
md5	63b3c5ea0525af906ab4d42b5ef04432	boost/asio/deadline_timer_service.hpp
md5	36f7972a2771823bdca33c7b75c12cd5	boost/asio/detail/array.hpp
md5	1bc75b555899722ce3f7c174f106c244	boost/asio/detail/array_fwd.hpp
md5	d63a43568cc3262663e66b56ce422919	boost/asio/detail/base_from_completion_cond.hpp
md5	0d38a6ca3d86eebd5d5cbd9afe4766de	boost/asio/detail/bind_handler.hpp
md5	468187b6b89bcf554a107cd1cceff54d	boost/asio/detail/buffer_resize_guard.hpp
md5	6ff6a9bbf95eb01e1858830471d61432	boost/asio/detail/buffer_sequence_adapter.hpp
md5	1395345a993e2c733451768c2a92141a	boost/asio/detail/buffered_stream_storage.hpp
md5	3189940dfd99cdeb96762a2630811d83	boost/asio/detail/call_stack.hpp
md5	6130096c38cc740ccba891385e2ec2b4	boost/asio/detail/completion_handler.hpp
md5	1ccd9b0da771f17767957e77eea62c9f	boost/asio/detail/config.hpp
md5	d7ea1cc1749ca7b418928c1b6489128d	boost/asio/detail/consuming_buffers.hpp
md5	dc66758b08ae67aa9194a124783414db	boost/asio/detail/deadline_timer_service.hpp
md5	e81d160a566dc429423c7ace5d58d389	boost/asio/detail/dependent_type.hpp
md5	727f1c6ee262d8d36566a3ffe314a7df	boost/asio/detail/fd_set_adapter.hpp
md5	a9a479f734a90a8cdc81ca4a5314049b	boost/asio/detail/fenced_block.hpp
md5	88715ea616eb90ec365f1555f8aefc50	boost/asio/detail/handler_alloc_helpers.hpp
md5	16a950ac16142da406b7238b5260b401	boost/asio/detail/handler_invoke_helpers.hpp
md5	4402a4b98799abdea3832b204aa8de20	boost/asio/detail/handler_tracking.hpp
md5	804d24487555c0781b0807bda51a5aca	boost/asio/detail/handler_type_requirements.hpp
md5	9dab3f11d496c56072a2a23d7d89b6e7	boost/asio/detail/hash_map.hpp
md5	e1870715e33954e65ce60b14bbe37261	boost/asio/detail/impl/handler_tracking.ipp
md5	d7ffcea76d66811ef1c6bb1242aa1575	boost/asio/detail/impl/resolver_service_base.ipp
md5	9519f9b1a0d67b4d0fa8a361cfed2238	boost/asio/detail/impl/select_reactor.hpp
md5	4f7604f6f0b9fec622567978b9f8db7c	boost/asio/detail/impl/select_reactor.ipp
md5	e947b6075cb7767aba37ba5a41944ffc	boost/asio/detail/impl/service_registry.hpp
md5	ee2fe0bcef5cdcf109c28d7bc9ecc16d	boost/asio/detail/impl/service_registry.ipp
md5	99ead9fa879af5cecfc2dffe267dc93f	boost/asio/detail/impl/signal_set_service.ipp
md5	79de79fbb6c78a892e00cad3379df39b	boost/asio/detail/impl/socket_ops.ipp
md5	ed7b9a5f80b1d5b5928dbdae2aee583a	boost/asio/detail/impl/socket_select_interrupter.ipp
md5	9f1b64785100857aecfd5bcbff7468a9	boost/asio/detail/impl/strand_service.hpp
md5	2d694451f39134c48fdb353d57007a19	boost/asio/detail/impl/strand_service.ipp
md5	120e7c2fc2dc55c4c355e775aa59ae25	boost/asio/detail/impl/throw_error.ipp
md5	bd9cd554069a7b70a7f7d6b2975e838b	boost/asio/detail/impl/timer_queue_set.ipp
md5	554dbf3433dec04cb7628a6ec250e32d	boost/asio/detail/impl/win_iocp_handle_service.ipp
md5	9936ac95a9d1dfefebd9971e1e2e069d	boost/asio/detail/impl/win_iocp_io_service.hpp
md5	de7339afbf2dcf6c009402c1c4729a0a	boost/asio/detail/impl/win_iocp_io_service.ipp
md5	db7a0bd793052de9526d54a23c6fd6eb	boost/asio/detail/impl/win_iocp_serial_port_service.ipp
md5	88e72d53cb17d9ad248f8cfcee63dcfe	boost/asio/detail/impl/win_iocp_socket_service_base.ipp
md5	4f87aeeac4aac1c86d259546ae43cdd4	boost/asio/detail/impl/win_mutex.ipp
md5	85d32824196132675857a20a236671fc	boost/asio/detail/impl/win_static_mutex.ipp
md5	ca5018733e203afef36135642145ddff	boost/asio/detail/impl/win_thread.ipp
md5	6703c3b7f8ec45520bbc05ebf0886b12	boost/asio/detail/impl/win_tss_ptr.ipp
md5	44a8b0ab492eec2c7c437766d7548aab	boost/asio/detail/impl/winsock_init.ipp
md5	21510a5f14eeafb9bac6774dfcb04793	boost/asio/detail/io_control.hpp
md5	7c0e068e6f2d987b3bddac4d5e8ff6c8	boost/asio/detail/mutex.hpp
md5	c9cd8ad867e345b98b7b4b55aa02f680	boost/asio/detail/noncopyable.hpp
md5	c53610e606e3254c250d07872f15ad50	boost/asio/detail/null_signal_blocker.hpp
md5	6f3670f604ac436cb5d72e27feab6c7d	boost/asio/detail/old_win_sdk_compat.hpp
md5	bbbb14bc8a3f90fcc83bb2b7cf850635	boost/asio/detail/op_queue.hpp
md5	90266096fea8273bb4d1b111b15cf946	boost/asio/detail/operation.hpp
md5	8306e9463629d10c40bf9e454995c1a9	boost/asio/detail/pop_options.hpp
md5	6d1ecaa2365d431ba9b9d8ae77251525	boost/asio/detail/posix_fd_set_adapter.hpp
md5	3bf8d4a676b263f1bbcf44d005f14f25	boost/asio/detail/push_options.hpp
md5	14f6f8beebb3ed8ed753b3ff76660239	boost/asio/detail/reactive_serial_port_service.hpp
md5	f46a8a07ebb9ae5f5b5ea12893dfbfeb	boost/asio/detail/reactive_socket_connect_op.hpp
md5	bf91f06e3a9e0b77b66a0a84a6fdddd2	boost/asio/detail/reactor.hpp
md5	c8c3d3d0a7899b7f0144a05e30a0fa1a	boost/asio/detail/reactor_fwd.hpp
md5	51626836cdf8e9a766f1464d4fa44046	boost/asio/detail/reactor_op.hpp
md5	d07b6d9edfb2641efcb9f54b47bde7a0	boost/asio/detail/reactor_op_queue.hpp
md5	6db7b5e38abd0e555def9f60295c9e91	boost/asio/detail/regex_fwd.hpp
md5	6ea3d910e73264fa4c1b1f817e3cc1de	boost/asio/detail/resolve_endpoint_op.hpp
md5	7f507cc540d83bf9303cbdefe6b836ca	boost/asio/detail/resolve_op.hpp
md5	ad66bf00748a5e81ac4b6d73ca6b9dbc	boost/asio/detail/resolver_service.hpp
md5	fae717a32f88a35c99cba787d797e477	boost/asio/detail/resolver_service_base.hpp
md5	5db1ea085e17a5be7eafc5f74a6b73c5	boost/asio/detail/scoped_lock.hpp
md5	9f0e63d8bd0a670fb74aa45ce12fbdab	boost/asio/detail/scoped_ptr.hpp
md5	5059b7bd98071995b0fd5b1732b77288	boost/asio/detail/select_interrupter.hpp
md5	c9b197993c4943483f04d289f7885785	boost/asio/detail/select_reactor.hpp
md5	04dcec6b787849cb89bccc9db373b1b0	boost/asio/detail/select_reactor_fwd.hpp
md5	d377abbb65ecb1fd57f5d3ef7b93c9aa	boost/asio/detail/service_registry.hpp
md5	182f0db7e48289f00d12211df1eed36a	boost/asio/detail/service_registry_fwd.hpp
md5	b3daa99c7c98607d5b56e0881af829a0	boost/asio/detail/shared_ptr.hpp
md5	0a9c732e2c9a26b9fbbeab8c5e70a121	boost/asio/detail/signal_blocker.hpp
md5	c01ae13645dc402f3dcf6bbc2886f5b1	boost/asio/detail/signal_handler.hpp
md5	4cd28533481d5d9d83a51f1200383f8b	boost/asio/detail/signal_op.hpp
md5	6c3b1b98c0a8c3cd7f9c0f16e65a9633	boost/asio/detail/signal_set_service.hpp
md5	024a35194845a00aa40c7be194f754a3	boost/asio/detail/socket_holder.hpp
md5	c71c65061a09fd866e5eeea8c2ba236c	boost/asio/detail/socket_ops.hpp
md5	203b415a093a92715c1f43ee6a9290b3	boost/asio/detail/socket_option.hpp
md5	57aa1dd38f4df1b425b591443a9b3981	boost/asio/detail/socket_select_interrupter.hpp
md5	11ff285fe269bb4ae4afd6b8d293c57d	boost/asio/detail/socket_types.hpp
md5	842694497948252bf62a86083eb38181	boost/asio/detail/static_mutex.hpp
md5	63af6ff54dd0deffaac02fd819a96bfb	boost/asio/detail/strand_service.hpp
md5	d05c8f57baa9583fe1d477188d9da8eb	boost/asio/detail/thread.hpp
md5	6c8d49a78f2940f78ddd263316f5b1fe	boost/asio/detail/throw_error.hpp
md5	f6ded3074e568afea838a082d39a30a8	boost/asio/detail/timer_op.hpp
md5	98bf6750012018b7bb25ed0dd339979b	boost/asio/detail/timer_queue.hpp
md5	4412bdd2f9322071a2f5d13fa02b1895	boost/asio/detail/timer_queue_base.hpp
md5	f1da13395746e67e0a7fd4cf3bdf6adc	boost/asio/detail/timer_queue_fwd.hpp
md5	6469e496d53bf7eb368849de2c395850	boost/asio/detail/timer_queue_set.hpp
md5	bc448025b820fff3e80665be6c79b590	boost/asio/detail/timer_scheduler.hpp
md5	ea7295068a7d83efd051de7702a17899	boost/asio/detail/timer_scheduler_fwd.hpp
md5	8306926622b3f7cd4929d0a0242707a8	boost/asio/detail/tss_ptr.hpp
md5	f98ec40b81d71ced0d4c5771bf0413e0	boost/asio/detail/wait_handler.hpp
md5	9b97316a3df6d0fcfc8548a11d859445	boost/asio/detail/weak_ptr.hpp
md5	c18020a3904a8102b44e9fa03668e45e	boost/asio/detail/win_fd_set_adapter.hpp
md5	e10b9b965d1e60c142fb29c35a4233a6	boost/asio/detail/win_fenced_block.hpp
md5	3bef6b1d7f9c0c2f192b48642dd9ee63	boost/asio/detail/win_iocp_handle_read_op.hpp
md5	0ea9e5d0c3aa7bf5d45c88f5a7af0f03	boost/asio/detail/win_iocp_handle_service.hpp
md5	63391568587000392aeb94eda349b7c3	boost/asio/detail/win_iocp_handle_write_op.hpp
md5	0a6d0766623189d88d7e5c8b90f291e0	boost/asio/detail/win_iocp_io_service.hpp
md5	7d572c412531896f238edd12058c6dba	boost/asio/detail/win_iocp_io_service_fwd.hpp
md5	a0171302396c89ff8f6463e6b6deb0c3	boost/asio/detail/win_iocp_null_buffers_op.hpp
md5	d2a184fab13521a04b7a016f1edfed6e	boost/asio/detail/win_iocp_operation.hpp
md5	c45a8308ca7797a60abd8ceca4f4ee11	boost/asio/detail/win_iocp_overlapped_op.hpp
md5	3ea01d68ece721edb839d1e06249d440	boost/asio/detail/win_iocp_overlapped_ptr.hpp
md5	cebad0e6685b70b4c491cdec67cc006e	boost/asio/detail/win_iocp_serial_port_service.hpp
md5	5614b55c1d66218d304a75d634de56cc	boost/asio/detail/win_iocp_socket_accept_op.hpp
md5	9a2a19573efabc1a9f22e79461af9ddd	boost/asio/detail/win_iocp_socket_recv_op.hpp
md5	78734243ecef46c4321ac3295d36757a	boost/asio/detail/win_iocp_socket_recvfrom_op.hpp
md5	5c97d04ca6d3f0c0081ce13de3474f64	boost/asio/detail/win_iocp_socket_recvmsg_op.hpp
md5	cb2e9aa260b10749dc7dd20668a5cfb4	boost/asio/detail/win_iocp_socket_send_op.hpp
md5	6f24eff407f771fda3b12c51e9b5e1cb	boost/asio/detail/win_iocp_socket_service.hpp
md5	d76491126f9210f3dbd40de84a179d17	boost/asio/detail/win_iocp_socket_service_base.hpp
md5	a0d71e2e701bdce8c9e9c73ff5ea7953	boost/asio/detail/win_mutex.hpp
md5	7210ef6c93a37df0f5b90ed957839ba7	boost/asio/detail/win_static_mutex.hpp
md5	d6806c93c6de97f127e7a2eedd21637a	boost/asio/detail/win_thread.hpp
md5	6992465c4a144a00b8ce9951b3058d63	boost/asio/detail/win_tss_ptr.hpp
md5	7fd1b0c0728d116e72f668a5cf311dda	boost/asio/detail/winsock_init.hpp
md5	29ea4250193238f5073ecd1c908e2ffc	boost/asio/detail/wrapped_handler.hpp
md5	c48a45ce7e054c2d9b297f729e8481f2	boost/asio/error.hpp
md5	4b9e0c9ef29b8f7694c0ee491cd6f695	boost/asio/handler_alloc_hook.hpp
md5	98d64f1db2d36351cfcdfeb36d75addf	boost/asio/handler_invoke_hook.hpp
md5	0184af7e1c63b19eab1a85ace392e3b4	boost/asio/impl/connect.hpp
md5	a020030ffc1b5f19e1ec9bea971836a8	boost/asio/impl/error.ipp
md5	5391371e8351398414c2a8a2aa408548	boost/asio/impl/io_service.hpp
md5	03451632e032a6b5ed0db5ea932f6291	boost/asio/impl/io_service.ipp
md5	84d1f236dc649fbe1e2347959c29f1ea	boost/asio/impl/read.hpp
md5	44ea6cdb18378ed6fe32f3efbe174031	boost/asio/impl/read_at.hpp
md5	b8f3c861de31478b5605ae189f37d8d1	boost/asio/impl/read_until.hpp
md5	162894ac099f883325c73b30644cd0d1	boost/asio/impl/serial_port_base.hpp
md5	25baf9e14a552c4e4ab8de16ce7bacfa	boost/asio/impl/serial_port_base.ipp
md5	482bbca000a81f9f1b96a55eca3c90bf	boost/asio/impl/write.hpp
md5	9d7fd5e222970bd61c99a27d95c7b46a	boost/asio/impl/write_at.hpp
md5	4b058502fc339fd5b468757af7fdb471	boost/asio/io_service.hpp
md5	b530a0a44aca69ee0667495ae7aa029b	boost/asio/ip/address.hpp
md5	0e178a557cd2196dd3b3c5bc4935731f	boost/asio/ip/address_v4.hpp
md5	5121a29a0a71c830fe913efa0a6e114d	boost/asio/ip/address_v6.hpp
md5	d779c82500b99cbc3f9bbc0297c6dbfd	boost/asio/ip/basic_endpoint.hpp
md5	3e5b35ead960d35c7327e1caa62ec6cc	boost/asio/ip/basic_resolver.hpp
md5	c6358adb09352559c7cbf1387b606f50	boost/asio/ip/basic_resolver_entry.hpp
md5	9ae7f0dc4890d6693e732ebe81ea7342	boost/asio/ip/basic_resolver_iterator.hpp
md5	b5996edda7683b88ea3d604d5c70b8ea	boost/asio/ip/basic_resolver_query.hpp
md5	13c41da8d6db3a2363e61b4435c4b9c2	boost/asio/ip/detail/endpoint.hpp
md5	7e2ee4f976ebd538ccfa5b3e046be911	boost/asio/ip/detail/impl/endpoint.ipp
md5	11071423bb8e3bd72bdd011d1af15da7	boost/asio/ip/detail/socket_option.hpp
md5	526017a20444b373aaf5df240ad02e3d	boost/asio/ip/host_name.hpp
md5	36aa3a34d00f0ce0833cf0ed612d6671	boost/asio/ip/icmp.hpp
md5	932de97c1969e22a2c78982821ec9428	boost/asio/ip/impl/address.hpp
md5	a02129e572ca491dcd7419adb716d026	boost/asio/ip/impl/address.ipp
md5	b9d5dc4031c3f650a8e160fbc4c8cd31	boost/asio/ip/impl/address_v4.hpp
md5	f2af1f5359e6cb7c628a88888183a2c7	boost/asio/ip/impl/address_v4.ipp
md5	85072e51aec0b6757024c7a3b0bdc5c9	boost/asio/ip/impl/address_v6.hpp
md5	f19b9e0fd946682fec5ac4b5d2a34345	boost/asio/ip/impl/address_v6.ipp
md5	e0adebf8af5f4572dd63c478c69dfe70	boost/asio/ip/impl/basic_endpoint.hpp
md5	d4ff9acb01405bd4d032f5992363fa60	boost/asio/ip/impl/host_name.ipp
md5	3fafda53499723993bf84142ff29ebac	boost/asio/ip/multicast.hpp
md5	14818ee9d42e44ff41827d85e35ca090	boost/asio/ip/resolver_query_base.hpp
md5	adf51c05f92896efbc15b802a3d2699c	boost/asio/ip/resolver_service.hpp
md5	8086501eb80a41c93218ee9fefd4ea3f	boost/asio/ip/tcp.hpp
md5	58f81e7e7b8a6070a4e5f110c6f42658	boost/asio/ip/udp.hpp
md5	d60dd4f56253b0586fff6f015defa99f	boost/asio/ip/unicast.hpp
md5	49850b46412a4fd7bea6f6a201e99b07	boost/asio/ip/v6_only.hpp
md5	8c3506e9d339073f1254ab8cda85cf97	boost/asio/is_read_buffered.hpp
md5	2465dbcf46e36c2014a1886a82c6c5ae	boost/asio/is_write_buffered.hpp
md5	ed278bb15c9a6e0b79a36cbd68d8726e	boost/asio/local/basic_endpoint.hpp
md5	7769fe8289a518b488cf427bced71806	boost/asio/local/connect_pair.hpp
md5	89d2f7acd8865e15b5f0cf8f5b75f8e7	boost/asio/local/datagram_protocol.hpp
md5	b2537b23da4fae2690e1851188663498	boost/asio/local/stream_protocol.hpp
md5	c9f18eb514d1310f3e94607e27a13f5a	boost/asio/placeholders.hpp
md5	40d527da9e7aa571c6ec41d76bdd4fdd	boost/asio/posix/basic_descriptor.hpp
md5	3b0edfc66dca216ccdf480540bef359f	boost/asio/posix/basic_stream_descriptor.hpp
md5	16fcf523f81709886c0b40ea8df278ef	boost/asio/posix/descriptor_base.hpp
md5	4ad9f5ff2bb7e4cfa2e333f9b80f27a1	boost/asio/posix/stream_descriptor.hpp
md5	a0aa476a36f104d05c1e7d921d3c386d	boost/asio/posix/stream_descriptor_service.hpp
md5	115e22ac916e59995a3260e7dc853604	boost/asio/raw_socket_service.hpp
md5	ad11924ed60287660be436fb4b71cc47	boost/asio/read.hpp
md5	28e36acdce8795fc7079c7cbd2b2c512	boost/asio/read_at.hpp
md5	2b5ae43de4bb6bae7c4f7d182401a468	boost/asio/read_until.hpp
md5	5b94e9c4834a34223194300f1541ba61	boost/asio/seq_packet_socket_service.hpp
md5	06521d73b0e1e1e20a3470ecc00a7f5a	boost/asio/serial_port.hpp
md5	c9b8a6ad2366331f62e8db47de7251ef	boost/asio/serial_port_base.hpp
md5	cf1bdd928566688ea16020c4ac0fc3dc	boost/asio/serial_port_service.hpp
md5	65111421743056a593fccb32cecae958	boost/asio/signal_set.hpp
md5	d720e7399ab3c0664e21133ede654f1b	boost/asio/signal_set_service.hpp
md5	069471851bff05d26f193f4526433af7	boost/asio/socket_acceptor_service.hpp
md5	49973b723ef66f89da081b1711021e54	boost/asio/socket_base.hpp
md5	88122ca8cdfb3dbd4286f87ba422d322	boost/asio/ssl.hpp
md5	72a654c3f7e348e92e1358f09f2387c1	boost/asio/ssl/basic_context.hpp
md5	5fe3b64c86a54f439df30492be822b0b	boost/asio/ssl/context.hpp
md5	f8c66999d7f898bb7527f5ffc6e0f5fb	boost/asio/ssl/context_base.hpp
md5	aa218d6d2c6a232d3b3899831f3a2860	boost/asio/ssl/context_service.hpp
md5	02ec0f21229ef3777834babe09a5edaa	boost/asio/ssl/detail/engine.hpp
md5	ecc891dc7b153865a8f57722ed6a5ad0	boost/asio/ssl/detail/handshake_op.hpp
md5	55b10a4a4cc5aa4c3283287d7da5e4a7	boost/asio/ssl/detail/impl/engine.ipp
md5	5113c2c041154267950abeababca4380	boost/asio/ssl/detail/impl/openssl_init.ipp
md5	58268a9ea517c1ae55427972eb3f3c3c	boost/asio/ssl/detail/io.hpp
md5	58774923bcf7ef28e20bcb1f2edca493	boost/asio/ssl/detail/openssl_init.hpp
md5	045e66392d38137bcfc40f4835f49a42	boost/asio/ssl/detail/openssl_types.hpp
md5	bbc100c5fc0633ccf914bb6b50baaa06	boost/asio/ssl/detail/password_callback.hpp
md5	f40a44e631c0260740d12b6b7f67b6bf	boost/asio/ssl/detail/read_op.hpp
md5	a99021fbd1f4245079cde0dbf70a46dc	boost/asio/ssl/detail/shutdown_op.hpp
md5	e9bae07b36a5990b86dae478ecae22a9	boost/asio/ssl/detail/stream_core.hpp
md5	a7283a16b25a46501b5f0941505f0562	boost/asio/ssl/detail/verify_callback.hpp
md5	4eb1da14d6f4a2a9fe6928db17a9c1f6	boost/asio/ssl/detail/write_op.hpp
md5	38193ae264ce40cce484db706997f04f	boost/asio/ssl/error.hpp
md5	fcfc203e3e1d2b163890207d428e4b17	boost/asio/ssl/impl/context.hpp
md5	6da49627d32cbd32c62fd2c941033d87	boost/asio/ssl/impl/context.ipp
md5	8943e1c342b18cc91c51c5fa66cff007	boost/asio/ssl/impl/error.ipp
md5	5937b6a265e4a0e82ccd8156de1fd80c	boost/asio/ssl/impl/rfc2818_verification.ipp
md5	94f4e72978a9326ddcaf8b3f927c90ca	boost/asio/ssl/rfc2818_verification.hpp
md5	d3544f3b32517a45f118d16e7184ef0b	boost/asio/ssl/stream.hpp
md5	385ab44261fd6409c34b9c1b9dc50f45	boost/asio/ssl/stream_base.hpp
md5	25522ac8db96c46027b5f14a28b12584	boost/asio/ssl/stream_service.hpp
md5	dc67f3ec69a2294e867f32f0052de882	boost/asio/ssl/verify_context.hpp
md5	67192729ca18240c846b1dda96e3c645	boost/asio/ssl/verify_mode.hpp
md5	bc5f71db8a52f8a56de61bc25042367a	boost/asio/strand.hpp
md5	8da4c5b33ace262da73c368b9074f298	boost/asio/stream_socket_service.hpp
md5	06c8bb2d32f86dc0370e3cc43f68a620	boost/asio/streambuf.hpp
md5	2aafee5b2aadd6a8812b8dd37d1494f7	boost/asio/time_traits.hpp
md5	47f4cb2bbc1ee69e8772d1d7e23ad656	boost/asio/version.hpp
md5	612287ddce56cd4c082c26ac85d0b756	boost/asio/windows/basic_handle.hpp
md5	afd9059b7ab4a430d38a868597ee7a42	boost/asio/windows/basic_random_access_handle.hpp
md5	5ce8f3789f4221177e87f3421ee49df4	boost/asio/windows/basic_stream_handle.hpp
md5	cf19d53ec5a7d2c7933371b3d9eb1a3c	boost/asio/windows/overlapped_ptr.hpp
md5	db99e4d850b044ce9741c33972ccb03d	boost/asio/windows/random_access_handle.hpp
md5	70cfb4af23e554616c77e0dec5301907	boost/asio/windows/random_access_handle_service.hpp
md5	8d27e72421d7e8d86d603043537615ae	boost/asio/windows/stream_handle.hpp
md5	f54b2e2afb670cde7d2a3d79ea91a9fd	boost/asio/windows/stream_handle_service.hpp
md5	893e069b251a1b11c3e24deb8751684e	boost/asio/write.hpp
md5	fb5c201df76ad0c820a66c1ff6cd1b2b	boost/asio/write_at.hpp
md5	493ad442910bd31a5e8aa0b02bc20fdf	boost/assert.hpp
md5	ba6716faefe11621a1dd4c27cfa43135	boost/bind.hpp
md5	175616534a9f655ac7053e09db898765	boost/bind/arg.hpp
md5	582ca883df61e110cf03fbabc0b8f7d8	boost/bind/bind.hpp
md5	ab4e15591276c01a0ad31b4d8043a4e0	boost/bind/bind_cc.hpp
md5	3f9bc06db2d6d9800704be285d4514a8	boost/bind/bind_mf2_cc.hpp
md5	8d7ff3118de0eec6f313f8fd87425f33	boost/bind/bind_mf_cc.hpp
md5	7bb51b54e3dec21ab9ba3a6efc257b03	boost/bind/bind_template.hpp
md5	f73b4970746125536a09ff4c0854b797	boost/bind/mem_fn.hpp
md5	791b01c246d00729922599854253c133	boost/bind/mem_fn_cc.hpp
md5	3ac7256f83fcc14744d2f874179012fa	boost/bind/mem_fn_template.hpp
md5	f0e3a541830968f64a6d23dc23c8ddc4	boost/bind/placeholders.hpp
md5	7188c3ab7cb5f3f9296feca1b3e60147	boost/bind/storage.hpp
md5	a0393b3e95495280c2766c8db103ddf6	boost/cerrno.hpp
md5	8036a11b4a0476904d1bd7d22b82efb9	boost/checked_delete.hpp
md5	d5ee1ec042ef159870bc8e9037920c1a	boost/config.hpp
md5	fd93c68577e512c4c1996aa2999ed74a	boost/config/abi/msvc_prefix.hpp
md5	9e94ff70e9460cd11d76ff5fcf6ea274	boost/config/abi/msvc_suffix.hpp
md5	40f9d81fd0c0fd321fd8dcfa3f5cae8b	boost/config/abi_prefix.hpp
md5	a94f597fd5fc3f586d8b04e44f377c9d	boost/config/abi_suffix.hpp
md5	7abcb776a719e062a4ebf3e5c70f7007	boost/config/auto_link.hpp
md5	0f8fec958d6daebb4ee924968da84e2e	boost/config/compiler/visualc.hpp
md5	435ad03dba38a4df1cffe1037d46ae5c	boost/config/no_tr1/cmath.hpp
md5	08f59eaafe21ac6e950a981b9103b2d0	boost/config/no_tr1/functional.hpp
md5	ddd731e9e259c86c34c9feaf8a7836e7	boost/config/no_tr1/memory.hpp
md5	74f4a8abe3b891d4aa119b17db836556	boost/config/platform/win32.hpp
md5	c446e73c8f458de99f405d84f0416e5e	boost/config/select_compiler_config.hpp
md5	2be33bdfb07c84c3970cd07de7224f7e	boost/config/select_platform_config.hpp
md5	e08cc8506c59af718dc24ff039c00405	boost/config/select_stdlib_config.hpp
md5	4460d58b906f7d9c63376d028a1f27fa	boost/config/stdlib/stlport.hpp
md5	9427986c7c9d40b6284e9aa7dee7ba8d	boost/config/suffix.hpp
md5	a2ea98a80301ebf2c480c7a562a0d8f2	boost/config/user.hpp
md5	f404a29d8a3d2ada42191f48ca8ff8e1	boost/crc.hpp
md5	8293553ae018481b1cbee4ea3f87d8b3	boost/cstdint.hpp
md5	27de6d8d0ae9846d6993c2f51ad9dcba	boost/current_function.hpp
md5	b4e2b74ce86e81494c6602540bb25f93	boost/date_time/adjust_functors.hpp
md5	c542df4693ebefd80562e46ae15da536	boost/date_time/c_time.hpp
md5	5a54a6ac8879f7eb3ad4fbbadb113453	boost/date_time/compiler_config.hpp
md5	738f7ef87707d477283d00156ea4c9ae	boost/date_time/constrained_value.hpp
md5	82e306e9909507f8fd9328ff97059ca0	boost/date_time/date.hpp
md5	f0263d7e5ba52b231c3e01ede4af3311	boost/date_time/date_clock_device.hpp
md5	bcfeb8d1663c00bdc73a35c3f285d724	boost/date_time/date_defs.hpp
md5	fcc9cda864caf526434f46df794e1501	boost/date_time/date_duration.hpp
md5	7798b710249aa04f24c3afaa6f9e5276	boost/date_time/date_duration_types.hpp
md5	a1f02d9e7de538340cac65dbabd252f4	boost/date_time/date_generators.hpp
md5	d54d8defa389d409fb87710e25bb82b4	boost/date_time/date_iterator.hpp
md5	2f9370de1c0802e63a9b181b75dfcf14	boost/date_time/dst_rules.hpp
md5	4bc91bba39e427651fdd581595a32b30	boost/date_time/filetime_functions.hpp
md5	ba489b075e9c2e1044969b8a5adaca08	boost/date_time/gregorian/greg_calendar.hpp
md5	65bc4a5dd171ea28071c465f430b62d7	boost/date_time/gregorian/greg_date.hpp
md5	f64b56963b938db87bd75bfd35b7795b	boost/date_time/gregorian/greg_day.hpp
md5	e29ba6906e72e75f428ce9af8004bbc5	boost/date_time/gregorian/greg_day_of_year.hpp
md5	5076e49bfc1d4d01494a0ec3aa8b5f89	boost/date_time/gregorian/greg_duration.hpp
md5	df192b74750ab75654989341cbd5518f	boost/date_time/gregorian/greg_duration_types.hpp
md5	48d5852609a925ea396442e4b9ae9a9f	boost/date_time/gregorian/greg_month.hpp
md5	ef2d53485677189e2df4aef76f30b7b6	boost/date_time/gregorian/greg_weekday.hpp
md5	19f05c508b6f25a0fdf72fb539225870	boost/date_time/gregorian/greg_year.hpp
md5	d808d4048a090e8e08519294a2c3fbb2	boost/date_time/gregorian/greg_ymd.hpp
md5	c91e5f8a520f8d5bd0cfb0af2fd655d4	boost/date_time/gregorian/gregorian_types.hpp
md5	068b3d87a8d5736c3eb01427a93d9635	boost/date_time/gregorian_calendar.hpp
md5	ba7025222189884e88ec3cf62385c7ec	boost/date_time/gregorian_calendar.ipp
md5	39bdcdac32f320946a9c52a5f54644dd	boost/date_time/int_adapter.hpp
md5	fa1861fbf4454096040067c9f2f4f39f	boost/date_time/locale_config.hpp
md5	8d340cc4c1e0e2bf66726cfcc8523931	boost/date_time/microsec_time_clock.hpp
md5	d40e8ca04c9013e61d8a463404a0a8a4	boost/date_time/period.hpp
md5	0ab89c2b7d6789a1a687d9f3489e1c70	boost/date_time/posix_time/date_duration_operators.hpp
md5	04eb11c738efb8212fa9fdb1000584f9	boost/date_time/posix_time/posix_time_config.hpp
md5	be8bb3e1f02b4b995e01cb1860cd87f8	boost/date_time/posix_time/posix_time_duration.hpp
md5	67ea75b3d377a608789564cc7623636c	boost/date_time/posix_time/posix_time_system.hpp
md5	cd482df7a4d942dcaaf0f42dc7d7fe68	boost/date_time/posix_time/posix_time_types.hpp
md5	e4fe10a50bfdf390af68d6ffee88a91b	boost/date_time/posix_time/ptime.hpp
md5	477e332ea454b93ea2c70eb232b69fc1	boost/date_time/posix_time/time_period.hpp
md5	470c30b983d45f41818bba098516c9ea	boost/date_time/special_defs.hpp
md5	12709838d10218507db82befb6ffb501	boost/date_time/time.hpp
md5	6bc8723effa0d62b6dff7f5c58f17f16	boost/date_time/time_clock.hpp
md5	48eb07c398506669aa2096b60c28111e	boost/date_time/time_defs.hpp
md5	5935fed98a37e9785538fdab41ed302a	boost/date_time/time_duration.hpp
md5	bc8ffb17794c19f6c3792dfe58eeab5c	boost/date_time/time_iterator.hpp
md5	ae639922017c750fd482a5c046cab91f	boost/date_time/time_resolution_traits.hpp
md5	37cc197310099d804e14e85e91a0f050	boost/date_time/time_system_counted.hpp
md5	6a1d1ea46fa32b9edf6fa36488384d19	boost/date_time/time_system_split.hpp
md5	0a03fb047ace9dc888b6903663cf4190	boost/date_time/wrapping_int.hpp
md5	4b25206f5c279f13c8b2d9d7cd0b03c5	boost/date_time/year_month_day.hpp
md5	24fde698046b6ceec9dcc6b821345642	boost/detail/interlocked.hpp
md5	b9f7927811c3363837bd1305a4094f54	boost/detail/iterator.hpp
md5	045686da150844162c6a3842eb90dfe1	boost/detail/no_exceptions_support.hpp
md5	827657eb870c0bbbc4ad9598d9fd7afc	boost/detail/sp_typeinfo.hpp
md5	89c80c047cab70b351df50735c4b09e5	boost/detail/workaround.hpp
md5	d5dced86d9cec3c989bd7b765a1d168e	boost/exception/detail/attribute_noreturn.hpp
md5	96c8a8908f5dcdf3ba1bcf018212f5fe	boost/exception/exception.hpp
md5	62d50383fe2c54f925e380bcedc6567b	boost/function.hpp
md5	5b5b105aee5fdecdef64b121c1e25150	boost/function/detail/function_iterate.hpp
md5	a0f386a113e0efb7bab64bd75968bf94	boost/function/detail/maybe_include.hpp
md5	aaf389a419de17b3ffc0b021f4d70990	boost/function/detail/prologue.hpp
md5	7760951de6425033c6dd68e17f5ab661	boost/function/function_base.hpp
md5	3b253b64f91180bbaae0e8e00ee799ca	boost/function/function_fwd.hpp
md5	7352350a3dacb13b59ef0d83e398d8f0	boost/function/function_template.hpp
md5	9baa5de2e03d0b0ccaf5455e00d1e91c	boost/function_equal.hpp
md5	254956e577731d787116351d11f47629	boost/get_pointer.hpp
md5	22bd6a28263056ae24fb437b3548d983	boost/integer.hpp
md5	303c57852ed1db2e6ff0f0232591c20f	boost/integer_fwd.hpp
md5	25842604478e7bf43e113a40d2aabb61	boost/integer_traits.hpp
md5	d584f79004e5f56e89ded297235a8e75	boost/intrusive/detail/assert.hpp
md5	c9f7d08b2891822820c2568123e53672	boost/intrusive/detail/clear_on_destructor_base.hpp
md5	8dd081b058cc98396764ea3f21ea753e	boost/intrusive/detail/config_begin.hpp
md5	eb1985ff0eb5672dc78061fb0303079b	boost/intrusive/detail/config_end.hpp
md5	8cb9d39da7106654df57072b6fb1609b	boost/intrusive/detail/ebo_functor_holder.hpp
md5	408b1cd5005538d24f6336431973f852	boost/intrusive/detail/function_detector.hpp
md5	915e3071790d2cfe9a06267f320c8693	boost/intrusive/detail/generic_hook.hpp
md5	99d15bcca9f461dc6a0c3ffe5515888d	boost/intrusive/detail/is_stateful_value_traits.hpp
md5	86daccf46263105ea735a5c1f0bfe812	boost/intrusive/detail/mpl.hpp
md5	0dd5464647a62a5f8ff9d361835d03d8	boost/intrusive/detail/parent_from_member.hpp
md5	9c7a671fa27e9d19cb845c7a82a7c968	boost/intrusive/detail/pointer_to_other.hpp
md5	11ffec9257e09d10ff4a07488c487ea1	boost/intrusive/detail/rbtree_node.hpp
md5	26c1964dbe5a8faae85c710db0c0006b	boost/intrusive/detail/tree_algorithms.hpp
md5	51cae2537aefab107a56aa47bcd16e36	boost/intrusive/detail/tree_node.hpp
md5	d1e3b27b694e1bf3ebbf98330ae1d493	boost/intrusive/detail/utilities.hpp
md5	72b15e02feacfa242664198239ea9ab4	boost/intrusive/detail/workaround.hpp
md5	720531925dab9b15d9f2d668e5b6d2cb	boost/intrusive/intrusive_fwd.hpp
md5	8fcc6e1b2154539e7ad03d2dd05f8f3f	boost/intrusive/link_mode.hpp
md5	f8da72c9cd5c250d146415ac21903f73	boost/intrusive/options.hpp
md5	0f6e23a0b93af424488017f6ba46aa64	boost/intrusive/pointer_plus_bits.hpp
md5	9058e2e01ac2f0e6c6b788cdb85e942f	boost/intrusive/rbtree.hpp
md5	a8f706e5762502fb60134fe6e0325201	boost/intrusive/rbtree_algorithms.hpp
md5	fe42a1ce1ce5a827e506fd39e9172411	boost/intrusive/set.hpp
md5	82625d2e23b1965b4d0e5650eb4d04cf	boost/intrusive/set_hook.hpp
md5	9bafd3c10624a60b9bc1d520ca55c4f6	boost/is_placeholder.hpp
md5	0b30c8a5f2ba605d31dcc6b81d5574cf	boost/iterator.hpp
md5	53899e04c4869b26e28d45ae9602dacc	boost/limits.hpp
md5	e4914cdf6693d4d99804b63165a64ab5	boost/mem_fn.hpp
md5	92762cbaff7ca166a76575c1d83fc317	boost/memory_order.hpp
md5	e23885537fbb1d6c64c9a426319cea6a	boost/move/move.hpp
md5	cd08d78f9e5eb7d19e7cc18007ad843a	boost/mpl/aux_/adl_barrier.hpp
md5	cfddbf207e9055e8c4ebb3ca14dbf56a	boost/mpl/aux_/arity.hpp
md5	f83ad25942c9532958d95e54aa88d0d9	boost/mpl/aux_/config/adl.hpp
md5	211be7ca6874ff66b57ff497780cf793	boost/mpl/aux_/config/ctps.hpp
md5	d01b38006d6c5e3ec6652445f98fcef2	boost/mpl/aux_/config/dtp.hpp
md5	e4959e177955f7dd82f5e2b10d054a2e	boost/mpl/aux_/config/eti.hpp
md5	83e1923d926c5b9543856541d7828c5a	boost/mpl/aux_/config/gcc.hpp
md5	f3831587168422833d603021c9f8fc97	boost/mpl/aux_/config/integral.hpp
md5	0a7b9f2138854b8581de01f1d7f62e96	boost/mpl/aux_/config/intel.hpp
md5	69187274189d826bba2e6ef6b8f00a3f	boost/mpl/aux_/config/lambda.hpp
md5	14cb5119ee459b69e8f90fe4c4894ce9	boost/mpl/aux_/config/msvc.hpp
md5	28b9e0e56d8aff419cb66772acaca454	boost/mpl/aux_/config/nttp.hpp
md5	5509fbbd47543b33b2ab944d88e33738	boost/mpl/aux_/config/overload_resolution.hpp
md5	77cfa7227f78db949fc1011fbe95d618	boost/mpl/aux_/config/preprocessor.hpp
md5	f39019d9f0bc170304d746a062f6d206	boost/mpl/aux_/config/static_constant.hpp
md5	812b67686c4324683d98fe9a11a0d18f	boost/mpl/aux_/config/ttp.hpp
md5	71d1aed2b592800dca2e8f212232541d	boost/mpl/aux_/config/workaround.hpp
md5	cacedbf8fb5b38d73c65b427a19bdae1	boost/mpl/aux_/integral_wrapper.hpp
md5	a9944da2b46ad4a9d9f9ff6d74533bcf	boost/mpl/aux_/lambda_arity_param.hpp
md5	4cfb5d61344aed2dd84b3ad38e1f6aa9	boost/mpl/aux_/lambda_support.hpp
md5	3fdc0fa065fe744660805d02c4fb4c98	boost/mpl/aux_/na.hpp
md5	48dd5c7e46b104e9ac1696d9c9a2a7c5	boost/mpl/aux_/na_fwd.hpp
md5	fbf3afb73d12a2be4e430a1372d4510c	boost/mpl/aux_/na_spec.hpp
md5	e02e31908a911b46762b44d40c74d5c3	boost/mpl/aux_/nttp_decl.hpp
md5	2a061ee23a0a54adb5dd82b5e4990148	boost/mpl/aux_/preprocessor/def_params_tail.hpp
md5	542c4855d6890c79a1acf4c5543d4bf8	boost/mpl/aux_/preprocessor/enum.hpp
md5	de35415ffee853491062d1bb69b82293	boost/mpl/aux_/preprocessor/params.hpp
md5	b6d8e503aada78040fc19a6826e93ed1	boost/mpl/aux_/static_cast.hpp
md5	98776a1d80f0b968d0d69ddf0524192d	boost/mpl/aux_/template_arity_fwd.hpp
md5	336cf31563dd9bdbfa66ae66ec6bb59f	boost/mpl/aux_/value_wknd.hpp
md5	b8b1b82bcc39abbc94ec46f6f5248f57	boost/mpl/bool.hpp
md5	d58ff8d6a81059ff4732111b1bf77171	boost/mpl/bool_fwd.hpp
md5	6156410b851c8ade910536284093f670	boost/mpl/eval_if.hpp
md5	252fbeffd368ac6e7cd2034cac8e942f	boost/mpl/identity.hpp
md5	7cd0892c4dfceb376edbc140722095e9	boost/mpl/if.hpp
md5	76676cefcd4ec712326bb64fdc599147	boost/mpl/int.hpp
md5	a6fff525a7b2ba3c06518954a1034606	boost/mpl/int_fwd.hpp
md5	b324ec63e20fd228402360160a5ac37c	boost/mpl/integral_c.hpp
md5	b306f6e0c81d5ec3d4c92926694e6633	boost/mpl/integral_c_fwd.hpp
md5	fb392e7ff8332738aaa5ab61e86a01ee	boost/mpl/integral_c_tag.hpp
md5	09fc81893a568dad1e4798669da2c8bb	boost/mpl/lambda_fwd.hpp
md5	8522feed711d4059706ec888ee5a9db5	boost/mpl/limits/arity.hpp
md5	440c0234a93831e7a6891cc853085af3	boost/mpl/size_t.hpp
md5	7ed40921b2f509cb78eb1c27d97236ef	boost/mpl/size_t_fwd.hpp
md5	a6d621a9a81de6e987b89eb3fb78773d	boost/mpl/void_fwd.hpp
md5	4e8696610ba0509dd3dfdbf9af255516	boost/noncopyable.hpp
md5	b172178993e230ae00dda1d17e6005e7	boost/operators.hpp
md5	4703fe8dcb579080af4215a1e91f1984	boost/pointer_to_other.hpp
md5	195d36f40fb199926528b464622a39a6	boost/preprocessor/arithmetic/add.hpp
md5	28ed8d2ee6cd6c6e7a950ea2082be7d7	boost/preprocessor/arithmetic/dec.hpp
md5	79c0b1ea969db08e7e73079f41aa2e96	boost/preprocessor/arithmetic/inc.hpp
md5	b3360ea4a81e00d2bee9cb37a2073469	boost/preprocessor/arithmetic/sub.hpp
md5	c75549f5dc5840430e8278226b7db870	boost/preprocessor/array/data.hpp
md5	00e37f5f6dad7aa19f4f4434dd73f71e	boost/preprocessor/array/elem.hpp
md5	aee2adc9659763d4ac699e2f85b48bea	boost/preprocessor/array/size.hpp
md5	e43fdb113661b6cd3a5568e99774427c	boost/preprocessor/cat.hpp
md5	7cd818765240c22e20451d1627342ce5	boost/preprocessor/comma_if.hpp
md5	ab04cc635da8b904d08ca82a0ac722e6	boost/preprocessor/config/config.hpp
md5	cb33e9c41e4511ee0545edad86e6d7fe	boost/preprocessor/control/detail/msvc/while.hpp
md5	339fb2e919f2f965d1d4b737f219a025	boost/preprocessor/control/expr_iif.hpp
md5	bb06f4ce33dc4504481c620c26683d60	boost/preprocessor/control/if.hpp
md5	2da559742d8f3696a0db8cd9650283e0	boost/preprocessor/control/iif.hpp
md5	d04141803d101eb57605fa0fdf6a7863	boost/preprocessor/control/while.hpp
md5	4e07df647ca84142cb626fdec1900602	boost/preprocessor/debug/error.hpp
md5	8bf43ae09037703609a36ddfc7037412	boost/preprocessor/detail/auto_rec.hpp
md5	404b000321db1414ef11cbc515b39dcf	boost/preprocessor/detail/check.hpp
md5	839323b8f7b34f0e3a00c8bae3ae2142	boost/preprocessor/detail/is_binary.hpp
md5	a3925905a4fa7d80161d78ba18c36d38	boost/preprocessor/empty.hpp
md5	4de6dadb5f09d5b2a807b468c581ec40	boost/preprocessor/enum.hpp
md5	50170a3a38f27942e9361a6ccc30e91f	boost/preprocessor/enum_params.hpp
md5	f621863d066a61d111f6f32c30cc8653	boost/preprocessor/facilities/empty.hpp
md5	a26998a24ca0806ee5c75d52d49a6851	boost/preprocessor/facilities/identity.hpp
md5	1f73caa5d2905f856113f891f0834886	boost/preprocessor/identity.hpp
md5	e1c883768592334cbff3759d2899f169	boost/preprocessor/inc.hpp
md5	21e759477682784517147cd8f3ad5073	boost/preprocessor/iterate.hpp
md5	05df5caf1d4b98ee623cbf1af1d1f318	boost/preprocessor/iteration/detail/bounds/lower1.hpp
md5	1aa1efe26c93543a3ac6583f236e8992	boost/preprocessor/iteration/detail/bounds/upper1.hpp
md5	552c015c683de51dc3838272b514d64f	boost/preprocessor/iteration/detail/iter/forward1.hpp
md5	1e30a9577384e35224936d0ef6cfe798	boost/preprocessor/iteration/iterate.hpp
md5	dbf9c68533bc30978b3d875ac42bef8c	boost/preprocessor/list/adt.hpp
md5	a0f1f82e066e386b16ad79bc443c7503	boost/preprocessor/list/append.hpp
md5	d396ff7179b45ebd6a3f26e30a8544ec	boost/preprocessor/list/detail/fold_left.hpp
md5	81ecee3c6b348278e6087866a7bf5db4	boost/preprocessor/list/detail/fold_right.hpp
md5	37feafaa7f09a05f97caf7737ed81dc3	boost/preprocessor/list/fold_left.hpp
md5	c53eeb2d9196954d58e56e3b82a11314	boost/preprocessor/list/fold_right.hpp
md5	20d00d3a121d5dacf50de468e2f6169e	boost/preprocessor/list/for_each_i.hpp
md5	ad40722d7d3aa0df791faf699f2cd225	boost/preprocessor/list/reverse.hpp
md5	bf22114e5ba67577b164867f02b1fd1f	boost/preprocessor/list/transform.hpp
md5	9be2f5076d1ad79bb1752445adc0c193	boost/preprocessor/logical/and.hpp
md5	637c34141d4c5f35a52fc51d7178cd58	boost/preprocessor/logical/bitand.hpp
md5	fa940ae31797996d531e06bcc09dd9b9	boost/preprocessor/logical/bool.hpp
md5	a7bc5034c3f68a6e79d706bf0080b844	boost/preprocessor/logical/compl.hpp
md5	69d1e2d6609ca564b84a96becdf0617e	boost/preprocessor/punctuation/comma.hpp
md5	b567b9813f9ab0ddbbc0bd2318f88ab5	boost/preprocessor/punctuation/comma_if.hpp
md5	5c4eb2c7169eda0abcf721b6b55e860a	boost/preprocessor/repeat.hpp
md5	37eca3fc9f06dc84d0d3736a2449a820	boost/preprocessor/repetition/detail/msvc/for.hpp
md5	2745e05bc69fbd9026aee338e5b76fb3	boost/preprocessor/repetition/enum.hpp
md5	9a1f3815201c38e49f7eaf867efc2254	boost/preprocessor/repetition/enum_binary_params.hpp
md5	b24429a26b85a83ba37bd96a477328d8	boost/preprocessor/repetition/enum_params.hpp
md5	9a5e624450372c1ee16431c49cba1085	boost/preprocessor/repetition/for.hpp
md5	23f7bc1a5c9b3c1f3d80b8a29cf0bbc4	boost/preprocessor/repetition/repeat.hpp
md5	d528db2c76b068beaa2bd86dce79f457	boost/preprocessor/repetition/repeat_from_to.hpp
md5	e5d3fc1095a75e9862668d57ce8816c1	boost/preprocessor/slot/detail/def.hpp
md5	cdddd86ebedb1e0405de018346d7d171	boost/preprocessor/slot/detail/shared.hpp
md5	34b24ee8fe750bbae4594fdefbb11019	boost/preprocessor/slot/slot.hpp
md5	673cb8d3aae4645ddf4cd25978bad4a6	boost/preprocessor/tuple/eat.hpp
md5	1ef1113962353b628b45162b0ea1e0eb	boost/preprocessor/tuple/elem.hpp
md5	5e0f50b788bd83775fcfd5b559515ee4	boost/preprocessor/tuple/rem.hpp
md5	3d9a760fe98b5be6357a22f8bc11afa3	boost/preprocessor/tuple/to_list.hpp
md5	db3cd5ebbf947df79ff7accf968327fd	boost/ref.hpp
md5	2373427f1e230999eb7d36bdced94690	boost/regex/config.hpp
md5	e6fe68eaa63d881f5e41d1c14a901518	boost/regex/config/cwchar.hpp
md5	2fd4098bb434c83046f283ca3badde36	boost/regex/user.hpp
md5	e4bdf3668b5012114dbf8bc4739fa524	boost/regex/v4/match_flags.hpp
md5	fca64b9072c4a9b42d96fb77744c9d04	boost/regex/v4/regex_fwd.hpp
md5	f275c30558b0feebc2252ca31e3d1e61	boost/regex_fwd.hpp
md5	a5c53df847fe95a9178a8a01febfd81f	boost/shared_ptr.hpp
md5	7f61498b0da464a4d199ccb87236f31f	boost/smart_ptr/bad_weak_ptr.hpp
md5	5149b9cd314006120ae3f69af773b098	boost/smart_ptr/detail/operator_bool.hpp
md5	73d8148cc0bcda5efb29fce08196e72d	boost/smart_ptr/detail/shared_count.hpp
md5	0464f1c8aca07708bf760b953431a566	boost/smart_ptr/detail/sp_convertible.hpp
md5	20ff35c70fc3b324c23ec8fa6c81d655	boost/smart_ptr/detail/sp_counted_base.hpp
md5	bee641ff8ab27b909ea6e06dbf82be4d	boost/smart_ptr/detail/sp_counted_base_w32.hpp
md5	2c0d159d145597d84dfcc5e86ec56fd9	boost/smart_ptr/detail/sp_counted_impl.hpp
md5	0f28b5703edde156b72ecefd8e5a473d	boost/smart_ptr/detail/sp_has_sync.hpp
md5	865a6a9b40c7f174be295a188f284e12	boost/smart_ptr/detail/spinlock.hpp
md5	bdc2d0c6fd092f78f3f69b71384f4a38	boost/smart_ptr/detail/spinlock_pool.hpp
md5	0080e6316989aefd43032677f1fd102a	boost/smart_ptr/detail/spinlock_w32.hpp
md5	95a7a93c24b686b2add1e85ccd299392	boost/smart_ptr/detail/yield_k.hpp
md5	51649f5a194f886d43676d834119e83b	boost/smart_ptr/shared_ptr.hpp
md5	40aeb9e8036fd8965f8c3992125dbb5c	boost/smart_ptr/weak_ptr.hpp
md5	3c61de80e473a30fd3b41e4303a662df	boost/static_assert.hpp
md5	d43cf6a5b61390789b0a2f08a76de4cc	boost/swap.hpp
md5	954e1693796112423544fca149bdf300	boost/system/api_config.hpp
md5	619bf2719cebb03f8b899e6df2b3a805	boost/system/config.hpp
md5	93f3b4c84499215e664df618ca10f1d1	boost/system/error_code.hpp
md5	8c05c6de0d182656e6c3b2a9d6d5b1dc	boost/system/system_error.hpp
md5	881701f76a64939e14b114b9ff8f2307	boost/throw_exception.hpp
md5	8e021c7e2cfcc36466c58d89c13c7dcc	boost/type.hpp
md5	e07a3966d2ab44c0d08452dfbe7828ac	boost/type_traits/add_const.hpp
md5	a91f781d88d2bbd69460493f4944780d	boost/type_traits/alignment_of.hpp
md5	6d5e684400a05e07900e618593e61d18	boost/type_traits/broken_compiler_spec.hpp
md5	e0fd0612cebd1b362ccbf6d44ab9d2ac	boost/type_traits/composite_traits.hpp
md5	58b7c1ba84450de4202b404ea2ae2c5f	boost/type_traits/config.hpp
md5	f1b713684d30808f5e465f9ea1891be7	boost/type_traits/detail/bool_trait_def.hpp
md5	40932610123ab127f6686c4c603fd280	boost/type_traits/detail/bool_trait_undef.hpp
md5	cccf778a5ef3225aa6103e53afa42a60	boost/type_traits/detail/cv_traits_impl.hpp
md5	6c5e2caf391641b2d5462d4141b88c41	boost/type_traits/detail/false_result.hpp
md5	45c816495f426eba7ef86d93c4606842	boost/type_traits/detail/ice_and.hpp
md5	523e00bdbdc84aeb8e0dfe70bc09848c	boost/type_traits/detail/ice_eq.hpp
md5	e4d46f7d76a0a789ec731ee68a881ffb	boost/type_traits/detail/ice_not.hpp
md5	e471cda3bb45e4611b92e142381f9a82	boost/type_traits/detail/ice_or.hpp
md5	a4619ac3c6362a9b3705c8893651e1ba	boost/type_traits/detail/is_function_ptr_tester.hpp
md5	d3633d02d034f53bdc5df0941e2bdfde	boost/type_traits/detail/is_mem_fun_pointer_tester.hpp
md5	8d6208795e0abacebf4d81dca8c4eb25	boost/type_traits/detail/size_t_trait_def.hpp
md5	97bdc766c75cf61bdbef5843c10b3637	boost/type_traits/detail/size_t_trait_undef.hpp
md5	7a709861408e282da599f35d8f44d93b	boost/type_traits/detail/template_arity_spec.hpp
md5	d50074240074450e5edaeddf11667cb7	boost/type_traits/detail/type_trait_def.hpp
md5	222936213f828b2254ca970c96445735	boost/type_traits/detail/type_trait_undef.hpp
md5	b45cf3af3417c2f591267bd9ceac0d89	boost/type_traits/detail/yes_no_type.hpp
md5	22e216860726ccaa3a988efde6e1d994	boost/type_traits/has_trivial_copy.hpp
md5	88bd668e9913283c95cc13cbba5da634	boost/type_traits/has_trivial_destructor.hpp
md5	5d3b7fcfd6c0e0d4b6b27dd7ce6a1c30	boost/type_traits/ice.hpp
md5	3a17695c72491e38cc32b4382c01f81f	boost/type_traits/integral_constant.hpp
md5	11e89e626b457f1d198b20180772097b	boost/type_traits/intrinsics.hpp
md5	5498c0388105e54c7b48e7288b04cc11	boost/type_traits/is_arithmetic.hpp
md5	e3c96db3b3a6962a987ab07df24a7e4a	boost/type_traits/is_array.hpp
md5	7bd085b9e0227522a993d29ac57e385f	boost/type_traits/is_base_and_derived.hpp
md5	49847ffb356f029d9a779afd22a8c1be	boost/type_traits/is_base_of.hpp
md5	c25085db6f74aa9ea073eb9df3f4a2d8	boost/type_traits/is_class.hpp
md5	a2eac4295a8d33e2ef7c3b0c0c4effed	boost/type_traits/is_const.hpp
md5	f322279837998bd21eba2e21ae7a6ac3	boost/type_traits/is_convertible.hpp
md5	7c4a53b78682effbb9e289e4c1198f96	boost/type_traits/is_enum.hpp
md5	269bdbd2abb0f69e770c92cf0c69ff37	boost/type_traits/is_float.hpp
md5	1508c2eef6447b535f08d82c2b4b3f54	boost/type_traits/is_function.hpp
md5	88c4375069d002edde78f41e43a92ac7	boost/type_traits/is_integral.hpp
md5	46494d1dbe4d7e5e69bd779c309630a4	boost/type_traits/is_lvalue_reference.hpp
md5	988ebed29753d8eeff9b9e5df452c9da	boost/type_traits/is_member_function_pointer.hpp
md5	cbe771d8291ecebc1fbe30813cc9ad2c	boost/type_traits/is_member_pointer.hpp
md5	0f55d86c46180522dae47cf016196de9	boost/type_traits/is_pod.hpp
md5	a996c7ffe38beee2d6219343c1b51764	boost/type_traits/is_pointer.hpp
md5	898e70071b38377bddd81aae8de33666	boost/type_traits/is_polymorphic.hpp
md5	bb1e151323cb8dac0a12db6f81b49970	boost/type_traits/is_reference.hpp
md5	513796e9724afe3b6245f482f5024535	boost/type_traits/is_rvalue_reference.hpp
md5	52f9fd6d53bec770e2e323af2769034c	boost/type_traits/is_same.hpp
md5	dcea864c182e33779b32243322e9f56f	boost/type_traits/is_scalar.hpp
md5	216ebe67a11c55a3b0e656678c4f399e	boost/type_traits/is_union.hpp
md5	52319b859dc454a6fd927ccfdeb645e0	boost/type_traits/is_void.hpp
md5	4f176dc76bb2ef4c22e8bffe55d43d72	boost/type_traits/is_volatile.hpp
md5	6f2f2d051917a98466155f2a37b65994	boost/type_traits/remove_const.hpp
md5	a08f6afefd6d139282edeb8879cb6282	boost/type_traits/remove_cv.hpp
md5	1dc8259e49c1f09efd175f52b924c9b8	boost/type_traits/remove_pointer.hpp
md5	3b97d42c39496bee65062a36fad80836	boost/type_traits/remove_reference.hpp
md5	247234aed0f17cfa5bbf4b278729425d	boost/type_traits/type_with_alignment.hpp
md5	7e111703054cd6612a6a1eb6fb0256d0	boost/utility/addressof.hpp
md5	865ea70a73dee1f2193a65f518622a99	boost/utility/base_from_member.hpp
md5	394baac9f6362d7b33febb07892368ba	boost/utility/enable_if.hpp
md5	b0e10fd73c0d1cfd64aefb38e60a1bef	boost/utility/swap.hpp
md5	b2d773e85f3c0f4b81f830cc58ea7ad4	boost/version.hpp
md5	8af33118a9cb6f6e52cadc226c9010fa	boost/visit_each.hpp
md5	6f39414c35e6cc7124a1bbd24be46f8e	boost/weak_ptr.hpp
md5	ff2332b6e8e4c2407fdb3300bb6b50b9	bugtrap/bttrace.h
md5	ff995b651a748deb2e52a4cdc0181cf6	bugtrap/bugtrap.h
md5	c0856dc75541391fe69d3370d32fa87d	bullet/bulletcollision/broadphasecollision/btaxissweep3.cpp
md5	d1b8c2602ab3966f3347e07800026ab0	bullet/bulletcollision/broadphasecollision/btaxissweep3.h
md5	e1a5e02e0e8b5d42703caed2a84970b7	bullet/bulletcollision/broadphasecollision/btbroadphaseinterface.h
md5	b08159d9c8356ab3b4bb928a4b6e407e	bullet/bulletcollision/broadphasecollision/btbroadphaseproxy.h
md5	32922bc6c75a672380bfc5d5cf869bc7	bullet/bulletcollision/broadphasecollision/btcollisionalgorithm.cpp
md5	77111532b14b1a8b327866902e53d306	bullet/bulletcollision/broadphasecollision/btcollisionalgorithm.h
md5	9eef1dd9297c10252e8e04519feae80c	bullet/bulletcollision/broadphasecollision/btdbvt.cpp
md5	6475dd3c852c0da7a210e24941d4b5d2	bullet/bulletcollision/broadphasecollision/btdbvt.h
md5	b0c2d9e69552226e30dd94837d05f680	bullet/bulletcollision/broadphasecollision/btdbvtbroadphase.cpp
md5	192e0002d6b302cb4368b54a2de5d547	bullet/bulletcollision/broadphasecollision/btdbvtbroadphase.h
md5	2705c02aa8e0b285d396d45d0f41953c	bullet/bulletcollision/broadphasecollision/btdispatcher.cpp
md5	a5d6af7cc25a9083c9c2fca4e066216d	bullet/bulletcollision/broadphasecollision/btdispatcher.h
md5	139de6567932ef0f9283131e9f1f19b2	bullet/bulletcollision/broadphasecollision/btoverlappingpaircache.cpp
md5	fe330df1bc1a21580b1a08468fd5103e	bullet/bulletcollision/broadphasecollision/btoverlappingpaircache.h
md5	ba88f5f6d37412abedb839513978d045	bullet/bulletcollision/broadphasecollision/btoverlappingpaircallback.h
md5	8c72149ed0c5b4edc593543c112b3451	bullet/bulletcollision/broadphasecollision/btquantizedbvh.cpp
md5	4dc2bc8e55be6e0cf1694247cd66e073	bullet/bulletcollision/broadphasecollision/btquantizedbvh.h
md5	58fe9b5bd323796b77967d396b7a6099	bullet/bulletcollision/broadphasecollision/btsimplebroadphase.h
md5	cdaa838bf371e9bd6a294a7aab1f07ba	bullet/bulletcollision/collisiondispatch/btactivatingcollisionalgorithm.cpp
md5	87c813f5b02075f0cd4a21a5b74b2a32	bullet/bulletcollision/collisiondispatch/btactivatingcollisionalgorithm.h
md5	f8138787f5f3aa292cdd10e70d0d5844	bullet/bulletcollision/collisiondispatch/btboxboxcollisionalgorithm.cpp
md5	5797ded31ccaef326d28df0ed6b722df	bullet/bulletcollision/collisiondispatch/btboxboxcollisionalgorithm.h
md5	00af57bf793996fe6458496c3380575a	bullet/bulletcollision/collisiondispatch/btboxboxdetector.cpp
md5	e089e2a2b17ab4ede675a24d7b6c8ff8	bullet/bulletcollision/collisiondispatch/btboxboxdetector.h
md5	fbe5ff224b161a7f468200efd4964c8e	bullet/bulletcollision/collisiondispatch/btcollisionconfiguration.h
md5	6286e38f4b20b6120bb71f3660d88015	bullet/bulletcollision/collisiondispatch/btcollisioncreatefunc.h
md5	6cf1f4cb417217108feb6646288c5628	bullet/bulletcollision/collisiondispatch/btcollisiondispatcher.cpp
md5	65d7bd14fc23672cd4e6fe183bf306ef	bullet/bulletcollision/collisiondispatch/btcollisiondispatcher.h
md5	178143af7c7207f6537ac07d063d11d0	bullet/bulletcollision/collisiondispatch/btcollisionobject.cpp
md5	7b390bfc06fd943bdf4bb7deaf2d12c7	bullet/bulletcollision/collisiondispatch/btcollisionobject.h
md5	b806df718493b6d59cc916c09c0a1312	bullet/bulletcollision/collisiondispatch/btcollisionworld.cpp
md5	7f1662b545b07d1c4f0fb05f3e3aa47d	bullet/bulletcollision/collisiondispatch/btcollisionworld.h
md5	91745aaec69cd15935a655465c70d328	bullet/bulletcollision/collisiondispatch/btcompoundcollisionalgorithm.cpp
md5	3e1347825f4e6a31fa9c718725534a10	bullet/bulletcollision/collisiondispatch/btcompoundcollisionalgorithm.h
md5	ecdec62e035ae87d91698f08b149e478	bullet/bulletcollision/collisiondispatch/btconvexconcavecollisionalgorithm.cpp
md5	5034cc84d3d249af35f91ed4a6d18bbc	bullet/bulletcollision/collisiondispatch/btconvexconcavecollisionalgorithm.h
md5	02e6b667eb91c9939cc14411f8da9406	bullet/bulletcollision/collisiondispatch/btconvexconvexalgorithm.cpp
md5	e23039502f3320e448660efa64750196	bullet/bulletcollision/collisiondispatch/btconvexconvexalgorithm.h
md5	63bec5ba19e3924fbea83beba70791a0	bullet/bulletcollision/collisiondispatch/btconvexplanecollisionalgorithm.cpp
md5	6e3957e42e5ca749621ac90750ecbae5	bullet/bulletcollision/collisiondispatch/btconvexplanecollisionalgorithm.h
md5	39c54029a63154da58458bb8c53e0918	bullet/bulletcollision/collisiondispatch/btdefaultcollisionconfiguration.cpp
md5	d82f6f1f2d5bf1ad19d91eacc9fe84cb	bullet/bulletcollision/collisiondispatch/btdefaultcollisionconfiguration.h
md5	d78c1ec0d9eccf8a714f0da0eec96668	bullet/bulletcollision/collisiondispatch/btemptycollisionalgorithm.cpp
md5	cbfaf8ea6daa58cce7c36ecf1f78b745	bullet/bulletcollision/collisiondispatch/btemptycollisionalgorithm.h
md5	27e067c3d5f9a43b18679bd38676fb49	bullet/bulletcollision/collisiondispatch/btghostobject.cpp
md5	dd1970e375cac9a80444a34a1ad85d00	bullet/bulletcollision/collisiondispatch/btghostobject.h
md5	ecaaea4b2a73a324e6f5793762f725a2	bullet/bulletcollision/collisiondispatch/btmanifoldresult.cpp
md5	cc68f6aacd7b6f5f40685ae312dd360b	bullet/bulletcollision/collisiondispatch/btmanifoldresult.h
md5	6695d513f92e91bbdca0499d66c8bb7d	bullet/bulletcollision/collisiondispatch/btsimulationislandmanager.cpp
md5	77ed83313d8f341b7e67f496c3fbd622	bullet/bulletcollision/collisiondispatch/btsimulationislandmanager.h
md5	b4d5c2b45da5de6aef45469c1958f29c	bullet/bulletcollision/collisiondispatch/btspherespherecollisionalgorithm.cpp
md5	fb7b59e43ef8784b9df7c9d301cecd2f	bullet/bulletcollision/collisiondispatch/btspherespherecollisionalgorithm.h
md5	42e1f790cfcf0938eed9127d23aecb67	bullet/bulletcollision/collisiondispatch/btspheretrianglecollisionalgorithm.cpp
md5	829330ca9234f71e9033b3e5e04fc3df	bullet/bulletcollision/collisiondispatch/btspheretrianglecollisionalgorithm.h
md5	a926493a7cf121ca227f4828a8bc57cc	bullet/bulletcollision/collisiondispatch/btunionfind.cpp
md5	f23767c504889ddc344902bb9d74f669	bullet/bulletcollision/collisiondispatch/btunionfind.h
md5	751e6399ad425b505ab7fb479a7e01d6	bullet/bulletcollision/collisiondispatch/spheretriangledetector.cpp
md5	288b4d1ea6909af458d24c5a26c564ec	bullet/bulletcollision/collisiondispatch/spheretriangledetector.h
md5	7a423f0e6bad32e0a89c2383f1bfec8e	bullet/bulletcollision/collisionshapes/btboxshape.cpp
md5	7bd3e9aa161a7b46f785351f0aff8041	bullet/bulletcollision/collisionshapes/btboxshape.h
md5	fca8aeec2b40264d85decd9eb1cb6767	bullet/bulletcollision/collisionshapes/btbvhtrianglemeshshape.cpp
md5	1ec2126f8178efe48f00106c11008167	bullet/bulletcollision/collisionshapes/btbvhtrianglemeshshape.h
md5	8cb7bd572507edcf4d1b346416541cbf	bullet/bulletcollision/collisionshapes/btcapsuleshape.cpp
md5	04be80ef87470a01ac89e7dc222b7238	bullet/bulletcollision/collisionshapes/btcapsuleshape.h
md5	cdf65667af8773829cdbd609d4bcf474	bullet/bulletcollision/collisionshapes/btcollisionmargin.h
md5	84b2640d634f78ac359463cb5f24a1ad	bullet/bulletcollision/collisionshapes/btcollisionshape.cpp
md5	defd7ac605d5cde8f5513e698dbffa9b	bullet/bulletcollision/collisionshapes/btcollisionshape.h
md5	9370995977e24c2b5f4bcfebd152ca1a	bullet/bulletcollision/collisionshapes/btcompoundshape.cpp
md5	55c212425f9e280d266e62f4f24da1ef	bullet/bulletcollision/collisionshapes/btcompoundshape.h
md5	77464804d447633bf4d085f00908cbfc	bullet/bulletcollision/collisionshapes/btconcaveshape.cpp
md5	c338c6f3f664ea56d71f08ff6822e27e	bullet/bulletcollision/collisionshapes/btconcaveshape.h
md5	2065c6564fd4db15dc8bacb14fc0b492	bullet/bulletcollision/collisionshapes/btconeshape.h
md5	0e1e1dbba43314506394952df2660ea3	bullet/bulletcollision/collisionshapes/btconvexhullshape.cpp
md5	e93fd7e3e2c034280c5490e1c79b0886	bullet/bulletcollision/collisionshapes/btconvexhullshape.h
md5	025174540aeec70a97ecd356ddab8df5	bullet/bulletcollision/collisionshapes/btconvexinternalshape.cpp
md5	c57c4a4d69391de44e743356ff6276d6	bullet/bulletcollision/collisionshapes/btconvexinternalshape.h
md5	2ed43286254e5da1aed9c80d53d8ed66	bullet/bulletcollision/collisionshapes/btconvexpointcloudshape.h
md5	e7ae5d2a7e3afcf75362ea82c8dc0969	bullet/bulletcollision/collisionshapes/btconvexpolyhedron.cpp
md5	4617a05cb5d437ac5641cae2cb986986	bullet/bulletcollision/collisionshapes/btconvexpolyhedron.h
md5	c4d8c54314894465eff5759ffc19f608	bullet/bulletcollision/collisionshapes/btconvexshape.cpp
md5	20ffe704de65a79c69c0c2701e2f3ddb	bullet/bulletcollision/collisionshapes/btconvexshape.h
md5	cdcad33a9f42199bf7e76382f257c4f3	bullet/bulletcollision/collisionshapes/btconvextrianglemeshshape.h
md5	eb183979db484afb430f356e26f41bad	bullet/bulletcollision/collisionshapes/btcylindershape.cpp
md5	472d708320ec4e550e910436cfd6f99a	bullet/bulletcollision/collisionshapes/btcylindershape.h
md5	4455c8709dce2bee645ce04d334fe7e3	bullet/bulletcollision/collisionshapes/btminkowskisumshape.h
md5	7af3582407c72e6bdd48bb5a6d0be696	bullet/bulletcollision/collisionshapes/btmultisphereshape.h
md5	7541e07b4e39bd2969b2744255bd1fea	bullet/bulletcollision/collisionshapes/btoptimizedbvh.cpp
md5	a3ffd21b96655ef1622377e3861542f5	bullet/bulletcollision/collisionshapes/btoptimizedbvh.h
md5	a11beeac16eedd5c866c2d87f97978d4	bullet/bulletcollision/collisionshapes/btpolyhedralconvexshape.cpp
md5	9319ce205e61fddb206fdbedb22cfe2d	bullet/bulletcollision/collisionshapes/btpolyhedralconvexshape.h
md5	7cd65a4526518789978437266074c91f	bullet/bulletcollision/collisionshapes/btsphereshape.cpp
md5	0693737f8e642324f93e7862c371e1c1	bullet/bulletcollision/collisionshapes/btsphereshape.h
md5	22ea44a4f1ca6cdaaa9ad5ca2db99cd8	bullet/bulletcollision/collisionshapes/btstaticplaneshape.h
md5	4053cdccf9ac60ffeb869c2373f8ee0c	bullet/bulletcollision/collisionshapes/btstridingmeshinterface.cpp
md5	e12fb0ab9a5a6e731547e59e531b428e	bullet/bulletcollision/collisionshapes/btstridingmeshinterface.h
md5	f6a5e695b3641bfb049d2eedde24d383	bullet/bulletcollision/collisionshapes/bttetrahedronshape.cpp
md5	a543ddf8125e395bab62b52e52e9ba80	bullet/bulletcollision/collisionshapes/bttetrahedronshape.h
md5	483d88a24477bc24bb0c1ceff3a81e3d	bullet/bulletcollision/collisionshapes/bttrianglecallback.cpp
md5	73a8d03f474a2be047f2eb95090daa8f	bullet/bulletcollision/collisionshapes/bttrianglecallback.h
md5	95c072c4ff50e283fdd546f07086bdfc	bullet/bulletcollision/collisionshapes/bttriangleindexvertexarray.cpp
md5	1d307ff4b8470ed93f84b40a5edba2ba	bullet/bulletcollision/collisionshapes/bttriangleindexvertexarray.h
md5	4ffd48e2f7ba07fd86d598ceabe0e1a3	bullet/bulletcollision/collisionshapes/bttriangleinfomap.h
md5	7d1ddcd7d26990223c6db6a5c74d3642	bullet/bulletcollision/collisionshapes/bttrianglemeshshape.cpp
md5	946792fd7f307d0c3f1bd846e5b8252f	bullet/bulletcollision/collisionshapes/bttrianglemeshshape.h
md5	00a6ca631816658af62895b60b8b5e8c	bullet/bulletcollision/collisionshapes/bttriangleshape.h
md5	4ac129143a3805086612ba1e1af00b08	bullet/bulletcollision/gimpact/btboxcollision.h
md5	d22f3377520d5f60c02dd0125e53b7fb	bullet/bulletcollision/gimpact/btclippolygon.h
md5	d8887be533c6e05b8fd9f45aea35e060	bullet/bulletcollision/gimpact/btcontactprocessing.h
md5	7ffdf1610426c0369bb27b5a0b464fc6	bullet/bulletcollision/gimpact/btgeometryoperations.h
md5	d204c58ab2a9c265d5397b14ae7585eb	bullet/bulletcollision/gimpact/btgimpactbvh.h
md5	b29cf8708704e90e57656f255404bf41	bullet/bulletcollision/gimpact/btgimpactcollisionalgorithm.cpp
md5	6f3914acd7e57f6c2af778867d1e9906	bullet/bulletcollision/gimpact/btgimpactcollisionalgorithm.h
md5	706573c51a7563bbeddc5620ed15c005	bullet/bulletcollision/gimpact/btgimpactquantizedbvh.cpp
md5	9824612bce559e6e8667de6fb24db043	bullet/bulletcollision/gimpact/btgimpactquantizedbvh.h
md5	449165f2615e2a2fddd5eb0b99193027	bullet/bulletcollision/gimpact/btgimpactshape.h
md5	c11f07d06d4692fb9c2951080aa6cf2c	bullet/bulletcollision/gimpact/btquantization.h
md5	691e700d58366e667c263a5ef2a60d52	bullet/bulletcollision/gimpact/bttriangleshapeex.cpp
md5	46d02703ee7406e635fa7deea1d74495	bullet/bulletcollision/gimpact/bttriangleshapeex.h
md5	d8657e1b603697d25925f6fb66af91b2	bullet/bulletcollision/narrowphasecollision/btcontinuousconvexcollision.cpp
md5	9fd438d6336c1711af15c2674d6865f6	bullet/bulletcollision/narrowphasecollision/btcontinuousconvexcollision.h
md5	0b1a540d07fa549e63e12f48568b29d1	bullet/bulletcollision/narrowphasecollision/btconvexcast.cpp
md5	82c4da0afb93858b00a5f9c1b7676c2f	bullet/bulletcollision/narrowphasecollision/btconvexcast.h
md5	0a07024d34fd13898275884602253c46	bullet/bulletcollision/narrowphasecollision/btconvexpenetrationdepthsolver.h
md5	3fd8cd4c682fa14e24a9443161fc4205	bullet/bulletcollision/narrowphasecollision/btdiscretecollisiondetectorinterface.h
md5	cb5bde8dc441a17b2ef14b1e1ce501a3	bullet/bulletcollision/narrowphasecollision/btgjkconvexcast.cpp
md5	2658010cf5d6eb77628cedecd84a1fd4	bullet/bulletcollision/narrowphasecollision/btgjkconvexcast.h
md5	6e9f6e929ac3946011e11bb87eb99019	bullet/bulletcollision/narrowphasecollision/btgjkepa2.cpp
md5	e1c447cf5ed96631d8315215c2598429	bullet/bulletcollision/narrowphasecollision/btgjkepa2.h
md5	df50f6500010378a9d49101305626dc2	bullet/bulletcollision/narrowphasecollision/btgjkepapenetrationdepthsolver.cpp
md5	c0ea0bf99ec4993959390959c41a4ff6	bullet/bulletcollision/narrowphasecollision/btgjkepapenetrationdepthsolver.h
md5	31cfb497172755e1fb26e6eeb81bee72	bullet/bulletcollision/narrowphasecollision/btgjkpairdetector.cpp
md5	c4c5b8c133c56c2f148cded1fd68eefe	bullet/bulletcollision/narrowphasecollision/btgjkpairdetector.h
md5	acb8496209a80eaf43db369ee9aff58c	bullet/bulletcollision/narrowphasecollision/btmanifoldpoint.h
md5	9ecf727d246a7279ba4b5ce4a29fa3f5	bullet/bulletcollision/narrowphasecollision/btminkowskipenetrationdepthsolver.cpp
md5	d59a985884666b378b9578a7622cb9e5	bullet/bulletcollision/narrowphasecollision/btminkowskipenetrationdepthsolver.h
md5	2cdf79b72fc711a36d9c158d6d72c958	bullet/bulletcollision/narrowphasecollision/btpersistentmanifold.cpp
md5	d40bda2e51e59505b0bc3234054a0b06	bullet/bulletcollision/narrowphasecollision/btpersistentmanifold.h
md5	c33a911133e94a5147b911b0c7eee54c	bullet/bulletcollision/narrowphasecollision/btpointcollector.h
md5	d26b5698d99e55429b63ece89e10ef7f	bullet/bulletcollision/narrowphasecollision/btpolyhedralcontactclipping.cpp
md5	68c0c8b0f4581ef3d631dffab6a8d440	bullet/bulletcollision/narrowphasecollision/btpolyhedralcontactclipping.h
md5	9638fdfce00952c1153284742b10e2c2	bullet/bulletcollision/narrowphasecollision/btraycastcallback.cpp
md5	219d6742c2ea1b5d01622e45f10295a7	bullet/bulletcollision/narrowphasecollision/btraycastcallback.h
md5	a4dae81db1a04420421f43c36f84da11	bullet/bulletcollision/narrowphasecollision/btsimplexsolverinterface.h
md5	b65e4679254098143589e144de45714b	bullet/bulletcollision/narrowphasecollision/btsubsimplexconvexcast.cpp
md5	40ffd04b6e45616bc8b8a3803f92c927	bullet/bulletcollision/narrowphasecollision/btsubsimplexconvexcast.h
md5	5f0521d46a8a0e2faa6774bc66cb1e94	bullet/bulletcollision/narrowphasecollision/btvoronoisimplexsolver.cpp
md5	9ca8037379b3096325d40af79d626def	bullet/bulletcollision/narrowphasecollision/btvoronoisimplexsolver.h
md5	f8cf71b98f738592d411b4fcb3d93f55	bullet/bulletdynamics/character/btcharactercontrollerinterface.h
md5	6c2cd5974ee5c690305f7b874c3650c5	bullet/bulletdynamics/character/btkinematiccharactercontroller.h
md5	1dcc390a5f5096683bbe123471ef47bc	bullet/bulletdynamics/constraintsolver/btconetwistconstraint.cpp
md5	61c4890e4a32ce92f82d8d70403fdfd5	bullet/bulletdynamics/constraintsolver/btconetwistconstraint.h
md5	72db4f00f5a99e05f729c733d2483d04	bullet/bulletdynamics/constraintsolver/btconstraintsolver.h
md5	d1c8d25c8a2666132b068d9b005c701a	bullet/bulletdynamics/constraintsolver/btcontactconstraint.h
md5	dcd190d5edf84dcb4222e77f2aecbc5b	bullet/bulletdynamics/constraintsolver/btcontactsolverinfo.h
md5	9413669625f2e8168452ddfb2ef5be66	bullet/bulletdynamics/constraintsolver/btgeneric6dofconstraint.cpp
md5	b367fc766163bac76873d0b1f58826dc	bullet/bulletdynamics/constraintsolver/btgeneric6dofconstraint.h
md5	75b01aa1bb70dedc044e3eccbd521458	bullet/bulletdynamics/constraintsolver/bthingeconstraint.h
md5	4017f653e4c93ee2d9cab65ddae7053a	bullet/bulletdynamics/constraintsolver/btjacobianentry.h
md5	3624abc07950228558a562204b88850b	bullet/bulletdynamics/constraintsolver/btpoint2pointconstraint.h
md5	f229827edf6833f9aee1b329f0e71ef1	bullet/bulletdynamics/constraintsolver/btsequentialimpulseconstraintsolver.cpp
md5	5d6c740b6bdc15ffe899942e7de931d1	bullet/bulletdynamics/constraintsolver/btsequentialimpulseconstraintsolver.h
md5	3fb0ba4e535098d56f30255c5a164eab	bullet/bulletdynamics/constraintsolver/btsliderconstraint.h
md5	dd2418cf1c791db348ce0a201e901220	bullet/bulletdynamics/constraintsolver/btsolve2linearconstraint.h
md5	30ca0daeed908e18af665a766cf62763	bullet/bulletdynamics/constraintsolver/btsolverbody.h
md5	3e5b3eae450afb9b1a9b7358c7650d75	bullet/bulletdynamics/constraintsolver/btsolverconstraint.h
md5	a3f8583165e4059d1418796ec3214b4e	bullet/bulletdynamics/constraintsolver/bttypedconstraint.cpp
md5	6e6bc654838a558cd40bc79710bfc628	bullet/bulletdynamics/constraintsolver/bttypedconstraint.h
md5	c9bf12f04275c54fe1c9f9bab2587976	bullet/bulletdynamics/dynamics/btactioninterface.h
md5	8bb434c6e32f9e9ff300bccd0ea94cb7	bullet/bulletdynamics/dynamics/btdiscretedynamicsworld.cpp
md5	a74cb21899b456dc481b5b4faa26ff1a	bullet/bulletdynamics/dynamics/btdiscretedynamicsworld.h
md5	acc6cd53c208d65154df77ce67c40df3	bullet/bulletdynamics/dynamics/btdynamicsworld.h
md5	bf3ae1072d3249f74a9d635c035e15c6	bullet/bulletdynamics/dynamics/btrigidbody.cpp
md5	835022dc893ab952fcc849f65f4dbedf	bullet/bulletdynamics/dynamics/btrigidbody.h
md5	1d0a5467c357c94d4e8d586e9e7f0d78	bullet/bulletsoftbody/btdefaultsoftbodysolver.cpp
md5	dff3b9dffc4033a1d4cdd0ae03b6191e	bullet/bulletsoftbody/btdefaultsoftbodysolver.h
md5	41a396edc8e733510edd92c7144d32bc	bullet/bulletsoftbody/btsoftbody.cpp
md5	8eb5d8676d4fd637cdcce4192f57ed0f	bullet/bulletsoftbody/btsoftbody.h
md5	3762e6dbe49c963370832fafe302003f	bullet/bulletsoftbody/btsoftbodyconcavecollisionalgorithm.cpp
md5	3c96e9fc4cb5e570777adfd34152f554	bullet/bulletsoftbody/btsoftbodyconcavecollisionalgorithm.h
md5	ae0d8b8f730aabff6956d443498310af	bullet/bulletsoftbody/btsoftbodydata.h
md5	588a676813eb45e804ac686ae3c4cec3	bullet/bulletsoftbody/btsoftbodyhelpers.cpp
md5	ec889f6b4c53a3f44dfa1dc9fa1d6d54	bullet/bulletsoftbody/btsoftbodyhelpers.h
md5	e79d998849607111777f338038fd1e03	bullet/bulletsoftbody/btsoftbodyinternals.h
md5	24494e3949de141b2d5684d033245bfe	bullet/bulletsoftbody/btsoftbodyrigidbodycollisionconfiguration.cpp
md5	cf9c3cac52440ca0a1ed47ef4f81e65f	bullet/bulletsoftbody/btsoftbodyrigidbodycollisionconfiguration.h
md5	6ac95648cce1c934566fc03a70fa55be	bullet/bulletsoftbody/btsoftbodysolvers.h
md5	20e1fac5d4a47cfa44db96cb42188d4a	bullet/bulletsoftbody/btsoftbodysolververtexbuffer.h
md5	0bebf1766e96db815708498d6795fb51	bullet/bulletsoftbody/btsoftrigidcollisionalgorithm.cpp
md5	06c4928367391aec57756fc5c0bd99ae	bullet/bulletsoftbody/btsoftrigidcollisionalgorithm.h
md5	61e80f9195e597b500455239e4643cfa	bullet/bulletsoftbody/btsoftrigiddynamicsworld.cpp
md5	bafac6c4ad8f61d678333587745e5a9a	bullet/bulletsoftbody/btsoftrigiddynamicsworld.h
md5	240bed55cd37110dd00235fcf30d85f5	bullet/bulletsoftbody/btsoftsoftcollisionalgorithm.cpp
md5	088130c64a3b30652494894489291166	bullet/bulletsoftbody/btsoftsoftcollisionalgorithm.h
md5	338773345a2c630c324c802a0566e206	bullet/bulletsoftbody/btsparsesdf.h
md5	cc709315e7871d158978603e50aeff2e	bullet/linearmath/btaabbutil2.h
md5	a48f4ddec186eac7cfe18c6bb705eb2d	bullet/linearmath/btalignedallocator.cpp
md5	d81bb7e36962b590e4005c70dc947af8	bullet/linearmath/btalignedallocator.h
md5	0a3bdcea65ce5869eadb9cb59037af38	bullet/linearmath/btalignedobjectarray.h
md5	58f15f3611f85c7cdbf47016f85038f5	bullet/linearmath/btconvexhull.cpp
md5	27ffa143c2a4aa1163c1c30db6e8e571	bullet/linearmath/btconvexhull.h
md5	8ec606aee964de9a3ff9706233a03f91	bullet/linearmath/btconvexhullcomputer.cpp
md5	736c65acc1334882fb427091ffcaffd0	bullet/linearmath/btconvexhullcomputer.h
md5	d41999bd072478f6cd2ef905ea63d5cb	bullet/linearmath/btdefaultmotionstate.h
md5	48fd3901fdb9022c5cd79239323b89a2	bullet/linearmath/btgeometryutil.h
md5	a3c3c9e685a1d20bee4dac4bd4cf7da7	bullet/linearmath/btgrahamscan2dconvexhull.h
md5	fa15089271d4b6783a1053c111f260b6	bullet/linearmath/bthashmap.h
md5	e171b75b16480092255b177f0b0dc41f	bullet/linearmath/btidebugdraw.h
md5	5104e19ac022704f64c5eb024dc67700	bullet/linearmath/btmatrix3x3.h
md5	993642ac5f61a3e8d46ca0062ec82b7f	bullet/linearmath/btminmax.h
md5	11ee05ecc6d4961888178721814bab04	bullet/linearmath/btmotionstate.h
md5	80e62c377a5942e87e39444fdccc24ed	bullet/linearmath/btpoolallocator.h
md5	324f35e504fc15be2825341ee6decad4	bullet/linearmath/btquadword.h
md5	4f255f776443e3e775a8fd42e75f8c7c	bullet/linearmath/btquaternion.h
md5	e38cbc0719c3d804b211418acfbc2f5e	bullet/linearmath/btquickprof.cpp
md5	97f0392e062ac86b18dc79ace57d3c64	bullet/linearmath/btquickprof.h
md5	0a6585b3ab94a861314376e9de21a214	bullet/linearmath/btscalar.h
md5	e675d1e94863f6f5dd0148c25c3db5b5	bullet/linearmath/btserializer.h
md5	d6704a02c54b7572714bbe4b2e7eb32c	bullet/linearmath/btstackalloc.h
md5	1d58cabf9bd746e329c8d970146530dd	bullet/linearmath/bttransform.h
md5	986630f9adde9bbe28a8dc9da276b071	bullet/linearmath/bttransformutil.h
md5	c694a4b7c8bb947f0834a701a76f8489	bullet/linearmath/btvector3.h
md5	fef9025cc1220b72f5fa91fe019ff522	cs/gtl/comparison/array.h
md5	27c6940250abcbf23248e605426d0cb1	cs/gtl/comparison/c_string.h
md5	6a33a218ad3a8bce5b73d6370fe95d08	cs/gtl/comparison/compare.h
md5	3c42008ab0c000c3fbff8533993b9d58	cs/gtl/comparison/pair.h
md5	6a6b3ba9b4139d071061e0922bcfbb8e	cs/gtl/type_traits.h
md5	3073f14a604a634d3782fa1b1628776d	fastdelegate/fastdelegate.h
md5	b2359f5f5db629ddbe471f4912eaea36	ogg/ogg.h
md5	0a7e827c3c1c046df9c6064ee473f2be	ogg/os_types.h
md5	6f77db8d7ad2d2562364cd9e1c90f05b	ogg/sources/src/bitwise.c
md5	da734b53d92a17fe8461ae306914b956	ogg/sources/src/framing.c
md5	6e1cccb9fe5a9ef9394f622887d8d3ff	opcode/api.h
md5	00b89f6177a04c907214744e255046d3	opcode/ice/iceaabb.cpp
md5	bf3f7dbc626655a0c7237d4af51f7d51	opcode/ice/iceaabb.h
md5	8f8e6c4c31528a78aee823ef9ee7d0f0	opcode/ice/iceaxes.h
md5	d3fe36585937877b564e95f9771b42ea	opcode/ice/iceboundingsphere.h
md5	efb600444975cd435a29461c0e9b03fb	opcode/ice/icecontainer.h
md5	65bf7d3b696402135b8250c829568ea4	opcode/ice/icefpu.h
md5	250794010d246a5ed9e7c071285689a5	opcode/ice/icehpoint.cpp
md5	bceb5063b33ffe767f56000cc80f9814	opcode/ice/icehpoint.h
md5	7fca8a947d942cbfbad58ecbf95ebd24	opcode/ice/iceindexedtriangle.h
md5	b13c719c156e1ce1c5e17bf14727daa9	opcode/ice/icelss.h
md5	f32ad1e0d75a8fd13307a2add536787c	opcode/ice/icematrix3x3.h
md5	4104e089a454a19d391579598bde45ed	opcode/ice/icematrix4x4.h
md5	a31ac175630088ab309099284c9fab8d	opcode/ice/icememorymacros.h
md5	fc6a595fcfd30a8ad43e99e1a2ccac08	opcode/ice/iceobb.h
md5	af50b06d27adca800184819fb26a3dd8	opcode/ice/icepairs.h
md5	22412b0c79be0df9f1b8f5ee30f9ffd7	opcode/ice/iceplane.h
md5	273fc864b2c1fe42551a23d2e0771c1b	opcode/ice/icepoint.cpp
md5	183436ce2efd37b44135cd3c703266a8	opcode/ice/icepoint.h
md5	a3e6393bb97dc904e92524173043be5c	opcode/ice/icepreprocessor.h
md5	3945c0f72641cd6d33727a673c85a2dc	opcode/ice/icerandom.cpp
md5	18735f9b8dffb4a4542fc0bb91afa260	opcode/ice/icerandom.h
md5	d7388d5e93b1803aad11a8188c4af909	opcode/ice/iceray.h
md5	11840c6e68cfc633d75b6e6601ffbb59	opcode/ice/icerevisitedradix.h
md5	d85bf6dd52ade182b5952ac251a77016	opcode/ice/icesegment.h
md5	cb9c3f863ab0e22b9c3329194d5133a9	opcode/ice/icetriangle.h
md5	96e1c8b10b5aa45cd10167ff1310ce9c	opcode/ice/icetrilist.h
md5	eae42faaccaae65141410ff1e58e528b	opcode/ice/icetypes.h
md5	1f0504c4119058ab86436a686c839873	opcode/ice/iceutils.h
md5	42b3c29e8cb357fdbcc60c76f260bbe8	opcode/opc_aabbcollider.h
md5	bf7531abed0af3f7df6434d49c6128e7	opcode/opc_aabbtree.cpp
md5	ca8c298dbcf19d646a20c7a84670f30b	opcode/opc_aabbtree.h
md5	6e7a424ae3dd02b85c72d6c0d32e3831	opcode/opc_basemodel.cpp
md5	ce38e9b741a8c1cc530c2b35d0eeeca5	opcode/opc_basemodel.h
md5	f53d17ab12a3f62e1d1d59828d7a92e7	opcode/opc_boxpruning.h
md5	6afe43cfc33f6bbf515ffdb6d81e2f9c	opcode/opc_collider.h
md5	6c295c785485a2da8fcbb8eb90060445	opcode/opc_common.h
md5	291bc67117eda1bfb2c95cceb0c0041e	opcode/opc_hybridmodel.h
md5	7c5cc99a50793fa29fc0cd592e77ad82	opcode/opc_icehook.h
md5	b7c37f8b0d6c1b0408dd3f2d47fa0d7a	opcode/opc_lsscollider.h
md5	d6ec23e970d127ca9e73eda2e3d6eb29	opcode/opc_meshinterface.cpp
md5	c9a3affb5c52cf4e33134ae7f25698c3	opcode/opc_meshinterface.h
md5	78d36b0798a9d90feda8970cfe1160d4	opcode/opc_model.cpp
md5	80fe8c7827451ee6e39ec936f8842a16	opcode/opc_model.h
md5	5a10e12b6700a4e9d7551be28c74eef4	opcode/opc_obbcollider.h
md5	da4ded3366f1837bff3d904f2a18e323	opcode/opc_optimizedtree.cpp
md5	5492e3823cf484706b156c2dcbfe07f6	opcode/opc_optimizedtree.h
md5	9e0c12026ed118a92aa3c70175135ea8	opcode/opc_picking.h
md5	6b627f7362f26aec4d7be4d86c490b18	opcode/opc_planescollider.h
md5	f37cbd145a1047c6a2317a298615e2ae	opcode/opc_raycollider.h
md5	738ff7c9a008598c3f5105154a0a0765	opcode/opc_settings.h
md5	7bfd7c8dcdedd426e4f1c755879e9d58	opcode/opc_spherecollider.h
md5	8fb134fe407c41c5ddcba7de0beecf23	opcode/opc_sweepandprune.h
md5	b9eeec02108b76b72e57fc18e4d50a2f	opcode/opc_treebuilders.cpp
md5	31557238f2afcc42a5e3191dce5be7c7	opcode/opc_treebuilders.h
md5	6158be066e2acc20f4eda8752e13b6d5	opcode/opc_treecollider.h
md5	d166545d9f051744d78b1a526d664974	opcode/opc_volumecollider.h
md5	c9b4d6c5119d0c5dbdf3ba19b06b1134	opcode/opcode.h
md5	05d76c94483cf35403b465e6c0828e79	opcode/stdafx.cpp
md5	33be9019d5b419c41ab48cc7159bdbb7	opcode/stdafx.h
md5	b23940ea6265002d3bef86551f30122d	openssl/asn1.h
md5	eb78277ccb819775d31e54d5799465e9	openssl/bio.h
md5	8869840913d3c97dcca53d8f568d8d66	openssl/bn.h
md5	4b317596735f8e6f491b2ab5117ffb35	openssl/buffer.h
md5	ff60edfd2df2b76b1b5f35a07ea7e259	openssl/comp.h
md5	20e7da2267520a43cd59119fffc856b7	openssl/conf.h
md5	4bc36788056cb2662506e8b64b5689cc	openssl/crypto.h
md5	b99ed36181a6d6f79301fd6dcde1cd50	openssl/dh.h
md5	7a6b5f9cdb2bfcca80ab6b573b92b114	openssl/dsa.h
md5	35cd24a2fa5984b7020a2df66b49e12c	openssl/dtls1.h
md5	ea74309026b2eb45ed878a4d594fb7b7	openssl/e_os2.h
md5	6681dd3b4b50d1daf42c06c8184e6685	openssl/ec.h
md5	e72fc2d62dec5ce57c3831e9131ecbfa	openssl/ecdh.h
md5	4320a333e43be69ebfc6dfa668b9edfe	openssl/ecdsa.h
md5	7666dfc2ab130a97faea367e927f3fe4	openssl/engine.h
md5	ac9c9b695a5a79dc3b9f4d77d851224a	openssl/err.h
md5	fadad4ac57c503f462674408e8a294cf	openssl/evp.h
md5	44725f35454bf676ad1fce986a9b6d25	openssl/hmac.h
md5	87782aa600e2ea1e27ee36c39d0df937	openssl/kssl.h
md5	21735af68543cd0a54499538fb2aad91	openssl/lhash.h
md5	d731c12bbc470074601657d5f9e2a215	openssl/obj_mac.h
md5	8e0d582c3832716776507f5e5377e382	openssl/objects.h
md5	21bc84d5b20a1666624fcc06915098c6	openssl/opensslconf.h
md5	516f4e17ce04b2b34053b97f51df5bdf	openssl/opensslv.h
md5	2f3de126e56c6c9f93c78102aa7eef29	openssl/ossl_typ.h
md5	e19ea67a4c1f7eaf0b3cb14430d4de23	openssl/pem.h
md5	2aee9bcf129f9962f3afaed608385850	openssl/pem2.h
md5	660a5bf9e7dd14c50f93635229f6b02c	openssl/pkcs7.h
md5	08e291548d9a920f534ea0717ee3ed88	openssl/pqueue.h
md5	215437d5458a7d975f9da94f8cfc8ef9	openssl/rand.h
md5	c661580e56874600638ae5b69e23a725	openssl/rsa.h
md5	01711cc8a57408e8bcc7fcd3235702aa	openssl/safestack.h
md5	8236814f11294e691c9331f423234da7	openssl/sha.h
md5	5977374d7124e7929d2620eac623312f	openssl/ssl.h
md5	79f783feecf62b2c93432d680f117f08	openssl/ssl2.h
md5	71ae764cc97086829353194e4d9ff2e9	openssl/ssl23.h
md5	3ec34daaeb6df722d87c4406b3ee945d	openssl/ssl3.h
md5	496edebcb9743ece2afc4bc30633b78f	openssl/stack.h
md5	01633aa1fbc704cf1c89d3c4848e99c7	openssl/symhacks.h
md5	9f5e47048019791dd97967ea00f4ba7f	openssl/tls1.h
md5	fbb7992799a68866b1070e7f69619ecb	openssl/ui.h
md5	f773371222cc59d23f18d72a20de7a87	openssl/x509.h
md5	68e8b940490ae136faf07c437c0e0cf8	openssl/x509_vfy.h
md5	2c1df9631ca5c445bb46a01de1046a04	openssl/x509v3.h
md5	40dbb51e4d301e0085184015a4ae4d7f	scaleform/include/gfx.h
md5	d75a8a23f543a66cbe164c7a26fef752	scaleform/include/gfx_fontprovider_win32.h
md5	769951ad14076b1eb35d03f0be6defda	scaleform/include/gfx_kernel.h
md5	29298e7bac5772e6a885f4191635b9db	scaleform/include/gfxconfig.h
md5	15129a812f4655322bf4a35f80ffcc73	scaleform/include/gfxconfigaddons.h
md5	13333c53e4ce5ea3819b3a4bf1d5271d	scaleform/include/gfxversion.h
md5	7822f62a3be55f9d5befeb51121b31a7	scaleform/src/gfx/amp/amp_profileframe.h
md5	01a609bae6b027cbe5a0fc9331b96424	scaleform/src/gfx/amp/amp_viewstats.h
md5	880e124c713c2e80bd53e4ffdbe64c27	scaleform/src/gfx/as2/as2_action.h
md5	40fdeb1b8d6613474f67f0239bd33a99	scaleform/src/gfx/as2/as2_actiontypes.h
md5	74be4223d18e97fadf2555f458d67f9b	scaleform/src/gfx/as2/as2_avmcharacter.h
md5	28045686300d480953e17af0178819c7	scaleform/src/gfx/as2/as2_avmsprite.h
md5	85eef633dc13228386be05fd7486d9c6	scaleform/src/gfx/as2/as2_functionref.h
md5	d407f57b374efc70eeb38a05abe7ef51	scaleform/src/gfx/as2/as2_functionrefimpl.h
md5	dcbc2fb579afdc88d23ee0a1e3592c16	scaleform/src/gfx/as2/as2_loadvars.h
md5	56db586a12696abf84ba2a7999e3656d	scaleform/src/gfx/as2/as2_moviecliploader.h
md5	a2c76afed4a34a92dd0fe059a8a5aa84	scaleform/src/gfx/as2/as2_movieroot.h
md5	2b0866615de17299d41827f914f0560a	scaleform/src/gfx/as2/as2_object.h
md5	41f69704e564dc2426efce7a60280945	scaleform/src/gfx/as2/as2_objectproto.h
md5	c5dd90c08c5892d56af0b154efac84a2	scaleform/src/gfx/as2/as2_refcountcollector.h
md5	1ea25d77aa73e14a9b60a2c0cc34f011	scaleform/src/gfx/as2/as2_stringmanager.h
md5	665ff1cded57fe5da16227fb20e5ebc1	scaleform/src/gfx/as2/as2_stylesheet.h
md5	d9f585a4dec746f9884eb371fa79cd1f	scaleform/src/gfx/as2/as2_value.h
md5	da136073091983fcbf631cdb1a1b914b	scaleform/src/gfx/as2/ime/as2_imemanager.h
md5	d733c9f616882654b9eb691b5eca08d2	scaleform/src/gfx/as2/ime/gasime.h
md5	4cd6edf775cdff292a27ccfb18693ac0	scaleform/src/gfx/as3/abc/as3_abc_type.h
md5	3584c367494f07d39268a98bb3b76724	scaleform/src/gfx/as3/as3_global.h
md5	f0b50efede7c58d6893bba1a9bba9330	scaleform/src/gfx/as3/as3_stringmanager.h
md5	60a243fd05a139d4ca094af48e461ddb	scaleform/src/gfx/as3/as3_value.h
md5	5f092063188a207c7fd026c4012983e9	scaleform/src/gfx/as3/ime/as3_imemanager.h
md5	ea50653934edd4a6512e3123a8cf7385	scaleform/src/gfx/audio/gfx_sound.h
md5	1f246706d73232279c43281e7f1f33d9	scaleform/src/gfx/audio/gfx_soundresource.h
md5	480cc1c82e12e67273896533d344d874	scaleform/src/gfx/gfx_as2support.h
md5	72ca18dcd311ba036986daa9a4c21952	scaleform/src/gfx/gfx_as3support.h
md5	060fb1a2c5abc7a99408230d3b234b3c	scaleform/src/gfx/gfx_asimemanager.h
md5	044c3ba3bae9156da55e0491724d9855	scaleform/src/gfx/gfx_asmovierootbase.h
md5	ed7e24404a2103754dc1df5eb64d386f	scaleform/src/gfx/gfx_assoundintf.h
md5	9a4e4cde46b4e2ed757a13aca92bc6c8	scaleform/src/gfx/gfx_asstring.h
md5	d00d434e7fdf4651f111a0b5bc3dd8e6	scaleform/src/gfx/gfx_asutils.h
md5	ba0e5c2012e5b4bc325bc703e9ada0cd	scaleform/src/gfx/gfx_audio.h
md5	26c79728fff6e8bff7bd165a70d805d9	scaleform/src/gfx/gfx_button.h
md5	e90fb56081cabbccd4648fb4fee1c896	scaleform/src/gfx/gfx_buttondef.h
md5	0eeda227b0393dd5f5422e940899a5fa	scaleform/src/gfx/gfx_characterdef.h
md5	483c19d6b0fbf62d363504a5a69545eb	scaleform/src/gfx/gfx_charposinfo.h
md5	91e3b60471a06e1c85d8158934e0f743	scaleform/src/gfx/gfx_displaylist.h
md5	77459564dbe76b13a5eb0f8c8657262a	scaleform/src/gfx/gfx_displayobjcontainer.h
md5	f09c1e76df83e3c810dc9c70388c5852	scaleform/src/gfx/gfx_displayobject.h
md5	d5c7f4abfb770cfe3ee944b80d26af8f	scaleform/src/gfx/gfx_drawingcontext.h
md5	41d88a12156533b1d01b6e3c4206f086	scaleform/src/gfx/gfx_drawtext.h
md5	6bc3e1b4e86322322e285261ade19d6f	scaleform/src/gfx/gfx_event.h
md5	68bac87d5ff8310f5bab349b7001f555	scaleform/src/gfx/gfx_filterdesc.h
md5	9bcc722a0f5d7ffc8a8ff0fc04325693	scaleform/src/gfx/gfx_fontcompactor.h
md5	42921be543dc66539fae7b515c63d80e	scaleform/src/gfx/gfx_fontlib.h
md5	5d2b0db4efe5f657576522f766a54ea5	scaleform/src/gfx/gfx_fontmanager.h
md5	648dd2a596c2406e9f960964cc846ca0	scaleform/src/gfx/gfx_fontproviderwin32.h
md5	e07feadb4f821936b2a0c7df626f23dd	scaleform/src/gfx/gfx_fontresource.h
md5	8d6d5ec42da29d82396fbfb515379f69	scaleform/src/gfx/gfx_imagecreator.h
md5	b08fe21b7f030efb624adb11d5fe18b8	scaleform/src/gfx/gfx_imageresource.h
md5	9c5c76bc3c7a795f67003c7977c87131	scaleform/src/gfx/gfx_imagesupport.h
md5	d7ea45edf0bf60a3b981747616c9535b	scaleform/src/gfx/gfx_input.h
md5	4a3c0743c69a71784ac05a1a92f129bd	scaleform/src/gfx/gfx_interactiveobject.h
md5	df149b6d5e2ede00511a002e41bf99b1	scaleform/src/gfx/gfx_loader.h
md5	30be13686005f70bf6b67577c61e6452	scaleform/src/gfx/gfx_loaderimpl.h
md5	7d4c7e8ee4145186e01a102692912bc1	scaleform/src/gfx/gfx_log.h
md5	86f2d5d2123c38e17969cca04f449f79	scaleform/src/gfx/gfx_mediainterfaces.h
md5	1f6e3f33fce4a1876af992415ff6f959	scaleform/src/gfx/gfx_moviedef.h
md5	d9fc7b9f403b5ab4d17221b65694c6d1	scaleform/src/gfx/gfx_pathdatastorage.h
md5	a211371df77fd6570458b00173d214c0	scaleform/src/gfx/gfx_player.h
md5	7885e3025ad688aac4a8da61efbd6b3d	scaleform/src/gfx/gfx_playerimpl.h
md5	c5882eddd93263363683832699692157	scaleform/src/gfx/gfx_playerstats.h
md5	974f894b37278cd5872af63f3e7f791f	scaleform/src/gfx/gfx_playertasks.h
md5	1602053983f15f7fd18c51bf433f2ea3	scaleform/src/gfx/gfx_resource.h
md5	eefffa622a7178ea9a1eed73e2b50b51	scaleform/src/gfx/gfx_resourcehandle.h
md5	ab93f477bb96aca2cc2cae52488703de	scaleform/src/gfx/gfx_shape.h
md5	54adb2e2a641c2c8a910929899200064	scaleform/src/gfx/gfx_shapeswf.h
md5	db7c7864f42a2abf7803d2315a27f5f9	scaleform/src/gfx/gfx_sharedobject.h
md5	4e4f62e6e277314c8dc74b419de713a0	scaleform/src/gfx/gfx_sprite.h
md5	f7a95234dea1a2692efb8760a8d5d844	scaleform/src/gfx/gfx_spritedef.h
md5	1763ee2a73ec938ba246cbdfe43c3a3f	scaleform/src/gfx/gfx_stats.h
md5	b459fcc29140043e7e4b5c00cd26596e	scaleform/src/gfx/gfx_stream.h
md5	c9e52624caf9e02d9c89cf411ad914c5	scaleform/src/gfx/gfx_streamcontext.h
md5	c037de575184a1c82de3404973962575	scaleform/src/gfx/gfx_string.h
md5	e09a9e1922554007048001b8144fb773	scaleform/src/gfx/gfx_stringhash.h
md5	a833442f7fa1ee9dc7abd2b86f251e34	scaleform/src/gfx/gfx_tagloaders.h
md5	b56dba5dd95b9d285e23730c4627ade6	scaleform/src/gfx/gfx_tags.h
md5	52be1e7be597a78a9a896ffb7b593949	scaleform/src/gfx/gfx_taskmanager.h
md5	0e2915267a42105b64f8aec96ce51bfe	scaleform/src/gfx/gfx_textfield.h
md5	43f30475d5e505d8fce9545239bcfc9f	scaleform/src/gfx/gfx_textfielddef.h
md5	e515cb9aaa4461c1e9257047713367f6	scaleform/src/gfx/gfx_types.h
md5	729299b96477708f124a9d1c6bc3686c	scaleform/src/gfx/gfx_videobase.h
md5	3597c2b5fc40b312205a4ade50cca0b5	scaleform/src/gfx/gfx_wwhelper.h
md5	450eae16f0042f704550f96975aad8af	scaleform/src/gfx/ime/gfx_imemanager.h
md5	b0ed47dc0f48ce62028dffcd65ed367f	scaleform/src/gfx/text/text_editorkit.h
md5	8cc748c3ffaec50fc7d1bf3d0fc36c2c	scaleform/src/gfx/text/text_stylesheet.h
md5	23586e85303406890a6f4ecc0e126892	scaleform/src/gfx/xml/xml_support.h
md5	0d15fed9fe5e1a39e1911ab6c93b1714	scaleform/src/kernel/heapmh/heapmh_memoryheap.h
md5	22d378e0c9aeae521d833e9b25c94fe2	scaleform/src/kernel/heapmh/heapmh_sysallocmalloc.h
md5	920d619b35a9714ed6e950d18b4f80ee	scaleform/src/kernel/heappt/heappt_memoryheap.h
md5	6b8ff003afe54acc24134dac11046a51	scaleform/src/kernel/heappt/heappt_sysallocmalloc.h
md5	d9ae7aff16347742542198cf00d659c1	scaleform/src/kernel/heappt/heappt_sysallocwinapi.h
md5	11bb830e86f3ac198931286a35acd013	scaleform/src/kernel/sf_alg.h
md5	5db8c207f6b49eb22cad64456e7cf4e1	scaleform/src/kernel/sf_allocaddr.h
md5	c1d3cdc78a1dccd981d1b7ce89b3f921	scaleform/src/kernel/sf_allocator.h
md5	72167ee94fffba28b77121f569147b55	scaleform/src/kernel/sf_allocinfo.h
md5	5eae4ab8cac5f365804ebfc7b0742947	scaleform/src/kernel/sf_ampinterface.h
md5	962d096f6833b8c1820469a8889b8305	scaleform/src/kernel/sf_array.h
md5	857c63384b8c3bfec54dc9eb9be57485	scaleform/src/kernel/sf_arraypaged.h
md5	f632f7a3b51b5756e6af814d6091ca8a	scaleform/src/kernel/sf_arraystaticbuff.h
md5	f8f68c13a5cc48d03dfb96aa8b8586a7	scaleform/src/kernel/sf_arrayunsafe.h
md5	943d0dbde85413de8d5600274dc919ed	scaleform/src/kernel/sf_atomic.h
md5	9674f79383fba71d27bff8a45192bf0e	scaleform/src/kernel/sf_autoptr.h
md5	d6f822d11826c4c4154f12aca0d32d46	scaleform/src/kernel/sf_debug.h
md5	b61abfcfb39f342b7baeb601a871c98c	scaleform/src/kernel/sf_file.h
md5	020252785e5c6bf894f366e705176e22	scaleform/src/kernel/sf_hash.h
md5	a6c1c9fd1122eb995060b4ac4678baaa	scaleform/src/kernel/sf_heapnew.h
md5	0544df90ed1e85ad2d05d45c1fa01813	scaleform/src/kernel/sf_keycodes.h
md5	f64e0f97c6b33c518ef68152ff5c9b9f	scaleform/src/kernel/sf_list.h
md5	5a0a87a4e462f1a7ab728367a485eb28	scaleform/src/kernel/sf_listalloc.h
md5	8baa0373c7fd83f86cc02ad02080275e	scaleform/src/kernel/sf_locale.h
md5	ade711a9177a99a455386b44fec01f6a	scaleform/src/kernel/sf_log.h
md5	8abe978a615b97c19fa702d6b0bf318d	scaleform/src/kernel/sf_math.h
md5	f9ddcdf40661374c8f9214ea36d21a45	scaleform/src/kernel/sf_memitem.h
md5	71874fd1e16a460b798db5d8784c9c2d	scaleform/src/kernel/sf_memory.h
md5	e143fd5bbdcfaba7b27f49e01f8fb095	scaleform/src/kernel/sf_memoryheap.h
md5	e0021936b349f5cd71b0d8728e59db9c	scaleform/src/kernel/sf_radixtree.h
md5	f824c1dfbffde3adc7be98acf3d7ec16	scaleform/src/kernel/sf_random.h
md5	9ae1d8d577c74b7714a6846aa0222297	scaleform/src/kernel/sf_range.h
md5	e0ccbe8624c2ab9dd14e5c379934c675	scaleform/src/kernel/sf_refcount.h
md5	e532e619edc2d27d02b6adec93984f26	scaleform/src/kernel/sf_simd.h
md5	c26654a8ad1ce148d54aae908f9eec68	scaleform/src/kernel/sf_simd_sse.h
md5	929138739b36537aba7a617b2bdc98c5	scaleform/src/kernel/sf_stackmempool.h
md5	be13f1949406fc4616b9f3f987765245	scaleform/src/kernel/sf_stats.h
md5	89086f752b7a7e6243c946f293df4f6c	scaleform/src/kernel/sf_std.h
md5	d153f3bfa2b8ffdf233c7e76f11c8b1f	scaleform/src/kernel/sf_string.h
md5	5ab4ba7c14aad0fdc1c0cd2f978bcb38	scaleform/src/kernel/sf_stringhash.h
md5	300a69a20ea04c08865652c738000f06	scaleform/src/kernel/sf_sysalloc.h
md5	a43b0def62b628f15221950204190238	scaleform/src/kernel/sf_sysfile.h
md5	ed912d5815034f9365a1b8828247a91b	scaleform/src/kernel/sf_system.h
md5	2865c0e80d05cf2824463679aee761f6	scaleform/src/kernel/sf_threads.h
md5	a35010ed30f41bfecff6e8f881abf25a	scaleform/src/kernel/sf_timer.h
md5	ac51b4a092cb3ad9b6f3cebca8329fa8	scaleform/src/kernel/sf_types.h
md5	7a0d82ef07962f4fbda6017db74b4984	scaleform/src/kernel/sf_utf8util.h
md5	a543c067f4bed4e5dfae4c64f7ce2437	scaleform/src/kernel/sf_wstring.h
md5	7200b5f8619f8b15a53dd8f581c933c2	scaleform/src/render/fontprovider/render_fontproviderwinapi.h
md5	759cefe26662f7fde844e7f261afb190	scaleform/src/render/imagefiles/dds_imagefile.h
md5	18a113fdd81c32309a316294d9b8acf8	scaleform/src/render/imagefiles/jpeg_imagefile.h
md5	7c41ff47313dc50a3159229cc7066892	scaleform/src/render/imagefiles/png_imagefile.h
md5	40096f1397435ca229f00109ce20a3b4	scaleform/src/render/imagefiles/render_imagefile.h
md5	2516223f67271b258e89661673b3819c	scaleform/src/render/imagefiles/render_imagefileutil.h
md5	6c5fb2e126a7150976fbe9bd1ed66d0c	scaleform/src/render/imagefiles/tga_imagefile.h
md5	98eba1d400cc5fc06f2d46cfa6fbb672	scaleform/src/render/render_buffer.h
md5	1eb328368d2d37341bd15c67618b8985	scaleform/src/render/render_buffergeneric.h
md5	b368f559b26ce2413b96cc15ec152dee	scaleform/src/render/render_bundle.h
md5	475f38bfd0aed0c49994467a1cdb827f	scaleform/src/render/render_color.h
md5	59cc0ca06bcda05fc61aaff04cdc39a3	scaleform/src/render/render_constants.h
md5	2ae74fa87db0d5556ce54f634bc0c4f9	scaleform/src/render/render_containers.h
md5	96aa61ee541cb879c93a0c5d74772e05	scaleform/src/render/render_context.h
md5	2e9e7ea68cb12e77c01306f63033e16f	scaleform/src/render/render_cxform.h
md5	9dbf9f0304ad141f64f85178b6320740	scaleform/src/render/render_drawableimage.h
md5	5d4fe40f0b044d7ff160b5a4f655fbb2	scaleform/src/render/render_events.h
md5	0daba161bf6551b2247af71a38aaca7c	scaleform/src/render/render_filterparams.h
md5	2f57e391e4ac10bc10c5a28749c6916f	scaleform/src/render/render_filters.h
md5	1e0193be75b338e451f91899f4babda7	scaleform/src/render/render_font.h
md5	ea3f634f72f80809bb657bb521dae60b	scaleform/src/render/render_glyphcacheconfig.h
md5	4c2256e56e506fdeee034a4336084353	scaleform/src/render/render_glyphparam.h
md5	cdd51e1c720250c38137ea782c9c456f	scaleform/src/render/render_gradients.h
md5	2b102c0226345b60d19fc0b6d4942d4e	scaleform/src/render/render_hal.h
md5	a9f8066a51008b4bdb028795606f9a28	scaleform/src/render/render_image.h
md5	954e2a2a10e85ce6aa7a326026fb382c	scaleform/src/render/render_imagefiles.h
md5	b33ea2e55497cb81739b3822a8a7061f	scaleform/src/render/render_math2d.h
md5	434b7c24b8520c2b412d0316f137948b	scaleform/src/render/render_matrix2x4.h
md5	562e97b81f37d797763fcfde25a00bed	scaleform/src/render/render_matrix3x4.h
md5	1c0ebc327d69436761f93420be4bde87	scaleform/src/render/render_matrix4x4.h
md5	b88b70104cc5c0be3be58dd718b8cb66	scaleform/src/render/render_matrixpool.h
md5	e65e9a59f479747a95bc1f8d756b8afc	scaleform/src/render/render_meshcache.h
md5	935db089e6691513b68cb6c7ecdcf8c1	scaleform/src/render/render_meshcacheconfig.h
md5	122e4a00a671f9326c473504df4a6aa0	scaleform/src/render/render_meshkey.h
md5	9653378f2dfb495722b9283b231da91c	scaleform/src/render/render_pathdatapacker.h
md5	d0f38d3f780e252d8c72597a6baf5e25	scaleform/src/render/render_point3.h
md5	92dcfbe84904646041061d59b13eefae	scaleform/src/render/render_primitive.h
md5	7dc2314d5ab3fc85586d97e7c43f7703	scaleform/src/render/render_queue.h
md5	5bd0cf0437b5148dc37595ce387c75e1	scaleform/src/render/render_resizeimage.h
md5	3b283be7b52001a9832f3f29f0a617bf	scaleform/src/render/render_scale9grid.h
md5	578e6346aaaeedbbd36e1953ee29c003	scaleform/src/render/render_screentoworld.h
md5	c33344e52c0a40fcc151e7c8c3c8eef0	scaleform/src/render/render_shader.h
md5	37487f1b1c287e665848f90295b9706c	scaleform/src/render/render_shaderhal.h
md5	5dff028f43276334ae5ee2694c9efcef	scaleform/src/render/render_shapedatadefs.h
md5	969374295e5f47eb7fb42717c3ea94da	scaleform/src/render/render_shapedatafloat.h
md5	36f7a7b8eedab50d551a53d1f0ccdb42	scaleform/src/render/render_shapedatapacked.h
md5	ba281dae25c17823c4bf61784b02b986	scaleform/src/render/render_shapemeshprovider.h
md5	04d21ddb7c35f675836110250361985a	scaleform/src/render/render_statebag.h
md5	9377080b8cb1e076447e122763aadeed	scaleform/src/render/render_states.h
md5	2f34a8d4a35ca30a3184ef21b224e0f9	scaleform/src/render/render_stats.h
md5	53e6a9e6c64ffda5ee54df0e6834b571	scaleform/src/render/render_sync.h
md5	28a95ee9f4194d4bab6343f6bdb3a926	scaleform/src/render/render_tessdefs.h
md5	c13e8afaf70bb0aa28e9fef3e5057450	scaleform/src/render/render_textlayout.h
md5	1deb4a7959e1b14fdaaed6d7808cc82b	scaleform/src/render/render_textmeshprovider.h
md5	72ce84516af11135c42d49588e0aaa27	scaleform/src/render/render_texturecache.h
md5	8f9a68eb25da457208fdced82d446a0e	scaleform/src/render/render_texturecachegeneric.h
md5	bc3236678c5af40a28d6fdd4bedf706c	scaleform/src/render/render_textureutil.h
md5	96d56e75eb911b7e6fe606da908eaf79	scaleform/src/render/render_threadcommandqueue.h
md5	8da61e665ec6c6ccef357e9d87b4b9fb	scaleform/src/render/render_toleranceparams.h
md5	1cf8d77f9302043e2997cd3d0650f44c	scaleform/src/render/render_treenode.h
md5	ee2fa22775c84a4725e87fef47ff1dba	scaleform/src/render/render_treeshape.h
md5	1ca39f937798cd8b93fbfad9de50c005	scaleform/src/render/render_treetext.h
md5	9e82ff1a8afc4cc141e227490d2778b4	scaleform/src/render/render_twips.h
md5	fab828255f8502ceb3ccb3112e74358c	scaleform/src/render/render_types2d.h
md5	9dd949c1e7e653ad3d686468b5fdd6d6	scaleform/src/render/render_vertex.h
md5	313b492d6cd9d2cf0d9e3fce13dbed83	scaleform/src/render/render_viewport.h
md5	a773d024724f5bde3faa5cd2967fbb5b	scaleform/src/render/renderer2d.h
md5	f0d8d3d78e6e213f362b1d49f545ea56	scaleform/src/render/text/text_core.h
md5	bc3e3d361c91ce909518be3b6a6ff1d5	scaleform/src/render/text/text_docview.h
md5	af0644218fe71916cf8e2fa051aa1485	scaleform/src/render/text/text_filterdesc.h
md5	c909b6ed4bda3301fb02ce3218c06051	scaleform/src/render/text/text_fontmanager.h
md5	7eb73c39fa5fcf9133e92c216f91bc2d	scaleform/src/render/text/text_highlight.h
md5	752477f6631f458110ddda3a65300411	scaleform/src/render/text/text_linebuffer.h
md5	2d1fc513f3a76e0b79667cd74fec5156	scaleform/src/render/text/text_sgmlparser.h
md5	8dd336f7d595625f9b1d0b215a981d62	scaleform/src/render/text/text_styledtext.h
md5	3a584ebc44b9c0f19356a0e4370862ca	scaleform/src/render/text/text_wwhelper.h
md5	625c986153cc122624a1b0e3c9557c61	scaleform/src/sound/sound_sound.h
md5	2ab1cff73757a90975f9bacda61a8f99	scaleform/src/sound/sound_soundrenderer.h
md5	027ab1f387ca6e35340b7d35c2806b58	speedtree/core/allocator.h
md5	3889dc62ecece9bda1eb6f9b0d37a7b4	speedtree/core/array.h
md5	d69d4598234bd369672b3a851e9c05a1	speedtree/core/array.inl
md5	01a301e68a4f13a2455898ec321abdf6	speedtree/core/blockpool.h
md5	8ff021d1e37fc036a2d83494c8f5937e	speedtree/core/blockpool.inl
md5	f7081b2963123f63636d473c0e1b8fd7	speedtree/core/coordsys.h
md5	4c2a9e2d571d5d8ea7e3ac8b32297207	speedtree/core/core.h
md5	cb581040663fd4b161d244c5d0c9e087	speedtree/core/core.inl
md5	94f6644b04823ab3580794b5646b2326	speedtree/core/exportbegin.h
md5	c704b99a95b4ed1e44d142514a35576d	speedtree/core/exportend.h
md5	3b0e838ee1bafe233e187bed23d59021	speedtree/core/extents.h
md5	97c42edd98cf0807bae2529d256595b5	speedtree/core/extents.inl
md5	c976d85ddf34c34b2bf96181cce1f72f	speedtree/core/fixedstring.h
md5	83093550776b614e5ad30c117d0511c9	speedtree/core/fixedstring.inl
md5	de95250c5f9d37312400470a538938b4	speedtree/core/map.h
md5	a03128697235975eee4ba2e75fb3db40	speedtree/core/map.inl
md5	bd01122a7a14a356630e8480cbc191c8	speedtree/core/matrix.h
md5	4da21d4b3b0eb27ede406bd63eb5e439	speedtree/core/matrix.inl
md5	49688bce0d07deebe581fdace95f718b	speedtree/core/memory.h
md5	1df2735d96544f7ca2d7cf7abea2f0bd	speedtree/core/random.h
md5	23835f96764b05c8b7045e207a831393	speedtree/core/random.inl
md5	9d6f71d77eee7081bdf59a4671794a7c	speedtree/core/set.h
md5	0b922e389a41c31a763d9d6857cfc84a	speedtree/core/set.inl
md5	61eb1d5431edb8498d8d062cfbc584b2	speedtree/core/string.h
md5	24fb81eb054a9b35d8a107a36562ca19	speedtree/core/string.inl
md5	1c1676efa9896281dd061a5e67f1ac9b	speedtree/core/types.h
md5	ef24104c9a25c67722f6cda085bd40ab	speedtree/core/vector.h
md5	122c0010507e07bb6d69774196516ad0	speedtree/core/vector.inl
md5	2ffb94a68831e0aebc7824c14ab84645	speedtree/core/wind.h
md5	974a6ae407e0ff49646210dde5946cbf	speedtree/forest/cellcontainer.inl
md5	1cabcccf4378596baaee0086ece886a2	speedtree/forest/cells.inl
md5	f0717fbca1786800ea08f2cf61dc8d33	speedtree/forest/cullresults.inl
md5	2e0ffd46cf5c64565349d0999d272b6a	speedtree/forest/forest.h
md5	60822920aec49562504a422785881411	speedtree/forest/forest.inl
md5	2602d9db9a90397c90bd11776b5c4e10	speedtree/forest/grass.h
md5	33858d7091093c53b5dd6ac6a255bd77	speedtree/forest/grass.inl
md5	300f3417a11725d738b8cebb85d81deb	speedtree/forest/instance.inl
md5	c084bf2f4242ba05390dc691ef3b1e3a	stlport/algorithm
md5	18766c5c08b54497bb9fe2d1511f93ab	stlport/assert.h
md5	7f392f22b75c9ff5045bedba2e149483	stlport/cassert
md5	6eb4c11d7055105164affb23cad0382d	stlport/cctype
md5	b0801ef0343ef2f264755aaabf3fa79e	stlport/cerrno
md5	7d0c7c81e1214bbc879e19da62b794d7	stlport/cfloat
md5	ad0001b7a68bccf40512243dd8ea27eb	stlport/climits
md5	55936a74b44f468523307963d28bdcf7	stlport/cmath
md5	ba0d2ac5f9486aae4017ad7dc65787d7	stlport/cstdarg
md5	0115259924dec3e7d77329e61dc3e1e4	stlport/cstddef
md5	3fdd19d7231bfc14ba9de559828c2322	stlport/cstdio
md5	84028fd30bdb6ab82404cf7e40222f2b	stlport/cstdlib
md5	6858004c006911e1e58fd57277354f0c	stlport/cstring
md5	8de11ba536d5748012d5f90ba96b6f63	stlport/ctime
md5	18efbc882dc4edd695dd737d83c307d8	stlport/ctype.h
md5	6598537b005ffd175e5b3eb512ca3e08	stlport/cwchar
md5	d36565949e61c72c13875cd6206bfdc2	stlport/cwctype
md5	3d90d91895c279b6d94e9fd450a2119b	stlport/deque
md5	df64ee7426ef05672495359f323347b7	stlport/errno.h
md5	1ebe4521607e4fa9dd8cfbd6ae341212	stlport/exception
md5	25c1669f168d0fb2094e474ec0cdcf56	stlport/float.h
md5	29a37a80e07f5131f703dd91c8a9f7dc	stlport/functional
md5	f2de2e74ecca794d5f2022114cf88892	stlport/hash_map
md5	cf09e898c30d2459f4157a601ee5f49b	stlport/iosfwd
md5	b6c8411619260127293730734814018e	stlport/iterator
md5	13e1821244ac9a6e5ec1728564556b85	stlport/limits
md5	6b4d14b90b087d785235216b08088a9a	stlport/limits.h
md5	73d3acbc6ef800c30964b441c06d8eef	stlport/list
md5	c10fa67d49f23541ae36f75d907f8e4a	stlport/locale.h
md5	f018d7039f0cd8f5cde491118b1b9586	stlport/map
md5	bc91456693507cddd712ea406acfd332	stlport/math.h
md5	7fb45e49bc02c581367bd3719daf142d	stlport/memory
md5	40d5b09880c775e8f61f8cc6becf71c5	stlport/new
md5	cb983df6da67562560f0ff9007e1c6b1	stlport/new.h
md5	e15516d81fc1a2321e6eae06a6caa470	stlport/numeric
md5	8f1f9c72d7fe4c4d8ac920ca2be99566	stlport/ostream
md5	7c64882e4e86f64cbb5431b1a4fddd05	stlport/queue
md5	19049875b45580308d858838e5264620	stlport/set
md5	74f39d71394dc48da916a56b7860f122	stlport/setjmp.h
md5	88a5d432af1a3bf9b8fb8405ed71133d	stlport/signal.h
md5	60ab7ecd447780f790f8ec2868d4853c	stlport/sstream
md5	758aa6619c6c3ad6327400b97e593785	stlport/stack
md5	00dfcb7b42f67d60ce72421d29fe165d	stlport/stdarg.h
md5	b99203afc6a37d8a86b511990c8fd418	stlport/stddef.h
md5	95f2357ef738537d74054ae7edc78b5c	stlport/stdexcept
md5	86840e522075f9f0e6a3c1bc93267f5e	stlport/stdio.h
md5	3309d207b00b4241d3d096a62ac836c3	stlport/stdlib.h
md5	e829d7a69bf0e6930c3a86605ab3cb39	stlport/stl/_algo.c
md5	96cfce0f1a4413b3f23a72cea66d2e3f	stlport/stl/_algo.h
md5	82a0c359e0081992af5e06f3e9d4bef2	stlport/stl/_algobase.c
md5	38ee3a1d96d9e50a5d516f0a6ea44f3b	stlport/stl/_algobase.h
md5	baa05c2587f55d18748b8c77e1ec64d4	stlport/stl/_alloc.h
md5	e7fb4b23b0b0852817a41387b0da0a9b	stlport/stl/_auto_ptr.h
md5	aa88db3e65019ba82cbfc20b4bb9bf2e	stlport/stl/_bvector.h
md5	0cb046bec81cfed4149e3287c9f08efc	stlport/stl/_carray.h
md5	ebbaf38b9f31527226c56594cc221715	stlport/stl/_cctype.h
md5	208d16f7f84eab2e655573cf62a15746	stlport/stl/_cmath.h
md5	536d73a28bfa2c43d17f17d2ad0a24a5	stlport/stl/_config_compat_post.h
md5	cf3b02d1d3ebfdcc62a2162d421bf780	stlport/stl/_construct.h
md5	adac3c4f64c437b744ae1852ed4b7903	stlport/stl/_cprolog.h
md5	32253de890eb580e8ec9eca3db6a604f	stlport/stl/_cstdarg.h
md5	5dcd353f04e817f160682aef7dd559fa	stlport/stl/_cstddef.h
md5	383d2ebc2f4eed2f5df872d8ebc32027	stlport/stl/_cstdio.h
md5	21e1c2eb34f3422523726e2ee92f5f39	stlport/stl/_cstdlib.h
md5	3b75e5f10c78d204edbffc1add2a7210	stlport/stl/_cstring.h
md5	2f29fb08d2395605dcd3d81ce7945c7f	stlport/stl/_ctime.h
md5	97c34f1d219134c24faeea69abea6712	stlport/stl/_ctraits_fns.h
md5	72bc6f7892efb77949e360a83bd949cc	stlport/stl/_ctype.h
md5	1fbaa003b3af3626a25c252b5a934dce	stlport/stl/_cwchar.h
md5	7f3bc2d70784a93811ce62d39d2eed98	stlport/stl/_cwctype.h
md5	8df65a62f94f97fcfbdd45bff6baea48	stlport/stl/_deque.c
md5	d4de4eac877d0ad43d3d9910bad86fac	stlport/stl/_deque.h
md5	7a2bcc1a44f9893be6234e14ad4839c6	stlport/stl/_epilog.h
md5	ee402dfaa5a3aa1758b52599e0c1d5f1	stlport/stl/_exception.h
md5	51b9718e8ad75a9a6eae6afbb5fb60ff	stlport/stl/_facets_fwd.h
md5	6b233cd1d14b0ea10968a973741de4aa	stlport/stl/_function.h
md5	2b0d0154f11e67bceb034317b6aa0a54	stlport/stl/_function_adaptors.h
md5	ad49f18d0adc1316e3ae6849632f4b6b	stlport/stl/_function_base.h
md5	64b5ae882566cea89cde53ed252a244b	stlport/stl/_hash_fun.h
md5	a7f106eb4e7c02381a04be80ebb564be	stlport/stl/_hash_map.h
md5	3e8822623f80e72912272848ad2acf41	stlport/stl/_hashtable.c
md5	58d97122320947cce3e5224598b700e5	stlport/stl/_hashtable.h
md5	ceda4547419018f62f0e4924856d585e	stlport/stl/_heap.c
md5	19c9796b12f7315b6f5953b87da0632b	stlport/stl/_heap.h
md5	271bd163604fc676a0b245f70cff24a6	stlport/stl/_ios.c
md5	099f7da94ae745271f6b1254c52e2de7	stlport/stl/_ios.h
md5	a0a096a07f51647e3282f60975bc0053	stlport/stl/_ios_base.h
md5	0d4ebd477f3bb3f9e295cfbfc4be4df8	stlport/stl/_ioserr.h
md5	f2a6b754556946bce82625c3614f54a5	stlport/stl/_iosfwd.h
md5	13cd11c504c269c657bb8bef702c7ec9	stlport/stl/_iostream_string.h
md5	31478726046b8a86ed0a98da9587ce82	stlport/stl/_istream.c
md5	912a238cdebb97252bdde96fc131a932	stlport/stl/_istream.h
md5	e119336df57a68b43a312586d45358a8	stlport/stl/_istreambuf_iterator.h
md5	bf45cea64f84dffc771085934d13cebd	stlport/stl/_iterator.h
md5	dc8609642f96fdfa005d6e97e5af5eff	stlport/stl/_iterator_base.h
md5	cb7f27fce98aa16e8654bc4ec1871327	stlport/stl/_limits.c
md5	1ee5098da3977038db3c148541d480b5	stlport/stl/_limits.h
md5	bf62b4923f674d6d800d3b0461b044e4	stlport/stl/_list.c
md5	006e52d8dacaa13b37ca288bcced9bbb	stlport/stl/_list.h
md5	1d57541c8ccd17b4d5d152eddce8a5b4	stlport/stl/_locale.h
md5	05e5a57027a4fc1a530e7a895098acbc	stlport/stl/_map.h
md5	98fa2189ac738d808645f16fece0bc2a	stlport/stl/_mbstate_t.h
md5	139e74ea9cb02c831fed0f00b75cd79e	stlport/stl/_move_construct_fwk.h
md5	a478b24904c8f221cbcf636433a8193d	stlport/stl/_new.h
md5	bdbdbfbaffecabf3e6aa7b269fcae92a	stlport/stl/_num_get.c
md5	09aeb8641cc3012f085ae484270b05d2	stlport/stl/_num_get.h
md5	26da72eb8cfc9a9556460c12db1706d1	stlport/stl/_num_put.c
md5	8d25982eeb4097c2c73dbdbfd0a4b574	stlport/stl/_num_put.h
md5	c47276bff0c28cbfcf9661aa0d9763a6	stlport/stl/_numeric.c
md5	1d5ded26816823be7ac7b272fd5f3ae4	stlport/stl/_numeric.h
md5	d28cebdc7ccb6c92393ed0ae410d8fb8	stlport/stl/_numpunct.h
md5	77d59bd2fea45815021ff3c8b0afa7a4	stlport/stl/_ostream.c
md5	c69fe2f7d39f6d93b8b88701d69bc7e2	stlport/stl/_ostream.h
md5	74b2cfd9f8394841543dd51f003851be	stlport/stl/_ostreambuf_iterator.h
md5	6be5dee768bfd9edb25f735eaa78ecff	stlport/stl/_pair.h
md5	18d8a3924260d3cd53873c6c8d09e123	stlport/stl/_prolog.h
md5	2a7a66df108a6c4c974c1fc3532296cf	stlport/stl/_ptrs_specialize.h
md5	d722a9f015de7f98a58c45359d72e061	stlport/stl/_queue.h
md5	41eeb5c43ab0668301ac3932d7a41979	stlport/stl/_range_errors.h
md5	a1b8663beccdf2be3421b6a3ae4eb3c6	stlport/stl/_raw_storage_iter.h
md5	3055192683efdaffa08fa662fe8150cb	stlport/stl/_relops_cont.h
md5	6a2f7ef11ec13433b56f8e4b4d80f26c	stlport/stl/_relops_hash_cont.h
md5	9839df50a891632bbd1ebba8b39ddcbf	stlport/stl/_set.h
md5	37418d0734b1253c14090ef54a3b8e6d	stlport/stl/_slist.c
md5	86378be20a660cf282afc6d7728daca6	stlport/stl/_slist.h
md5	020636634d0d9868782aff3f832685f7	stlport/stl/_slist_base.h
md5	18d3eefe1b132df2572132ae57e56577	stlport/stl/_sstream.c
md5	bbecae2b1f81de95aeab3ac7b7bdb374	stlport/stl/_sstream.h
md5	e7154213916c51431322de2d36054f8b	stlport/stl/_stack.h
md5	91c26f10f1e147c816d10f52a6f0e9cd	stlport/stl/_stdexcept.h
md5	7721033743fecec4d42b6dc9410a5e08	stlport/stl/_stdexcept_base.h
md5	87f2dbd4f79ad286d627f49491c6c53c	stlport/stl/_stlport_version.h
md5	07167efaecd59ec0efedc3b383a2bc1e	stlport/stl/_stream_iterator.h
md5	fc707026c7428800922326f1cbbcc266	stlport/stl/_streambuf.c
md5	41ca80b823cdd155b03fac19b90a68f4	stlport/stl/_streambuf.h
md5	66025077d4b4d050a241f9499101e14d	stlport/stl/_string.c
md5	c0ee44e490ac45fb33817fe6a6e276f2	stlport/stl/_string.h
md5	716cdecdbca01f5c353679eac22f8b2f	stlport/stl/_string_base.h
md5	1be5fbabd3916fb9e34d28bbaf6f7825	stlport/stl/_string_fwd.h
md5	8047b3d98b7a23bc07cc8631a15a7dcc	stlport/stl/_string_hash.h
md5	20841176ba635a7d068152216227feb2	stlport/stl/_string_io.c
md5	463bef541289bce518bbfc2851f2d0a0	stlport/stl/_string_io.h
md5	064b6e3ca010c34307a48882df8265ed	stlport/stl/_string_npos.h
md5	2235271a0ee0e989492372c5398bfa2e	stlport/stl/_string_operators.h
md5	a7d1a73b39e8c963c948d729554840c1	stlport/stl/_string_sum.h
md5	ab6038dd9fcf7ee60b23d503a9765606	stlport/stl/_string_sum_methods.h
md5	098f2817298773bde31f1a6a64f9c924	stlport/stl/_tempbuf.c
md5	37c637f3169c8588a665c6fe5cc1f340	stlport/stl/_tempbuf.h
md5	06611653334e6cc0ea3b5a3f8141a180	stlport/stl/_threads.c
md5	5fdde1921f405da6bd3fb61253b9e228	stlport/stl/_threads.h
md5	69fc3a14ce2366407f35810722868f1b	stlport/stl/_tree.c
md5	a7c408c6c3b2b52886acde1455c592f6	stlport/stl/_tree.h
md5	54c7469a5e8e15b327436ec189dedcce	stlport/stl/_typeinfo.h
md5	2250d37d2c6722e3ec604f841f839503	stlport/stl/_uninitialized.h
md5	840c4b14fde0453c9e7ddadcc33f00c7	stlport/stl/_vector.c
md5	920387b465ec2b81ab2a4b0233748999	stlport/stl/_vector.h
md5	f19f68f5c24762cb178f6f4ff105d37a	stlport/stl/c_locale.h
md5	50d42cd7224a2a43fb490c3c26af7f62	stlport/stl/char_traits.h
md5	63d80abc3de2ff753599c8e1d8798026	stlport/stl/config/_auto_link.h
md5	3168fabe38dc85fa96d80675f86cc012	stlport/stl/config/_detect_dll_or_lib.h
md5	95df42691b2cd3bb51284bdfc0c7ce98	stlport/stl/config/_epilog.h
md5	a4671ad81cd21ab0fe3bb5b4f23da64e	stlport/stl/config/_feedback.h
md5	04f0112ccc6d07069fb852e5ab3332e2	stlport/stl/config/_msvc.h
md5	bf6471b94aef5459747adc6e3a8fb612	stlport/stl/config/_native_headers.h
md5	a7258795af73c6c01abb9887b48d3c48	stlport/stl/config/_prolog.h
md5	1cb3a0cbaab687162d63aee78797e6df	stlport/stl/config/_system.h
md5	d6a03956b5309b04ef0d76a81fdc6e4f	stlport/stl/config/_warnings_off.h
md5	ad2f85de70018c115bc446a07428fc8a	stlport/stl/config/_windows.h
md5	f630e53a25215751cb10ec08578ebf33	stlport/stl/config/compat.h
md5	5125140d7c83ba41cc3d2eee6b8593ac	stlport/stl/config/features.h
md5	8c2150869b9f84c150079e9a8c265f8e	stlport/stl/config/host.h
md5	67d308cc28e4e52fdafd4414112a2e02	stlport/stl/config/stl_confix.h
md5	9ac62b48fab64083e62e7ceb19b90a1d	stlport/stl/config/user_config.h
md5	e85abf4fcd5756e15265cd7677af9ce9	stlport/stl/debug/_debug.h
md5	17ec78d17bc5a6c46b68696a4d6f1cae	stlport/stl/pointers/_deque.h
md5	b56678f987d58532f27eeccde9063ea6	stlport/stl/pointers/_list.h
md5	44c57602ca11cc53d61a9766e9ed014c	stlport/stl/pointers/_set.h
md5	06f5538c3078e2b27429a527699fb447	stlport/stl/pointers/_slist.h
md5	0ea410ab523cbb3507fa1404646689bb	stlport/stl/pointers/_tools.h
md5	b45636976610cb8ae310b2838c470ac7	stlport/stl/pointers/_vector.h
md5	f4f0593d9b77ff4c703259389f3dc15b	stlport/stl/type_manips.h
md5	8898d19a9a185214c1278d823036bd6d	stlport/stl/type_traits.h
md5	b016ce05ab8ba254be2a1048725496f8	stlport/streambuf
md5	ffb80582b3922181b9f5bf64710075a6	stlport/string
md5	fdddfc8bf7302c1f82eb8203d3a030ee	stlport/string.h
md5	4eaef6bc9d05e5d1a86577dbdfb5feab	stlport/time.h
md5	19d8f3f83dd73d1615ea263e1cb6afe5	stlport/typeinfo
md5	4ed459f968c38d535208a4570f51ad73	stlport/using/cstring
md5	25e58887b9f01f61e6819ba84e17ab13	stlport/utility
md5	8dd099cd6ab4a22c90ab1f228de14cdc	stlport/vector
md5	4b46db1d213eaef9c9cd749570cd7aa2	stlport/wchar.h
md5	3c41f1fedd24957fb0e6122ac364a139	stlport/wctype.h
md5	07c6f9b10314dfae5d9f6ba605936a9c	vorbis/codec.h
md5	2078e838cf8e9ce2380887f1776b1083	vorbis/sources/lib/backends.h
md5	eeb04aa685d2fb6f597ed9990490fc5a	vorbis/sources/lib/bitrate.c
md5	962ecce43653707bfab7f6fb36bf80ae	vorbis/sources/lib/bitrate.h
md5	a2f6b413a2d1479bb4d9249147f7e1e8	vorbis/sources/lib/block.c
md5	361383b3b424aeea14b30299b514631d	vorbis/sources/lib/codebook.c
md5	ec87008e258f0339b20baa8d785188e1	vorbis/sources/lib/codebook.h
md5	cff4ccbf6365a3318c384a2397cf8914	vorbis/sources/lib/codec_internal.h
md5	c1e85b7b7abc8b68600a25bb207dd6b6	vorbis/sources/lib/envelope.c
md5	49edbebc9c1511cd1fde911bab9644d5	vorbis/sources/lib/envelope.h
md5	1d0508faa3bc9b3e401d6de4bdb5a6ff	vorbis/sources/lib/floor0.c
md5	4fa13925583c790f57ea5a59c9d89381	vorbis/sources/lib/floor1.c
md5	d46d84ac16417e47f6758e015d0f58e9	vorbis/sources/lib/highlevel.h
md5	45a14627b106e8bb5bbc2e043317b7ac	vorbis/sources/lib/info.c
md5	fdc927a0d016aa5ba6cf49455bd07dc8	vorbis/sources/lib/lookup.h
md5	1a716fc9fb772a39b49c868c3939fc79	vorbis/sources/lib/lpc.c
md5	29e4fb99022459624f775b18f4e9b705	vorbis/sources/lib/lpc.h
md5	bf1658d7a163fcd40d58625b5fcc1962	vorbis/sources/lib/lsp.c
md5	978bfbd81d1e8228a292db186bc87a68	vorbis/sources/lib/lsp.h
md5	c8fff9690f87970a4be39c643540fdc5	vorbis/sources/lib/mapping0.c
md5	dc54b25bbdb0c2fe006b32f484507006	vorbis/sources/lib/masking.h
md5	df20fdd6286b9ce257e40562156b06df	vorbis/sources/lib/mdct.c
md5	c4734260aa22475387cfa53ed44c3e88	vorbis/sources/lib/mdct.h
md5	8698684f083e02336e6d6cfcaa237bb9	vorbis/sources/lib/misc.h
md5	9c258c0dfe6d2258925db69018768420	vorbis/sources/lib/os.h
md5	08b1972b1353a2cc562ce9f779e982b0	vorbis/sources/lib/psy.c
md5	1d22c6de7533247fe5a2f20f908c4efe	vorbis/sources/lib/psy.h
md5	d20a35a0214f50ff43f98a82129eceb1	vorbis/sources/lib/registry.c
md5	432fe4bca3665babd955f51cc380788f	vorbis/sources/lib/registry.h
md5	1dc147e4555a94e3d414ca40242d7c89	vorbis/sources/lib/res0.c
md5	15a59499648426b4e4e53cfeebef4449	vorbis/sources/lib/scales.h
md5	226c08bad2b193f11391a7399af683ea	vorbis/sources/lib/sharedbook.c
md5	306ee0306bb34dc9dcca089c0fe1c522	vorbis/sources/lib/smallft.c
md5	2ad1b868507156e3b6767c2dc3b9e386	vorbis/sources/lib/smallft.h
md5	f5748cc96dbafc3e6eed179f67078dd5	vorbis/sources/lib/synthesis.c
md5	fd26d0bf69f95f5153087d8960320bb8	vorbis/sources/lib/vorbisfile.c
md5	0df5b770cb3b25f022348d8eb6648251	vorbis/sources/lib/window.c
md5	d0228446ac571b6d97b09788984a5e12	vorbis/sources/lib/window.h
md5	135ad692a9ba1b8c9cf0ac1ef8bf7d22	vorbis/vorbisfile.h
md5	67f97e4b9182a5fd803e2823edf50dc8	vostok/ai/action_types.h
md5	cc3499d468ee3a3077e149ea7a4e564b	vostok/ai/animation_item.h
md5	0d630298c7f6925787d2c4e0ed88ed16	vostok/ai/api.h
md5	f0863cdd5a947db78f7c0f80519a0f2d	vostok/ai/collision_object.h
md5	a124dac5caef0285a24a75aa80d31dc9	vostok/ai/engine.h
md5	7350f119282522762a6a1206c57575cf	vostok/ai/filter_types.h
md5	02e6983183be2c7a941f1fb8bb17f46c	vostok/ai/fsm.h
md5	31d3abfae82cf06b2724ec760b41e6b7	vostok/ai/fsm_state.h
md5	cc70f7be34d02d6475a6f78074ffadf0	vostok/ai/fsm_state_transition.h
md5	d24d6edc759237ef7f601b54292fde09	vostok/ai/game_object.h
md5	d9f6381f390d1f7bc0b4827028e89545	vostok/ai/goal_types.h
md5	26729c84da64896707b313670f0a7457	vostok/ai/library_linkage.h
md5	e98fd1f6af7cd4af61fc2b52b217b1b9	vostok/ai/movement_target.h
md5	5985156156463e8506d8add13febb1d3	vostok/ai/navigation_environment.h
md5	76761b48d2d6925e0419880b562bee9b	vostok/ai/npc.h
md5	51d66eb23b53e9d3d8d118794c413351	vostok/ai/npc_statistics.h
md5	ba31d48872e97ce58e82baf42bac78d3	vostok/ai/parameter_types.h
md5	d68866c12d938619046ec6ea9fee95d1	vostok/ai/search/a_star.h
md5	bf5754dd341f559a25f7c491f1d36edb	vostok/ai/search/a_star_inline.h
md5	1b0dc5211da9a1b7b15cb76d224e5e17	vostok/ai/search/base_types.h
md5	29085b8e64b04f3225f20552cac5d67a	vostok/ai/search/const_oracle.h
md5	42ccf833daf88947ec82bfb27816fd7c	vostok/ai/search/const_oracle_inline.h
md5	b291c57019cbea7d6a91f19ef4b7ab19	vostok/ai/search/dnf_world_state.h
md5	18dcc8964a00205e4ec2f1558a4edfd9	vostok/ai/search/dnf_world_state_inline.h
md5	4173002107c090539e0760b4c604f76e	vostok/ai/search/graph_wrapper_planner_backward.h
md5	2f787c080f8f957479e5a7ade3d088cf	vostok/ai/search/graph_wrapper_planner_backward_inline.h
md5	fdec2dc7658e1765729c707c7f61be9c	vostok/ai/search/graph_wrapper_planner_base.h
md5	1c31b78d051b90c5f6150699592a6c4e	vostok/ai/search/graph_wrapper_planner_base_inline.h
md5	dd00ed84929a32ea03260bf5442d4fb4	vostok/ai/search/graph_wrapper_planner_forward.h
md5	3edf57ad7d45a59ca68f26827621222c	vostok/ai/search/graph_wrapper_planner_forward_inline.h
md5	8559ba974cd5b429d6124c91f6378603	vostok/ai/search/operator.h
md5	ca06bc54416a30c3cd9ab84e0804a16c	vostok/ai/search/operator_base.h
md5	6b5908ac8356d1f52df7088c2845f8b7	vostok/ai/search/operator_base_inline.h
md5	b31cbf0ff8d4a069f42907de2228fcf4	vostok/ai/search/operator_holder.h
md5	d519e912451db81f989c379b979f5a64	vostok/ai/search/operator_holder_inline.h
md5	110ee45d9f617dfeddfab34f58d61cf8	vostok/ai/search/operator_inline.h
md5	e28e6ae11cbcfcf7b3cd70b6415c1e6f	vostok/ai/search/operator_pair.h
md5	4d03fb2dcad4797ab5e8b7b60e0a768e	vostok/ai/search/operator_pair_inline.h
md5	e75ff37fe65e407e57266a16300ad456	vostok/ai/search/oracle.h
md5	4188dc85371d16c0226be4da8e587208	vostok/ai/search/oracle_holder.h
md5	73cf47546df367b07233cadd9fed4057	vostok/ai/search/oracle_holder_inline.h
md5	c7d98168d45cf224ccf35709a97349b2	vostok/ai/search/oracle_inline.h
md5	b23a5bf90df17922e3cd6c8a59e43c09	vostok/ai/search/path_constructor_base.h
md5	e121dc3e26047d448b068e58aae80ef2	vostok/ai/search/path_constructor_base_inline.h
md5	91b660a6a19fa436c34a98ef80bad7a0	vostok/ai/search/path_constructor_edge.h
md5	bf61fda470a81d14b39ba3ae571789a4	vostok/ai/search/path_constructor_edge_inline.h
md5	048ef003073997a4c9d9c978b29b5862	vostok/ai/search/path_constructor_planner_backward.h
md5	e42103c3e0ef8a24563d392c5ef09fad	vostok/ai/search/path_constructor_planner_backward_inline.h
md5	9e4f86c16dec072138a117dd2ddb4269	vostok/ai/search/path_constructor_planner_base.h
md5	4b76ed44a279aac10fa3697aae377689	vostok/ai/search/path_constructor_planner_forward.h
md5	94d5c81577d4636651a1507e8e8dc880	vostok/ai/search/path_constructor_vertex.h
md5	200bb7f05a83c120b0dd05352764e77f	vostok/ai/search/path_constructor_vertex_inline.h
md5	9d88908c15214a26bdb9fbf3d5b425c3	vostok/ai/search/path_heuristics_planner_backward.h
md5	104498ae7483acff5b1a851f4201dda5	vostok/ai/search/path_heuristics_planner_backward_inline.h
md5	098a5cda6bafce9d2576f3f1c95bec97	vostok/ai/search/path_heuristics_planner_forward.h
md5	b858d049970671616a4c36f33cbe7baf	vostok/ai/search/path_heuristics_planner_forward_inline.h
md5	953f2308c38d658f65c550e85c697b4c	vostok/ai/search/path_heuristrics_planner_base.h
md5	952e80f9b6ddd5514daf35c33cb289d9	vostok/ai/search/path_heuristrics_planner_base_inline.h
md5	8ba8c49ee5fa9412d99dd5d64335d53e	vostok/ai/search/plan_tracker.h
md5	aa5a76c111dc01462dd96bb0ae075914	vostok/ai/search/plan_tracker_inline.h
md5	938775e078563b8370d9a0da01e268ae	vostok/ai/search/priority_queue_binary_heap.h
md5	c9063098acccb0b1e4d70b74cc05ffa3	vostok/ai/search/priority_queue_binary_heap_inline.h
md5	2540486cb82d1682d45161b23d9ef319	vostok/ai/search/propositional_planner.h
md5	ce0799e6f7ade0de618bbdabf4cd8c31	vostok/ai/search/propositional_planner_base.h
md5	fbfe1be579ec77967190931fc7572d91	vostok/ai/search/propositional_planner_base_inline.h
md5	1f65e551c0a7e1fb0a058ae5d5469d0a	vostok/ai/search/propositional_planner_inline.h
md5	5e872e1f29a8b6e38a61adc9be20fbda	vostok/ai/search/search.h
md5	83aab897f128d9679deed323e7d987ab	vostok/ai/search/search_backward.h
md5	b23eaa7898543564ef1b184563d75707	vostok/ai/search/search_backward_inline.h
md5	7efdd0ab8253b91af7b059ac4438bc25	vostok/ai/search/search_base.h
md5	7550194b052b46079bdb41a87106fb6f	vostok/ai/search/search_forward.h
md5	48f0a22b793f32c84a253d0954fd6413	vostok/ai/search/search_forward_inline.h
md5	70cb2a959228c8e4a08a42458d951bc2	vostok/ai/search/search_inline.h
md5	f49458b11e6a61157b24440033a0decd	vostok/ai/search/search_restrictor_base.h
md5	f712863eb0a0b24714c9f7446db4bf8b	vostok/ai/search/search_restrictor_base_inline.h
md5	fe972f0a9451e9192e24e86533f2bd1c	vostok/ai/search/search_restrictor_generic.h
md5	41c37510dd1d29077f5cd6c0114d3622	vostok/ai/search/search_restrictor_generic_inline.h
md5	a3143c60bf83427a678865156beb173d	vostok/ai/search/search_restrictor_planner_backward.h
md5	a048daeb71cd2d9eec932a3b2e3ec40c	vostok/ai/search/search_restrictor_planner_backward_inline.h
md5	18aa772f191951388049ff4a449499f8	vostok/ai/search/search_restrictor_planner_forward.h
md5	ec95a1c67f112a2981a70d7f8be9b833	vostok/ai/search/search_restrictor_planner_forward_inline.h
md5	e662b25fde5657fddc70a84324210ed0	vostok/ai/search/vertex_allocator_fixed_count.h
md5	1d5427316f46542f4ce111a9938cfa20	vostok/ai/search/vertex_allocator_fixed_count_inline.h
md5	55252c70e1e9602d227ef6c7a316f069	vostok/ai/search/vertex_manager_fixed_count_hash.h
md5	b28194a691737ea2cf93c5076b706202	vostok/ai/search/vertex_manager_fixed_count_hash_inline.h
md5	10bd0e999290c312e3a69dbe843ea546	vostok/ai/search/world_state.h
md5	f7bdf7d9cfc6e0248989c52b4ea29086	vostok/ai/search/world_state_inline.h
md5	23c637d89d6846076ce4ea4e43c0010e	vostok/ai/search/world_state_property.h
md5	d8bab2fe869d9fb269e331f058891766	vostok/ai/search/world_state_property_inline.h
md5	1257dfc6d79568787cca5381fe6998eb	vostok/ai/sensed_hit_object.h
md5	747d65ba2ff52feb04bf64c9bd8d2c24	vostok/ai/sensed_sound_object.h
md5	ff7b12d6a3c6a7e7a046c2b3dadef4f8	vostok/ai/sensed_visual_object.h
md5	532ff237045112b945478f009cacb069	vostok/ai/sound_collection_types.h
md5	f6c0591ba23da28c82b3e54242dcfb86	vostok/ai/sound_item.h
md5	fe3e2b2612eae844b0813f4e6bac3ad9	vostok/ai/sound_player.h
md5	50c41467dae9e3d4dedc170b870d168f	vostok/ai/sources/action_instance.cpp
md5	7de2a261b35ed2d2a3e2b7232d74bc44	vostok/ai/sources/action_instance.h
md5	d4ec10cc18b219897724e45206b862e6	vostok/ai/sources/action_instance_inline.h
md5	054ba1d0a4c505af8f0c9ffa34ba4202	vostok/ai/sources/action_parameter.cpp
md5	e119d23fe7f425d121310c56389179fe	vostok/ai/sources/action_parameter.h
md5	50357facf716db6281344cf461568a2c	vostok/ai/sources/active_sensor_base.h
md5	b38eaca0ba486cecb3c512fde54115b2	vostok/ai/sources/ai_entry_point.cpp
md5	ca12c1f69788fae6a5edb9d52fc6effb	vostok/ai/sources/ai_memory.h
md5	a5b15f73982872c7f0273450364d286c	vostok/ai/sources/ai_world.cpp
md5	296e40410e4800b7eac6c6197113e430	vostok/ai/sources/ai_world.h
md5	322a0bdf3b5272cad766d6906b5864a6	vostok/ai/sources/animation_filter.cpp
md5	d9e4e49ba012f4570c342cbf263e860f	vostok/ai/sources/animation_filter.h
md5	28a39a7ca669d19d4aa6a94f1ef9120a	vostok/ai/sources/animation_item.cpp
md5	1a0f84897de6009d6d1b5cba6cf7e195	vostok/ai/sources/animation_target_selector.cpp
md5	2c78490830cb189cc8f83d62ac7947b7	vostok/ai/sources/animation_target_selector.h
md5	1f74519279f765825c6c61d388f78e3a	vostok/ai/sources/base_filter.cpp
md5	c088dee72c1eb716074e018cda0fa2e2	vostok/ai/sources/base_filter.h
md5	1536bb1385a284ea618c5d16c5044223	vostok/ai/sources/base_lexeme.cpp
md5	d6a3edbd5918fe4e04c1c1530134a8cd	vostok/ai/sources/base_lexeme.h
md5	3536e2ff8119d90a0f5b8d588169fbab	vostok/ai/sources/base_lexeme_inline.h
md5	48bb9a5ff4f033a5d1dbc3891ab0b332	vostok/ai/sources/base_lexeme_ptr.cpp
md5	8164ea4ebcd2f2393d4ff326c9e6036a	vostok/ai/sources/base_lexeme_ptr.h
md5	a8a07a113a7636e614b1e850d1e083c8	vostok/ai/sources/base_lexeme_ptr_inline.h
md5	a25c8cd8555f21e95f924b66d4f14424	vostok/ai/sources/behaviour.cpp
md5	25036279329dc0abd92b9eed96d6ad70	vostok/ai/sources/behaviour.h
md5	975c37e23025d235eb759a3e56e5b9ed	vostok/ai/sources/behaviour_cook.cpp
md5	aa35f77c53c1805530098fc39d8d0985	vostok/ai/sources/behaviour_cook.h
md5	6d591163abcf6fd5e00ef2bfd76ab26c	vostok/ai/sources/behaviour_domain.cpp
md5	4c03869414a5fffb4724ff7354cca194	vostok/ai/sources/behaviour_filters.cpp
md5	c59f8bd0e3c23018eee273a747db3ced	vostok/ai/sources/behaviour_goals.cpp
md5	5f1328b3f223f7a8de7d93a256290ca8	vostok/ai/sources/behaviour_problem.cpp
md5	dc389c486d59257569d99ac304116838	vostok/ai/sources/blackboard.cpp
md5	6d250085c6a670a483122d1c07f3d2a4	vostok/ai/sources/blackboard.h
md5	902e5ec0cfa9df8e4eb79808180d34a6	vostok/ai/sources/brain_unit.cpp
md5	8c0ec78cdc01bedef9ff1e478359f248	vostok/ai/sources/brain_unit.h
md5	7200676cb54287d47f95dabbc3d1db44	vostok/ai/sources/brain_unit_cook.cpp
md5	516da8ee6b80fd657a829f3e61101e29	vostok/ai/sources/brain_unit_cook.h
md5	e669effe19e8bad45dc222661d07f8e4	vostok/ai/sources/brain_unit_perceptors.cpp
md5	95f8a54ac08cf37f1a94977ce5c7f305	vostok/ai/sources/brain_unit_selectors.cpp
md5	0506822f5c55d5716f69eb389637dbb6	vostok/ai/sources/brain_unit_sensors.cpp
md5	8ba416d29f61d94987d978cf8bc54cef	vostok/ai/sources/const_oracle.cpp
md5	0ecb5a2b0e0626036f38ebe7b9e7c0c1	vostok/ai/sources/cover_filter.cpp
md5	b965085842c2b72119f0a4ea6be8eab8	vostok/ai/sources/cover_filter.h
md5	f332f558ae16487812b615851f06b7d4	vostok/ai/sources/damage_sensor.cpp
md5	0a7e8d1a4c6795f8f7ec491ead6415ba	vostok/ai/sources/damage_sensor.h
md5	a5a98b167f7909b75a2ecb292da62dfc	vostok/ai/sources/damage_sensor_parameters.cpp
md5	20d36d01db55d07c82ec4781b3077b38	vostok/ai/sources/damage_sensor_parameters.h
md5	109d064dac9376c55c6684a197bf98e6	vostok/ai/sources/damage_subscriber.h
md5	e182a87c3fb68ab03198c8c9e73c053f	vostok/ai/sources/disturbance_target_selector.cpp
md5	8c0454b59755c08811132078de3c38b2	vostok/ai/sources/disturbance_target_selector.h
md5	787aaddb2214b8a3274047d9feffee1e	vostok/ai/sources/enemy_filter.cpp
md5	128548cc3815526ddf2c6730ed7fb734	vostok/ai/sources/enemy_filter.h
md5	bba6d7c7e3cd8339d5c93adb8bd26bc5	vostok/ai/sources/enemy_perceptor.cpp
md5	69bfb02c6d55ad53b802ed855b9ec993	vostok/ai/sources/enemy_perceptor.h
md5	c66905e42c91aec8865658e8e386e34f	vostok/ai/sources/enemy_target_selector.cpp
md5	3188615879564ed912ac0405599e6773	vostok/ai/sources/enemy_target_selector.h
md5	451aec60ce050488d704f3e25896e5bc	vostok/ai/sources/fsm.cpp
md5	b5c105d5429d5ebb7639140ff4500b35	vostok/ai/sources/game_object_subscriber.h
md5	637e9d6d7f5a2e623cac01253c137155	vostok/ai/sources/generalized_action.cpp
md5	56d6cb33c4d1efc6a183b7f3da79c8b1	vostok/ai/sources/generalized_action.h
md5	dc3f7d45acfa3559f5163c27be89aa82	vostok/ai/sources/generalized_action_inline.h
md5	76d19bb75ed65d7ba6f54f235274fcaa	vostok/ai/sources/goal.cpp
md5	bc96a1f8910e2e361010a21346b4a8dc	vostok/ai/sources/goal.h
md5	9d5ccc7b9581d5c43c31ad18db39e049	vostok/ai/sources/goal_selector.cpp
md5	8e4968677d06afd0a1b59f2ddaae0f59	vostok/ai/sources/goal_selector.h
md5	2c41e335ec345a41f28590fd77d4fd59	vostok/ai/sources/goal_specificator.cpp
md5	dde9c774f44108ce4cefe1202ebc784f	vostok/ai/sources/goal_specificator.h
md5	8b44316366749594c990209bcf0cd797	vostok/ai/sources/graph_wrapper_planner_backward.cpp
md5	ff3205dc699240beb89ff863c38f5e80	vostok/ai/sources/graph_wrapper_planner_forward.cpp
md5	a99c63e44f4e5cd1ce04fac40c074a26	vostok/ai/sources/hearing_sensor.cpp
md5	56036ff385398eecea1548c024f2f8ce	vostok/ai/sources/hearing_sensor.h
md5	4a44018166f1aa593975300e6bdffdbc	vostok/ai/sources/hearing_sensor_parameters.cpp
md5	4927286cfe0f2d7f098402c2a4e7576a	vostok/ai/sources/hearing_sensor_parameters.h
md5	8ebb559966440c3e4118dce74762e79e	vostok/ai/sources/interaction_sensor.cpp
md5	c602d301cefe447688ae9693e90a2e56	vostok/ai/sources/interaction_sensor.h
md5	a7008cddb3b75e1d6df9bb929a9025a4	vostok/ai/sources/interaction_sensor_parameters.cpp
md5	45e20292a0c52a32b02cc067ba4eb8a6	vostok/ai/sources/interaction_sensor_parameters.h
md5	228b40c56ea8f4a6b92164f00da0cd4e	vostok/ai/sources/movement_target.cpp
md5	475b0e8794b5984bfce09ec276e12e95	vostok/ai/sources/npc_subscriptions_manager.h
md5	eb7005ba14e3d211fa7261ebde4e8217	vostok/ai/sources/npc_subscriptions_manager_inline.h
md5	019aed23b6f8908d9ad6b752085bef8c	vostok/ai/sources/object_instance.h
md5	07c9b7f77e08afdae6470ee9cbd22c4a	vostok/ai/sources/object_instance_inline.h
md5	cf5387a1ff63ba516c0fcf31dbdb0dfb	vostok/ai/sources/operator.cpp
md5	923feac52e088617bff28661f71ee410	vostok/ai/sources/operator_base.cpp
md5	44fa285d692e0db838bb7cf2e5293c12	vostok/ai/sources/operator_holder.cpp
md5	932e204a28f54d12e822a1c343f2eda1	vostok/ai/sources/oracle.cpp
md5	839ce71cdfd451d4fd7844725d7f3be3	vostok/ai/sources/oracle_holder.cpp
md5	fd27568a654444bbba9cd5963c096675	vostok/ai/sources/passive_sensor_base.h
md5	59e7244c05be7783953a26387dcde2b6	vostok/ai/sources/path_heuristics_planner_backward.cpp
md5	130121345029978874e0543b7d8ec595	vostok/ai/sources/path_heuristics_planner_forward.cpp
md5	349ebe1dd18ad1afbb2ef6e70c7623cd	vostok/ai/sources/pch.cpp
md5	de3dc16f6381c254b466773dd7265b6f	vostok/ai/sources/pch.h
md5	e4110cd1016940883f5a931309d5090e	vostok/ai/sources/pddl_domain.cpp
md5	2f014343ec060ea5ab39f19974eb1338	vostok/ai/sources/pddl_domain.h
md5	379e53056db58a6a457661eb178b21e9	vostok/ai/sources/pddl_domain_inline.h
md5	2d8e3627bb0879e09c61293c6b3c5d79	vostok/ai/sources/pddl_planner.cpp
md5	7a29c8a5ef7d89c61d36f37ad0d7acb8	vostok/ai/sources/pddl_planner.h
md5	e12665efededc04d26250fedf806a040	vostok/ai/sources/pddl_predicate.h
md5	d2ffd964f33965c91a9c34f5a93a8ec2	vostok/ai/sources/pddl_predicate_inline.h
md5	57a50c12f1b82683a14fd5bdbef6fe3a	vostok/ai/sources/pddl_predicate_redirector.cpp
md5	b5132ce649afabcc67e58d91591ddd50	vostok/ai/sources/pddl_predicate_redirector.h
md5	74f9370b868f79112a0c1443971ee532	vostok/ai/sources/pddl_problem.cpp
md5	588cbdf64f212de3ce7f511a4475a662	vostok/ai/sources/pddl_problem.h
md5	75d9ccee8b393b5a4fb849a5bcbd346a	vostok/ai/sources/pddl_problem_inline.h
md5	95b90e08f86b86ea30f1ac186972e01c	vostok/ai/sources/pddl_world_state_property_impl.h
md5	08b5c0327807443b4134597407e5dc7b	vostok/ai/sources/pddl_world_state_property_impl_inline.h
md5	8d71db567ec4a9a00c10fd2a56592b1d	vostok/ai/sources/percept_memory_object.h
md5	0f02cab890c1581ce3245c013cf665e2	vostok/ai/sources/percept_memory_object_types.h
md5	981db3d4b9556749ddccb72beaad9867	vostok/ai/sources/perceptor_base.h
md5	af2f74e78fe453e1149780065bf67efd	vostok/ai/sources/pickup_item_perceptor.cpp
md5	08a02b82ff83372d54afd6b8288b82aa	vostok/ai/sources/pickup_item_perceptor.h
md5	ed045f0a1eea4f88288354f813602bb9	vostok/ai/sources/pickup_item_target_selector.cpp
md5	afb04c65e010b74697597d6ec7e1ac76	vostok/ai/sources/pickup_item_target_selector.h
md5	400b4c29a403a43e6e6b36c5208ba6f2	vostok/ai/sources/plan_tracker.cpp
md5	b1e46a120c42a358a8a8849a84b1035b	vostok/ai/sources/position_filter.cpp
md5	9f5606a08da2cc520a0f9efc22414d76	vostok/ai/sources/position_filter.h
md5	0633f98030af4e3c300b085173d479ef	vostok/ai/sources/position_target_selector.cpp
md5	b50d7e3a24c2b3c5ac214dc80026e19a	vostok/ai/sources/position_target_selector.h
md5	3bc8ca3c2759f4a8cf89288bb3ece9b8	vostok/ai/sources/pre_perceptors_filter.cpp
md5	b6dd9d2603e53fa255db02d830d62863	vostok/ai/sources/pre_perceptors_filter.h
md5	4ca88ba347c7c5edc99fb27cd30e8712	vostok/ai/sources/predicate.cpp
md5	8e82fb513e3d871dad8b239c70edfef3	vostok/ai/sources/predicate.h
md5	33a5578c0a6db86ab5fe0317e2907985	vostok/ai/sources/predicate_inline.h
md5	70d606e25b863262fc0b443218e1dc83	vostok/ai/sources/predicate_types.h
md5	cb829d5bc151503357edb25b2f0d99d0	vostok/ai/sources/propositional_planner.cpp
md5	2c40db1c90e9c811890515219a0d84b6	vostok/ai/sources/search.cpp
md5	1a77af246abb2fd8f917565972ce492e	vostok/ai/sources/search_base.cpp
md5	64814e8e875073d1e7bfa9d32afafea5	vostok/ai/sources/search_restrictor_planner_backward.cpp
md5	d76c5e33b004449e78134b14a07ac1a4	vostok/ai/sources/search_restrictor_planner_forward.cpp
md5	de7097b4b7829646aa79a987e162d38f	vostok/ai/sources/sensed_object.h
md5	f1bcb80bf1237066329b583d977aebae	vostok/ai/sources/sensed_object_types.h
md5	66c7e755690594e50a16f48bfd9281bf	vostok/ai/sources/sensors_subscriber.h
md5	b3111ec3723d82528480f53dd3199ad7	vostok/ai/sources/smell_sensor.cpp
md5	9c7d804126eb9a320c816c22e2a515b4	vostok/ai/sources/smell_sensor.h
md5	931ce44fe46c208077a477e1cfbd10f4	vostok/ai/sources/smell_sensor_parameters.cpp
md5	935269ef0e4a6cca2b56e20cb72e6335	vostok/ai/sources/smell_sensor_parameters.h
md5	d5836f5f10317b27f853a43c8a84df63	vostok/ai/sources/sound_filter.cpp
md5	29be04be376c4660798daebb9e2444f8	vostok/ai/sources/sound_filter.h
md5	2d8c235ffcbcd6e90ef7ec3c2390a28b	vostok/ai/sources/sound_item.cpp
md5	0165ecc65795ce0d08210997416be112	vostok/ai/sources/sound_subscriber.h
md5	10f5197a72f553fdf612856adab89a1f	vostok/ai/sources/sound_target_selector.cpp
md5	156ae201fe5eb526165600598ea57c5b	vostok/ai/sources/sound_target_selector.h
md5	a7095ac9a9370d0d7b8ba037eff5ad08	vostok/ai/sources/specified_action.cpp
md5	c16446222a06aabda8d172d41b97acf1	vostok/ai/sources/specified_action.h
md5	dfb497d1711812eb196289b77fa1c5b9	vostok/ai/sources/specified_problem.cpp
md5	2dc6274d56ef665d825983f4fe685ce3	vostok/ai/sources/specified_problem.h
md5	1bb6fe9b77473d064a265149a3ac9524	vostok/ai/sources/specified_problem_inline.h
md5	25c0cbfa9f6481c56325355942f57c03	vostok/ai/sources/subscriptions_manager.h
md5	bd272cd8bf2ad401fad4288b89224259	vostok/ai/sources/subscriptions_manager_inline.h
md5	3cf09fcc98ca66e9ed9c34e8f39e5caa	vostok/ai/sources/target_selector_base.h
md5	16d79ef181d48f723fbe7e2f574e9c4b	vostok/ai/sources/threat_target_selector.cpp
md5	73bb24bd3095a1ed3396c760fd8c6297	vostok/ai/sources/threat_target_selector.h
md5	5677e31319488c35cded231899d6ed17	vostok/ai/sources/vision_sensor.cpp
md5	2d16a97b4cc7cdadc1c921d5975c3082	vostok/ai/sources/vision_sensor.h
md5	124666fdbe7d1e2c6f7522864e83977f	vostok/ai/sources/vision_sensor_parameters.cpp
md5	1a0afc5a3ecf6567c03e6aec87614fee	vostok/ai/sources/vision_sensor_parameters.h
md5	4817c5f83b67f0fe5878bcb755eae3a5	vostok/ai/sources/weapon_filter.cpp
md5	d5a4812134c13cfb8410afee222692a7	vostok/ai/sources/weapon_filter.h
md5	4040e213278ec4cbe622d031cd2b6eba	vostok/ai/sources/weapon_target_selector.cpp
md5	d53b420ea391acc91ad930f65f3fbcf4	vostok/ai/sources/weapon_target_selector.h
md5	85da9c4be776befe4c466f675ea82266	vostok/ai/sources/working_memory.cpp
md5	d98a5a31dadf55144e9618bac95537cb	vostok/ai/sources/working_memory.h
md5	30e177ed6c361b9126cda67d24dad617	vostok/ai/sources/working_memory_inline.h
md5	d721a4047b20ea9d804876209b8d05e4	vostok/ai/weapon.h
md5	a211b85020e2220608eae57f0eba7bad	vostok/ai/world.h
md5	8661118f57749797c91e6d7e68fe158b	vostok/ai_navigation/api.h
md5	826fe259f3809190342a524991dba239	vostok/ai_navigation/engine.h
md5	918cbfdc3d6e52c5a511ca3a5b730115	vostok/ai_navigation/library_linkage.h
md5	41965811cc83f5661af9482b6f104d5f	vostok/ai_navigation/sources/ai_navigation_entry_point.cpp
md5	968c849d0d958acfe5f096762cd058ee	vostok/ai_navigation/sources/ai_navigation_memory.h
md5	b312976b85d4da2c3b46602465279df4	vostok/ai_navigation/sources/delaunay_debug_functions.h
md5	8f4fdef0bec26bb5dbb44280e0bfc945	vostok/ai_navigation/sources/graph_generator.h
md5	4a9428eacdb87f31f2f7cd08666bb4f9	vostok/ai_navigation/sources/navigation_mesh_functions.h
md5	4fbc5fd946edfce1ee1b9cfd35392523	vostok/ai_navigation/sources/navigation_mesh_types.h
md5	6f8933fd890d26eaad0f3bd17d3fb523	vostok/ai_navigation/sources/navigation_world.cpp
md5	66115c2ce0dd020a62259cecd3e9b96b	vostok/ai_navigation/sources/navigation_world.h
md5	09eb043e12a4c7e2cbb9b8c36ee0471c	vostok/ai_navigation/sources/pch.cpp
md5	605c874ebe1a95292d44609c0612454a	vostok/ai_navigation/sources/pch.h
md5	49eebbf3d2f62fe35967971ea4884a25	vostok/ai_navigation/sources/triangles_mesh.h
md5	2f38b5ad18a9699ecc444a79c994f6df	vostok/ai_navigation/world.h
md5	c2b46d4a7591345c02786cd2dadafbc0	vostok/animation/anim_track_common.h
md5	bd8ef883ee18ccb3bfc606f91b95e1e8	vostok/animation/animation_callback.h
md5	5c4f737d910d74850c55a34f0f9af03e	vostok/animation/animation_event_channels.h
md5	c101284111679703a8a0f359c191937e	vostok/animation/animation_event_channels_inline.h
md5	b27724cc0f2fdff809dd6dd800bad5bf	vostok/animation/animation_event_type_enum.h
md5	40d051519fbb1a5bfdd673c325a99c22	vostok/animation/animation_expression_emitter.h
md5	75199528280bb80bf189edbe515a6ef8	vostok/animation/animation_playback_state.h
md5	e9ff318ad3e32615ea69ec5a98ee687e	vostok/animation/animation_player.h
md5	b8f9c25d0c435ba3672a576242ed6fcb	vostok/animation/animation_player_inline.h
md5	0184bccd52c9f6b7e046ba9b7ee50a29	vostok/animation/animation_states_dumper.h
md5	f26a0169b32456d8cc0bcf78d512e683	vostok/animation/animation_states_log_dumper.h
md5	4887418e7df88f198d1d507748512c89	vostok/animation/api.h
md5	a5f6f7bd253ec2c1749a1eeb94c1d9f8	vostok/animation/base_interpolator.h
md5	40106922879908230e0dfa347bdff5dd	vostok/animation/base_interpolator_inline.h
md5	a3cafa197ac2866e25cfacf849c64c92	vostok/animation/bi_spline_bone_animation.h
md5	df128b524c74d388268beeaf9d111710	vostok/animation/bi_spline_channel_animation_baked.h
md5	79fc5fd0f6f1fa552f0ca29b4c79b53b	vostok/animation/bi_spline_data.h
md5	6c20affe1cc4d9558753a2d7d136fde3	vostok/animation/bi_spline_event_channel_baked.h
md5	28be70cd66fdbd8cbd7821692394094f	vostok/animation/bi_spline_skeleton_animation.h
md5	9c8c47fb5fb2ec6706e934fd24c0edc5	vostok/animation/bone_animation.h
md5	0a7c7cb10398555081c1f61bdf049b4e	vostok/animation/bone_animation_inline.h
md5	579356c1ac0db651d563b56f42e5246c	vostok/animation/bone_names.h
md5	2fb15b6a197a4d78c13c35c03a689755	vostok/animation/camera_follower.h
md5	a5aad475d8dc1008b75f341e996633b7	vostok/animation/cubic_spline_skeleton_animation.h
md5	0e769822b56c10ce29e58047a6d8bcea	vostok/animation/cubic_spline_skeleton_animation_inline.h
md5	1557329c3c07dd14af2cdbbd5dc4e041	vostok/animation/event_channel.h
md5	2cf6048368956547b308351affbf10e0	vostok/animation/event_channel_inline.h
md5	bdf82b40841f9ee9508d56bdef98ce90	vostok/animation/fermi_interpolator.h
md5	04d168cef1089c20c2a3e317ebdb155b	vostok/animation/i_editor_mixer.h
md5	931f3ba157350b92b241ec2b4ea940bb	vostok/animation/instant_interpolator.h
md5	439ef729463868352884be35ab78515a	vostok/animation/interpolator_visitor.h
md5	06801630faefa5bf674713cb596f578c	vostok/animation/library_linkage.h
md5	2894b8e62c1a13a6553f2f1acdf6b6d6	vostok/animation/linear_interpolator.h
md5	655bc3605794ba05f204df2eea003534	vostok/animation/mixing.h
md5	72951ce763f1c23ad282a8e796edc6a2	vostok/animation/mixing_addition_lexeme.h
md5	3ac05e033f10adbc5bb296feba1d89da	vostok/animation/mixing_addition_lexeme_inline.h
md5	9c447032ab3da9ad72d3fee25b16a711	vostok/animation/mixing_animation_interval.h
md5	9c4e08401edab862d426b1dcb1699ed2	vostok/animation/mixing_animation_interval_inline.h
md5	1217ac4cf17cdab82304fafe52d5d5d8	vostok/animation/mixing_animation_lexeme.h
md5	87eec729dcf418d13def9815dfbf89e6	vostok/animation/mixing_animation_lexeme_inline.h
md5	b82dd0f74cddad4c42fdf137c58b413a	vostok/animation/mixing_animation_lexeme_parameters.h
md5	1349b7f997b53c3ca18a7bf23666fcbe	vostok/animation/mixing_animation_lexeme_parameters_inline.h
md5	5cbdbfb13f3726c321651c856099f461	vostok/animation/mixing_base_lexeme.h
md5	08f71b5dd13a15ed3f0bcaab15e4c308	vostok/animation/mixing_base_lexeme_inline.h
md5	f1a839b2d7b3034450710a79e251bc63	vostok/animation/mixing_binary_operation_lexeme.h
md5	7bea0ae953a0b3a22f50de7b7ad9e095	vostok/animation/mixing_binary_operation_lexeme_inline.h
md5	6e8f60279d6f95bd3391d33d9df4c3e2	vostok/animation/mixing_binary_tree_addition_node.h
md5	6535bd6ffeda10003a2851fa67f5cd14	vostok/animation/mixing_binary_tree_addition_node_inline.h
md5	e781422edc94d9cc3ebe2497cc27c3b1	vostok/animation/mixing_binary_tree_animation_node.h
md5	6ce50c6d999b6f9bb6790f77e25ff7b0	vostok/animation/mixing_binary_tree_animation_node_inline.h
md5	6175ffe9fc06506acb688985a4e01acb	vostok/animation/mixing_binary_tree_base_node.h
md5	4b18622fe2e83458d590499e1ebbf8a9	vostok/animation/mixing_binary_tree_base_node_inline.h
md5	8a4bb1432cb83f57fd3c52f274b794d6	vostok/animation/mixing_binary_tree_binary_operation_node.h
md5	a0f505069bdc15bc81fc32de648768bc	vostok/animation/mixing_binary_tree_binary_operation_node_inline.h
md5	f81d3a39433a2342a1cc4df357027132	vostok/animation/mixing_binary_tree_multiplication_node.h
md5	823d3b6b773a3ceb4aa6559608b89585	vostok/animation/mixing_binary_tree_multiplication_node_inline.h
md5	1b0a04e8b08928dd1e9f37210d51a9de	vostok/animation/mixing_binary_tree_subtraction_node.h
md5	4c60f21a377d4cc8873f48748af038e0	vostok/animation/mixing_binary_tree_subtraction_node_inline.h
md5	99139faa77b7cbccc4a5fc47634060dd	vostok/animation/mixing_binary_tree_visitor.h
md5	14b3932d08a17f2aa246a63f5d5ef815	vostok/animation/mixing_binary_tree_weight_node.h
md5	7ab2d02efeefb05c8fb922643b741e08	vostok/animation/mixing_binary_tree_weight_node_inline.h
md5	0fb59421a654616b9a4effd7981e841e	vostok/animation/mixing_debug.h
md5	41a07ee6d1975a1e20909a881b872c7d	vostok/animation/mixing_expression.h
md5	8dbbf3cddcdd62aea51ddf657da2e9dd	vostok/animation/mixing_expression_inline.h
md5	24b514b715e9e4ed47b6a5685159b4f9	vostok/animation/mixing_math.h
md5	eb96d34bfdf85989fe7b9282844d1482	vostok/animation/mixing_multiplication_lexeme.h
md5	57b1939ed56a8660193bde16653dec26	vostok/animation/mixing_multiplication_lexeme_inline.h
md5	fa4161c838d732a434742dcf793c6842	vostok/animation/mixing_n_ary_tree.h
md5	9aee2000f57753bdc9b81aa45260446d	vostok/animation/mixing_n_ary_tree_inline.h
md5	2529ad51c3db62b4548a61a4da8722ce	vostok/animation/mixing_n_ary_tree_intrusive_base.h
md5	feea60c445dbd80cd77288596cc20e0a	vostok/animation/mixing_n_ary_tree_intrusive_base_inline.h
md5	c410355ff6f1d707e95f62fb1d5055bf	vostok/animation/mixing_subtraction_lexeme.h
md5	70058551e3890d1bc90a51d4e875b9f9	vostok/animation/mixing_subtraction_lexeme_inline.h
md5	e78f20f132ee08a5fee973f6c0ee63b0	vostok/animation/mixing_weight_lexeme.h
md5	030b876601b4c50ad71886f973afc39e	vostok/animation/mixing_weight_lexeme_inline.h
md5	1ced38511279db4351221e2a874f3cde	vostok/animation/poly_curve.h
md5	7d2bb35f7e3c028cf6d7301204e69356	vostok/animation/poly_curve_inline.h
md5	b4d79b04d89628b80a8d43f3dcf47306	vostok/animation/skeleton.h
md5	d041e2ddb0e180367c67ee77dc6da79d	vostok/animation/skeleton_animation.h
md5	db2ced50372d5a2e5a1f1bd057a82bdf	vostok/animation/skeleton_bone.h
md5	a4cc325e28ca0901a8fde3718dbc7bc9	vostok/animation/skeleton_inline.h
md5	b40019c467521864be361a932b523179	vostok/animation/sources/animation_collection.cpp
md5	936c5ba0ca171f7730d2032901c3082e	vostok/animation/sources/animation_collection.h
md5	3f8702430d4476488bda370eaffcca0f	vostok/animation/sources/animation_collection_cook.cpp
md5	d1a68c3753bc0e2214efca69fb5af5f2	vostok/animation/sources/animation_collection_cook.h
md5	135ec68f37af0239ca80037297cc11f0	vostok/animation/sources/animation_entry_point.cpp
md5	2da8376a94870453f59a91524d6addf8	vostok/animation/sources/animation_event_channels.cpp
md5	97d5fad50ac4d2c4c04750ce545b135e	vostok/animation/sources/animation_player.cpp
md5	71d4baa1a2f23f098435b05a6a12cd22	vostok/animation/sources/base_interpolator.cpp
md5	00f2831b12575991258b46c4178912b5	vostok/animation/sources/bi_spline_skeleton_animation_baked.cpp
md5	2929508bed0db438d3e4f29cc2724387	vostok/animation/sources/bi_spline_skeleton_animation_baked.h
md5	e5137251f07d298897e6b0d3533d7a12	vostok/animation/sources/bi_spline_skeleton_animation_baked_cook.cpp
md5	a6b25220a881566c3cc2191e17b8d361	vostok/animation/sources/bi_spline_skeleton_animation_impl_cook.cpp
md5	eecdf96b1e8a1a7ad1411d2ffb333ccf	vostok/animation/sources/bone_animation.cpp
md5	1fcb22b16e8c351f86ed44e772d01141	vostok/animation/sources/bone_matrices_computer.cpp
md5	39ea5fc5e915bde558f0f42f6a000276	vostok/animation/sources/bone_matrices_computer.h
md5	ac27aaa56246288122305c6857ff9cbb	vostok/animation/sources/bone_names.cpp
md5	297f9c03d6de55cf188f871220f833be	vostok/animation/sources/cubic_spline_skeleton_animation.cpp
md5	4e9d14d53199f4aa622cad53b57319c4	vostok/animation/sources/cubic_spline_skeleton_animation_cook.cpp
md5	0d6c72a1b50c54969f0cae18ca64090f	vostok/animation/sources/event_channel.cpp
md5	c11332c9b69d5bcf155f9cd72a9e859a	vostok/animation/sources/fermi_interpolator.cpp
md5	5794a01a089062fc43201d2c18d8043a	vostok/animation/sources/i_editor_mixer_inline.h
md5	a717771137baff5acb4e51b07277c1c2	vostok/animation/sources/instant_interpolator.cpp
md5	49c2b517fe0b1bc1e9ac3b53f082c7eb	vostok/animation/sources/interpolator_comparer.cpp
md5	723c7dc20a8bb18a3e5f01fd9714ef15	vostok/animation/sources/interpolator_comparer.h
md5	ed55860b0853d3f50c0a5f60c19c3e19	vostok/animation/sources/interpolator_size_calculator.cpp
md5	46aafdffb5382193f7e692938bc5c356	vostok/animation/sources/interpolator_size_calculator.h
md5	e87c2363ef1210d11eceb418aec1f75d	vostok/animation/sources/linear_interpolator.cpp
md5	5d64d9fa35938a1ce29d9070a8b6a306	vostok/animation/sources/mixing_animated_object_holder.h
md5	9bde5d47e1a0705feb23ca9e3c301407	vostok/animation/sources/mixing_animation_event.h
md5	feb72a1f479fabc46f5281ac927c4fa1	vostok/animation/sources/mixing_animation_lexeme.cpp
md5	c99c73200cc233c907924704f66ed607	vostok/animation/sources/mixing_animation_lexeme_parameters.cpp
md5	724079458771ce89626a8ddcf7bbfde5	vostok/animation/sources/mixing_animation_state.cpp
md5	d8917cab534e393db3c5ec1d09eb60db	vostok/animation/sources/mixing_animation_state.h
md5	096a584401e00cced643712871b47c3a	vostok/animation/sources/mixing_binary_tree_addition_node.cpp
md5	1f21653ae11db99984b1f5f055fa52fd	vostok/animation/sources/mixing_binary_tree_animation_node.cpp
md5	740921835d6bf41d3ee8555cece7c62c	vostok/animation/sources/mixing_binary_tree_expression_simplifier.cpp
md5	d6efef074f7c99a121ffcc1a4b317f7c	vostok/animation/sources/mixing_binary_tree_expression_simplifier.h
md5	4eaaacced1560d61ee1e572266da403b	vostok/animation/sources/mixing_binary_tree_initializer.cpp
md5	ff3fbd5435ded5e1d7fc35c16ed8b7d0	vostok/animation/sources/mixing_binary_tree_initializer.h
md5	6531edf4ed4ebda7a6b03b8843205663	vostok/animation/sources/mixing_binary_tree_multiplication_node.cpp
md5	d8f9fd34eb29bb0dfc18fdff80fa1d4a	vostok/animation/sources/mixing_binary_tree_null_weight_searcher.cpp
md5	541e1ebeb1834e1cec84d753b2539ddd	vostok/animation/sources/mixing_binary_tree_null_weight_searcher.h
md5	233a764f4df6a322afdc2151862505aa	vostok/animation/sources/mixing_binary_tree_subtraction_node.cpp
md5	6ace74c42bbcef95fdd4559ee89fb62a	vostok/animation/sources/mixing_binary_tree_weight_node.cpp
md5	06f5a28b06b8e2183b494024f89a2f34	vostok/animation/sources/mixing_binary_tree_writer.h
md5	221aaa69cab7b7e22d3705b1daf69cc3	vostok/animation/sources/mixing_n_ary_tree.cpp
md5	b588a20c4ea4f57db04a3f4fdc4d2af7	vostok/animation/sources/mixing_n_ary_tree_addition_node.cpp
md5	d5e7cade5f41113cbf6878e8ac078d98	vostok/animation/sources/mixing_n_ary_tree_addition_node.h
md5	d0f4baf7bc528f5be4c084f831e3ce88	vostok/animation/sources/mixing_n_ary_tree_animation_event_iterator.cpp
md5	967cb055f221cd685f391a236b2e3536	vostok/animation/sources/mixing_n_ary_tree_animation_event_iterator.h
md5	edf3b037e615e76d97529b7fa86fbea1	vostok/animation/sources/mixing_n_ary_tree_animation_event_iterator_inline.h
md5	dce67a3efb77c9dfd0d431d49dfc42f7	vostok/animation/sources/mixing_n_ary_tree_animation_node.cpp
md5	f13e12b388bbffa0ca8ba150aced2348	vostok/animation/sources/mixing_n_ary_tree_animation_node.h
md5	19ffd7ee863fcd9f0823d8e88837d52d	vostok/animation/sources/mixing_n_ary_tree_animation_node_inline.h
md5	9683072bc227e70c59868eb9d8d5cce6	vostok/animation/sources/mixing_n_ary_tree_animation_time_calculator.cpp
md5	be7da67ec6e6a1288be8a72adadd71e5	vostok/animation/sources/mixing_n_ary_tree_animation_time_calculator.h
md5	135b8ef8f8ebe47429fc794e41da20a6	vostok/animation/sources/mixing_n_ary_tree_base_node.h
md5	473efa3b8d1532e087e0212a896276b2	vostok/animation/sources/mixing_n_ary_tree_base_node_inline.h
md5	3e9ba86890c167b3cbe2fc9a94326641	vostok/animation/sources/mixing_n_ary_tree_cloner.cpp
md5	1aa9f83afa907338a290960c3e18aa86	vostok/animation/sources/mixing_n_ary_tree_cloner.h
md5	4bdea0adb360ea91972a7bbb1d8fdab4	vostok/animation/sources/mixing_n_ary_tree_comparer.cpp
md5	e203b2227c2d3c211a9090be3b825531	vostok/animation/sources/mixing_n_ary_tree_comparer.h
md5	20addd4230cac2b5a95149d699a4968b	vostok/animation/sources/mixing_n_ary_tree_converter.cpp
md5	0d1570db9c4cc8e483d75a4e3944d652	vostok/animation/sources/mixing_n_ary_tree_converter.h
md5	e02e37ac77c03c5516249c3c6e421b65	vostok/animation/sources/mixing_n_ary_tree_destroyer.cpp
md5	079a9a4516318eee557aa35259e20a29	vostok/animation/sources/mixing_n_ary_tree_destroyer.h
md5	830295d6d91de52c9f2c4e4b9c5503e3	vostok/animation/sources/mixing_n_ary_tree_double_dispatcher.h
md5	790b5aae31753643bed6d0f4d1da329d	vostok/animation/sources/mixing_n_ary_tree_dumper.h
md5	0d988bc22329332c23652f0e70583607	vostok/animation/sources/mixing_n_ary_tree_event_iterator.cpp
md5	2d3c484f6813a93814d00e4e70ec0449	vostok/animation/sources/mixing_n_ary_tree_event_iterator.h
md5	87737fd14ea180687aa18c107d8382f9	vostok/animation/sources/mixing_n_ary_tree_event_iterator_inline.h
md5	80dca11161dadf41c5fee78547ffa043	vostok/animation/sources/mixing_n_ary_tree_interpolator_selector.cpp
md5	430692f38f6de5dec20024d046b5062e	vostok/animation/sources/mixing_n_ary_tree_interpolator_selector.h
md5	0080cfddf4bb6313457cd84ef3ce34ec	vostok/animation/sources/mixing_n_ary_tree_multiplication_node.cpp
md5	3cd0758f0b41b18d7deb4942c8658c23	vostok/animation/sources/mixing_n_ary_tree_multiplication_node.h
md5	76d63690a21d77700e6e98580e3ca01e	vostok/animation/sources/mixing_n_ary_tree_n_ary_operation_node.h
md5	55db9376d897d6339c4608408ac97a4b	vostok/animation/sources/mixing_n_ary_tree_n_ary_operation_node_inline.h
md5	9191be4ff69e78e2cd6d849065e05bce	vostok/animation/sources/mixing_n_ary_tree_node_comparer.cpp
md5	f493f295818f1784ef80505bef70505a	vostok/animation/sources/mixing_n_ary_tree_node_comparer.h
md5	5ab8c58fc20b4f24db069986fa961489	vostok/animation/sources/mixing_n_ary_tree_node_constructor.cpp
md5	4fe8aa348c0791915b091dcc1f041080	vostok/animation/sources/mixing_n_ary_tree_node_constructor.h
md5	c5f4734ac018e4ab47ece99038c9ddef	vostok/animation/sources/mixing_n_ary_tree_node_constructor_inline.h
md5	3923eee488287e2658cb7dd938b3cc41	vostok/animation/sources/mixing_n_ary_tree_redundant_multiplicands_detector.cpp
md5	f69d4366ea4383e3779882099273b49d	vostok/animation/sources/mixing_n_ary_tree_redundant_multiplicands_detector.h
md5	954fc8d85ee49840c9c6255495062b33	vostok/animation/sources/mixing_n_ary_tree_size_calculator.cpp
md5	5bceac4fd54478cc578f9b82048ad3fd	vostok/animation/sources/mixing_n_ary_tree_size_calculator.h
md5	ac0e05ba79d2882171a2d6d7729362da	vostok/animation/sources/mixing_n_ary_tree_subtraction_node.cpp
md5	8b1edd603197348b924ca6daa78373dd	vostok/animation/sources/mixing_n_ary_tree_subtraction_node.h
md5	bafe6e3675d6690a55824425f4369590	vostok/animation/sources/mixing_n_ary_tree_target_time_scale_calculator.cpp
md5	981d321d174b75ec5b105a545858026b	vostok/animation/sources/mixing_n_ary_tree_target_time_scale_calculator.h
md5	509a2bf933f6542973fc9cd92d69681f	vostok/animation/sources/mixing_n_ary_tree_time_in_ms_calculator.cpp
md5	3c2bba6a2b60aefbbee91453b4c02086	vostok/animation/sources/mixing_n_ary_tree_time_in_ms_calculator.h
md5	dd471aa3477cdf43919956c2828bd48e	vostok/animation/sources/mixing_n_ary_tree_time_scale_calculator.cpp
md5	2528ddd32ab80e18a4f03598fc75dbf1	vostok/animation/sources/mixing_n_ary_tree_time_scale_calculator.h
md5	62573ea8933138d5231cc0478f08f94d	vostok/animation/sources/mixing_n_ary_tree_time_scale_node.cpp
md5	21d430c7a624453c03c868d8bbb148ea	vostok/animation/sources/mixing_n_ary_tree_time_scale_node.h
md5	3f5cb90a05740ece2ab5841d5b2f069e	vostok/animation/sources/mixing_n_ary_tree_time_scale_node_inline.h
md5	c180b1c5a4382f8bc0681e03af15c78a	vostok/animation/sources/mixing_n_ary_tree_time_scale_start_time_modifier.cpp
md5	b01a96549b1e872b54a152dcaf7ef1bc	vostok/animation/sources/mixing_n_ary_tree_time_scale_start_time_modifier.h
md5	efc2e3cc42cf733bd2ef8e9086d7b88d	vostok/animation/sources/mixing_n_ary_tree_time_scale_transition_node.cpp
md5	f8e4d73451ab708f736528d746889720	vostok/animation/sources/mixing_n_ary_tree_time_scale_transition_node.h
md5	d74d4172390fff3392fb5b280c7abe8e	vostok/animation/sources/mixing_n_ary_tree_time_scale_transition_node_inline.h
md5	c31e69b6ee76112f89618e80a7a20f86	vostok/animation/sources/mixing_n_ary_tree_transition_tree_constructor.cpp
md5	1940673141e590b4f404c07dbf86f6ab	vostok/animation/sources/mixing_n_ary_tree_transition_tree_constructor.h
md5	294e716b15911490da7881dc71b30f2c	vostok/animation/sources/mixing_n_ary_tree_transition_tree_constructor_impl.h
md5	101429e801c76da2e925512ef1fdabe3	vostok/animation/sources/mixing_n_ary_tree_visitor.h
md5	71f8659e07014a856c3f7dbb5e186ead	vostok/animation/sources/mixing_n_ary_tree_weaver.cpp
md5	2dba87a5a109cf86a3641131a165b5e4	vostok/animation/sources/mixing_n_ary_tree_weaver.h
md5	7b41eb1f29511155c299b7ab60e3b112	vostok/animation/sources/mixing_n_ary_tree_weight_calculator.cpp
md5	9cbcf680ac86bc7e9bd50ef2505b56b1	vostok/animation/sources/mixing_n_ary_tree_weight_calculator.h
md5	1bdfdb78fd2ae2cabe11f6254ad0634c	vostok/animation/sources/mixing_n_ary_tree_weight_calculator_inline.h
md5	b2743d706302d83ca6589f284c1f8da2	vostok/animation/sources/mixing_n_ary_tree_weight_event_iterator.cpp
md5	77e26a69b79e12206f9bc937b9b885bb	vostok/animation/sources/mixing_n_ary_tree_weight_event_iterator.h
md5	c3a685313b147354a74b52ed2bcf1b78	vostok/animation/sources/mixing_n_ary_tree_weight_event_iterator_inline.h
md5	1807b9a3c6fb1972f0a702d13af18967	vostok/animation/sources/mixing_n_ary_tree_weight_node.cpp
md5	3fd6ae383c18ec73bdd36fd2f7f77da2	vostok/animation/sources/mixing_n_ary_tree_weight_node.h
md5	12b85ca9b9e6992577351ebe8ea9a34a	vostok/animation/sources/mixing_n_ary_tree_weight_node_inline.h
md5	4d1aea353e6ce3c64bf9c2bffc9386df	vostok/animation/sources/mixing_n_ary_tree_weight_transition_node.cpp
md5	69f6a4bc43ee843c9fdd40505c359a3f	vostok/animation/sources/mixing_n_ary_tree_weight_transition_node.h
md5	89e73e74d226089f13610455d24df7ab	vostok/animation/sources/mixing_n_ary_tree_weight_transition_node_inline.h
md5	815aea0bca468b7113747f60a9c16fda	vostok/animation/sources/pch.cpp
md5	2bb29162193ea16fb801eb0ac24ff13d	vostok/animation/sources/pch.h
md5	22d7ccc21ae5b8d2d37075fbdb777fe0	vostok/animation/sources/single_animation.cpp
md5	87a7eff5dfd3decd7f1e4a7df8bd33b6	vostok/animation/sources/single_animation.h
md5	13fb67227746bfba00f1e97ec60bc038	vostok/animation/sources/single_animation_cook.cpp
md5	82e101ea3323d64095f0dd71f580e37f	vostok/animation/sources/single_animation_cook.h
md5	c099c991231b7e20a2ea0d05ba2fc722	vostok/animation/sources/skeleton.cpp
md5	cf56567e79cf7e7fd662ab8410beacbf	vostok/animation/sources/skeleton_animation_cook.cpp
md5	c38b793d2abb9c548cb259c10f13cbb7	vostok/animation/sources/skeleton_bone.cpp
md5	4c28b69c1caa2e2bc170fed3130b77be	vostok/animation/sources/skeleton_cook.cpp
md5	76fa5730b6d41f81b9b94a346e2eb9af	vostok/animation/sources/skeleton_cook.h
md5	850164dbb82c17df56596fb85929d17e	vostok/animation/time_channel.h
md5	ba4814b28250851a7ba3f25e4d8c6e16	vostok/animation/time_channel_inline.h
md5	d7d0f152f7fa5259da1cc344f18b9b61	vostok/animation/type_definitions.h
md5	738af91c68fb51137c1259b97d5d8b15	vostok/associative_vector.h
md5	72de572b70c4898e6f79eb83a43c1525	vostok/associative_vector_compare_predicate.h
md5	aa0541f544d453722dbd90259c3fd569	vostok/associative_vector_compare_predicate_inline.h
md5	26f01f8224e85b4b4eb5c6628402c8ec	vostok/associative_vector_inline.h
md5	90e324b55f06a1d8bb63ed9b0e0dfc7c	vostok/buffer_string.h
md5	7090eff8774c111bed1eec5a078931bc	vostok/buffer_string_inline.h
md5	942b499afb095f283897a17328aaae6e	vostok/buffer_vector.h
md5	e95920da14ce6dd099f6fe4c3f33a820	vostok/buffer_vector_inline.h
md5	7692b088131c76fde0544591be0d871e	vostok/c_array_functions.h
md5	1a81663373ba4729f80487bb6bfd4aff	vostok/collision/animated_object.h
md5	42dac3cffeb8929bd61aa552e78e9f11	vostok/collision/api.h
md5	832a1036a282542306901748785ca1ef	vostok/collision/bone_collision_data.h
md5	67ab53763a70cea4268f26bcff7694df	vostok/collision/collision_object.h
md5	715b1de6f8140249265acf97e25b2e2c	vostok/collision/common_types.h
md5	048f5c0177253f2e27fa1bd5173d846a	vostok/collision/contact_info.h
md5	b8b3331642c29ad60ce2e5aa764d564c	vostok/collision/geometry.h
md5	49c91446c604354a7dac29891968fad7	vostok/collision/geometry_double_dispatcher.h
md5	33b25f9be028fa08035a3253f515971d	vostok/collision/geometry_instance.h
md5	ceed952fa9d89b93a98205b78619f4b2	vostok/collision/hit_targets_creation_utils.h
md5	0ca2cfe6eae83707bbb45bd756fb0c87	vostok/collision/hit_targets_creation_utils_inline.h
md5	ae0a7ce33904aa3e5c0089018c5a42ba	vostok/collision/library_linkage.h
md5	5ad0ed63ff533ea013838d22b9598ed8	vostok/collision/object.h
md5	5e891bd4e9890828ad6d778b17d2ed98	vostok/collision/primitives.h
md5	22ff1bcc6303106acbd6c86856bc8c55	vostok/collision/ray_collision_utils.h
md5	2d0252dd753d099fd18a538bc303930f	vostok/collision/ray_collision_utils_inline.h
md5	c7ee279011067ad9501fbd8e7fb84937	vostok/collision/shell_creation_utils.h
md5	bfd55c526a3d96dae7a3f1fb8b5879ab	vostok/collision/shell_creation_utils_inline.h
md5	487484a2c349256d53e0fdffcae2e379	vostok/collision/sources/aabb_object.cpp
md5	12277dcc4ec6452cb42f1ac65c4e812d	vostok/collision/sources/aabb_object.h
md5	2d9b5368905bce87fab44bb9cb7c0a58	vostok/collision/sources/animated_object.cpp
md5	aada9526599d526607b89330d8c27381	vostok/collision/sources/api.cpp
md5	c4b2acaccf66fd3143ea7c2d59c9c19a	vostok/collision/sources/box_geometry_instance.cpp
md5	d98cfcd6f98659684e2d1133a0c37c71	vostok/collision/sources/box_geometry_instance.h
md5	af5f76267fdff97f35e54a7dfaf20e73	vostok/collision/sources/capsule_geometry_instance.cpp
md5	af1de198b5e9f8756ad0995bb7ebf800	vostok/collision/sources/capsule_geometry_instance.h
md5	f9fbc9e14e9b3a03fb98a8dc0cebe3a6	vostok/collision/sources/colliders_aabb_base.h
md5	24ebf9de18c1108d53b0b60514440c37	vostok/collision/sources/colliders_aabb_base_inline.h
md5	e1374b83e517fc6a121bc4d0fc1d526a	vostok/collision/sources/colliders_aabb_geometry.cpp
md5	46e6b090baf209958288b7e19249cdb6	vostok/collision/sources/colliders_aabb_geometry.h
md5	312b8f9cb01c660795973a6f17f1050f	vostok/collision/sources/colliders_aabb_geometry_triangle_intersection.cpp
md5	5f059749328abfb82a1a46f22f506832	vostok/collision/sources/colliders_aabb_object.cpp
md5	fa410f66dae39019fa8f1e7ed84ea585	vostok/collision/sources/colliders_aabb_object.h
md5	e80cd35b1cca2ed8a7567ec18691dc94	vostok/collision/sources/colliders_convex_geometry.cpp
md5	088c56f77cca2fd803aea8bc36d8a784	vostok/collision/sources/colliders_convex_geometry.h
md5	f82aed4d044aca87214c7e172ca79855	vostok/collision/sources/colliders_cuboid_geometry.cpp
md5	4297c701d15c6c01b4186d0d32233893	vostok/collision/sources/colliders_cuboid_geometry.h
md5	e20e53633fb9788d792ddfc545613f1a	vostok/collision/sources/colliders_cuboid_object.cpp
md5	d56a898ccc9ab07e5039819a81f18b0d	vostok/collision/sources/colliders_cuboid_object.h
md5	316443b5d29caf869d8e0a75d62ac507	vostok/collision/sources/colliders_ray_aabb.h
md5	a917fb3728107608559c3d5a0fe2ac43	vostok/collision/sources/colliders_ray_aabb_all.cpp
md5	8a9df990cde6832b847f9dabc635c3b5	vostok/collision/sources/colliders_ray_aabb_win.cpp
md5	818a6ceea96ee31590344ad5afcde89a	vostok/collision/sources/colliders_ray_geometry_base.cpp
md5	b4452aeb0f7d7eaa720ee382e1ebd2a1	vostok/collision/sources/colliders_ray_geometry_base.h
md5	3314da848fba860da176ccea7e2694be	vostok/collision/sources/colliders_ray_object.cpp
md5	769f14bcb11ff2daff84bdb374b92c57	vostok/collision/sources/colliders_ray_object.h
md5	44de60988a1be7855cf2dda287dad8ba	vostok/collision/sources/colliders_ray_query_geometry.cpp
md5	f509e8b54054e609610b0d627ced0a8a	vostok/collision/sources/colliders_ray_query_geometry.h
md5	0ddc57f130600f491d0b2feb162aa44f	vostok/collision/sources/colliders_ray_test_geometry.cpp
md5	58b3728dfa7dc85d720c0bad093a7d82	vostok/collision/sources/colliders_ray_test_geometry.h
md5	228bcbd7fd9b49bd68f3e0d68fcc4010	vostok/collision/sources/collision_cook.cpp
md5	b874271df697506cc43ddd0f5e6a9258	vostok/collision/sources/collision_cook.h
md5	57ebbaacb9d1c296deab797d1b897a4e	vostok/collision/sources/collision_object.cpp
md5	c41e792ee561e26b0ad7be590844c93c	vostok/collision/sources/composite_geometry.cpp
md5	15862e839631a2fb33ab4f4b5e1a171a	vostok/collision/sources/composite_geometry.h
md5	f0ad65b57ab89092ce2ad1be11c65aaf	vostok/collision/sources/composite_geometry_instance.cpp
md5	f20296864e9990a152bc5b5775447da0	vostok/collision/sources/composite_geometry_instance.h
md5	0b1ea1786b79deaf254f3699b35bc603	vostok/collision/sources/containment_double_dispatcher.cpp
md5	e6fc4a60295af16af99627b36e6ccc77	vostok/collision/sources/containment_double_dispatcher.h
md5	a1945b060e6da64a4e3ed090b9299625	vostok/collision/sources/containment_double_dispatcher_box.cpp
md5	85dae2c20d4d94f1b91e7553413e86dc	vostok/collision/sources/containment_double_dispatcher_capsule.cpp
md5	85b4891334b7220103adbeed7d56cb29	vostok/collision/sources/containment_double_dispatcher_cylinder.cpp
md5	51ecc4f1aa5e466e30b5400abce0aff5	vostok/collision/sources/containment_double_dispatcher_sphere.cpp
md5	6fc5e3bdfccab1834e63180b6b722439	vostok/collision/sources/containment_double_dispatcher_truncated_sphere.cpp
md5	a782379cff2b22ac5ccf65e2d2d7d148	vostok/collision/sources/cylinder_geometry_instance.cpp
md5	8aebacdc1490d0063c652d77e237fcee	vostok/collision/sources/cylinder_geometry_instance.h
md5	99c654d123b72292acab7f4120941b39	vostok/collision/sources/intersection_double_dispatcher.cpp
md5	db498367f4406071a3bcb88e1d8425dd	vostok/collision/sources/intersection_double_dispatcher.h
md5	9ba5796e0bb27f51feab2fd2a08a1507	vostok/collision/sources/intersection_double_dispatcher_box.cpp
md5	b02ecd1d375b67f3321b5cd9a1ff12ed	vostok/collision/sources/intersection_double_dispatcher_capsule.cpp
md5	6e5bfa4a8a3cdc926b20a703a21c7447	vostok/collision/sources/intersection_double_dispatcher_cylinder.cpp
md5	b1960f70f916533ca25d9cd8fc069979	vostok/collision/sources/intersection_double_dispatcher_sphere.cpp
md5	3227ab2cba51fa437bf7cd1ff37712e4	vostok/collision/sources/intersection_double_dispatcher_truncated_sphere.cpp
md5	f2f7dc74980c2167b68119165b99cd51	vostok/collision/sources/loose_oct_tree.cpp
md5	495794e665feaeaafd5d62aa94791c93	vostok/collision/sources/loose_oct_tree.h
md5	a1bc08e3bac1df3ed6d13fc70f44053e	vostok/collision/sources/loose_oct_tree_inline.h
md5	c6b243d2d47c78ff17d95604c8af3423	vostok/collision/sources/opcode_include.h
md5	702c332eeb9301ec4c650b9eafbff19c	vostok/collision/sources/pch.cpp
md5	5b6a8cda3526acf652a611518fb16f14	vostok/collision/sources/pch.h
md5	ee0583f959838162d9226bb1b0558cb7	vostok/collision/sources/sphere_geometry_instance.cpp
md5	d123bf6b0e248a9b590004ce0b9ea785	vostok/collision/sources/sphere_geometry_instance.h
md5	2a5b664ad78fcf21d01c948d2fc3100a	vostok/collision/sources/terrain_data.cpp
md5	5b2c8cb09d5c810bde0258f22c4844d4	vostok/collision/sources/terrain_data.h
md5	b81ccb33d8c44838d973f616795e25ce	vostok/collision/sources/terrain_geometry_instance.cpp
md5	c82835101b538c741f9b6e2f55bbdc84	vostok/collision/sources/terrain_geometry_instance.h
md5	9d530852633e61185db1edd6b0acbf28	vostok/collision/sources/triangle_mesh_buffer.cpp
md5	c87a347394da977124531c14e2e8df22	vostok/collision/sources/triangle_mesh_buffer.h
md5	b067b8bfbf1c0cd3b6e1e47686da2109	vostok/collision/sources/triangle_mesh_geometry.cpp
md5	9dc3f29e8dd9f00753c65e3978246727	vostok/collision/sources/triangle_mesh_geometry.h
md5	b6aacae363eedb48e4be227387e729ba	vostok/collision/sources/triangle_mesh_geometry_instance.cpp
md5	9e5222084c159fc0c708f31a5f822114	vostok/collision/sources/triangle_mesh_geometry_instance.h
md5	6f985aee6261a0b3c21a1fc4d835b2ce	vostok/collision/sources/triangle_mesh_resource.cpp
md5	107f427b65e21957313180e842bdf947	vostok/collision/sources/triangle_mesh_resource.h
md5	4ad0a88229afb70fe836df2703c55535	vostok/collision/sources/truncated_sphere_geometry_instance.cpp
md5	5fabb84db68919656375e707659dd77b	vostok/collision/sources/truncated_sphere_geometry_instance.h
md5	f8d0a5ce0cef8907d9755ad6bd7b5c57	vostok/collision/space_partitioning_tree.h
md5	bc6d38f5827db16e047b76c600decfe6	vostok/collision/terrain_collision_utils.h
md5	889cab2775bda482d8625eb7fed3735f	vostok/collision/terrain_collision_utils_inline.h
md5	3a28cf658abdcfc6a00b094249010c9a	vostok/command_line_extensions.h
md5	77b0a2c47ad1a8367b84d8216c58d20d	vostok/compressor.h
md5	b4b9140418f8f5c3e6c4b625c60ca9b3	vostok/compressor_ppmd.h
md5	5944ec66195cd1d0d1e2ccea83dfabbb	vostok/configs.h
md5	b7d09c09e4edc44421f8f309eb8000b1	vostok/configs_binary_config.h
md5	b5a891424ab716f12cf39bc632b757ee	vostok/configs_binary_config_value.h
md5	f730fb3c3afbd3f201d7b5e8904a8fa7	vostok/configs_binary_config_value_inline.h
md5	4884d84a67707653598448b7ba9a697a	vostok/console_command.h
md5	a4878e0105d7976302a5042d31be0205	vostok/console_command_inline.h
md5	c55e2f0825b3c3d7f632914bde9a13c8	vostok/console_command_processor.h
md5	2432e909b0984e014f01ec57a7fc998b	vostok/construction.h
md5	2f69ea14e6a935798e38b2dffae6d912	vostok/containers_extensions.h
md5	0e315b7d8943a799520bdd110a50f817	vostok/core/core.h
md5	cb92b5e86f89cac5142a611bff295c3a	vostok/core/engine.h
md5	0b2acc9abaab6f8de1250136f010f114	vostok/core/library_linkage.h
md5	eacc5a980af377e19477fee236281070	vostok/core/sources/buffer_string.cpp
md5	cd54a6768844a085dcafd770191f1894	vostok/core/sources/build_extensions.cpp
md5	2b0e100b91f4887484d1fb52a9920176	vostok/core/sources/build_extensions.h
md5	8d764128ce986f5fb7b16a106391b314	vostok/core/sources/command_line.cpp
md5	f3a2d038dd53593f659313ed48d83808	vostok/core/sources/compressor_ppmd.cpp
md5	147deefef3268d45e864ee6cc23e0246	vostok/core/sources/compressor_ppmd_allocator.h
md5	ef631dc8ebe4c9bfb3ef27fc3651fbb7	vostok/core/sources/compressor_ppmd_stream.h
md5	a5c05e188e7a358126305f63e77a9069	vostok/core/sources/compressor_ppmd_stream_inline.h
md5	d61768b1d21594bece54587805fd05b7	vostok/core/sources/compressors_test.cpp
md5	164b00ceae65b62c573fbf0765fd8b8c	vostok/core/sources/configs_binary_config.cpp
md5	e1307aba7e13c00ff8e6f46889a43791	vostok/core/sources/configs_binary_config.h
md5	8f9b88234cba01a18610a0fc846a1af8	vostok/core/sources/configs_binary_config_cook.cpp
md5	e223af1ed753c85b8d5ca8962f966a92	vostok/core/sources/configs_binary_config_cook.h
md5	8d85c2dd7feaa10d11986e1035b7a224	vostok/core/sources/configs_binary_config_value.cpp
md5	aac7c82b2f3ec8da6ba9c9d695b74833	vostok/core/sources/console_command.cpp
md5	f21efea1ced558b073152e49d12d34ad	vostok/core/sources/console_command_processor.cpp
md5	82fc043ce531a19ff065291724e35f81	vostok/core/sources/core_debug_engine.cpp
md5	6966d04f25b54225e82ace7b4b16ff11	vostok/core/sources/core_entry_point.cpp
md5	22315268de7be6487ad5812f47115f47	vostok/core/sources/core_entry_point_win.cpp
md5	13765fe942d452fe08766bd26cd75b35	vostok/core/sources/core_entry_point_win_xbox360.cpp
md5	332c5cf7a428a9b3aa925de164d55edc	vostok/core/sources/delayhlp.cpp
md5	e1d00f7d1a5d19e87fcd2040f57773c6	vostok/core/sources/game_resman.cpp
md5	98f7ffa08394fe559d98eeee9bbc6edf	vostok/core/sources/game_resman.h
md5	4862a7ac0a4ca74b21ee6faa5b4a6a2f	vostok/core/sources/game_resman_data.h
md5	2a4c313ae9e3b923d2fb61f04a38eec4	vostok/core/sources/game_resman_free.cpp
md5	699ea96821d65aa8821be39148295f01	vostok/core/sources/game_resman_free.h
md5	7c68b38d88348f148d3128454b5875b1	vostok/core/sources/game_resman_free_collection.h
md5	d4b7c87dbd3b0c49e92c7485a6ce6fc3	vostok/core/sources/game_resman_interface.cpp
md5	4f31ac034d6390237071ffda84f6ad9c	vostok/core/sources/game_resman_out_of_memory.cpp
md5	0487bcd768a7a4fc5e06b814dea68475	vostok/core/sources/game_resman_quality_decrease.cpp
md5	629cef875016bab0f01d4698e809d540	vostok/core/sources/game_resman_quality_decrease.h
md5	8e631c1d41c82ec0566106c4b74b2745	vostok/core/sources/game_resman_quality_increase.cpp
md5	0afe96fbd43af7a1f21de5c148ab1f4e	vostok/core/sources/game_resman_quality_increase.h
md5	cbacf71ca3305e3fcd9142e5c3d70a4f	vostok/core/sources/game_resman_release.cpp
md5	a8c120aa2e0b0dba23a368d49d989026	vostok/core/sources/game_resman_release.h
md5	5dd3841f6fa5a6909accdf6807c98140	vostok/core/sources/game_resman_satisfaction_tree.cpp
md5	78c88266776a93179f203ad2c76b17bc	vostok/core/sources/game_resman_satisfaction_tree.h
md5	58c5e8c491c21f161e77bbed0383984d	vostok/core/sources/game_resman_sorting.cpp
md5	a0dfc482a8665bd0c3629ea3dea444aa	vostok/core/sources/game_resman_sorting.h
md5	40bf3e95560f7f46f2e885e7d93c0436	vostok/core/sources/game_resman_test.cpp
md5	17dcf04a22266ac69ff10935fd8441de	vostok/core/sources/game_resman_test_allocator.h
md5	e891389895220de125639432496a5b46	vostok/core/sources/game_resman_test_resource.h
md5	7e3fdff0dc9e29caef2097279256d0df	vostok/core/sources/game_resman_test_resource_cook.h
md5	d31a680cbe9c45cafda2d5bd6aac1491	vostok/core/sources/game_resman_test_resource_with_quality_cook.h
md5	b59e7e3afe51233a559391036e8b8a61	vostok/core/sources/game_resman_test_utils.cpp
md5	0106c27639c9be2bba2fe9253dde8535	vostok/core/sources/game_resman_test_utils.h
md5	fc87481b6b864ebdac379ca0a636009f	vostok/core/sources/geometry_primitives.cpp
md5	f5faa4df59f91c69c0aa32d5f4a9dc3b	vostok/core/sources/logging_extensions.cpp
md5	07a5e8e0a87a670b15c81f16df65f4ba	vostok/core/sources/managed_allocator.cpp
md5	0e66bcacdbd2b61060cc8fff88705c04	vostok/core/sources/managed_allocator_base.cpp
md5	557566ee0979acad6614aa97cfcef647	vostok/core/sources/managed_allocator_test_win_xbox360.cpp
md5	0b33b17f5aadc6d51aa45e4c42f7deb3	vostok/core/sources/managed_node.cpp
md5	3984350815b1792218697f0f2f7cba74	vostok/core/sources/managed_node.h
md5	ec04e210c36e302f85e61369c5d23f7b	vostok/core/sources/managed_node_owner.cpp
md5	b51a4b22d652b4fcce25fc3bb47556d8	vostok/core/sources/math_aabb.cpp
md5	383271f28413ad50d15bdeef009acd2f	vostok/core/sources/math_aabb_plane.cpp
md5	28481e6b203496ad719f7b10c4cd7dd0	vostok/core/sources/math_aabb_ray_intersection.cpp
md5	6f5794f305f27fa72484265e974436d0	vostok/core/sources/math_convex.cpp
md5	159ff2e1a753d5bdc546b76dcc28ca02	vostok/core/sources/math_cuboid.cpp
md5	5f20d98b2e587ff80579fe25fcf9b190	vostok/core/sources/math_curve.cpp
md5	9367915bb4d7b8a7e76cd5a421568114	vostok/core/sources/math_float4x4.cpp
md5	f8301aba6e6f59f707e882d878c1a932	vostok/core/sources/math_frustum.cpp
md5	724d71b2dad0a9ab06fba3dae75ac673	vostok/core/sources/math_functions.cpp
md5	91b9fbd4f3ae3e259b411e3034b3a088	vostok/core/sources/math_functions_win_xbox360.cpp
md5	72db61c2a5bc24f143d8085c4ad9e9ed	vostok/core/sources/math_permutations.cpp
md5	8d014789499559e39e996590c651c668	vostok/core/sources/math_quaternion.cpp
md5	2f2c8a91e73c832fb0463b75a4516e16	vostok/core/sources/math_tests.cpp
md5	edfbabf6d8069e234d1848fb19ef4e42	vostok/core/sources/member_to_functor.h
md5	c1d921ca1f553ec92ee01f2b2819b686	vostok/core/sources/member_to_functor_inline.h
md5	92a579dd7138fed52232cc9f816714e5	vostok/core/sources/memory.cpp
md5	2efe6f3cda5ebb47789919fb62576a5c	vostok/core/sources/memory.h
md5	4a3592333da3c9d074ae5288dc0f5836	vostok/core/sources/memory_base_allocator.cpp
md5	1d8bc505ebb72f756ee6945a7f14b15f	vostok/core/sources/memory_chunk_reader.cpp
md5	e2013ccfc517de7ab8e2b24e8eb0e23d	vostok/core/sources/memory_crt_allocator.cpp
md5	2735090c604f7314de0decf6d8dde1b8	vostok/core/sources/memory_crt_allocator_win.cpp
md5	97686d05bf7657461c6abb877b0916f3	vostok/core/sources/memory_doug_lea_allocator.cpp
md5	af2ec3f92e3880465fd591f1dc24c145	vostok/core/sources/memory_doug_lea_mt_allocator.cpp
md5	9be655ca99b64cd6de851effe6c6f236	vostok/core/sources/memory_guard.h
md5	96c3177407e4ac59f588c3920c961d07	vostok/core/sources/memory_leak_detector.h
md5	24b85dcf232ad89a300688c10e1f499a	vostok/core/sources/memory_monitor.h
md5	ab30e5dd1279c0b60ce3495b7717d181	vostok/core/sources/memory_override_operators.cpp
md5	d7110217d9911b760063ca3873ee8ad3	vostok/core/sources/memory_platform.h
md5	db6cabd4827d9d684a66852f92650c14	vostok/core/sources/memory_process_allocator.cpp
md5	cbe91b9dc0ad755e8301d70700380897	vostok/core/sources/memory_process_allocator.h
md5	dbded93fe7d687690906b10c7634dc9a	vostok/core/sources/memory_pthreads3_allocator.cpp
md5	2bc08a5f593da02e36c52020f0b02948	vostok/core/sources/memory_reader.cpp
md5	ec03ec2623d8c04333d11e0f2778d1ad	vostok/core/sources/memory_stack_allocator.cpp
md5	3bf118a156b90b0a257d831da7835732	vostok/core/sources/memory_video_win.cpp
md5	fcc9787593ba15f5241bac2593734e85	vostok/core/sources/memory_win.cpp
md5	f2cd434dbeef9759e8d6a558f763194d	vostok/core/sources/memory_writer.cpp
md5	d372897f70be45ef48394e48008ab1f0	vostok/core/sources/pch.cpp
md5	8d14f6b6545b5e592912c1409e6a3cbd	vostok/core/sources/pch.h
md5	d1bc89a9e2098bb304edf7ce45c23fc8	vostok/core/sources/platform_extensions_win.cpp
md5	cb864430e381bd3950c6302afdebe127	vostok/core/sources/ptmalloc3/malloc-2.8.3.h
md5	3190502855a939b00465b2a4b4e40955	vostok/core/sources/ptmalloc3/malloc-private.h
md5	1253f6f38c4351cec27fada1d6cf4fd9	vostok/core/sources/ptmalloc3/malloc.c
md5	7bf27bdf1db47fa50213bb1978a4ff02	vostok/core/sources/ptmalloc3/out_of_memory_handler_types.h
md5	ac6bfec541de273b3e5cdcbf69934a74	vostok/core/sources/ptmalloc3/ptmalloc3.c
md5	e046f2c058c4aa3bf2ec51620c2d0b94	vostok/core/sources/ptmalloc3/sysdeps/win32/malloc-machine.h
md5	63502c9813e1ac5826df6d130e8492ac	vostok/core/sources/ptmalloc3/sysdeps/win_xbox360_ps3/win_xbox360_ps3.c
md5	951394a6fbcdfe17b7736795bb8f1ca1	vostok/core/sources/resources_allocators.h
md5	5d844def0c0502509d33b35a92e29b7d	vostok/core/sources/resources_cook_base.cpp
md5	49add560f55088b9a7c1d3e5e84eaa3f	vostok/core/sources/resources_cook_classes.cpp
md5	244dcf3d4d895f422ab90947b3dd52e4	vostok/core/sources/resources_device_manager.cpp
md5	13772482851dd3a6b8008efffc3b12f5	vostok/core/sources/resources_device_manager.h
md5	c1d6e0ee1f31b2ea07a37d951344fe4d	vostok/core/sources/resources_device_manager_thread.cpp
md5	4d3bcb879588348230261e713575fd49	vostok/core/sources/resources_fs.cpp
md5	597f8b8f462d93d2146aac03748efc54	vostok/core/sources/resources_fs_task.cpp
md5	7e36e4097c412c856f393214e5d36652	vostok/core/sources/resources_fs_task_composite.cpp
md5	e7622b4a00de53e622f5840792a6499c	vostok/core/sources/resources_fs_task_composite.h
md5	adfd7fc93313d934e0a7781dc16ca4e2	vostok/core/sources/resources_fs_task_erase.cpp
md5	186d85fc9b4a195e3cd34ca8e4afeb0a	vostok/core/sources/resources_fs_task_erase.h
md5	d8db9f51ea6cd245bf4aa4f1c4d16d41	vostok/core/sources/resources_fs_task_iterator.cpp
md5	6d5100870d79dd649ec3826cc197fcb7	vostok/core/sources/resources_fs_task_iterator.h
md5	0f4648965eb39b15b01e71ac96c05cd6	vostok/core/sources/resources_fs_task_mount.cpp
md5	aa7d2ca86ca2bfd58392daef2b1451e1	vostok/core/sources/resources_fs_task_mount.h
md5	3727b08edfbf894db15338ca9d05a28b	vostok/core/sources/resources_hdd_manager.cpp
md5	48a2a4149eb07c8939eb64e41ed73c92	vostok/core/sources/resources_hdd_manager.h
md5	27797965e74e919974f5778cee540314	vostok/core/sources/resources_helper.h
md5	afb3b12a1ccbf98a21d7339a218545ea	vostok/core/sources/resources_impl.cpp
md5	c31684fbefa3802b6286c98b18083955	vostok/core/sources/resources_impl.h
md5	5e4d0f87e8e6518f1e44cb59fda43041	vostok/core/sources/resources_intrusive_base.cpp
md5	ce3a077958d25732224d0bd2c5781d81	vostok/core/sources/resources_macros.h
md5	bcb76aa5819693ac4d34266083999ee7	vostok/core/sources/resources_managed_resource.cpp
md5	f1fdc199c3218a3723505aa927819ac4	vostok/core/sources/resources_manager.cpp
md5	d40b271dc2d47e6ac0d4d3b10e8310ab	vostok/core/sources/resources_manager.h
md5	090cdb4fe35431a759223e5e202a9d2c	vostok/core/sources/resources_manager_allocation.cpp
md5	f57926c47efcaf9864485f5bedbffe4a	vostok/core/sources/resources_manager_allocation.h
md5	d2afc0c30303d256b6cdfc38577360a1	vostok/core/sources/resources_manager_cook.cpp
md5	3f087d9d809868be025e14b95f3ae00f	vostok/core/sources/resources_manager_deallocation.cpp
md5	6082b002094ac6ee249a3545a2eec241	vostok/core/sources/resources_manager_debug.cpp
md5	32466a58d61747fe682bfccc23927f7d	vostok/core/sources/resources_manager_debug.h
md5	e2051bc9e3ddb5e632e509d9b732f312	vostok/core/sources/resources_manager_helper.cpp
md5	5082f6b8553bff6803b34bdb1b6a1321	vostok/core/sources/resources_manager_new_queries.cpp
md5	043edce7b9d221332ecf8ce23eb87b3b	vostok/core/sources/resources_manager_user_thread.cpp
md5	3c6d4f60a7b7caabada4100b68dc4e52	vostok/core/sources/resources_manager_watcher.h
md5	27fd0b91d5515b3c34831d8f45467043	vostok/core/sources/resources_memory.cpp
md5	7a9f4ce6bafff01f8596e13a20242261	vostok/core/sources/resources_mount_ptr.cpp
md5	9b60acbd8639d258c0557b518340cc69	vostok/core/sources/resources_name_registry_entry.cpp
md5	aa711307cdccf74cfa53732435ee5d4e	vostok/core/sources/resources_queries_result.cpp
md5	20333f21542ed83eb4f9335428bc39ca	vostok/core/sources/resources_query_fs_iterator.cpp
md5	99c90bb856fa28e6a49bc48b94ce8f67	vostok/core/sources/resources_query_mount.cpp
md5	2a39623c0dc9af30998101c751bb1f4d	vostok/core/sources/resources_query_result.cpp
md5	f573f38795b0f1eb8890141a19505f81	vostok/core/sources/resources_query_result_allocation.cpp
md5	ec8dd3e0c3cf34d138d71e397b126087	vostok/core/sources/resources_query_result_cache.cpp
md5	b9adeb31047dfc6e4d4d595bb30d0582	vostok/core/sources/resources_query_result_cook.cpp
md5	2eb55a8be4098e965451665b34e16e24	vostok/core/sources/resources_query_result_finalization.cpp
md5	bc79166acd76c0ad5fdf761905f8ed71	vostok/core/sources/resources_query_result_initialization.cpp
md5	e7368e60a93eb1bf122bc70caa5c06c2	vostok/core/sources/resources_query_result_path.cpp
md5	e854de17a15b754486dcc403f5a6c43a	vostok/core/sources/resources_query_result_replication.cpp
md5	03104e7a1d7d2082dc662a30000e44e6	vostok/core/sources/resources_query_result_requery.cpp
md5	4e6380bfe366aef4bb16dd1182aba2c0	vostok/core/sources/resources_resource_base.cpp
md5	02996f9136d84c6e89b4742e9e3feeb2	vostok/core/sources/resources_resource_children.cpp
md5	9d9c0ea3afad273848c7915d561f113c	vostok/core/sources/resources_resource_flags.cpp
md5	4f8b7c3a56e82b84210a7aefe0b089b5	vostok/core/sources/resources_resource_quality.cpp
md5	5090e93e0c229f0ce102ab251d515a27	vostok/core/sources/resources_resource_reconstruction_info.cpp
md5	2385f399b261776344a0b702e3d43b39	vostok/core/sources/resources_thread_local_data.h
md5	2a9a9fa99a47bcf4e1ba5886c19d9377	vostok/core/sources/resources_unmanaged_resource.cpp
md5	8abd44d1c41be6b52735e24683ab6954	vostok/core/sources/resources_vfs_associations.cpp
md5	d3188ad58b400706cdb983e0b971b84e	vostok/core/sources/resources_vfs_associations.h
md5	b681774fac0e7c13e6f10bd199348ad3	vostok/core/sources/strings_detail_tuples.cpp
md5	56110e927599a493660791da156d4017	vostok/core/sources/strings_functions.cpp
md5	a4a96ba37b8033809a1bee3846b537f5	vostok/core/sources/strings_shared_manager.cpp
md5	bfbdcbb121ce9a36e3309462788b945b	vostok/core/sources/strings_shared_manager.h
md5	2ca951567efc2ba0f39c688599df1488	vostok/core/sources/strings_shared_profile.cpp
md5	70ae61521c64eb9cd3e2f169ceef2ec2	vostok/core/sources/tasks_allocator.cpp
md5	e8f88a2915c455c04b6e903ca54b40c8	vostok/core/sources/tasks_allocator.h
md5	49e63031096c341ebc3285fc2ff8ec2a	vostok/core/sources/tasks_manager.cpp
md5	9cd16c8e9a2e93f136a7636cd5d0f1a2	vostok/core/sources/tasks_task.cpp
md5	23f1df38b47fa4b23feac57cdf28a523	vostok/core/sources/tasks_thread_pool.cpp
md5	53f8d7be470609d8252f90d960fbb275	vostok/core/sources/tasks_thread_pool.h
md5	52a663b2765597fdc41f5a3a078e2056	vostok/core/sources/tasks_thread_pool_utils.cpp
md5	bd7ae83cc1d29b5c8fdb78093e3760c7	vostok/core/sources/tasks_type.cpp
md5	fda8ae6d25bf39382dee2072dc320b3c	vostok/core/sources/tasks_type.h
md5	407032253df6848e7f2abd617b5c33c2	vostok/core/sources/testing_impl.cpp
md5	d7b519f096f1d2f529ba118f11c80038	vostok/core/sources/text_tree.cpp
md5	dc95b90edd7c33c60d51695122778dc5	vostok/core/sources/text_tree_item.cpp
md5	f838b0efeb537e61e5322e5d75e7859c	vostok/core/sources/threading_event.cpp
md5	56c83f1bfce761ce8e88c2de7dcfa2a3	vostok/core/sources/threading_event_win_xbox360.cpp
md5	e08a84e894e1a20db83a216d05aad587	vostok/core/sources/threading_functions.cpp
md5	36bb8377e33fe17bafd664335520be84	vostok/core/sources/threading_functions.h
md5	7971b8efe665a382e2f74fc9fce8a4fe	vostok/core/sources/threading_functions_win.cpp
md5	3143ee146f8d1e2c6b08011896d7d259	vostok/core/sources/threading_functions_win_xbox360.cpp
md5	ce28407f44fd9fd10119f957f55ca6c9	vostok/core/sources/threading_mutex.cpp
md5	4d24c94d3b8831ea1d91f4ed55af30dc	vostok/core/sources/threading_mutex_win_xbox360.cpp
md5	1840b7b51397256e97d1cf9c18b39224	vostok/core/sources/threading_reader_writer_lock.cpp
md5	9eb2ed044e0df9c6839053e446765a96	vostok/core/sources/threading_test.cpp
md5	c3f32d27129caef88cc97fb7497f9c01	vostok/core/sources/timing.h
md5	a50963d9046289eb8ea4031cddfe37de	vostok/core/sources/timing_functions_win.cpp
md5	b8eab9ac7ef5b64a779943187fd131bd	vostok/core/sources/unmanaged_allocation_cook.cpp
md5	24b487ac4bc82ed66f8551d0315d5dad	vostok/core/sources/unmanaged_allocation_cook.h
md5	c4df7955a7961141d13386d8d8e00b6a	vostok/core/sources/vfs_sub_fat_cook.cpp
md5	925617249b43f556b9a25e41aa993207	vostok/core/sources/vfs_sub_fat_cook.h
md5	085a75d7aae828b17235c8e73a79678d	vostok/core/sources/vfs_sub_fat_resource.cpp
md5	d50816f1a6d6915520c957808f32119a	vostok/core/sources/virtual_alloc.cpp
md5	ef543eb8e8c97fceb30c57e727cb432a	vostok/core/sources/virtual_alloc.h
md5	54ab8a3d8dd2ca8a43ddfc6606b67d90	vostok/core_debug_engine.h
md5	ce405ba563507bf7192bed46e50d9256	vostok/core_entry_point.h
md5	0067aa4ab9122d52648e8e0ca653379d	vostok/core_test_suite.h
md5	caf5d60faf1a3ec753fa8294e8cff474	vostok/debug/api.h
md5	8b74384af24762af569b39a890087d9d	vostok/debug/call_stack.h
md5	cd071e89c504469b1b8518c2fb35a421	vostok/debug/check_invariants.h
md5	e01bb964fffdcee7dfc25a7888ec4552	vostok/debug/check_no_multithread.h
md5	dcebce020cb27ea86de48a2a5e2695f2	vostok/debug/check_no_multithread_inline.h
md5	c7c345e72fecb02425eea414e30c61ba	vostok/debug/debug.h
md5	5d6e54984a5ffab6a1048cd8c266b184	vostok/debug/debug_pointers.h
md5	4cdf3b16cafe36eefeb653e097015244	vostok/debug/engine.h
md5	286b59c41b72b9d68649f08d171c5467	vostok/debug/extensions.h
md5	ea77b43d1ee14ec1e03f5f868cb2a162	vostok/debug/library_linkage.h
md5	3afef5f1a49731effcb655cda5cfdfd3	vostok/debug/log_callback.h
md5	0c2313c41af994de5237b137cd14e198	vostok/debug/macros.h
md5	c7148fa44ebfcf321791d54ac624a817	vostok/debug/macros_inline.h
md5	fd3a1d04d165a8dfae42ece428e5ad99	vostok/debug/pointer_cast.h
md5	5981aa6b9c4246d6653f6a254115a3a9	vostok/debug/signalling_bool.h
md5	7e3d678414baa2a95d91fbb21d408897	vostok/debug/sources/bugtrap.h
md5	fff146a38c027695cf5b74af5fd6b321	vostok/debug/sources/bugtrap_win.cpp
md5	f93fa5e33d8ceddaf0432daec36cef8c	vostok/debug/sources/call_stack.h
md5	6068c9c074a9fe63706c88080f5b9404	vostok/debug/sources/call_stack_win.cpp
md5	e25ff6188a8c0aceef309ea2999e3175	vostok/debug/sources/debug.cpp
md5	4ed55f5c83ff92d6df7604acae336749	vostok/debug/sources/debug_win.cpp
md5	319c1fc2e8aca621cfcd286757100d88	vostok/debug/sources/debug_win_xbox360.cpp
md5	d2da8b1f530e4cd759c6479372d3d942	vostok/debug/sources/float.h
md5	585601f5293abd3af25fe7ed63b662cb	vostok/debug/sources/initialize.cpp
md5	678a018f2f52764a56ef70dd57379576	vostok/debug/sources/initialize_win.cpp
md5	18820cade0882cec218ac27f42cd5e88	vostok/debug/sources/initialize_win_xbox360.cpp
md5	629c6cc056193c374dbbc2bc87efc65f	vostok/debug/sources/macros.cpp
md5	87f390e6db17b9f83600d3945148290b	vostok/debug/sources/pch.cpp
md5	f8e4a7feed6f2cafb5dca0d4dfd6ad4c	vostok/debug/sources/pch.h
md5	22035b80b88916df25842c2d19d4642f	vostok/debug/sources/platform.h
md5	95dd02d45dc28cc6d5fc56a4a786bb4a	vostok/debug/sources/unhandled_win.cpp
md5	30a3656a6c210724ce49ae18f83488c2	vostok/debug/sources/unhandled_win_xbox360.cpp
md5	6171695dde4b02c50c8b3fe55ef23514	vostok/debug/sources/utils.h
md5	754358027191cce4ace371d5a561f0ed	vostok/debug/static_cast_checked.h
md5	f5a479838c44d02ba2ccb2beaa909b79	vostok/debug_policies.h
md5	e01678e2c81fec11390c3785caff11ad	vostok/deque.h
md5	6d9a268353d495cc1c3f66cccf550858	vostok/deque_inline.h
md5	c977c27a5f6e747f455ff56e5143d082	vostok/detail_noncopyable.h
md5	865a899a8b7c0a8cc7ce059b3b472d0a	vostok/editor/world/api.h
md5	7d687347bf6bdb9523fab3f4ee411238	vostok/editor/world/engine.h
md5	e26590382b4af4f574a90a31654c6de9	vostok/editor/world/library_linkage.h
md5	7cff7eb5586b692e942daeeb6c603777	vostok/editor/world/world.h
md5	4ee17939860fc0555a76279eaa131e0b	vostok/engine/api.h
md5	93b9f4f16472c3ff9485944244b7be28	vostok/engine/console.h
md5	0f33592641814063687bdf46554d8ede	vostok/engine/engine_user.h
md5	e29a7b858305bdbf6f3d3f1d65f0ac67	vostok/engine/library_dependencies.h
md5	24b3a81f2495ae36f577d58d3292d196	vostok/engine/library_linkage.h
md5	2ff2fbc23c12a1519582ac6b01a05a7e	vostok/engine/pc/dx11/library_linkage.h
md5	a71f42d43518e6a6d1625467a643409f	vostok/engine/sources/apc.cpp
md5	314a5819dd1562ab7b5379e683736ab3	vostok/engine/sources/apc.h
md5	1205fdb8771bc9313f720a4d8b44c3b3	vostok/engine/sources/console_impl.cpp
md5	981c2c8fa1553b3dda5f227105e6b564	vostok/engine/sources/console_impl.h
md5	5a320dea29d57ad8c2ca1d19e0867cd4	vostok/engine/sources/console_impl_input.cpp
md5	0330f74b9127ce16297aaed559617496	vostok/engine/sources/editor_console.cpp
md5	e2c5d8602f3641ca35cba868f8bf7e3d	vostok/engine/sources/editor_console.h
md5	ce637a4ca9576b01bd94140c78c14ec9	vostok/engine/sources/engine_entry_point.cpp
md5	5defd4e876f0e39948ce25ec179c63b3	vostok/engine/sources/engine_memory.h
md5	0475f83971b7e0aa29f3b2fb9e7b2693	vostok/engine/sources/engine_scaleform_initialize.cpp
md5	9b47b7b340b7685c23aefb06f61302b7	vostok/engine/sources/engine_world.cpp
md5	79ff068482a7b95521f3f862c1ca43d5	vostok/engine/sources/engine_world.h
md5	8e6673b98bcad83c9576d2bb115f40ed	vostok/engine/sources/engine_world_build.cpp
md5	1afd21f12595c5820877f3ea2f0d0775	vostok/engine/sources/engine_world_editor.cpp
md5	34b5721a00a605e9f635a5e6f9498c6f	vostok/engine/sources/engine_world_file_system_device.cpp
md5	449f8ff51295c23bae6da0297eaa5c3d	vostok/engine/sources/engine_world_initialize.cpp
md5	af60c4724c2884b025c25e360b14cd11	vostok/engine/sources/engine_world_interfaces.cpp
md5	5173d6434ac56231c2772923473b2f98	vostok/engine/sources/engine_world_logic.cpp
md5	3f44faa5a41dd83fddd4724a3dc4c036	vostok/engine/sources/engine_world_network.cpp
md5	b2bbd1dbdc9bba237c02957f107100f6	vostok/engine/sources/engine_world_resources.cpp
md5	59e11c8d0a52607b9babc69b3d5718e8	vostok/engine/sources/engine_world_sound.cpp
md5	5ce7861397fe443a7af75ab18402f49e	vostok/engine/sources/engine_world_terminate_on_timeout.cpp
md5	b3e351eaf5d6bf95a2e4e0fcf3c48b57	vostok/engine/sources/engine_world_win.cpp
md5	a971f395252e67ddc5f33ac5f9771865	vostok/engine/sources/game_console.cpp
md5	4121469eb34e12a4872e0e1e318cb67c	vostok/engine/sources/game_console.h
md5	218cda603a1660955076580cb6b01426	vostok/engine/sources/pch.cpp
md5	71ee430ed95b41a10e1697000318d509	vostok/engine/sources/pch.h
md5	101f60a1ef78a9ef6bdfb08433fd060f	vostok/engine_test_suite.h
md5	a1028a1712fb37873ec8800dc6482a37	vostok/exit_codes.h
md5	9496d4f7f3a82b14d5fbcb9df41dda56	vostok/extensions.h
md5	256b9c8ba13ead3f980bd79ac1267aaa	vostok/fixed_string.h
md5	3455025228ef3f6f0c993d966e712992	vostok/fixed_string_inline.h
md5	301fc1e3d6c5021f3a8dc65161b46ee0	vostok/fixed_vector.h
md5	00e8593130d49c32e039c54ff5a802ff	vostok/fixed_vector_inline.h
md5	4c433715ae5d872d39937301d8faa3c1	vostok/fs/api.h
md5	acb82d17620668c6156c555d18b83cc0	vostok/fs/asynchronous_device_commands.h
md5	4b5b7d7a8b0d5ed481759b041193e068	vostok/fs/asynchronous_device_interface.h
md5	ddb0647c7862249a4c6bca556e79d595	vostok/fs/device_file_system_interface.h
md5	41e4078bd953acef779b3a5ffd52fc3c	vostok/fs/device_file_system_no_watcher.h
md5	5a8597aa5e74dd256152eac8bdecde39	vostok/fs/device_file_system_proxy.h
md5	6d5a866f640405377d1f6ca1f089493c	vostok/fs/device_file_system_proxy_base.h
md5	0260e65a59e066a67d6b7487707113bc	vostok/fs/device_file_system_proxy_impl.h
md5	243ea6bdf31a2b9fec6214e5846b1c4c	vostok/fs/device_utils.h
md5	62c3502f07022656c679a94f9c134ba5	vostok/fs/file_type.h
md5	517f431d581a3a161f4343e69da99767	vostok/fs/file_type_pointer.h
md5	cd58424ac9a566dad74674622aded8b5	vostok/fs/library_linkage.h
md5	c59e16c80aecb4b1faceb9a813eddc79	vostok/fs/native_path_string.h
md5	1a97db29ec3bdc4c6a4278813c0473aa	vostok/fs/path_part_iterator.h
md5	326ed7cf6cecda43ee549d639e659bc7	vostok/fs/path_part_iterator_inline.h
md5	a619ae88b8f51e447204761c2ea7c24a	vostok/fs/path_string_impl.h
md5	c22a3ba0b43fe2286f62c771805fb6bb	vostok/fs/path_string_impl_inline.h
md5	2a8a3feda5c75bd9cb5e5fe21773ca98	vostok/fs/path_string_utils.h
md5	143f2e27f31644deeb7cf3cef4da0d45	vostok/fs/path_string_utils_inline.h
md5	501581c81bbdd4aab3e47b52466d688b	vostok/fs/physical_path_info.h
md5	813d6e8a945d9d9905d4c30e8f52775a	vostok/fs/physical_path_info_data.h
md5	84d5a1591fdb25817d31e5fe23d75d5b	vostok/fs/physical_path_iterator.h
md5	557cdae5c5fb4e4698cb62bb45c261d1	vostok/fs/platform_configuration.h
md5	6ddc189c4f8468884a3150531e0de66d	vostok/fs/portable_path_string.h
md5	9c5b009f99d7a6d8873feaf2bdeff108	vostok/fs/sources/asynchronous_device_commands.cpp
md5	c69816bba27773f58c7fb7aeacc76b67	vostok/fs/sources/asynchronous_device_interface.cpp
md5	6528f33f76fa4fc5841f4746041f6717	vostok/fs/sources/asynchronous_device_interface_commands.cpp
md5	82a313a3f3faea4e60eeda880f74eda3	vostok/fs/sources/device_file_system_no_watcher.cpp
md5	74837d25e76b660db36cd701c39229b0	vostok/fs/sources/device_file_system_proxy_base.cpp
md5	d3a068a248963c7a6564718d3f650415	vostok/fs/sources/device_utils.cpp
md5	d5c139c840449f7d818a0c2202d8bbab	vostok/fs/sources/memory.h
md5	6fe18bcbf8e745a86de2f3f29219c877	vostok/fs/sources/path_string_impl.cpp
md5	7d6fec0fb8b56077ff326a6dc63e1f74	vostok/fs/sources/path_string_utils.cpp
md5	fb11aec9982fd36dde7a1a9849a0b204	vostok/fs/sources/path_string_utils_win.cpp
md5	87f390e6db17b9f83600d3945148290b	vostok/fs/sources/pch.cpp
md5	77ed49085d54a88062b22774c68bf791	vostok/fs/sources/pch.h
md5	e6f14c708c911932dbe39b54693d170e	vostok/fs/sources/physical_path_info_iterator.cpp
md5	153979fe18972191aad7792fa7435c3b	vostok/fs/sources/synchronous_device_interface.cpp
md5	c352df8969ad757f79f2e78a14b745a8	vostok/fs/sources/windows_hdd_file_system.cpp
md5	a8bfc840e58062756e0d04b7c64e4ccc	vostok/fs/sources/windows_hdd_file_system_iteration.cpp
md5	30dbd7ea835914eb17737023c469ea28	vostok/fs/synchronous_device_interface.h
md5	3e68ee45da90ef4501e34cbd75051fce	vostok/fs/virtual_path_string.h
md5	6ff7c09d0790e3f406a77594d9a12ec9	vostok/fs/watcher.h
md5	e757970c8d6846aea581a3c5479ca84a	vostok/fs/windows_hdd_file_system.h
md5	01938139ce6e8a59ea6a193f72863edc	vostok/fs_path.h
md5	50a3b37504773c82c77edaa877be691f	vostok/fs_path_iterator.h
md5	0cffb0e5a30580d5e5ae5bcc0ca45d10	vostok/fs_path_iterator_inline.h
md5	675ffb7deb67844936c9dfcfe96af061	vostok/fs_path_string.h
md5	32ed79be574590277d72bbb3afec790e	vostok/fs_platform_configuration.h
md5	9ad10010eb4d716097bc07097bcacac1	vostok/fs_utils.h
md5	8819758c232086f87ffb5abb17a1e393	vostok/fs_watcher.h
md5	e91a40c5a537e2dbffa690c5e5c05fe6	vostok/game/api.h
md5	d378c33c6e71f0deb9d814e9dc0de2b4	vostok/game/library_linkage.h
md5	c0911587d68f9de94f7b975c2407880f	vostok/game/sources/ai_collision_object.h
md5	05b885864c9418da6575a4c97d1a547c	vostok/game/sources/ai_sound_player.cpp
md5	011599636a6755ae3cf0d4daab477c99	vostok/game/sources/ai_sound_player.h
md5	4b6920757504ed125d7a50b98bc33fc3	vostok/game/sources/animated_model_instance.h
md5	df0232709fee2cad78ee5a6b1106b9a8	vostok/game/sources/animated_model_instance_cook.cpp
md5	422c315e9e38b539f4cf70b1ae6409d7	vostok/game/sources/animated_model_instance_cook.h
md5	0c1e9589df3a88e9adfc48f6d34a01b3	vostok/game/sources/animation_controller_parameters.cpp
md5	c925e56902df12dab6e678f4c24d0f84	vostok/game/sources/animation_controller_parameters.h
md5	8656a92f69bd26ad698dca1d7806b563	vostok/game/sources/animation_space_graph.cpp
md5	0deae28fae95386a6d5e7a197d232d88	vostok/game/sources/animation_space_graph.h
md5	3f5a7ad92a39dd3adba977c1333c653a	vostok/game/sources/animation_space_graph_cook.cpp
md5	d72c25720129cec00cc0f1916c0b5aa0	vostok/game/sources/animation_space_graph_cook.h
md5	999c0d943369ad2d1b9ae9a71ea7d6de	vostok/game/sources/animation_space_graph_wrapper.h
md5	ffe43e2aa28cf80d468dab771376d09b	vostok/game/sources/animation_space_graph_wrapper_inline.h
md5	bdc38cb0bbfc5b702f3c9a20fc6bc106	vostok/game/sources/animation_space_heuristics.h
md5	3a047697349b21f7692d351378eac470	vostok/game/sources/animation_space_heuristics_inline.h
md5	59f2e3250cd36a0eff656f59b38fd31c	vostok/game/sources/animation_space_search_restrictor.h
md5	ba952008407472a436f7546b81bece18	vostok/game/sources/animation_stats.h
md5	0a1e1c5f67d031f3404f3191bd39c775	vostok/game/sources/animations_search_service.cpp
md5	189284ac531cc1bd82298fd2d2cb8400	vostok/game/sources/animations_search_service.h
md5	ed3695e2263af80248eab4bebe182ab0	vostok/game/sources/animations_selector.cpp
md5	b2f8fd80bdf5c35400957b098fe95b00	vostok/game/sources/animations_selector.h
md5	acc75291db240f34fcb359a384fddc5d	vostok/game/sources/artefact_container.cpp
md5	35dbad1bbc393876c6dca19169709709	vostok/game/sources/artefact_container.h
md5	0eb9b18b2e64173fb4a9a345d8f7beb1	vostok/game/sources/base_animation_controller.h
md5	a95c0120be63c9f7f7867a2cf171db7a	vostok/game/sources/base_game_scene.cpp
md5	0530c6948054abd22b74d8ba92ebbef9	vostok/game/sources/base_game_scene.h
md5	1ffb1d358a8389b6fe8bc10fae29061b	vostok/game/sources/base_network_client.cpp
md5	e9984433d79afd5693c82bc9fcbd48de	vostok/game/sources/base_network_client.h
md5	2ad9c7971773131bdedd4fd6bbab5835	vostok/game/sources/booby_trap.cpp
md5	06e23100fa1d6c08766befbf229e1343	vostok/game/sources/booby_trap.h
md5	5d365ed5825ea56b6ef65d0194e2d7ac	vostok/game/sources/booby_trap_cook.cpp
md5	60a1a25bb4c776205517278c739858f5	vostok/game/sources/booby_trap_cook.h
md5	39b3a8f17573ebc1e8f0bc43687e9f9e	vostok/game/sources/booby_trap_set.cpp
md5	9078d3390d5d7c2bcea46996fb2715d1	vostok/game/sources/booby_trap_set.h
md5	c1d94a049f5bd291aca6fc5cda19dcc3	vostok/game/sources/booby_trap_set_cook.cpp
md5	c7baf40d06333ddec78fc0133ccca774	vostok/game/sources/booby_trap_set_cook.h
md5	88defaf8a9078d30f5a2c04fdd56c981	vostok/game/sources/bullet_debug_renderer.h
md5	780d336467a61b2d0b9670978361853b	vostok/game/sources/camera_director.cpp
md5	2554e2750aed12f574e39460f48478d0	vostok/game/sources/camera_director.h
md5	7209128acbe96a2d843e94c99410ecbe	vostok/game/sources/chat_handler.cpp
md5	ec129e3efbc90e59fb96e27eca7a0d60	vostok/game/sources/chat_handler.h
md5	d59ed3c0fe4d2b5638efc8d4046f1ea8	vostok/game/sources/client_player_history_item.cpp
md5	5d752fb8feac59cab19ab8dbf7f1f687	vostok/game/sources/client_player_history_item.h
md5	97bb7cd5b22addaf11d44d74eaf987c0	vostok/game/sources/client_player_state.cpp
md5	246e52e5bba20217f08781722f93f321	vostok/game/sources/client_player_state.h
md5	1708e513eeab12b983bb62a3e9009744	vostok/game/sources/damage_model_stats.cpp
md5	b4095a67025928aa9c7248df27c3637f	vostok/game/sources/damage_model_stats.h
md5	1b89656d40690a576899af2324cdf2bc	vostok/game/sources/damage_zone.cpp
md5	525954731618a1fe6b30f872429f95d0	vostok/game/sources/damage_zone.h
md5	19e965424db0ca80a7a0de5247f09508	vostok/game/sources/damage_zone_cook.cpp
md5	0d9cfc62ef985df4a1102086d599ffe7	vostok/game/sources/damage_zone_cook.h
md5	3e895d1f9ed7fdc933048bd60c47ce39	vostok/game/sources/damage_zone_states.h
md5	c97cb8c7a71763aab9bf9990018acf22	vostok/game/sources/empty_hands.cpp
md5	758008dd3f77574f28921e7cac07158b	vostok/game/sources/empty_hands.h
md5	215acb0ee89e561d303a2f359be28f47	vostok/game/sources/empty_hands_cook.cpp
md5	c5a3508f498648f0881a30ab9e389f49	vostok/game/sources/empty_hands_cook.h
md5	a389e41b130c071b4b182435fb367839	vostok/game/sources/fingers_to_weapon_corrector.cpp
md5	2d8eb22c992b80ece77948e969b047d7	vostok/game/sources/fingers_to_weapon_corrector.h
md5	73fd8ef6eb0c060b8ba361c5c1d8194d	vostok/game/sources/free_fly_camera.cpp
md5	2b34847f86d0ba3904ca157abfe3114f	vostok/game/sources/free_fly_camera.h
md5	ce3ebb874c872f80b714b9429e6a20cd	vostok/game/sources/game.cpp
md5	11e198cf33d6c51276fd435bdd6afb58	vostok/game/sources/game.h
md5	1fbaf80b67380367f590db19dbacaaf6	vostok/game/sources/game_camera.cpp
md5	b6d5af084e3c57f0a91d2a3483fdf2ae	vostok/game/sources/game_camera.h
md5	1a90d34a17117465b71c8299654a816e	vostok/game/sources/game_entry_point.cpp
md5	8bc513174ce4534ab894cca1772675a7	vostok/game/sources/game_generate_shaders.cpp
md5	a5a5f56ab4ac6d514777366f23c8708a	vostok/game/sources/game_generate_shaders.h
md5	45c00edbcb182423692b645027660325	vostok/game/sources/game_initialize.cpp
md5	cd55896af98f2082ceeefb76cb085796	vostok/game/sources/game_material_visibility_parameters.h
md5	be8bc3a9701cf9a8fc94e4a7e63b66f9	vostok/game/sources/game_memory.h
md5	e37841d981f43a3f61b4fbfb4349f2d6	vostok/game/sources/game_options.cpp
md5	771f2279abe4f4d98355ccbb66371b9d	vostok/game/sources/game_options.h
md5	ad50afabceb3d2ff8887de8d7bfcdb4b	vostok/game/sources/game_project.cpp
md5	398ff3dc0cc9caf532746eb141d6cf8c	vostok/game/sources/game_project.h
md5	6287ac00a8ac023e291ab73666ace486	vostok/game/sources/game_scene.h
md5	abbb231515913ecbfe3bcd5888bfc702	vostok/game/sources/game_world.cpp
md5	53a1e176fa896f0391b3f136767a2fa0	vostok/game/sources/game_world.h
md5	902db49c761c2b368107ebf951d61a75	vostok/game/sources/game_world_bullet_manager_engine.cpp
md5	4c3b386f4a1d2e4944c2b38a5f6cc8bf	vostok/game/sources/game_world_input.cpp
md5	599887ad5bbf34b7c0b0d5fcaac83f82	vostok/game/sources/game_world_npc.cpp
md5	a196625c5672c06df08c765ccb149d50	vostok/game/sources/game_world_ui.cpp
md5	73c0c9418a0462300b27772784fd61f4	vostok/game/sources/game_world_ui.h
md5	0f1cd2cac7f6d5089268c7e1d0aaba1f	vostok/game/sources/generic_anomaly.cpp
md5	edd5d30ad8c2376d218ef8fcd85af544	vostok/game/sources/generic_anomaly.h
md5	f98eea6181f2c0f19081b02bd7dc1ebe	vostok/game/sources/global_input_handler.cpp
md5	ac185166266c2b7761130e761f03e597	vostok/game/sources/global_input_handler.h
md5	e7aa27c66b17aaaaa248dc51504d3e8f	vostok/game/sources/human_npc.cpp
md5	d8a50bc370522546e135809200938629	vostok/game/sources/human_npc.h
md5	36a5ad96d529e1580e62db46bd6c927d	vostok/game/sources/human_npc_animation_controller_planner.h
md5	e2679aeb4f9441d313b57ec7711fc79d	vostok/game/sources/human_npc_cook.cpp
md5	6c70c223ee1941c9ef734fa6e5206188	vostok/game/sources/human_npc_cook.h
md5	7c7302a9a0e0c849dc62f9c1e73249df	vostok/game/sources/key_binder.cpp
md5	c337b5e9bd4bfc4fdcde1380edfa80cd	vostok/game/sources/key_binder.h
md5	c54344541a8486fe66e1f743e454f388	vostok/game/sources/levelmap_camera.h
md5	86eaadb562f4b94234c85629886565a4	vostok/game/sources/lobby_camera.cpp
md5	18db5e9d987a8865da8aa3a51f479ba6	vostok/game/sources/lobby_camera.h
md5	206dfcd325c68fa1c9ac4e11e6528e80	vostok/game/sources/lobby_client.cpp
md5	d021932c0e0945fa2da0901cc95e107a	vostok/game/sources/lobby_client.h
md5	3da7c96ce1d72f5ef2a95b1f83cfad21	vostok/game/sources/lobby_menu.cpp
md5	068cc532868da61c3bf7c14655d70337	vostok/game/sources/lobby_menu.h
md5	78d288745c6922d29060121c556f83bf	vostok/game/sources/lobby_menu_input.cpp
md5	38df2a15a322f975a6862c3d9d357fbe	vostok/game/sources/lobby_menu_scene.cpp
md5	1a08ceec99a33aa7e904a4e0f3ae026f	vostok/game/sources/lobby_menu_ui.cpp
md5	0ba2b4b3c9a0d2662b46dd98bf38a81b	vostok/game/sources/login_menu.cpp
md5	bdac5ada9bc83375e5a067a38a887120	vostok/game/sources/login_menu.h
md5	380646f5ff3064bab70ad285bf2dab1f	vostok/game/sources/login_menu_input.cpp
md5	4585330e8337037cfe7b4abdbf2dc5ab	vostok/game/sources/login_menu_status.h
md5	0c2fa88a4361a346adc85205643bbaba	vostok/game/sources/login_menu_ui.cpp
md5	be726a7bb68ee92cc9b94ddd88503efa	vostok/game/sources/main_menu.cpp
md5	bb726facb58f273f4953713a8d1e0333	vostok/game/sources/main_menu.h
md5	e95fd2ac27e39e4d24b64c3145f50098	vostok/game/sources/main_menu_input.cpp
md5	1cee341ece6ae659d2728eef4efb2c78	vostok/game/sources/match_client.cpp
md5	1f9c244151555fab0b66b746e5f6be93	vostok/game/sources/match_client.h
md5	7be36fae05c785b3d449e748406a56bf	vostok/game/sources/messaging_client.cpp
md5	17b283bed480b97acecb50ee80dce50c	vostok/game/sources/messaging_client.h
md5	45786615de2cac618fc481d8554ba3cb	vostok/game/sources/messaging_client_process_messagess.cpp
md5	8cfb5e3bde967ef93a61736583bd5932	vostok/game/sources/messaging_client_sign_in.cpp
md5	4330274c5f7b3da407c39c13d8939831	vostok/game/sources/network_client.cpp
md5	1e0f8108e67916357f1e20f2c444188f	vostok/game/sources/network_client.h
md5	dc92a568014e06035fcd3ba48ceda43e	vostok/game/sources/network_client_handler.cpp
md5	5cb4a341d5c6c080a5592245f3700c60	vostok/game/sources/network_client_lobby.cpp
md5	15375d8e86aa51f7aab1a6c6e02951aa	vostok/game/sources/network_client_processing.cpp
md5	5176e1503d083f63018d2913d8f0cff8	vostok/game/sources/network_stats.cpp
md5	02e293a1c34d20ffa1c0ff4eb593e6a9	vostok/game/sources/network_stats.h
md5	fa08a704250d79914259c6d41f5d27ac	vostok/game/sources/npc_stats.cpp
md5	2408296d4dd82c34bbb0108c6b353374	vostok/game/sources/npc_stats.h
md5	9744bfa694592f746f7142c61bf289c6	vostok/game/sources/object.cpp
md5	9515cd69a520e0b5c18ee37acd00cb0d	vostok/game/sources/object.h
md5	c90553f2898965ebf36005b4666da7ee	vostok/game/sources/object_ambient_volume.cpp
md5	e325182e871de2bf0d0e1efac2b6ae2c	vostok/game/sources/object_ambient_volume.h
md5	7207ec57aa96373c0709504cc8bd017c	vostok/game/sources/object_cooker.h
md5	2ce6d48f8005677d8a3edf3f35eca3fe	vostok/game/sources/object_decal.cpp
md5	f8ee0a4b4d85443587a652779f8ec231	vostok/game/sources/object_decal.h
md5	b9ae2c6d21088bd67971fa24a7a46297	vostok/game/sources/object_environment.cpp
md5	c277130acfe5b66e617f93f75600b4e6	vostok/game/sources/object_environment.h
md5	0e37754fa5e4f1fc642675bfb3dcbd1b	vostok/game/sources/object_environment_probe.cpp
md5	5ba9a1440382aabea9bccfcabdaec304	vostok/game/sources/object_environment_probe.h
md5	c3a9c804d6027cbf14ca6c33583d219b	vostok/game/sources/object_light.cpp
md5	19df47df8bd98cbf63bf7ba231c9e5dd	vostok/game/sources/object_light.h
md5	81d59c45e16c47206721402093a00195	vostok/game/sources/object_lpv_occluder.cpp
md5	61bd43322a31a4de458a9f7c54a2c136	vostok/game/sources/object_lpv_occluder.h
md5	ed5651df357a35b3dc69fa7bf065bfd4	vostok/game/sources/object_sky.cpp
md5	89b5e8fd92ab10d3bacfad979237de40	vostok/game/sources/object_sky.h
md5	193dbd1e6ae4ee0a1f841d6542f603ca	vostok/game/sources/object_sky_ambient_occlusion.cpp
md5	4300ac1ea0d1309119677b064800986c	vostok/game/sources/object_sky_ambient_occlusion.h
md5	eb3e03da7c6dd57084fa2a199eabd99f	vostok/game/sources/object_solid_visual.cpp
md5	820173dd779d540e8013ffa7b111b712	vostok/game/sources/object_solid_visual.h
md5	3df1268c91cef241bf13577c6f0d6296	vostok/game/sources/object_sound.cpp
md5	7f1ee4d7770e924382d2ea5689ef8018	vostok/game/sources/object_sound.h
md5	00e047a2d8884be8b92d7f38b9804a4b	vostok/game/sources/object_vegetation.cpp
md5	76b68f6cb7c33d42067aeddc2bd0a14c	vostok/game/sources/object_vegetation.h
md5	95386410e2763ee7fe7b604f3442a359	vostok/game/sources/object_volume_fog.cpp
md5	059bee649bcd57afd341a5f38157c4c6	vostok/game/sources/object_volume_fog.h
md5	102bb9d89afb3372b85f2628f5f1d2c5	vostok/game/sources/object_volumetric_sound.cpp
md5	eeb8c6b661ddb086015c5b24f4585d74	vostok/game/sources/object_volumetric_sound.h
md5	90b96505c18f07d0678228d59d832dac	vostok/game/sources/object_weapon.cpp
md5	c10bb0035a6f141a02bfe2874631d2f2	vostok/game/sources/object_weapon.h
md5	d717440511e443a9c7a8022b09b77159	vostok/game/sources/object_wire.cpp
md5	72be5f668ddb6c9c13451abfad17e85f	vostok/game/sources/object_wire.h
md5	f02f46c37e4cd70b8d6994e6ed32065c	vostok/game/sources/objects_to_sectors_binder.h
md5	5965a1811e4477734fef9359909d2622	vostok/game/sources/options_items.cpp
md5	2d43d36bb26b66601ba061ad9b46febb	vostok/game/sources/options_items.h
md5	126909a6b549adbb62a624f76425dcd9	vostok/game/sources/pch.cpp
md5	144e47405140e3a9f8fab202bde2d1dc	vostok/game/sources/pch.h
md5	fdc577c42fc8af2f569cb0d1398d83be	vostok/game/sources/player.cpp
md5	cc4d7800ee8a4b618e0fb8bb6a67984a	vostok/game/sources/player.h
md5	095337ea349c392590ca6e414bf88f78	vostok/game/sources/player_cook.cpp
md5	f30559dc8f4793bf4da112365fb97764	vostok/game/sources/player_cook.h
md5	40ad32a402fb9579449ace8f546df1f3	vostok/game/sources/player_input_handler.cpp
md5	2aada5e010abed6d17647bbdfb5ddfbd	vostok/game/sources/player_input_handler.h
md5	cc8c5af5fc805aaef91671579059a57b	vostok/game/sources/player_logic_preview_state.cpp
md5	f83c0a5160b81cd90a65bec423dced6c	vostok/game/sources/player_logic_preview_state.h
md5	17cf1a9b9cb2dbc56f22254a8473a7cc	vostok/game/sources/player_tick.cpp
md5	e0ec97729769aaef42f74b3d1484d508	vostok/game/sources/project_cooker_simple.cpp
md5	93e17c2a19b0ac8ad27c4ca14190a414	vostok/game/sources/project_cooker_simple.h
md5	b83373e7bc933b8b537f528b6afc0e12	vostok/game/sources/rifle_scope.cpp
md5	bae9b4266038fbb47f3b6fee311cd9da	vostok/game/sources/rifle_scope.h
md5	14471d32620a65bee3b66812e87525f7	vostok/game/sources/rifle_scope_cook.cpp
md5	8150bd8f76090079428a622a34296c10	vostok/game/sources/rifle_scope_cook.h
md5	8920e50143cf641ec593b0e0e18c6e74	vostok/game/sources/sf_animation_states.h
md5	3476b71adfad9ee5db3552a32a52b1dc	vostok/game/sources/shotgun_weapon_reload_state.h
md5	c2741476e41ae503a5b16a8bb5ad7098	vostok/game/sources/shotgun_weapon_reload_state_cook.cpp
md5	4f1684de15c2ffb81eb5f16f8592c6ae	vostok/game/sources/shotgun_weapon_reload_state_cook.h
md5	47ec2311da4911413c4be2f06753b0ed	vostok/game/sources/simple_animation_controller.cpp
md5	1e198b3c4a1dc0c955c3e3ff02cd533c	vostok/game/sources/simple_animation_controller.h
md5	e74faf18cc2f8413c8535367e978681a	vostok/game/sources/single_position_animation_controller.cpp
md5	de32814293f60e0a114cec350cfdc07c	vostok/game/sources/single_position_animation_controller.h
md5	a1031400033d504b4d054ea9e7c88834	vostok/game/sources/sound_player_cook.cpp
md5	8495180b0331c63e8c7480a2f84b153b	vostok/game/sources/sound_player_cook.h
md5	3a53fb4fdbcb5146abfeee7842a3424a	vostok/game/sources/stats.cpp
md5	048a1da2269137b874f59d17485f519a	vostok/game/sources/stats.h
md5	0ca13af42d729ff2c1c6d20a1321c80f	vostok/game/sources/stats_graph.cpp
md5	a18ccafa557b1f3d7bc9b0016cf83490	vostok/game/sources/stats_graph.h
md5	1c7bf693ac9d75b0a4558cfe517253fb	vostok/game/sources/step_manager.cpp
md5	87acfc9548d46edda28c26fd2c52ff53	vostok/game/sources/step_manager.h
md5	80bb016872d8dc61e29f56b65d55664f	vostok/game/sources/swf_input_translator.cpp
md5	22f99200aab2ff46f1321d1ba4cb1536	vostok/game/sources/swf_input_translator.h
md5	fd238eda1929569a94edd916db6282ef	vostok/game/sources/text_translator.cpp
md5	ada3141970fa5fab89ba70fc8f5519f6	vostok/game/sources/text_translator.h
md5	9396ce741ccfc3394ed3feaba303ada7	vostok/game/sources/victory_item.cpp
md5	b52971898d6ad7bd3965ee3daf3b9b4c	vostok/game/sources/victory_item.h
md5	1e06255546f4f3241b5be79d2dafcdc0	vostok/game/sources/victory_item_cooker.cpp
md5	6be003821cd1ae94fb62f54b4732dd15	vostok/game/sources/victory_item_cooker.h
md5	8a6d15ede5005d8bb1126cecac6f1fea	vostok/game/sources/victory_items_container.cpp
md5	176efe7c5ff1d74d6bc385cb389d6405	vostok/game/sources/victory_items_container.h
md5	df8f1078594aa1f28f0053f58d9ea70c	vostok/game/sources/weapon.cpp
md5	ff29ec4fb0707e78073895b5bf4a8a47	vostok/game/sources/weapon.h
md5	326debf2b3f0eb0bc3bcb67f0f6e9c71	vostok/game/sources/weapon_cook.cpp
md5	1d3287d84fcb4e4493bdaabc3406a94c	vostok/game/sources/weapon_cook.h
md5	a1e252f327eb5d3c5f473b1a2f4e5526	vostok/game/sources/weapon_sound_effect.cpp
md5	aa9449d7c0f44c0171c85f409ad615c7	vostok/game/sources/weapon_sound_effect.h
md5	c9e8ccedea99593f7885aba235dd196f	vostok/game/sources/weapon_sound_events_handler_state.h
md5	d5ccee1055c954680385adc48766d6fd	vostok/game/sources/weapon_sound_events_handler_state_cook.cpp
md5	60b2958147868ed61fd2dc64850aa1a4	vostok/game/sources/weapon_sound_events_handler_state_cook.h
md5	88f5b0b67a90b79fde8fed26ad45893c	vostok/game/sources/weapon_sound_events_handler_state_cook_inline.h
md5	fd912c2956b14402804ef831d8a41faf	vostok/game/sources/weapon_sound_events_handler_state_cook_specializations.h
md5	7a6ff55c2b1e9eb72c2cc06685aa6b59	vostok/game/sources/weapon_sound_events_handler_state_inline.h
md5	0ef2f73bcaa0674c4a0efe4e16980e4f	vostok/game_core/affect_subscriber.h
md5	686fe520c4477867787e769fbb9a3a6f	vostok/game_core/affect_types.h
md5	8eb78afe52a76bfb9c866847556a31a1	vostok/game_core/affects_threshold.h
md5	3cceed9aed34f4da8fdbc6aa09dd543b	vostok/game_core/animation_analysis_result.h
md5	f8e5c98767b8d76f71d5836bce151165	vostok/game_core/animation_analysis_result_cook.h
md5	757bfc538345d10fcdecbb4ec7ff9b48	vostok/game_core/animation_analysis_result_cook_user_data.h
md5	bff8d8c8ff270652aa7b35e83eb7b56a	vostok/game_core/animation_analyzer.h
md5	300e968937874c50ae830363ca055279	vostok/game_core/anomaly_core.h
md5	db8c7c7784888510223f98b065a5b612	vostok/game_core/api.h
md5	09b754b2b27dff0016a4981419752702	vostok/game_core/artefact_base.h
md5	8f0cd17458e403fe9940a67c74fbdb69	vostok/game_core/artefact_container_core.h
md5	489a4906c32e447b2bfc29b0717e0ffb	vostok/game_core/artefact_lifebone_core.h
md5	d9fc70ee00b15dd8271e3105545a9d2e	vostok/game_core/artefact_spores_core.h
md5	dbc522e27b896496cb5e61e72eed052a	vostok/game_core/base_game_object.h
md5	218a65ead337d11068e525319800f882	vostok/game_core/base_player.h
md5	45cd69e668d60b0281c7a6090594ca49	vostok/game_core/base_project.h
md5	0c8f1208c4df58f8de5d75d8a092ba19	vostok/game_core/body_part_parameters.h
md5	a24037d0ae35d3b7982e58ff004f9259	vostok/game_core/booby_trap_core.h
md5	c4ddf17dc60591c89ad9fc11dfe8aa4a	vostok/game_core/booby_trap_core_cook.h
md5	24f8fecd6d353903bd6d7bc8f6f9bf41	vostok/game_core/booby_trap_set_core.h
md5	9bce80e8319d8f703201d1693fab3af8	vostok/game_core/booby_trap_set_core_cook.h
md5	45f1e89b27c79b671916ace9bcf6bda2	vostok/game_core/breath_holding_params.h
md5	05ee8c3f536e5ca338f8b4f90d271e8a	vostok/game_core/breath_vibration_calculator.h
md5	6c4e030570cdcdf8707903621ac887b5	vostok/game_core/bullet.h
md5	8bcac280fc36cad0cf34f86080c9e7ca	vostok/game_core/bullet_manager.h
md5	14c7dc5a0cd051243c02f9444a06d554	vostok/game_core/bullet_manager_engine.h
md5	83f559d578d5ba0e1ba5b61bbe1b247a	vostok/game_core/bullet_state.h
md5	fe95d64fdc8d92e8af901ca4b2e4c10c	vostok/game_core/character_dispersion_calculator.h
md5	1760d57379e014114d14c898353aeb24	vostok/game_core/character_dispersion_params.h
md5	3d0dacdad285a09f7ad4370b8f644b18	vostok/game_core/character_dispersion_skill_influence.h
md5	9f58c15bee4025b51ee3787400a874c5	vostok/game_core/character_recoil_calculator.h
md5	63e1656edebf0838b4b8ebe673a569d2	vostok/game_core/character_recoil_params.h
md5	4028251ca32a631c3eb286c86f4e5e74	vostok/game_core/circular_buffer.h
md5	eefcb84545c5021f97b5cfc91ff30ee1	vostok/game_core/circular_buffer_inline.h
md5	cfaf1e28d1f72e582db8909137aff95c	vostok/game_core/client_player_update.h
md5	48c7179fe7d8d921e7629a849ed9dfc9	vostok/game_core/collision_geometry.h
md5	757dc0a71fb434dc08117fa24ffb2b9f	vostok/game_core/collision_geometry_inline.h
md5	8725dc80798125f6d71b41e20676652b	vostok/game_core/collision_geometry_subscriber.h
md5	a2e771991f8591a807b153aabe0621af	vostok/game_core/collision_object_types.h
md5	90225f4c693f9a68bf77338ba99fa183	vostok/game_core/collision_sensor.h
md5	545fc5592228428aae5dcd36e7b11928	vostok/game_core/collision_user.h
md5	72ec9854674d40b6f1d7b5e9dbffd615	vostok/game_core/damage_model.h
md5	b33b46494ea50a8c00622fb66f5bd1b5	vostok/game_core/damage_protector.h
md5	c30baa52c2f94f63fb87eb4d62a3cc07	vostok/game_core/damage_zone_core.h
md5	7ae2a5029a952cea14025d356d694057	vostok/game_core/damage_zone_core_states.h
md5	59279b92fe7fb609a8557b2c74afef13	vostok/game_core/dispersion_calculator.h
md5	449db551ff68ba517b313874c07d0252	vostok/game_core/double_barreled_weapon_core_aimed_fire_state.h
md5	709085d6b797fb8ef1082e0e0faf4530	vostok/game_core/double_barreled_weapon_core_aimed_idle_state.h
md5	27b7b764862ce28dfbb832c91e4de55e	vostok/game_core/double_barreled_weapon_core_fire_state.h
md5	dca3f3028e7de5dd3a1ddff19abe5f66	vostok/game_core/double_barreled_weapon_core_hide_state.h
md5	05b4a132630f1cf522376a6401954ea0	vostok/game_core/double_barreled_weapon_core_idle_state.h
md5	dad9e53294b020b1f0d4c30ceaaa016d	vostok/game_core/double_barreled_weapon_core_reload_state.h
md5	c512f9a798b8500ce5ec70c6257e020f	vostok/game_core/double_barreled_weapon_core_show_state.h
md5	78e2f66e485bd3c1338dcf8121a4d37e	vostok/game_core/engine.h
md5	8d0e00cb31e51e9fb6634591542f489a	vostok/game_core/game_input_actions.h
md5	97f478e46060fe732caa0b6390e55bdf	vostok/game_core/game_material.h
md5	402bf9cba1baf334b7f05091fd7a8a7f	vostok/game_core/game_material_manager.h
md5	f0eda4f25e276bb0636f142abf6355c0	vostok/game_core/game_material_manager_cook.h
md5	1d42e17aee7b32495094c8ef0e12aba5	vostok/game_core/game_net_defines.h
md5	9022910dcc6038b6ed42e79d900a6f94	vostok/game_core/game_world_object.h
md5	afd7b5732d9b8bdc309c265ae1ac8d20	vostok/game_core/generic_anomaly_core.h
md5	229d2d47100428bff14e3b03079cdbdd	vostok/game_core/hand_to_weapon_ik_processor.h
md5	3761a87ee068511d25b9a3627ba7dc54	vostok/game_core/hit_initiator.h
md5	408e6544860632dfa8fc3a8986b2e311	vostok/game_core/hit_receiver.h
md5	298f6062266f0a7ba61d6a9ab7e7542f	vostok/game_core/hit_type_parameters.h
md5	a17428e286eb4dac316cca52acfbdf54	vostok/game_core/hittable_object.h
md5	80ca493b73b0870509d9a7b9924553e5	vostok/game_core/ik_processor.h
md5	b32b6eefc681dfb8d0c2d14bca4517e2	vostok/game_core/ik_utils.h
md5	724360bfb6a414de31b912a28bec7db5	vostok/game_core/interactive_object.h
md5	8473522e7aeaec4751cefa0cf76d54af	vostok/game_core/inventory.h
md5	41740feeed56beaa4d3f9543b1880ddf	vostok/game_core/inventory_cook.h
md5	706d97bb469a88002076aeb75fcc05b1	vostok/game_core/inventory_holder.h
md5	0f602ed3099887c48ff8c0951dc4d725	vostok/game_core/inventory_item.h
md5	e6619fe224ebab5465ea9cd0c763ce53	vostok/game_core/item_types.h
md5	8dab936d3bdc211193fdbe32aa51efe5	vostok/game_core/items_cook.h
md5	06a7714aae9433445d4b0777d69cb2ef	vostok/game_core/items_dictionary_cook.h
md5	eae9c2733745bc0e5bc67092481fef37	vostok/game_core/ladder.h
md5	01d35eea90369fe88f8eeb4591fcd418	vostok/game_core/leg_info.h
md5	f0e668b665fc7a598507428166c4820f	vostok/game_core/leg_key_times.h
md5	8f8e1c3a3bfd617c296dfdfca12177da	vostok/game_core/legs_ik_drawer.h
md5	39bb5e6cf289206d3fc2790b54bbc1d1	vostok/game_core/legs_ik_processor.h
md5	eb22312755332c0b740f0f1eda13fb58	vostok/game_core/material_pair.h
md5	725dd987c21a9222a4f565ee4503e8f4	vostok/game_core/medkit.h
md5	33beaa5ae48808051992ce6bff8a97c6	vostok/game_core/missile_weapon_core.h
md5	765c8b5cd83aa34ef9697550e8bbdcf7	vostok/game_core/movement_animation_types.h
md5	17c0710fb64917af09224b602a691cb9	vostok/game_core/network_messages.h
md5	e196b2aa68d980ee59b492032ba77ffb	vostok/game_core/normal_random.h
md5	2c8ec0320d25d47ae3a21421ebb39290	vostok/game_core/oxygen_tank.h
md5	83cee5ffeb70ff19fadcd985acd1a0dd	vostok/game_core/pistol_weapon_core_aimed_fire_state.h
md5	8e0be9b956db3d8f13b4f8e2ba1dd98a	vostok/game_core/pistol_weapon_core_aimed_idle_state.h
md5	8c9a841bff5cfb1a7815eab279c5b57a	vostok/game_core/pistol_weapon_core_fire_state.h
md5	a5fbfc5398f55159757db84975a4efbe	vostok/game_core/pistol_weapon_core_hide_state.h
md5	67336911d29c7cd1012ec9dd508a3d80	vostok/game_core/pistol_weapon_core_idle_state.h
md5	9bf79c0ed09a1959577dfdebcb800a08	vostok/game_core/pistol_weapon_core_reload_state.h
md5	bf8468ccf5862e2b867d362c103fed16	vostok/game_core/pistol_weapon_core_show_state.h
md5	de2f4d37db1660cb322d489671299dae	vostok/game_core/player_actions_subscriber.h
md5	d000136ee2eb3f467ddbc35c90a3959e	vostok/game_core/player_death_subscriber.h
md5	4cb54d3447d3f7c18be0ccd2c255d275	vostok/game_core/player_input.h
md5	fa5804a23448e6ada45467984a931b2a	vostok/game_core/player_input_inline.h
md5	19cbb63feb615534a40fc944041a9bea	vostok/game_core/player_logic_base_state.h
md5	06d4882a964001694f8db596e7472544	vostok/game_core/player_parameters_cook.h
md5	0fe05c965cb59da3eba3460cb34a16bb	vostok/game_core/player_stamina.h
md5	ada45047797e935be6a52f6d4275b7ff	vostok/game_core/player_stamina_subscriber.h
md5	7fe23aeda01c3a09de7842d8a9ddb7df	vostok/game_core/player_state.h
md5	70c971bc748228dd9c9a6845f1e1a9f7	vostok/game_core/player_stealth.h
md5	20ca55a7cbe1b1fb5c6758e179dcef44	vostok/game_core/recoil_calculator.h
md5	63c83466460f2b62afce07bbd2a068d2	vostok/game_core/respawn_point.h
md5	7815f6b3195a25b24199f7c571b1c1ce	vostok/game_core/scheduler.h
md5	871afbcea770b16c2cd9ea894464cd50	vostok/game_core/scheduler_inline.h
md5	aea66e2d643fd2136f992afd3c4a643e	vostok/game_core/server_player_update.h
md5	08919dfde3fab8e1edd13d2cac3a152f	vostok/game_core/sources/affects_threshold.cpp
md5	5bba086f196aba56e4d14b6231a262da	vostok/game_core/sources/animation_additivity_layers_enum.h
md5	739d05180577bef9a874940119fd6884	vostok/game_core/sources/animation_analysis_result.cpp
md5	9c6583a89a1cabc898b192e1d3bdd725	vostok/game_core/sources/animation_analysis_result_cook.cpp
md5	20f99e3254f421868c0134f660996cd5	vostok/game_core/sources/animation_analyzer.cpp
md5	9fa735b118981fd3341975af7de7d3fc	vostok/game_core/sources/artefact_container_core.cpp
md5	bb60cf67556dc1c133e7c5e68019f199	vostok/game_core/sources/artefact_lifebone_core.cpp
md5	61766dfae3bce48a14dca063fdd0d452	vostok/game_core/sources/base_player.cpp
md5	be659fe51b65f70d70eb9d3db59cd358	vostok/game_core/sources/base_project.cpp
md5	d1b6d7bba4c2b1010c465a39fe8795bf	vostok/game_core/sources/body_part_parameters.cpp
md5	543d2c9fdc58f73f2182f098dbcdb175	vostok/game_core/sources/booby_trap_core.cpp
md5	8253d5f8aaa4d1311adb9dd8dcc8a25d	vostok/game_core/sources/booby_trap_core_cook.cpp
md5	ebffbd76ee4cc55ae6dbabbab89239a9	vostok/game_core/sources/booby_trap_set_core.cpp
md5	fdea0a354417b7af9b401f29de901ca2	vostok/game_core/sources/booby_trap_set_core_cook.cpp
md5	44d7eed612779e4c851beb54cbfb909b	vostok/game_core/sources/breath_holding_states_inline.h
md5	47bc2ea289feb71bd3447aa2969a3dc0	vostok/game_core/sources/breath_vibration_calculator.cpp
md5	38249e252003f5d4a038ef83948ffee5	vostok/game_core/sources/bullet.cpp
md5	bbbae71ab024368c028abd30b5f4cc36	vostok/game_core/sources/bullet_manager.cpp
md5	055d90c0181157aeb970b28c8e82952e	vostok/game_core/sources/character_dispersion_calculator.cpp
md5	ebce8d93ad79ec2290306243e35463d7	vostok/game_core/sources/character_dispersion_params.cpp
md5	6018fff12444206d302d8302f98aa93c	vostok/game_core/sources/character_dispersion_skill_influence.cpp
md5	2c19ff34078962eec0f5a25d8530b660	vostok/game_core/sources/character_recoil_calculator.cpp
md5	8b577531f241794899e6c12963b23e85	vostok/game_core/sources/character_recoil_params.cpp
md5	b2207349078cbcdc8da35eb72d929927	vostok/game_core/sources/client_player_update.cpp
md5	8ef32a862e8a7f22d73924e0cda2e61d	vostok/game_core/sources/collision_geometry.cpp
md5	a77c7df32710ee2eb4992144af87d528	vostok/game_core/sources/collision_sensor.cpp
md5	6fa004f5cedf9ed5cd7965e0f297e1fa	vostok/game_core/sources/damage_model.cpp
md5	22704d019b1ee98f2176ccbb1960718c	vostok/game_core/sources/damage_model_cook.cpp
md5	ecf7080bcb68be5f70e9a862239db15b	vostok/game_core/sources/damage_model_cook.h
md5	25633661294127621997e034a45636f9	vostok/game_core/sources/damage_zone_core.cpp
md5	42d15b9b80f02e88fa878d6d0803e160	vostok/game_core/sources/dispersion_calculator.cpp
md5	31cbccc98df56b76b70d6479532e22e4	vostok/game_core/sources/double_barreled_weapon_core_aimed_fire_state.cpp
md5	8ac9af7e4b4908a1f479a8feb81c6129	vostok/game_core/sources/double_barreled_weapon_core_aimed_idle_state.cpp
md5	8e29bd2370a8295875144c4fc0536c8b	vostok/game_core/sources/double_barreled_weapon_core_fire_state.cpp
md5	b6697440afddbe6315f55ee30f829428	vostok/game_core/sources/double_barreled_weapon_core_hide_state.cpp
md5	03ce05de6ac839edefd195fa477cf69f	vostok/game_core/sources/double_barreled_weapon_core_idle_state.cpp
md5	8c9884573a13e6b82f515ce05fc2f99a	vostok/game_core/sources/double_barreled_weapon_core_reload_state.cpp
md5	b4b42306361613dbd4630f54c262cebd	vostok/game_core/sources/double_barreled_weapon_core_show_state.cpp
md5	ba29ab07149c61e72fcd221dae9699f9	vostok/game_core/sources/entry_point.cpp
md5	f4bdfa9ad2a97cef4abf3de00d7698ef	vostok/game_core/sources/game_core_memory.h
md5	03e8e3a1c3bbefe582607173ea021209	vostok/game_core/sources/game_material.cpp
md5	7471ef9dd295e3ce7e89ca80309c6c34	vostok/game_core/sources/game_material_manager.cpp
md5	e46f4f767cd629100f081d6c795707ea	vostok/game_core/sources/game_material_manager_cook.cpp
md5	d850a9cabdc5a749944614dc527fc68b	vostok/game_core/sources/generic_anomaly_core.cpp
md5	b9b92920a706a451880556df4a43c023	vostok/game_core/sources/generic_anomaly_core_construct.cpp
md5	4d03bb8f14dcce1897d46d37aa8bb6a6	vostok/game_core/sources/generic_anomaly_core_events.cpp
md5	02e3fc9369546a7eb7e873d561b2e9bc	vostok/game_core/sources/hand_to_weapon_ik_processor.cpp
md5	8eee133d81396a4753a02545ec67c935	vostok/game_core/sources/hit_initiator.cpp
md5	e8c68439f320478c82579d385aa824e1	vostok/game_core/sources/hit_type_parameters.cpp
md5	7c507cbc736a4d352787a9f6443f4708	vostok/game_core/sources/hittable_object.cpp
md5	b92949ac045a02438b5330d791e3e11f	vostok/game_core/sources/ik_processor.cpp
md5	b5b477d2b5c3ade3950ec827ba14de69	vostok/game_core/sources/inventory.cpp
md5	d7665821336d994d64ceef6bd70ad8e6	vostok/game_core/sources/inventory_cook.cpp
md5	0ff10dadb5ca640114804b678b1a3e97	vostok/game_core/sources/inventory_item.cpp
md5	3638a190c784e1692388d7ba168ae890	vostok/game_core/sources/items_cook.cpp
md5	5b351afeafc464bf9e5238f348378e8b	vostok/game_core/sources/items_dictionary_cook.cpp
md5	5b7e99c09353065eff77848a6140f5df	vostok/game_core/sources/jump_logic.cpp
md5	0f022efbb3bdeaf0e71c6a079e138d03	vostok/game_core/sources/jump_logic.h
md5	5ff69f526e628ef15546e6b2b5cf7fb0	vostok/game_core/sources/jump_logic_base_state.h
md5	09dcb69b0327670d7635792bcd6e6c99	vostok/game_core/sources/jump_logic_state_inactive.cpp
md5	f03d1487957dff7d35550f890ea8fc7a	vostok/game_core/sources/jump_logic_state_inactive.h
md5	48aa2b0135fbcf3f0d715020fd7b87bd	vostok/game_core/sources/jump_logic_state_landing.cpp
md5	3790e0f07b85ff79358d579e721a66ce	vostok/game_core/sources/jump_logic_state_landing.h
md5	fc9ac7081af314c1bb6a0f473bf43b31	vostok/game_core/sources/jump_logic_state_start.cpp
md5	9501022f5c09c6902e1625e700a6bd0b	vostok/game_core/sources/jump_logic_state_start.h
md5	31c94fb96958c1a2a1340751cf3bd2f7	vostok/game_core/sources/ladder.cpp
md5	1c2699cd6e520ec28f42df541d1bdc8b	vostok/game_core/sources/ladder_cook.cpp
md5	1eb6885bec8b3e35de211033075c164e	vostok/game_core/sources/ladder_cook.h
md5	fd89e7d8a602ca757110910a3d575c97	vostok/game_core/sources/legs_ik_drawer.cpp
md5	7cdd938cba23c9f4c70e9b8162ba3b1b	vostok/game_core/sources/legs_ik_processor.cpp
md5	bbd560e08d8a8276e8b3ec4af6b34696	vostok/game_core/sources/material_pair.cpp
md5	749d1b1ccec0e85b2084d3dd40899506	vostok/game_core/sources/medkit.cpp
md5	507941ea3fcfccf809b6e05f2b75445d	vostok/game_core/sources/oxygen_tank.cpp
md5	94f8ee4bfb75304d31cd148d8e2f2c53	vostok/game_core/sources/pch.cpp
md5	da0ac9b06ce40d2196d532daab6d3669	vostok/game_core/sources/pch.h
md5	6cf7b5df564c0623072833450e10cec1	vostok/game_core/sources/pistol_weapon_core_aimed_fire_state.cpp
md5	d8a25bba828c6ff435e67ec50bfdac37	vostok/game_core/sources/pistol_weapon_core_aimed_idle_state.cpp
md5	08ebff1aa05e0d6ffb20a91e1aa67502	vostok/game_core/sources/pistol_weapon_core_fire_state.cpp
md5	1c6d5ae2ebb86a287aca352b1bf8538f	vostok/game_core/sources/pistol_weapon_core_hide_state.cpp
md5	b5712c9537bd0f7d804a5126121c1f7d	vostok/game_core/sources/pistol_weapon_core_idle_state.cpp
md5	fd0845aed26f0eea69067d069e8b8be8	vostok/game_core/sources/pistol_weapon_core_reload_state.cpp
md5	f65fe420a2937304fce0bee5b08103e5	vostok/game_core/sources/pistol_weapon_core_show_state.cpp
md5	cb56ba9ac85f2a75a2dcaf951a2a8c0d	vostok/game_core/sources/player_input.cpp
md5	f31702e5ccdfe89f5cb4cf0d31a56389	vostok/game_core/sources/player_logic_base_state.cpp
md5	4e5b9f60e473c843c955510ae371f27d	vostok/game_core/sources/player_logic_crouch_state.cpp
md5	1ffeebf418b33e28d564e57fb977640c	vostok/game_core/sources/player_logic_crouch_state.h
md5	3f4ea9d778793dc24f56fd432f17d52e	vostok/game_core/sources/player_logic_jump_state.cpp
md5	4992c5ed8b9c1db0e8c869b9c7282f5f	vostok/game_core/sources/player_logic_jump_state.h
md5	df32dc76c16f6756cf28c8a37255acc6	vostok/game_core/sources/player_logic_sprint_state.cpp
md5	41041c9ca3cf7d3ed0ad7058ff26fa4d	vostok/game_core/sources/player_logic_sprint_state.h
md5	3f1ae62aab77e148b56cb971c85f5b40	vostok/game_core/sources/player_logic_stand_state.cpp
md5	bca1ab46839b5881a8173fe3152628ae	vostok/game_core/sources/player_logic_stand_state.h
md5	47fb54dac7c64000656e319bb8880ff5	vostok/game_core/sources/player_parameters_cook.cpp
md5	c95484a1edca8c8d2a32f838e337e6ca	vostok/game_core/sources/player_stamina.cpp
md5	b50899812aa6839fbd8dbe4f63f3e63a	vostok/game_core/sources/player_state.cpp
md5	c229209332c1f665fa829c529467d63c	vostok/game_core/sources/player_stealth.cpp
md5	ccac44e42a874ebb7b8a83aee92200b6	vostok/game_core/sources/recoil_calculator.cpp
md5	f287db8c0bd1919c5fc033262c62d7e3	vostok/game_core/sources/respawn_point.cpp
md5	3dacce5be0cebce9a8af3e4c19f21ee0	vostok/game_core/sources/scheduler.cpp
md5	22d0482aa73f24529c954572221ba178	vostok/game_core/sources/server_player_update.cpp
md5	4189b127f96bac791ad0af064c58de4d	vostok/game_core/sources/usable_object.cpp
md5	23e71a3c5ea07694e3cb99bc790353b8	vostok/game_core/sources/victory_item_core.cpp
md5	7774ee943a80b96f8bc6ad7980b7d846	vostok/game_core/sources/victory_item_core_cook.cpp
md5	441b727ceab08cd095309c8a4b96e567	vostok/game_core/sources/victory_items_container_core.cpp
md5	d83f343c459a5519420c563febde8644	vostok/game_core/sources/weapon_ammunition.cpp
md5	b4778a645a616de0baaf4cbeada31000	vostok/game_core/sources/weapon_ammunition_cook.cpp
md5	7bd481671dfa6a46aa87b75f1ba4cb15	vostok/game_core/sources/weapon_core.cpp
md5	aef631fd15fa9d6c6743c5389c0f05f6	vostok/game_core/sources/weapon_core_aimed_fire_state.cpp
md5	64337f1473ef8866e8d8a3af27c5571d	vostok/game_core/sources/weapon_core_aimed_fire_state_base.cpp
md5	1f50ddf6a70dd7c077710d22b6f8daa5	vostok/game_core/sources/weapon_core_aimed_state.cpp
md5	50c177bd187caff9b7f0911516c8f136	vostok/game_core/sources/weapon_core_aimed_state_base.cpp
md5	7f371b51bdb0b0f1981300a0f953bc62	vostok/game_core/sources/weapon_core_animation_end_aware_state.cpp
md5	a3e2fa28c838a66f948d0973c2532694	vostok/game_core/sources/weapon_core_base_state.cpp
md5	373ce9b4a23fa40b4dbebec9a28fd843	vostok/game_core/sources/weapon_core_chamber_a_round_aimed_state.cpp
md5	adebe16fcfb972cd64ff78f4db856a00	vostok/game_core/sources/weapon_core_chamber_a_round_aimed_state_base.cpp
md5	70ebd26dbc6a318414ba526e86c50e3e	vostok/game_core/sources/weapon_core_chamber_a_round_state.cpp
md5	e631c66d4c00267a8a61b7cef9e34b79	vostok/game_core/sources/weapon_core_chamber_a_round_state_base.cpp
md5	42fb978f481d1533db8cbc10959b31a6	vostok/game_core/sources/weapon_core_cook.cpp
md5	aa9528a4e512432f70aa88d1b029d06b	vostok/game_core/sources/weapon_core_fire_animation_playback_type_inline.h
md5	92d53a2e9e9444c7416bfc73eda45781	vostok/game_core/sources/weapon_core_fire_state.cpp
md5	de0e13e12042f655400cd5085eee1543	vostok/game_core/sources/weapon_core_fire_state_base.cpp
md5	04f731a9effa3fb1a0a4d710dbb888b7	vostok/game_core/sources/weapon_core_hide_state.cpp
md5	1dcd7a4daa0ec505c80b6b786aadc619	vostok/game_core/sources/weapon_core_hide_state_base.cpp
md5	b00ce1fea3106c18918dc0f76f41ccc1	vostok/game_core/sources/weapon_core_idle_state.cpp
md5	7449617457aed449ff7962488e00e66b	vostok/game_core/sources/weapon_core_idle_state_base.cpp
md5	a199823ad67c5a640c24e0f7d3bcd247	vostok/game_core/sources/weapon_core_inactive_state.h
md5	b61af129f86fecd7526727bcfb58e1b6	vostok/game_core/sources/weapon_core_inactive_state_cook.cpp
md5	5a7ce6afa1a0a6a65e70e12891d4c5ae	vostok/game_core/sources/weapon_core_reload_state.cpp
md5	77bcde2fa22dd72e6774812cedc818af	vostok/game_core/sources/weapon_core_reload_state_base.cpp
md5	12ccad0638176c6574340b147ba2a649	vostok/game_core/sources/weapon_core_shotgun_reload_base_substate.cpp
md5	7ee0c3ee5cd803ac31fc366af7246fc9	vostok/game_core/sources/weapon_core_shotgun_reload_finish_substate.cpp
md5	19aafcdbc067e0e7d1edc6655bc35ac3	vostok/game_core/sources/weapon_core_shotgun_reload_one_round_substate.cpp
md5	d654c3d8000af41c0797c3198fe9b0a8	vostok/game_core/sources/weapon_core_shotgun_reload_start_substate.cpp
md5	a4e63521154afd4c5d5bed2b53051767	vostok/game_core/sources/weapon_core_shotgun_reload_state.cpp
md5	80f04d42ca2c9f25fed70aaa1d238b5f	vostok/game_core/sources/weapon_core_shotgun_reload_state_cook.cpp
md5	09c2850bc7688e301521305de31923a6	vostok/game_core/sources/weapon_core_show_state.cpp
md5	7bd976af83bec50dd7aec88743fb1de0	vostok/game_core/sources/weapon_core_show_state_base.cpp
md5	bd74984ee27cb461f82aaaa4f28ce2aa	vostok/game_core/sources/weapon_dispersion_calculator.cpp
md5	eb6392a8fb957fa178c3e0d7b72842c3	vostok/game_core/sources/weapon_dispersion_params.cpp
md5	df024f9c34acf16acdf9ab13569cdb23	vostok/game_core/sources/weapon_lexeme_pair.cpp
md5	3e3c0abd7ef550dd038b2d8c71a22858	vostok/game_core/sources/weapon_recoil_calculator.cpp
md5	9041218809022d10ec8f20de016cbf15	vostok/game_core/sources/weapon_recoil_params.cpp
md5	d40df8fa1dc4a790fe7e72312991003b	vostok/game_core/sources/weapon_state.cpp
md5	f9406d7f26f29aa2fafeb1d925c4863c	vostok/game_core/sources/weapon_time_synchronization_groups.h
md5	5420924109a03b5e78241b7eb610de56	vostok/game_core/sources/weapon_user_animations_container.cpp
md5	f49b8847cdc31eabec92e9970e62d60a	vostok/game_core/sources/weapon_user_animations_container_cook.cpp
md5	29661642b09db086a716f7c5c789a25c	vostok/game_core/sources/weapon_user_animations_selector.cpp
md5	3d5b95dce7559f0c3205d674b9bace8b	vostok/game_core/usable_object.h
md5	f30672ae5199035f0c8b0e2c2461f7bc	vostok/game_core/victory_item_core.h
md5	63367dc1298bc9512e8531942af04de7	vostok/game_core/victory_item_core_cook.h
md5	bf89ec55f47b9ee8a55cebd5541958c8	vostok/game_core/victory_items_container_core.h
md5	17743a9bbac4829072a5e435e4e49241	vostok/game_core/weapon_ammunition.h
md5	2f0b192448698571c23c1aa85b1cdaa7	vostok/game_core/weapon_ammunition_cook.h
md5	070a4de4f4bd3ed04472d273afdf05ef	vostok/game_core/weapon_animations_timescale_inline.h
md5	3dc2d7bf291345f9817e23bd6157d58d	vostok/game_core/weapon_core.h
md5	9bc2d5ec42ed722ec30ecd9db4e36a6e	vostok/game_core/weapon_core_aimed_fire_state.h
md5	35e89a062b1b81318c4dcc6fa8a5a544	vostok/game_core/weapon_core_aimed_fire_state_base.h
md5	b6db96c1284409532748b53a55ea0423	vostok/game_core/weapon_core_aimed_state.h
md5	5151a8788b6afbabbb9f6a6087d2aae5	vostok/game_core/weapon_core_aimed_state_base.h
md5	21033f6ebdc6dbcb41fe5be8c0e2bb2c	vostok/game_core/weapon_core_animation_end_aware_state.h
md5	c5bff7cddaec4a9cbb81f5ebdfd50516	vostok/game_core/weapon_core_base_state.h
md5	e9e09be5bfb8a7db58701aeccf4d3fd6	vostok/game_core/weapon_core_chamber_a_round_aimed_state.h
md5	96c663460c813024862f5da591f93e2f	vostok/game_core/weapon_core_chamber_a_round_aimed_state_base.h
md5	6d7ee10da130c4c6ae3ffaf08cc5a339	vostok/game_core/weapon_core_chamber_a_round_state.h
md5	a94816a01d021e8ae954a536caebe8c4	vostok/game_core/weapon_core_chamber_a_round_state_base.h
md5	eec4e22acb78c87742b02080795a5a50	vostok/game_core/weapon_core_cook.h
md5	db42549d7ad82eaf72dd0604c69e3a88	vostok/game_core/weapon_core_fire_state.h
md5	7c59cf4ec6a7b3f46d21c97ef0196fb6	vostok/game_core/weapon_core_fire_state_base.h
md5	81d248155210d6c865ae90cc6f1d79fc	vostok/game_core/weapon_core_hide_state.h
md5	a6190f3134323a021163bee7314ccb57	vostok/game_core/weapon_core_hide_state_base.h
md5	b039a33de271751ea48ad8c7b0eb4173	vostok/game_core/weapon_core_idle_state.h
md5	ea4db15238aa334508624074c1636ccc	vostok/game_core/weapon_core_idle_state_base.h
md5	b45946576f51cdf8988f5dd2bbe6d90c	vostok/game_core/weapon_core_inactive_state_cook.h
md5	448379599d0565638f689550a64c6242	vostok/game_core/weapon_core_reload_state.h
md5	b82da725372c3242748ae70b7ae47b72	vostok/game_core/weapon_core_reload_state_base.h
md5	b97dd9ea36c4825d6508468ee4035d9f	vostok/game_core/weapon_core_shotgun_reload_base_substate.h
md5	f47d4fcb6827b81cbd26fa5ffadce706	vostok/game_core/weapon_core_shotgun_reload_finish_substate.h
md5	82fbdfef05956a99bb2e133860d6e45c	vostok/game_core/weapon_core_shotgun_reload_one_round_substate.h
md5	9044ee05ab3a92c3c16f8fc34e5e0b2e	vostok/game_core/weapon_core_shotgun_reload_start_substate.h
md5	ac5fffc99a87d86f13548cf8b1396cca	vostok/game_core/weapon_core_shotgun_reload_state.h
md5	4028554def3a5032c8ed3d707da8b388	vostok/game_core/weapon_core_shotgun_reload_state_cook.h
md5	015c871dc77d0bd93e1dcfc74ad049b8	vostok/game_core/weapon_core_show_state.h
md5	56fc246d5394448e8525a3e484dd186b	vostok/game_core/weapon_core_show_state_base.h
md5	0737821c3fde3df380de0efe130577c6	vostok/game_core/weapon_core_state_cook_template.h
md5	2ac31c89135d639e12ec1dde42b434dd	vostok/game_core/weapon_core_state_cook_template_inline.h
md5	ae1c8c1387ee160f8e18ffc3bbe7ab30	vostok/game_core/weapon_dispersion_calculator.h
md5	5f81fc8b24e9e4bf60a0535541a3105d	vostok/game_core/weapon_dispersion_params.h
md5	73028b2f343933b73cc71b8553d1b79c	vostok/game_core/weapon_lexeme_pair.h
md5	d21c5ad739e2aa76a2528266306dcf11	vostok/game_core/weapon_recoil_calculator.h
md5	1d1a9035eb4370d5b64b9b90168efcd1	vostok/game_core/weapon_recoil_params.h
md5	2573dc70b2a20a891c40c609191f93f3	vostok/game_core/weapon_state.h
md5	ad02ff3b2e2ca00c4a6351e53523e727	vostok/game_core/weapon_user_animations_container.h
md5	aed9d26e0eba5f8bcc29371006967221	vostok/game_core/weapon_user_animations_container_cook.h
md5	a0bf667fdd450892ef9900639b25b173	vostok/game_core/weapon_user_animations_container_impl.h
md5	24403d49c574320d5e93298a17639bff	vostok/game_core/weapon_user_animations_container_inline.h
md5	daf3909bab76c4d26da183987157c3a7	vostok/game_core/weapon_user_animations_selector.h
md5	83ca2f29d0576bdd5a113b53ffc5cdc8	vostok/game_test_suite.h
md5	6005c7792f8390b7424e9312fa89adcb	vostok/geometry_primitives.h
md5	43e5f6ff4e002768a41384ebca42f09a	vostok/hash_multiset.h
md5	78b8d30322c687a80460e5cd0646fbb5	vostok/hash_multiset_inline.h
md5	b8c1e0e959ba138a18fba740fd455e35	vostok/input/api.h
md5	c2477b00fbbabc208ec4ac9395a1cc51	vostok/input/engine.h
md5	8b12748854fedd96993fc4db8ef67b48	vostok/input/gamepad.h
md5	21dac44d80cd17f3d8932858e39bc9f4	vostok/input/handler.h
md5	a98273c17b599eb029373afbf3907428	vostok/input/keyboard.h
md5	4c39d2c37a5423e0565175e2e94b7c43	vostok/input/library_linkage.h
md5	6a6fb7db5c659e6584de2c6e61e02193	vostok/input/mouse.h
md5	406692a35622b9fdbc357cb3aac6934e	vostok/input/sources/direct_input_include.h
md5	b7dcb99fc07fff42e702d886d1838d04	vostok/input/sources/input_entry_point.cpp
md5	cb25eda6f1cb74eb26a0fa3e182c1d94	vostok/input/sources/input_memory.h
md5	5540ce27e90ee806f17ad9772eaf22f5	vostok/input/sources/input_world.cpp
md5	147c7ed00411ea4c52c4be2f9ea7ca77	vostok/input/sources/input_world.h
md5	b45371c5245e8f8162bdc9e08244fa55	vostok/input/sources/input_world_win.cpp
md5	702c332eeb9301ec4c650b9eafbff19c	vostok/input/sources/pch.cpp
md5	8f6e176cf98798160a3b27679ce9d28d	vostok/input/sources/pch.h
md5	2c809bf6aae5a9c46a7d17352e6cfc50	vostok/input/sources/receiver_gamepad.h
md5	decc9829c5cae9df646532df91b42e5a	vostok/input/sources/receiver_gamepad_win_xbox360.cpp
md5	d9d63bf59ca836cc0886fad77fc86f64	vostok/input/sources/receiver_keyboard.cpp
md5	844937e4114504d64a0cbd5350e163dc	vostok/input/sources/receiver_keyboard.h
md5	9c60ddeb0f75dea2aea52f53b3c87261	vostok/input/sources/receiver_keyboard_win.cpp
md5	87784de7bbbd109972b5bd821c217b5c	vostok/input/sources/receiver_mouse.cpp
md5	0e9edd8dd950e2d1966a89cf0c8b3f80	vostok/input/sources/receiver_mouse.h
md5	5dfbe275dbb08bfd2a4f2a35710163ee	vostok/input/sources/receiver_mouse_win.cpp
md5	d616e11597b226002cb36ae82baf09ed	vostok/input/world.h
md5	f31bdc33baa9e6b7cfd2b30f5462d710	vostok/intrusive_base.h
md5	5a68eaa478090111e4db8a4232197356	vostok/intrusive_base_inline.h
md5	68bd92042a9255f14e56e1316ea8e3cc	vostok/intrusive_double_linked_list.h
md5	2de21ef121cd64b6d5535977971ee031	vostok/intrusive_double_linked_list_inline.h
md5	4d3fc37e10d609c8608ed57aee9cd5d4	vostok/intrusive_list.h
md5	748c6e205a8c741fc3aad884df41bf33	vostok/intrusive_list_inline.h
md5	4717597982aa2178c23441cab07c6b7c	vostok/intrusive_mpmc_stack.h
md5	bb5f86ac8cc76b796a1910d687e1d86e	vostok/intrusive_mpmc_stack_inline.h
md5	23a0f273e28500b0523d10c3e5cb6df0	vostok/intrusive_mpsc_queue.h
md5	880ed25461d30162ee95da719cc0b843	vostok/intrusive_mpsc_queue_inline.h
md5	13dfd5db5acadebbaebef4ca61beb049	vostok/intrusive_ptr.h
md5	c0971a615cb1bd2f1680393aa88b0394	vostok/intrusive_ptr_inline.h
md5	5b53bec2d7f9822d39d810d4e3a1d4cf	vostok/intrusive_queue.h
md5	cb71355431a5f642f13f8f86cc5d71bc	vostok/intrusive_queue_inline.h
md5	01ff6844746ced3a4fb7fc130581e50a	vostok/intrusive_spsc_queue.h
md5	e3d9e67993946c281cae26b855d7a587	vostok/intrusive_spsc_queue_inline.h
md5	4336faf04d1bbc26b9fb2b10be7df3af	vostok/limited_intrusive_list.h
md5	1ceac88dee023bce577c1743eb8aa9b6	vostok/limited_intrusive_list_inline.h
md5	9e97b41b963101940a08a7b3d1e82c7e	vostok/linkage_helper.h
md5	ab86327d3c01689ffb450077d0bc8a69	vostok/list.h
md5	851f46b52135db8dc02e7898a7e97648	vostok/logging/api.h
md5	62d6dbdf1922bdd38e5303f323bef0be	vostok/logging/format.h
md5	d4f2ef9ae2d54836829583c3eacb8853	vostok/logging/format_specifier.h
md5	4f3d22c8f7d64d63f8902c48e586c725	vostok/logging/library_linkage.h
md5	0efa41a41833464cde44c26ebb7b8624	vostok/logging/log_file.h
md5	59bb87fc728f7a149b4a31dfc5a7470f	vostok/logging/logging_filters_console_command.h
md5	11881031d8abf80d26c0574346d934d7	vostok/logging/noncopyable.h
md5	b1a42dc96aecb5be27d19f2fb4ec6f25	vostok/logging/sources/filter.h
md5	8db598317abebf876012e148475dc9a4	vostok/logging/sources/filter_tree.cpp
md5	76b21eb42746f6c2061f3691ad5dfb8d	vostok/logging/sources/filter_tree_node.cpp
md5	c148dfefb6ceee13eff1cc1510cc2a1e	vostok/logging/sources/filter_tree_node.h
md5	93a178fe258d7de9345bf8b13cb075ea	vostok/logging/sources/filter_tree_node_base.h
md5	68412cc64623cd81988ab4b378410ae6	vostok/logging/sources/format_specifier.cpp
md5	cff55fa2d33a3a782812675c790bb9ba	vostok/logging/sources/log_file.cpp
md5	b9b29dc4f3b2f863b012fe6c5267ee06	vostok/logging/sources/logger.cpp
md5	79f3dbd7ff7f05f69371a2bd1e40c8fe	vostok/logging/sources/logger_win_xbox360.cpp
md5	63752a21a6260548c57b1a093a403e0d	vostok/logging/sources/logging_filters_console_command.cpp
md5	cf9ddf80c6b128cc3a341097f782194f	vostok/logging/sources/path_parts.cpp
md5	cac1dc6760b1e457e825f7b4631da8f6	vostok/logging/sources/path_parts.h
md5	87f390e6db17b9f83600d3945148290b	vostok/logging/sources/pch.cpp
md5	afd12a5925de3a10dea828af880e4e30	vostok/logging/sources/pch.h
md5	becc69082f5d51e69d2e65b7d73e44ae	vostok/logging_extensions.h
md5	93227646480a7829b6b96aed1331aee9	vostok/login_server/constants.h
md5	3e5f495fb1d172fc71d02b8f7d5cafd3	vostok/login_server/login_structures.h
md5	0aa611a73b70493f04c8a205d7012b49	vostok/loose_ptr.h
md5	09b1edfc80560cd342bda9e017c82905	vostok/loose_ptr_base.h
md5	e0603d74a00b721f31eef8ba7bda57f3	vostok/loose_ptr_base_inline.h
md5	d0c8c1af69191c870b433b93f36355bf	vostok/loose_ptr_data.h
md5	14ed06e4cc4fdd72add49aee4def57a0	vostok/loose_ptr_data_inline.h
md5	2367175a12f60771c27db10f8e6a73a7	vostok/macro_building.h
md5	8b5b94759a113499028f591e28c6c18c	vostok/macro_compile_assert.h
md5	72aa98f28402d14918f3a4e26ce7c59c	vostok/macro_compiler.h
md5	c1e182609ee6dec13e484af0fe5b3a0c	vostok/macro_extensions.h
md5	830927e00279767a568ce6f249f23d64	vostok/macro_library_name.h
md5	988051229890ccacff939d781790f169	vostok/macro_platform.h
md5	f64c0da23d255aa7fd2f634dd082dc06	vostok/macro_strings.h
md5	4d9cd2c0f5eb87bced381d0b56bdcf51	vostok/macro_todo.h
md5	18a77d74c83430859d5e55266903beb1	vostok/macro_unreferenced_parameter.h
md5	825719a0817055ec2eaf6ef497632661	vostok/managed_allocator.h
md5	6498ce790c40630b2bb010f739be9cae	vostok/managed_allocator_base.h
md5	c6bc77b6e68c99593087643dc9f4cf33	vostok/managed_node_owner.h
md5	5d926addc86eee1008e73b46742df180	vostok/map.h
md5	82594e3771c750f87a2d90cb76584fbe	vostok/map_inline.h
md5	e1ae9c68775aa96ec72e163810ad7d90	vostok/math_aabb.h
md5	2da5f4fc1b897c8ec5a487871fb5967a	vostok/math_aabb_inline.h
md5	02e438122392fbb77be56d51cd1d1efa	vostok/math_aabb_plane.h
md5	f550d844c9bd8f17e0792a485a9cda1d	vostok/math_color.h
md5	a323ca64cd439481fbf2ad02f79e5bbf	vostok/math_constants.h
md5	256f19f5ac5cb0d4bdd1d6b8ece3ac72	vostok/math_convex.h
md5	43e0e01f12616f3b57c6a625fca81f41	vostok/math_cuboid.h
md5	889338511017e26fc7570bacc2833057	vostok/math_curve.h
md5	29a075cf35a7a80b26264b2d324055ff	vostok/math_curve_inline.h
md5	a1c2fa73478cd88a7e131379551dec14	vostok/math_extensions.h
md5	30abe940fa8c5515daa9f9cf545a1e6e	vostok/math_float2.h
md5	d80caee927a01bcc72fa7ab40b300d23	vostok/math_float2_inline.h
md5	e426878954b5151dc97e365a0bcfd1ab	vostok/math_float3.h
md5	ced5a0f1a5c6c96c2aaecde1dc52d77d	vostok/math_float3_inline.h
md5	cb4b6e87a276d7cf7d1a69f575aedafa	vostok/math_float4.h
md5	eb7a10d03e0dc8672a6ca744205466fe	vostok/math_float4_inline.h
md5	666058af799bc3e8472e08d90cb80f40	vostok/math_float4x4.h
md5	dc285532e4679a2cca621538cc0db0bc	vostok/math_float4x4_inline.h
md5	558bd9e9f361cda17179f277cbc6f740	vostok/math_frustum.h
md5	56b399e447889c43449a34e9f435c222	vostok/math_functions.h
md5	0adcfb3aa547b30c36d22edf4a1ab444	vostok/math_functions_inline.h
md5	837144222e6d6c920a340f0a03950629	vostok/math_half.h
md5	f7daaa70610f03544123570a1bf71f06	vostok/math_half_inline.h
md5	067c44982ab31cb8659e3d7ea2f86a67	vostok/math_int2.h
md5	1004e6361ed978882d45d0a4f8e021c1	vostok/math_int2_inline.h
md5	dfca17ac7b0a5fa22183e64f6bb89b94	vostok/math_permutations.h
md5	37dd7688f17b824bdd10cebb72138c0a	vostok/math_plane.h
md5	492b8ce1258752d15c50c39f5c729b34	vostok/math_plane_inline.h
md5	b9ee9fe1e4a591653ba84426b93bc179	vostok/math_quaternion.h
md5	91f56d10e41419b78f0f9e70af276a2d	vostok/math_quaternion_inline.h
md5	cb2f460ebaef1b841fbda84f5ba37395	vostok/math_randoms_generator.h
md5	a03939dbe40733365534556f6892f981	vostok/math_randoms_table.h
md5	b8ed873282bb53edd1749a27ab8e88c6	vostok/math_randoms_table_inline.h
md5	faccc6f85a87bd6ac669e93b1a9464e6	vostok/math_rectangle.h
md5	9fdd25ee96d7972634e2d92aff2dddba	vostok/math_rectangle_inline.h
md5	c4a76889b9af378e58229cfe8da3a330	vostok/math_sphere.h
md5	301de1e00c9f060a07b5c3f2d589a335	vostok/math_sphere_inline.h
md5	2dd7d70d1bd5215f0b969575b9e58f07	vostok/math_uint2.h
md5	c978daac79b0435a7e3a9a7a86329cc6	vostok/math_uint2_inline.h
md5	526fe371b8da12c03f1e0e6cf115c008	vostok/maya_animation/api.h
md5	fd0da54ea7bc1010279953141c26aab4	vostok/memory_allocated_buffer.h
md5	a62b53330ab49b122f220ce91701b79f	vostok/memory_allocator_helper.h
md5	661b00cb6a45d708d350fdfc040bd5ad	vostok/memory_allocator_helper_inline.h
md5	027a420dbe3e58f90778898bad6a6846	vostok/memory_array_chunk_reader.h
md5	ea3fcd98909d88e78446a5f9371d76d1	vostok/memory_array_chunk_reader_inline.h
md5	ce43f560520aa76be2a8da9c58f44e93	vostok/memory_associative_chunk_reader.h
md5	b8c9a36e88b123c2d0dceec236ae5e8b	vostok/memory_associative_chunk_reader_inline.h
md5	0bf2a6ac4e323909c83735322477803d	vostok/memory_base_allocator.h
md5	6cd3a1012b08398f43020ba4372499bb	vostok/memory_buffer.h
md5	f854a356ed1d955952ef0e63e0305db0	vostok/memory_buffer_inline.h
md5	4c79a05c74079964ad347e6f558b64ca	vostok/memory_chunk_reader.h
md5	55caca0363d27c5c3c46d790afcae91f	vostok/memory_crt_allocator.h
md5	9d25c8bdcb4ee16f2e4d7d32575f2205	vostok/memory_debug.h
md5	614b684386fcc146bdbf2429b181765a	vostok/memory_debug_allocator.h
md5	1bf998f8f04ad75994ecc3f2bb300a77	vostok/memory_debug_parameters.h
md5	c91558abe63b01cc3a82507fcbd2aaf3	vostok/memory_doug_lea_allocator.h
md5	1286d7eb2548547cad96d49f27feffba	vostok/memory_doug_lea_mt_allocator.h
md5	2386f5df29b37002087f07a9dd887982	vostok/memory_extensions.h
md5	ac3ec28b644e966c37e4c21c43495686	vostok/memory_fixed_size_allocator.h
md5	2d90818d449387d8512937f75bc499f7	vostok/memory_fixed_size_allocator_inline.h
md5	2b881dfbe46ddb699eaa41f3c2dbd04e	vostok/memory_macros.h
md5	875d5b651ff5338b616ef17176f5b56b	vostok/memory_multi_threading_single_size_allocator_policy.h
md5	34dc824af2660a9a02b91149709e8fc3	vostok/memory_multi_threading_single_size_allocator_policy_inline.h
md5	0bf282d1ce6b034bd4f69a17c38ff01a	vostok/memory_override_operators.h
md5	2152e4630560674be4cc6b35aed48699	vostok/memory_pthreads3_allocator.h
md5	e098439a6a33c0a2d1668ab70ac244f5	vostok/memory_reader.h
md5	6113f3f59d80d498ed65e327b3521fc5	vostok/memory_reader_inline.h
md5	c59422c77a442f52fd62620177700f85	vostok/memory_reader_wrapper.h
md5	476874ab2846a2009f96df02ee68897f	vostok/memory_reader_wrapper_inline.h
md5	f0775fb11df2b689ddcf8dc0fc7a08f6	vostok/memory_sequential_chunk_reader.h
md5	62fb5089451a7fb8f55beff8628480b1	vostok/memory_sequential_chunk_reader_inline.h
md5	b35a0c844ec8e2aa1d4af3dc9c2d25b9	vostok/memory_single_size_buffer_allocator.h
md5	7aa6612a9985ae53940f41f713c3eba2	vostok/memory_single_size_buffer_allocator_inline.h
md5	a7a752d45e6a45f8e4ead7a3671e7b23	vostok/memory_single_threading_single_size_allocator_policy.h
md5	5bcb4f89e16e1a6a27bdc7cf95721b56	vostok/memory_single_threading_single_size_allocator_policy_inline.h
md5	4a21f86315fbd225f60c09fbcf87ef61	vostok/memory_stack_allocator.h
md5	50a39d92d0eb2d07d045676d3c0b57d9	vostok/memory_stream.h
md5	4f841afe5a6d300eeff587ff11699739	vostok/memory_stream_inline.h
md5	b52fb5834bc766870bfb4268ca6878a9	vostok/memory_writer.h
md5	5b6b6f131e4c8eb4d6b64118510b9472	vostok/memory_writer_inline.h
md5	ebd36ef02043ec91d3c82b21fffe8c4f	vostok/multimap.h
md5	04791dbfe02d4a515d2e19002ff4dca8	vostok/multimap_inline.h
md5	20b9b9c427f6423e42460e46b7857dbc	vostok/multiset.h
md5	1f95526555061a07817ce473a138548f	vostok/multiset_inline.h
md5	6c15f8cde21f2806017866b9ca8fe666	vostok/network/api.h
md5	cfea48e482312baaa4874b22dc9030ea	vostok/network/connection_info.h
md5	63c4f41c906d162ba837165a0e32e8f2	vostok/network/engine.h
md5	81846f9d4aa88ef34f60b7579db47921	vostok/network/http_client.h
md5	653d67dd53380bbb738e8a6fc99ce02a	vostok/network/library_linkage.h
md5	d620271c46b2a893e2197fd24ac4b3a6	vostok/network/lobby_options.h
md5	64d4b1a7dcebcd45fb0049f42878f114	vostok/network/login_client.h
md5	af931506adaafdd9522dc06bdefdf53d	vostok/network/login_options.h
md5	c00bb57ed7913282718b454128096570	vostok/network/match_client.h
md5	2dccf687ba40f726739321e99f44ff57	vostok/network/message_types.h
md5	8a5a90f6b712b2feb682e3ff43d4bfaf	vostok/network/messaging_client.h
md5	be981b4ab5bc10c0fe33e52c714fc06f	vostok/network/sources/connect_order.h
md5	c12b6115a180ef0cea584bde27c05f2f	vostok/network/sources/enqueue_order.h
md5	56ca6f37a9329cf92f2ce5fdb031cddc	vostok/network/sources/functor_order.h
md5	8e2dfbe0dbc0d1619911fa71db84d839	vostok/network/sources/functor_response.h
md5	73be286e650a526f49d0b94083153030	vostok/network/sources/http_client.cpp
md5	bc0ac03fc376eaf43d4103c9aee51460	vostok/network/sources/login_client.cpp
md5	4b97961cac8c9758544544bd904aee5b	vostok/network/sources/login_client_impl.cpp
md5	b2f00e149ba2e6133001d6ae4ed1df3f	vostok/network/sources/login_client_impl.h
md5	672a55605be4f22d713c8e31d72deb6e	vostok/network/sources/login_client_impl_connect.cpp
md5	ad02b79531aba4751e2c29a5fd43d087	vostok/network/sources/login_client_impl_handshake.cpp
md5	b4cdd43f629e5460410dabb38e40a88f	vostok/network/sources/login_client_impl_ping.cpp
md5	acd2402c6c014edef18df4877102d891	vostok/network/sources/login_client_impl_resolve.cpp
md5	5edac2252e4d3b6ec4d348dba1177ce2	vostok/network/sources/login_client_impl_sign_in.cpp
md5	64cee8d2936dfad6a41388c05ddd4915	vostok/network/sources/login_client_impl_sign_out.cpp
md5	49d665f7b0827bb790ec5fec21417207	vostok/network/sources/login_client_impl_sign_up.cpp
md5	c8e887f877c259dd44821c009f812fd1	vostok/network/sources/match_client.cpp
md5	a904ff1a439cf87ece6816f4ea02ced3	vostok/network/sources/match_client_impl.cpp
md5	e98d368eae1d99def6ab20cf81e801d6	vostok/network/sources/match_client_impl.h
md5	ced9e3de44dd0116b5c9457bca83dfc3	vostok/network/sources/network_entry_point.cpp
md5	156b3cd70bce8d7eb2978b980c6bac06	vostok/network/sources/network_memory.h
md5	09f44c09decf950b3db59afdaa586800	vostok/network/sources/network_world.cpp
md5	10fae234711d29ee7c26b1694464913b	vostok/network/sources/network_world.h
md5	7f703f49c8cfbba27d88a61fb80df3c5	vostok/network/sources/order.h
md5	013a94ccd99d68bd82e5bad146a06e32	vostok/network/sources/pch.cpp
md5	c3aa90d3e97b9f0aef6f77c214d4f323	vostok/network/sources/pch.h
md5	2a19434d2bde8bec075469a60dd6c928	vostok/network/sources/receive_response.h
md5	34adf6501aa88fda8f4439add5673aa8	vostok/network/sources/receive_udp_response.h
md5	ace73e385766c1066a70b86a5b0c4ca5	vostok/network/sources/response.h
md5	04f6c59c55ff030b5bdabce53086c739	vostok/network/sources/send_order.h
md5	c448b71931d344d5506f7f3dc9d9683b	vostok/network/sources/send_queued_order.h
md5	1095ccd69abddce05eae067cbcf06416	vostok/network/sources/string_order.h
md5	6385e90cad3889ed9a0aa04935fa6acf	vostok/network/sources/string_response.h
md5	b4ea03424390940bee9e3c4118eb4c12	vostok/network/sources/tcp_packet_client.cpp
md5	939bf680bfa325c1ddfd9415831f3529	vostok/network/sources/two_way_threads_channel.h
md5	a500b3026b4f010aaf0960fced1261e6	vostok/network/tcp_packet_client.h
md5	1c5d486547c6605b4fc4fd37ba168cdc	vostok/network/world.h
md5	ba32b516933d87f1d5fa9744bb6f20e9	vostok/network_core/api.h
md5	e28d00d0fe336a285a35649177a51c84	vostok/network_core/async_connector.h
md5	fabbf4cef1490bad5a39cb3b0b117450	vostok/network_core/base_packet.h
md5	b7d324cb5e417039d47e1c1dfd688967	vostok/network_core/client_error_codes.h
md5	52e704f121a2b27cd18b221f9139de22	vostok/network_core/handler_allocator.h
md5	e5903d30037f8319c9bcb8a1e67e1bc0	vostok/network_core/http_client.h
md5	6c3837b031b36ea20a4979cd81444a4b	vostok/network_core/library_linkage.h
md5	cd075ac70de5c7d654722ef5a7e4e216	vostok/network_core/logging.h
md5	39ecce53476951692c783b3e61a73314	vostok/network_core/packet.h
md5	91afc96ef0aa965d508814711fbdb39c	vostok/network_core/packet_inline.h
md5	ef00cb86575c9d0e634ab4f1c301422a	vostok/network_core/packet_reader.h
md5	81562925dce74a189a6f4ab0657df46a	vostok/network_core/packet_reader_inline.h
md5	42b0b7a781017aba86d1adc53c357621	vostok/network_core/sequence_number.h
md5	762181454b6f096e8ec00bd3130af144	vostok/network_core/sequence_number_inline.h
md5	e40e355de8046e7c39bcebcb803213c7	vostok/network_core/sources/async_connector.cpp
md5	cd3e1777b8dce86c956ef83d12dff30f	vostok/network_core/sources/http_client.cpp
md5	5dfc4bbda8e7760f8c6c47d90821cd5d	vostok/network_core/sources/network_core_entry_point.cpp
md5	9e0e36333f504e844d16d8cf00bbe695	vostok/network_core/sources/network_core_memory.h
md5	c28cb612706b28a7a4cf3e880ab17599	vostok/network_core/sources/pch.cpp
md5	e202c37fdee8d34df3cafb4a8d0a40f1	vostok/network_core/sources/pch.h
md5	7ee1b4dd701a188bf0737320df02f20c	vostok/network_core/sources/tcp_packet.cpp
md5	7ef4735320e8d8971841618758e07fc5	vostok/network_core/sources/tcp_packet_client.cpp
md5	7465c742e2d2ec15656d5ba54bd5e318	vostok/network_core/sources/udp_match_client.cpp
md5	c5a5fd7e5fa4a291b76ef72f29a67ad4	vostok/network_core/sources/udp_match_connection.cpp
md5	59470eeba758b8b25f8c69897148ce4a	vostok/network_core/sources/udp_network_flow_emulator.cpp
md5	f3dfaa69d84b919e88b78edc2fc5d9c8	vostok/network_core/tcp_packet.h
md5	8c2f448e9f1f3e22f4d69cf4390a847d	vostok/network_core/tcp_packet_client.h
md5	2e5054d9219a9e1609037581506851d5	vostok/network_core/tcp_packet_inline.h
md5	ea81bcb9e63fcb6f4869cbca6f9e4cf5	vostok/network_core/tcp_packet_socket.h
md5	e647a9b7526037a51f8c200cd226efad	vostok/network_core/tcp_packet_socket_inline.h
md5	7cd2629121b991e5b08865ed77e7bac6	vostok/network_core/udp_match_client.h
md5	fc1f8a949a815ff6e9f5aa5c51c8f408	vostok/network_core/udp_match_client_session.h
md5	0fd8cbccfc8ac4c7167262a22621150c	vostok/network_core/udp_match_connection.h
md5	1354896a03b70c8591ba71d4149d774d	vostok/network_core/udp_match_connection_inline.h
md5	5cd91f3c9314785882a5f1fd44f20772	vostok/network_core/udp_match_packet.h
md5	5df6d0b9627034a3d8f4331b2878720f	vostok/network_core/udp_match_packets_allocator.h
md5	0d87d1a7ebb4d250bf9f6264b6d3a01e	vostok/network_core/udp_match_packets_orderer.h
md5	0e9127199289e1ad0f235807e7de463f	vostok/network_core/udp_match_server.h
md5	61615543e006b5e17a65a3c2a1e7f764	vostok/network_core/udp_match_stats.h
md5	13ac9f419d1e6b0403424e79c156a98e	vostok/network_core/udp_network_flow_emulator.h
md5	1e5e71c73ef48be70559a49326f67380	vostok/network_core/udp_network_flow_emulator_options.h
md5	3a337c29229f91d923e313acf77e1c47	vostok/network_core/utils.h
md5	56f11ddc91c0a9ee024daa66927c0d0a	vostok/non_null_ptr.h
md5	b90ca28071088e64ced72e7612caa5c3	vostok/one_way_threads_channel.h
md5	a17926b14de8bc2523b4f251468ea633	vostok/one_way_threads_channel_inline.h
md5	23da6e01c3d8ec77ce04ba287d0642ad	vostok/one_way_threads_channel_with_response.h
md5	48793d5432350a5c6aca2587c05c7f41	vostok/one_way_threads_channel_with_response_inline.h
md5	ea78fe23771c88ad6eb9d4dd909b228b	vostok/optimization_extensions.h
md5	9c5d304f75ee8fdd3ea16f28f5be0cb3	vostok/os_extensions.h
md5	f03455d760b44120f96a9e9373a042c7	vostok/os_functions.h
md5	6df6f1cf744a4e9c2e6edd550c445871	vostok/os_include.h
md5	35c323f699af9cfc303b58345c21fbbe	vostok/os_preinclude.h
md5	2387dedb8c672fbc7e04ad047f1787cb	vostok/particle/api.h
md5	092aa0dee3e28b8eb23a666b69aa3a08	vostok/particle/base_particle.h
md5	720c90cc2ad551479940fb3aa2310e86	vostok/particle/base_particle_inline.h
md5	f57d7bdb857b6d8a9a4daa0399629184	vostok/particle/engine.h
md5	bfddaccd4862d1dd121f452fa7db0c97	vostok/particle/particle_data_type.h
md5	a9123886ea74191f237643069481372e	vostok/particle/render_particle_emitter_instance.h
md5	5d963298a53497cde3934d85b1da6a1d	vostok/particle/sources/color_matrix.h
md5	bc97a6e594b9269f199d5745f8420a31	vostok/particle/sources/color_matrix_inline.h
md5	45d4bbb65b95a69ed55b7d8afb2dd8d7	vostok/particle/sources/curve_line.cpp
md5	2173224d53769c31894a6fd98c311eab	vostok/particle/sources/curve_line.h
md5	e20fa9a1d69d819cf0e740e0d10f9a71	vostok/particle/sources/curve_line_inline.h
md5	1d5b25febd3e8ce71c65a93a6424e600	vostok/particle/sources/evaluate_type.cpp
md5	53fabd9b52f088587dbd26763f4c9db8	vostok/particle/sources/evaluate_type.h
md5	38cea2f83ac3311c587f1aedbc1d62a9	vostok/particle/sources/help_functions.cpp
md5	772120ce8fbd4e2f8841cd5f4c592b20	vostok/particle/sources/help_functions.h
md5	7cc2e4f42bdf601986fb47921735e54b	vostok/particle/sources/particle_actions.cpp
md5	91c0c76e2cc3faed3178089467b5584c	vostok/particle/sources/particle_actions.h
md5	68ed05b6e989fd3f19df42816af7bbd9	vostok/particle/sources/particle_beam_emitter_instance.cpp
md5	c0b9c460e82cc02e6ce69d24713678de	vostok/particle/sources/particle_beam_emitter_instance.h
md5	cb81e9fb3b2eb50524f6627e0e6bebf0	vostok/particle/sources/particle_domains.cpp
md5	4d0e4319e2ca8154bdf57e4afe7bf883	vostok/particle/sources/particle_domains.h
md5	5cf93cb46f92903b2fb2d4c91d58a146	vostok/particle/sources/particle_emitter.cpp
md5	b427f9a40b36c4c16474e223dca527f4	vostok/particle/sources/particle_emitter.h
md5	ce995455f85e2af9e30156b147ed6c01	vostok/particle/sources/particle_emitter_inline.h
md5	3283e6a5c2739b03353c86db6cf4f3cf	vostok/particle/sources/particle_emitter_instance.cpp
md5	6bdbcb0fb3f4acaa88b99a3d676880c3	vostok/particle/sources/particle_emitter_instance.h
md5	c9a22f597b5e208d5e9d0b72fe1699bb	vostok/particle/sources/particle_entity_types.h
md5	f7833ff1cd38c79e77eb3fa71f03ce13	vostok/particle/sources/particle_entry_point.cpp
md5	1df44efbfbd68d6dc0b1a98374053986	vostok/particle/sources/particle_system.cpp
md5	812ac1489c4964cca84c648e344e95fe	vostok/particle/sources/particle_system.h
md5	a0de72afc97f8f5619ec03a95ec12d8f	vostok/particle/sources/particle_system_cook.h
md5	63356a008f5ed76b0645d8f28238932d	vostok/particle/sources/particle_system_inline.h
md5	a232af89ed9a2acb68b20add8d7458f6	vostok/particle/sources/particle_system_instance.cpp
md5	2ebc4d6d1e84dcc77e1b9aa37ba6ba22	vostok/particle/sources/particle_system_instance.h
md5	998984551bd9daaa6dc362aad9a28d40	vostok/particle/sources/particle_system_instance_cook.cpp
md5	5b915360adf4c3b4d8ad5682adc3cacb	vostok/particle/sources/particle_system_instance_cook.h
md5	bb088fd7cc0c34fd5ad64c8b5c0158ed	vostok/particle/sources/particle_system_instance_impl.cpp
md5	3a69c20487063f725133f3d6ee111222	vostok/particle/sources/particle_system_instance_impl.h
md5	c33c2b827e3732b9bc5e8c035850c551	vostok/particle/sources/particle_system_wrapper_cook.cpp
md5	7456fc0021bfd4bbba24517b2e262e95	vostok/particle/sources/particle_system_wrapper_cook.h
md5	67a6c7995bddf46a0771ea8017c2d161	vostok/particle/sources/particle_world.cpp
md5	605cf90dd490919f68ed3af402214e84	vostok/particle/sources/particle_world.h
md5	8a6711a7270f5fbb0714cbb09686480e	vostok/particle/sources/particle_world_cooker.cpp
md5	739bc660195a5ea31669dadc8835aeb7	vostok/particle/sources/particle_world_cooker.h
md5	a69a1e5e6c459cbb9399924d05749824	vostok/particle/sources/pch.cpp
md5	c4919e8d6c9e61e59240c5cce1dad23f	vostok/particle/sources/pch.h
md5	e35d3a89ebafe7f5065d9be3fdd9dcc9	vostok/particle/world.h
md5	1f814defbf04a6f193c8eae35a69ad01	vostok/physics/animated_rigid_body.h
md5	fe0e1bfad921427077aa8f22e2bb432b	vostok/physics/api.h
md5	e3e50aa9acd1e44a251d40bec0f0af53	vostok/physics/base_physics_object.h
md5	2462b59388dc8bd7ea6b15656da73066	vostok/physics/bullet_utils.h
md5	d72cf36dbb1d330a9ce335607535187a	vostok/physics/character_controller.h
md5	76928c25041987292fa20caca9678f17	vostok/physics/collision_shapes.h
md5	d3fdc4786216e13edc437cedfb083d6e	vostok/physics/constraint.h
md5	ed95154ebcea48e91d3b74dd061163ab	vostok/physics/debug_renderer.h
md5	a5aa99d68232a556a105972177092078	vostok/physics/engine.h
md5	71685789b7ed75a46a49d6c58aaaeb67	vostok/physics/ghost_object.h
md5	2c60280634034c96c14105409e4bb84c	vostok/physics/library_linkage.h
md5	9a5d1aa4461af253212aecd655317032	vostok/physics/model.h
md5	5895498a4e6277b71cdbcaab6106b8c4	vostok/physics/ray_result.h
md5	287d5fa1d57ff9255075be27b36772f8	vostok/physics/rigid_body_base.h
md5	ba6201d010e07d456a07c33fad33750f	vostok/physics/soft_body.h
md5	183e75440bc90999969283c762bf0816	vostok/physics/sources/animated_model_instance_cook.cpp
md5	282bc475857ef17a419dc9568dcc0c17	vostok/physics/sources/animated_model_instance_cook.h
md5	f8e4381c5d64883d69588c16d083ed02	vostok/physics/sources/animated_rigid_body.cpp
md5	0fa8d488c5ecd5e2e15f8b6aa3f4f25e	vostok/physics/sources/bullet_character_controller.cpp
md5	0a531335991a3ecd28b72336d54a0992	vostok/physics/sources/bullet_character_controller.h
md5	0c1b0262b6c9a49fd5492b3a3e53e8f7	vostok/physics/sources/bullet_include.h
md5	a191208dcf11da31f3f611022a5ea2a3	vostok/physics/sources/bullet_physics_world.cpp
md5	a18978343191c310734b01cb6cd42e46	vostok/physics/sources/bullet_physics_world.h
md5	294df271c5809513fb07b88b581d7a11	vostok/physics/sources/character_controller.cpp
md5	886e6641688112758202dc715d6ca854	vostok/physics/sources/collision_shape_cook.cpp
md5	f2b2f0a518888a6b020a3a8e7d5cc3c2	vostok/physics/sources/collision_shape_cook.h
md5	45a8e082afc25926a723a071d55ffab1	vostok/physics/sources/collision_shapes.cpp
md5	068f1b3f0ff98bede03469a7c1794965	vostok/physics/sources/ghost_object.cpp
md5	c1180752371077f29e0a0ad48e336072	vostok/physics/sources/pch.cpp
md5	a737f94f6675384d505db75bf92dd63c	vostok/physics/sources/pch.h
md5	5829999a7d6aeb4a525bb7ad7000ede5	vostok/physics/sources/physics_entry_point.cpp
md5	fe9aa529a42608f5140630477f35a2ad	vostok/physics/sources/physics_memory.h
md5	c9e4d6d8bbc62acca84ab490081f7583	vostok/physics/sources/rigid_body_construction_info.cpp
md5	1d80236e38ecdd6f65cc1276d1013908	vostok/physics/sources/soft_body.cpp
md5	56384af7edc25840f9b8275e0cb65bfd	vostok/physics/sources/static_rigid_body.cpp
md5	544e59af877eee674ec120c85009d24c	vostok/physics/static_rigid_body.h
md5	cfafe048c030f91f796f8f34477d8097	vostok/physics/world.h
md5	0ac4ca7220ccbb3dcc70e05ad8cdf5e4	vostok/platform_extensions.h
md5	d2301d6531a121d80bcec77e98ad9362	vostok/platform_extensions_win.h
md5	8be685dd3832e39699b9ac55e6d1de44	vostok/platform_pointer.h
md5	cc3f03eb0739600f866941344485f725	vostok/pointer_extensions.h
md5	123db469e5ee5f2ae07109345b2d2661	vostok/profiler.h
md5	5d7b9add2d87e5b16fb35e8a4fb6c9a2	vostok/raw_ptr.h
md5	7db364dd0fa6535439f70cbfe0da4154	vostok/render/api.h
md5	9214a66fd834358ee071d019b9de7074	vostok/render/core/api.h
md5	09867c2edb2022f08050db93b78c20a0	vostok/render/core/backend.h
md5	84fe5f47d3f77e22935cc721d039814e	vostok/render/core/backend_handlers.h
md5	4155ecaebaeffff7afed9b6018b9a0e3	vostok/render/core/backend_inline.h
md5	c2bf395a7015802e20755b56d4a7b54d	vostok/render/core/custom_config.h
md5	7b3d7869770eb0071e36b0140d4a2855	vostok/render/core/custom_config_value.h
md5	4de22ae653d7210ce2897ce5e62f91ea	vostok/render/core/custom_config_value_inline.h
md5	612230c1653bf991e8453a6a3d601933	vostok/render/core/d3d_defines.h
md5	44a5afbbd9958b9d5f384f6841bd3bec	vostok/render/core/decl_utils.h
md5	a2dd63e17d62dd5dfb360e851658db49	vostok/render/core/destroy_data_helper.h
md5	840dd6ff97fe7c77a3a9273c2e446e8a	vostok/render/core/device.h
md5	fc5bb41586c4ddbb363899f39751965f	vostok/render/core/device_caps.h
md5	32dc575d2e49d3336606cbc11af8e98d	vostok/render/core/dx11/api.h
md5	80a9f043e6374b72dac28622e656bdae	vostok/render/core/dx11/backend.h
md5	62d4b9cd640cdebdb970e9cbfe8514b7	vostok/render/core/dx11/backend_handlers.h
md5	e7851432c60d97520064c4ea42612249	vostok/render/core/dx11/backend_handlers_inline.h
md5	c1d4cd1ca0b24e5482d1cc50b698344b	vostok/render/core/dx11/backend_inline.h
md5	40290b7094be8529be654a10c9a9206a	vostok/render/core/dx11/custom_config.h
md5	b4f107a6e47ecf6eaa2475b8bcf3dc17	vostok/render/core/dx11/custom_config_value.h
md5	4e7763ee27fd1bb578d9a3fdded663a9	vostok/render/core/dx11/custom_config_value_inline.h
md5	6364345b0ae3bfb8b132afa8898c2dca	vostok/render/core/dx11/d3d_defines.h
md5	8622898932b61f33a6934bf23bbfe264	vostok/render/core/dx11/decl_utils.h
md5	6adc926076264cc07e4a5aa48d29bbb9	vostok/render/core/dx11/destroy_data_helper.h
md5	6051f4f509331ed1d28f9e214cf4200e	vostok/render/core/dx11/device.h
md5	bf3cf8ab7a6ee559664f91728e53c849	vostok/render/core/dx11/device_caps.h
md5	0b711c38dbbc922a5c2907493848b246	vostok/render/core/dx11/dx11_defines.h
md5	63b1da667da73bcfc558548e7821ba96	vostok/render/core/dx11/effect_compiler.h
md5	b8d2ff556bf5e234f94757fbfc5d186f	vostok/render/core/dx11/effect_constant_storage.h
md5	7852d538ae70c63465502e5aed9d87e0	vostok/render/core/dx11/effect_cook.h
md5	5c84b41aa283bf0b68515e4f4cc7e228	vostok/render/core/dx11/effect_descriptor.h
md5	1850fa2abb258709ef7a7e6f02888909	vostok/render/core/dx11/effect_manager.h
md5	9e0afdf509cb17615aea904552724b6e	vostok/render/core/dx11/effect_manager_inline.h
md5	d02aa032a3eeac98f6a69c726e759201	vostok/render/core/dx11/effect_options_descriptor.h
md5	660287b8dd842931f31afe7446e9bc2c	vostok/render/core/dx11/event_query.h
md5	3b44526f57cfbff82f65c59533b62d9c	vostok/render/core/dx11/gpu_timer.h
md5	c4fdfd377f0da7d2f8f57a64bce53d2d	vostok/render/core/dx11/pix_event_wrapper.h
md5	a7e95d8e05e2939dd0a43faaea8c10fa	vostok/render/core/dx11/render_target.h
md5	1d531445013e3a1d0a731f66c751cb0d	vostok/render/core/dx11/res_declaration.h
md5	15d4208de175a769b7eeebee600898d7	vostok/render/core/dx11/res_effect.h
md5	20fe0a53a8a95a91284b42f4d50e8ce0	vostok/render/core/dx11/res_geometry.h
md5	9a0a20ce476325c42b225671e1b631a1	vostok/render/core/dx11/res_input_layout.h
md5	a460e0b4bb577fcff3cc051f80fcf66c	vostok/render/core/dx11/res_render_output.h
md5	df1b5205e8a3076fad4f7bbccc6b075d	vostok/render/core/dx11/res_sampler_state.h
md5	c8836ddbea9f4937146e50659e23112e	vostok/render/core/dx11/res_signature.h
md5	d679204a84891c4b0014cfb1a110ea25	vostok/render/core/dx11/res_state.h
md5	464059619003f7e0b39068db29d47577	vostok/render/core/dx11/res_texture.h
md5	af248af4380c3145e5fd6022f5fe300e	vostok/render/core/dx11/res_xs_hw.h
md5	883c3629327334f7d013d9a72d606596	vostok/render/core/dx11/res_xs_hw_impl.h
md5	4ed619b395993491531bd9cc110ab186	vostok/render/core/dx11/resource_manager.h
md5	cb0d2493dbbbe50d3d6edabda466000e	vostok/render/core/dx11/resource_manager_inline.h
md5	e0563f0cc0e23d8d791fb65b97c2e86d	vostok/render/core/dx11/sampler_slot.h
md5	ae2f3bb15b22a2e6e661fadfead34693	vostok/render/core/dx11/sampler_state_descriptor.h
md5	c33a821c8aefc25d6f057e128c64ae15	vostok/render/core/dx11/sampler_state_descriptor_inline.h
md5	e79a853844437dab68cd8a1bd474bf91	vostok/render/core/dx11/shader_configuration.h
md5	5cead595bd86adb111ef6ea6981cfabf	vostok/render/core/dx11/shader_constant_buffer.h
md5	3f24d6fe341e1f8c2a08df5183996d0b	vostok/render/core/dx11/shader_constant_buffer_inline.h
md5	cc5d2613b3426bf90f57cd5891e046ce	vostok/render/core/dx11/sources/backend.cpp
md5	048461ec1ef39164b409a3f0953659ec	vostok/render/core/dx11/sources/backend_handlers.cpp
md5	48d3201b5179ddb44f8fc984e9dc0078	vostok/render/core/dx11/sources/com_utils.h
md5	b690b11031e7d1cb2610d0cc79134519	vostok/render/core/dx11/sources/custom_config.cpp
md5	05fabeb02bf8b9dade571077885a326c	vostok/render/core/dx11/sources/custom_config_value.cpp
md5	1e521524669ffe95ec24abe58719e2a3	vostok/render/core/dx11/sources/dds.h
md5	474d4d9f314a8cfd077ed11180ce8ba8	vostok/render/core/dx11/sources/decl_utils.cpp
md5	0a8b390dad56d1131b06b8bddc9e05b9	vostok/render/core/dx11/sources/device.cpp
md5	19a3a3b7c3cf65262b70d99b2489de95	vostok/render/core/dx11/sources/effect_compiler.cpp
md5	7f2158881df09b843a16cd67e161d475	vostok/render/core/dx11/sources/effect_constant_storage.cpp
md5	06f49b52d6af41d84bb45ee4c08e3486	vostok/render/core/dx11/sources/effect_cook.cpp
md5	e18b4d95e8f466de6d0613d7604eed96	vostok/render/core/dx11/sources/effect_descriptor.cpp
md5	43797d573559ffca9118c99b6836bb56	vostok/render/core/dx11/sources/effect_manager.cpp
md5	1589f7531e47c78cddec2d3105663f3b	vostok/render/core/dx11/sources/effect_options_descriptor.cpp
md5	27ae5fa56d3583a1f2a130d23afcdfd1	vostok/render/core/dx11/sources/index_buffer.cpp
md5	2df5cf51b6929c41ce8392a710e1f1b0	vostok/render/core/dx11/sources/macros_extensions.cpp
md5	cb9cd634ff029d82f3240b2e98dcef80	vostok/render/core/dx11/sources/manager_common_inline.h
md5	58496ca5c0702ca00549d57418a009e6	vostok/render/core/dx11/sources/options.cpp
md5	5180eb3491daf56b0c8ffa3d7f45ac1b	vostok/render/core/dx11/sources/pch.cpp
md5	e6ecceb72ccfcbc38614f134812f6833	vostok/render/core/dx11/sources/pch.h
md5	9de54ac6b6efd2de2a70968ffa8ba6e9	vostok/render/core/dx11/sources/render_core_entry_point.cpp
md5	0ee59f391f1d98052427e0c192b971e4	vostok/render/core/dx11/sources/render_target.cpp
md5	72f558050c8dfaeb664a94a3b014e5de	vostok/render/core/dx11/sources/res_declaration.cpp
md5	b02a656e4b9f331b0a2b532d53cc84d2	vostok/render/core/dx11/sources/res_effect.cpp
md5	b70d63691e5a72127d23e93e782b3948	vostok/render/core/dx11/sources/res_geometry.cpp
md5	69a98610619b13e4e601d95427f2e88d	vostok/render/core/dx11/sources/res_gs_hw.cpp
md5	507f8576038b5e8d140f7648b7a13ae9	vostok/render/core/dx11/sources/res_input_layout.cpp
md5	06739714bb78f3435fba04d2979f1f50	vostok/render/core/dx11/sources/res_ps_hw.cpp
md5	628425c626fa3d2ea1383932aa85bd3c	vostok/render/core/dx11/sources/res_render_output.cpp
md5	805f4179469691365f05689dba034407	vostok/render/core/dx11/sources/res_sampler_list.cpp
md5	98a0c65889f9ccfd7cc79ccad27e72df	vostok/render/core/dx11/sources/res_signature.cpp
md5	6040377336e9575ed76a86931c6ace34	vostok/render/core/dx11/sources/res_state.cpp
md5	d32351113e5414a9f52c809f3af724e5	vostok/render/core/dx11/sources/res_texture.cpp
md5	909bc5680c193dede6a102c55b85a91f	vostok/render/core/dx11/sources/res_texture_list.cpp
md5	b2c428ec541b0d350edbe233e5fcd0fc	vostok/render/core/dx11/sources/res_vs_hw.cpp
md5	3f29252177c4ec297d21eff3c9140431	vostok/render/core/dx11/sources/res_xs.cpp
md5	93fdfac485d1a55db9412ff10ee6b5b7	vostok/render/core/dx11/sources/resource_manager.cpp
md5	f13d380bda827cc16c8f70b566fde89b	vostok/render/core/dx11/sources/shader_binary_source_cook.cpp
md5	079feffcd04195163e4cb8e773c3ea66	vostok/render/core/dx11/sources/shader_binary_source_cook.h
md5	133f8ce56512fe11b07c9f190979a8cf	vostok/render/core/dx11/sources/shader_constant_buffer.cpp
md5	5a0dd7691f773ec32cb56ce1163ab8f3	vostok/render/core/dx11/sources/shader_constant_table.cpp
md5	415e6028db13bea96b10209f089249fe	vostok/render/core/dx11/sources/shader_macros.cpp
md5	8b6b3f1be3738db9c073652f5dd9795c	vostok/render/core/dx11/sources/state_cache.cpp
md5	3e33d5fb4ab656935b45efeb40aa2dd4	vostok/render/core/dx11/sources/state_descriptor.cpp
md5	fa6cf40f131b34992a1a25b2d3d5d7d7	vostok/render/core/dx11/sources/state_utils.cpp
md5	d93e2da6ab7f490ec6677ed7ce1aadd1	vostok/render/core/dx11/sources/static_type.cpp
md5	51540e3a463feaf33063077a3cae8de0	vostok/render/core/dx11/sources/texture_converter_cook.h
md5	5c5f7828a35a6dc3e599e1c686935477	vostok/render/core/dx11/sources/texture_cook.cpp
md5	a79d6f0c9b9ac5e316b7d278ce16c93c	vostok/render/core/dx11/sources/texture_cook.h
md5	dc5a4e39b3ed9ea7b8d96ae70aaa0622	vostok/render/core/dx11/sources/texture_cook_register.cpp
md5	0cc6bfb0def40d15362d4619ec3c07f1	vostok/render/core/dx11/sources/texture_cook_wrapper.cpp
md5	6e3214434540c459db310591542953a0	vostok/render/core/dx11/sources/texture_cook_wrapper.h
md5	b971c6de63b315fe4f92178637864ac1	vostok/render/core/dx11/sources/texture_options.cpp
md5	739fb2fff466422214fac3cb95808ca7	vostok/render/core/dx11/sources/texture_pool.cpp
md5	18abb043dd4ecf5d89e4dd2e20164c17	vostok/render/core/dx11/sources/texture_pool.h
md5	35ec64299f79e034a086a858c1519cf6	vostok/render/core/dx11/sources/texture_storage.cpp
md5	e50e17bb9a3096356b9f9035a0942488	vostok/render/core/dx11/sources/texture_storage.h
md5	c8b9df0f9ad3c0c33e5e2b0becdbd538	vostok/render/core/dx11/sources/untyped_buffer.cpp
md5	79a2d89c0bcaedb484728a64f6cdf460	vostok/render/core/dx11/sources/utils.cpp
md5	e82f086451393f301a2f1e3e68ce1e2c	vostok/render/core/dx11/sources/vertex_buffer.cpp
md5	05d1c406d692c2c889cc117121ec940a	vostok/render/core/dx11/sources/xs_descriptor.cpp
md5	2815d121c34d7aef5c8ec8e3c1b888f8	vostok/render/core/dx11/state_cache.h
md5	5a9fde3430083af4874d6264eda1e1a0	vostok/render/core/dx11/state_cache_inline.h
md5	d7bd34484840a5b3d96394aaa5540c52	vostok/render/core/dx11/state_descriptor.h
md5	7da3024f69db748370924e33cf8e24fa	vostok/render/core/dx11/state_utils.h
md5	487692d37b87bab04fce7b29340b08a2	vostok/render/core/dx11/texture_named_instance.h
md5	5ee5ac5637d34e5a50e12da888dc7b6b	vostok/render/core/dx11/texture_slot.h
md5	6f3c83a5d137e24138eb6e4978e15067	vostok/render/core/dx11/untyped_buffer.h
md5	a27e6e94af187c149dbc6cd2e14e1a85	vostok/render/core/dx11/untyped_buffer_inline.h
md5	17729251a1aab107afb90fe91acf7ee0	vostok/render/core/dx11/xs_data.h
md5	8a3f883690bd4c94294b60e47c328d6f	vostok/render/core/dx11_defines.h
md5	dd623be24808e1c3c4e87a22f99056ed	vostok/render/core/effect_compiler.h
md5	6885733ea3c81b7380f431e1d72b78e0	vostok/render/core/effect_constant_storage.h
md5	5b9296e96517a02199a4a63ddf9d138c	vostok/render/core/effect_cook.h
md5	3dc172403b63ce71a5493d035d85fcc2	vostok/render/core/effect_descriptor.h
md5	e01dba40763e6650402a019f32a45347	vostok/render/core/effect_manager.h
md5	87ebfe018e92dcbc3d01c12ddb86fc16	vostok/render/core/effect_options_descriptor.h
md5	595ec0ea47c16a42ce274ada9986f159	vostok/render/core/event_query.h
md5	66a2d1c1c54704edda3afe74e82a067a	vostok/render/core/gpu_timer.h
md5	20ce2aa25a8d981e58d122419431a006	vostok/render/core/index_buffer.h
md5	88a7c2a8fa387ac540979f72660f245e	vostok/render/core/index_buffer_inline.h
md5	6ab91e2578e2e3916368b5ee784feba7	vostok/render/core/macros_extensions.h
md5	0cb396ca63669663cf91bf4bc74378b8	vostok/render/core/memory.h
md5	b39df8ae73b4b4ed66fcc7559fda8811	vostok/render/core/options.h
md5	3f8f56228c3c3784d2f3b0a4098932cd	vostok/render/core/pix_event_wrapper.h
md5	f68b8d31aa1737570c6d251d45d6e4cc	vostok/render/core/platform_helper.h
md5	c3a271f3ec11c87ecb02d3babf43b56b	vostok/render/core/quasi_singleton.h
md5	39fc38343ed940dce8925c8c9805472f	vostok/render/core/render_include.h
md5	ef0ebd941e2eee93774f6715f96d9c8c	vostok/render/core/render_target.h
md5	5f824f419a8400dc2d23158b5b517c92	vostok/render/core/res_common.h
md5	55b89b731a06ed27048697cf06ec56a6	vostok/render/core/res_declaration.h
md5	562c5f00552fef1a0d6ef67ed32f2fe1	vostok/render/core/res_effect.h
md5	2de0d511d23e1ae04bc037fa4e83db32	vostok/render/core/res_geometry.h
md5	4ba66b5a60da0fe610901e5edf012ca2	vostok/render/core/res_gs_hw.h
md5	b9193a6bad03acb29cee54748edc3fb2	vostok/render/core/res_input_layout.h
md5	bc0f71a1ddcf7cac163835c52b8eb722	vostok/render/core/res_ps_hw.h
md5	576bf22af99ee240c51e07d832a0d3ce	vostok/render/core/res_render_output.h
md5	80076f1a99d742383429e9f6d2f1e623	vostok/render/core/res_sampler_list.h
md5	0d087470eaba70bb8d543337834d578d	vostok/render/core/res_sampler_state.h
md5	f8abb4b45eb3e64e489b990836e13aac	vostok/render/core/res_signature.h
md5	df974105496413d898ffd20d8921f443	vostok/render/core/res_state.h
md5	f9760bd0a2beb8bae6ebc463043ab28e	vostok/render/core/res_texture.h
md5	a901612b11bf3d99ed40d888c4d1f764	vostok/render/core/res_texture_list.h
md5	fc0643647aac60cd85c60120180237c6	vostok/render/core/res_vs_hw.h
md5	d7c3867b8e61427e6ad4a2bc48c02ba0	vostok/render/core/res_xs.h
md5	1f97f4f5026d41737a9080414553d516	vostok/render/core/res_xs_hw.h
md5	68c8fe4cac6f0c3002e0467d72ee5261	vostok/render/core/res_xs_hw_impl.h
md5	efe5d8ccc0e755ca5709af149747f3c7	vostok/render/core/resource_intrusive_base.h
md5	0274174b1881e1881aa19158eb0a90c3	vostok/render/core/resource_intrusive_base_inline.h
md5	55d0a15585d19272cd9100bc5af2bb0b	vostok/render/core/resource_manager.h
md5	5b1bf5cef0f5e5d3678dd864f538acf4	vostok/render/core/sampler_slot.h
md5	dec71d5cc367de744d52e9dcff0b4c3e	vostok/render/core/sampler_state_descriptor.h
md5	c859e41a950f0b38ee387f4125cd46f0	vostok/render/core/sampler_state_descriptor_inline.h
md5	e30e5ad2dd9a691ee72a67783dcbcb31	vostok/render/core/shader_configuration.h
md5	db2a938c62b452a8f65c8b3c99f8fab5	vostok/render/core/shader_constant.h
md5	4ec5e9cd358b89f47d7af5ada66ec603	vostok/render/core/shader_constant_binding.h
md5	7071faf1982593e01446ff5d637e50e0	vostok/render/core/shader_constant_binding_inline.h
md5	bb4e842b14c4e801add3905f9fcf3215	vostok/render/core/shader_constant_bindings.h
md5	eabe89dae8e29b2ca1f6665d4464cbd7	vostok/render/core/shader_constant_bindings_inline.h
md5	1d4a2e8a3abd5066b24519eb34ce3000	vostok/render/core/shader_constant_buffer.h
md5	0e5182663d6bdb586f8bbd30bacdc445	vostok/render/core/shader_constant_buffer_inline.h
md5	c0c4b0c266437f1e22afcc660f976439	vostok/render/core/shader_constant_defines.h
md5	f078af9e135a3cffca23682a6a1c85bf	vostok/render/core/shader_constant_host.h
md5	0677724462c94187a839787d2eca7d09	vostok/render/core/shader_constant_host_inline.h
md5	c399af552d13e4d481600e93b14a924d	vostok/render/core/shader_constant_inline.h
md5	b7a2761a877a88f0f8d96f34b9e16cdd	vostok/render/core/shader_constant_slot.h
md5	0388ef6ce033ed2ee81eb72c0f138854	vostok/render/core/shader_constant_slot_inline.h
md5	a89c42b6063b921690577cbf11f1367d	vostok/render/core/shader_constant_source.h
md5	d687cc2975c9b733ed810ae95b5d2ed4	vostok/render/core/shader_constant_source_inline.h
md5	bd06b63110a1233ff185af32aed55771	vostok/render/core/shader_constant_table.h
md5	f9af9728e89586af80cf66a90ebf4271	vostok/render/core/shader_constant_table_inline.h
md5	9ae0761b4a837c73c781244bad5245f0	vostok/render/core/shader_declarated_macros.h
md5	ce46cdfb72d525698469219f5d240e3a	vostok/render/core/shader_defines.h
md5	62e9410d20dd3f5f0dcba3eea51fb737	vostok/render/core/shader_include_getter.h
md5	715aabc84b9e0d343044603f898c3e3c	vostok/render/core/shader_macros.h
md5	5f6a6d7151c61f52065ffb1767d7549a	vostok/render/core/sources/event_query.cpp
md5	753277e65266d41720aec3ad998b6c94	vostok/render/core/state_cache.h
md5	1796bfb05ba69dc45392e84ad8417581	vostok/render/core/state_cache_inline.h
md5	c35c93d41d01fe2c168deace3beb6b54	vostok/render/core/state_descriptor.h
md5	6312a85f3a85136d8d0b6a15d27d04f5	vostok/render/core/state_utils.h
md5	2720829d8f8da0b3f8bc9db3ac7efdab	vostok/render/core/static_type.h
md5	84e1a5679c70cae0b563fae53bd4689e	vostok/render/core/texture_named_instance.h
md5	53d573a7eb736905f6f18df79da9756c	vostok/render/core/texture_options.h
md5	beb397d612d776530bf84337fce56f5a	vostok/render/core/texture_slot.h
md5	025bcf0135834c926236ac7174a2b03f	vostok/render/core/untyped_buffer.h
md5	bb9f1b75730f0e7ea5468b0fc9ae4551	vostok/render/core/untyped_buffer_inline.h
md5	8b40f4e5df54228d85621cf9fcf09a48	vostok/render/core/utils.h
md5	8339638aa95d2641d06142cbf07b50d2	vostok/render/core/utils_inline.h
md5	5031c6f5e7898a2f4135cdca2ddef8f0	vostok/render/core/vertex_buffer.h
md5	2d3c22c51bf7222d9e9a772cbbf8d95b	vostok/render/core/vertex_buffer_inline.h
md5	84e93f48e15c4a065fa32cc9e51e1f51	vostok/render/core/world.h
md5	76916cc5328f00a88236ab9af22fc88f	vostok/render/core/xs_data.h
md5	7a582628b3d679d6692dc2d13c509f40	vostok/render/core/xs_descriptor.h
md5	cbd738d4a087594ab8c5dbce972782f3	vostok/render/engine/api.h
md5	fe004da0af3460a77594095ae8e373b1	vostok/render/engine/base_classes.h
md5	266bd0942a8f2d311bdeed0596b34ff5	vostok/render/engine/model_format.h
md5	276fe41d4749cd3415526f675f483357	vostok/render/engine/sources/aab_rect.h
md5	87491683915a49446964ab2b3f4e0c39	vostok/render/engine/sources/aab_rect_inline.h
md5	2854e4f20ab3214e030fcdd5c125bf39	vostok/render/engine/sources/aabb_indices.h
md5	d16d91f70ffc09ad6c52339ea359c224	vostok/render/engine/sources/ambient_volume.cpp
md5	607024020f00301d292cf116c7f6727c	vostok/render/engine/sources/ambient_volume.h
md5	28127d90246f5db7ca0994965bb5f540	vostok/render/engine/sources/animated_model_instance_cook.cpp
md5	70defc18f9ba96ac0e6dc178ca2360c5	vostok/render/engine/sources/animated_model_instance_cook.h
md5	61465a771f96d92cabbe2539d7e4ee9a	vostok/render/engine/sources/batched_geometry.h
md5	708e17ff85caf8b92205477c9876594f	vostok/render/engine/sources/batched_geometry_inline.h
md5	a3f38700dda4a2fbe538e33c631d2f22	vostok/render/engine/sources/blend_mode.h
md5	4f474a43a4276a791b7f82543744ef97	vostok/render/engine/sources/box_geometry.cpp
md5	41209f36c6613e746701a18824d9fcf2	vostok/render/engine/sources/box_geometry.h
md5	9b94940bb1a3c03b5bb8b8fd5a7aba33	vostok/render/engine/sources/camera.h
md5	7d8db5160995d473b5b41c40a529bace	vostok/render/engine/sources/camera_inline.h
md5	87c1674a67639a6147ac115595cf8177	vostok/render/engine/sources/capsule_light_effect.h
md5	75e135a91016229dbaa2aec847ba5e38	vostok/render/engine/sources/cloud_evaluate_geometry.h
md5	a0425737f899ed33521a22bb606d6db0	vostok/render/engine/sources/cloud_interp_textures.h
md5	a58b83e1b658d0619c7fdb4bcef7b8e4	vostok/render/engine/sources/cloud_noise.cpp
md5	729f43b1e8c4feaa16723f00d275be78	vostok/render/engine/sources/cloud_noise.h
md5	91b3d394b19c71008c110756e932421d	vostok/render/engine/sources/cloud_simulation.cpp
md5	5822fd1646b2765cb21144e2caf9fd16	vostok/render/engine/sources/cloud_simulation.h
md5	09e44df43d4a02b5aac4f7150ef845bd	vostok/render/engine/sources/clouds.cpp
md5	43f885c9c368007e31ab416f4151ec18	vostok/render/engine/sources/clouds.h
md5	14b019a58ba7f16cf56a6443735b7a83	vostok/render/engine/sources/combined_model_cooker.cpp
md5	18cebc4dea9815bfdb051168e44787b8	vostok/render/engine/sources/convex_volume.h
md5	f06e5549a2ca34a36973607822b0b0c5	vostok/render/engine/sources/culling_result.h
md5	2c486d71847658660c1a5e89ec013d8a	vostok/render/engine/sources/decal_default_material_effect.cpp
md5	69e37c8a429aaa491fc2dcb9f4200f28	vostok/render/engine/sources/decal_default_material_effect.h
md5	11c86880a7deb2b36652ba277131c81b	vostok/render/engine/sources/decal_instance.cpp
md5	2971af89c659861b20a981708aea5606	vostok/render/engine/sources/decal_instance.h
md5	fb9f9a515565ada4dd5865180476322b	vostok/render/engine/sources/depth_accumulate_material_effect.cpp
md5	a11a03f884d7ba45d910de67c8a5305b	vostok/render/engine/sources/depth_accumulate_material_effect.h
md5	e0f82e1da3f6c8151e8f8891fd8bf2c8	vostok/render/engine/sources/du_box.cpp
md5	25882458116a5cdab9960024a180b4d9	vostok/render/engine/sources/du_box.h
md5	a0f1c552ca5bdc9008dec10ceef7d086	vostok/render/engine/sources/du_sphere.cpp
md5	73cbb58b3b054b86a505e36821e439ac	vostok/render/engine/sources/du_sphere.h
md5	fc580022aa5c10117fcbc00a8a4ddd06	vostok/render/engine/sources/dualcone_rain_geometry.h
md5	15332b1d4a9195af49f4828bb8238723	vostok/render/engine/sources/effect_aberration.cpp
md5	4ad98afd4e1d544c2d88409c753ea688	vostok/render/engine/sources/effect_aberration.h
md5	4f8981406e720aa238446217d8df4746	vostok/render/engine/sources/effect_ambient_volume.cpp
md5	a7f0ba5243a76263d8ade3e0be521bed	vostok/render/engine/sources/effect_ambient_volume.h
md5	292f34dea337880c8288055a86a414c0	vostok/render/engine/sources/effect_apply_decal_normals.cpp
md5	97a276133e360e8ea236d29e62f9046e	vostok/render/engine/sources/effect_apply_decal_normals.h
md5	75d109e77169adf9d4954039e55d7d78	vostok/render/engine/sources/effect_apply_distortion.cpp
md5	440d47dfa288bf15b58b23b18da10665	vostok/render/engine/sources/effect_apply_distortion.h
md5	ae2689078ce0f1dae79168a0118c0701	vostok/render/engine/sources/effect_apply_indirect_lighting.cpp
md5	e91b37fa9fc8cbb16bd6d57afe90110f	vostok/render/engine/sources/effect_apply_indirect_lighting.h
md5	90689b51e9a6e980af1d35a474f023e1	vostok/render/engine/sources/effect_atmospheric_scattering.cpp
md5	32d446628b3a9ad0032dd5ea98ef2a46	vostok/render/engine/sources/effect_atmospheric_scattering.h
md5	732143de14c4e49ad4eb9d20be8ac7ef	vostok/render/engine/sources/effect_blur.h
md5	09b9119c786c78cef0a251816ac85036	vostok/render/engine/sources/effect_clouds.cpp
md5	92e7ce3cfb229883bdd3df2ec1b3bb63	vostok/render/engine/sources/effect_clouds.h
md5	51cc3cef41d230de6164406f0288cc5e	vostok/render/engine/sources/effect_clouds_god_rays.cpp
md5	a1b9d9eeecbfc1dcefc7a5f85ce17936	vostok/render/engine/sources/effect_clouds_god_rays.h
md5	22c189416c4eed146cb0540a29ae6cb4	vostok/render/engine/sources/effect_complex_post_process_blend.h
md5	9ebed44b571f7714b7ce5afa6f5a42f6	vostok/render/engine/sources/effect_copy_image.cpp
md5	31b2de185a61fb68b3d08e6bd2117176	vostok/render/engine/sources/effect_copy_image.h
md5	3851a0f3b4e19dc9bf5ed0020f3bdfb6	vostok/render/engine/sources/effect_debug_editor_wireframe.cpp
md5	a036182a3e912fa07c0569a224a0a884	vostok/render/engine/sources/effect_debug_editor_wireframe.h
md5	ae2863a452d832f4872c2beb62a9e23b	vostok/render/engine/sources/effect_debug_environment_probe_preview.cpp
md5	c4414d845e6caca89fd3f4fda01b09ab	vostok/render/engine/sources/effect_debug_environment_probe_preview.h
md5	cd47ccda4a3bfe924c72c53206c223b0	vostok/render/engine/sources/effect_debug_tracer.cpp
md5	30add7b1db6958ad163c9410ecadee23	vostok/render/engine/sources/effect_debug_tracer.h
md5	e1e58a01ffdcbaaba7d3ffaeaf2da2c7	vostok/render/engine/sources/effect_decal_mask.cpp
md5	31fdc913da80c89a1f2ed2eb91f701e4	vostok/render/engine/sources/effect_decal_mask.h
md5	0b0a58b459663af48f8c3375b9cbdff4	vostok/render/engine/sources/effect_distortion_stage_default_materials.cpp
md5	243a4f7fb662cd243174848e9e1dd977	vostok/render/engine/sources/effect_distortion_stage_default_materials.h
md5	f71dc7445449f588a34e10e976d718ee	vostok/render/engine/sources/effect_distortion_stage_panner_materials.cpp
md5	25a2c8e9e079c83d3887fd120698b986	vostok/render/engine/sources/effect_distortion_stage_panner_materials.h
md5	7cc64f13acafd8eeaae25e131deb55bb	vostok/render/engine/sources/effect_downsample_gbuffer.cpp
md5	da2640f94336a04f1276a7bf78d4fe3f	vostok/render/engine/sources/effect_downsample_gbuffer.h
md5	c6ae7d36bab81269ba6874140abc3918	vostok/render/engine/sources/effect_downsample_reflective_shadow_map.cpp
md5	a758f9dd3b9a947fc02977a8a5f351a2	vostok/render/engine/sources/effect_downsample_reflective_shadow_map.h
md5	77f4fcd1f618081fceea9c416a7c10c0	vostok/render/engine/sources/effect_downsample_skin_irradiance_texture.cpp
md5	25fcd6234202ce7baa334a3aca969dbc	vostok/render/engine/sources/effect_downsample_skin_irradiance_texture.h
md5	8ebd5f2a0f92ac5cb48269a37171bc75	vostok/render/engine/sources/effect_editor_accumulate_overdraw.cpp
md5	a3dd6b09603299fa17ca3988ad84f721	vostok/render/engine/sources/effect_editor_accumulate_overdraw.h
md5	b48e6892693d34e69c700357c9f9ee40	vostok/render/engine/sources/effect_editor_apply_wireframe.cpp
md5	ed19e7f5be73a29f1b738ded68cdda60	vostok/render/engine/sources/effect_editor_apply_wireframe.h
md5	52ec7da45f040cdd20d43c573e3f034a	vostok/render/engine/sources/effect_editor_gbuffer_to_screen.cpp
md5	28627e720dcb22f5348070586ddabb7f	vostok/render/engine/sources/effect_editor_gbuffer_to_screen.h
md5	66b3c733052f3b66419214cf5eb374ad	vostok/render/engine/sources/effect_editor_geometry_complexity.cpp
md5	41e9b4c19934578c6f9ef8a2a5eedb07	vostok/render/engine/sources/effect_editor_geometry_complexity.h
md5	335e8bd35bb0fa6135d637b325d5fe18	vostok/render/engine/sources/effect_editor_model_ghost.cpp
md5	be54fd456fe105b504bd7ff9b885b5f9	vostok/render/engine/sources/effect_editor_model_ghost.h
md5	269f5f653465c93f1d8c1fea60ba7a2e	vostok/render/engine/sources/effect_editor_selection.cpp
md5	beea25b00a66d8cdcb05bee407c41cee	vostok/render/engine/sources/effect_editor_selection.h
md5	861457fff8dd87a7aa73aee1858316d8	vostok/render/engine/sources/effect_editor_shader_complexity.cpp
md5	a67134f975cacff6a23ed3f69c4a75d1	vostok/render/engine/sources/effect_editor_shader_complexity.h
md5	1674a24f92d38018edc5d284f5a639ab	vostok/render/engine/sources/effect_editor_show_batched_geometry.cpp
md5	1cec8206ae1aa0dfc5bdd688fd9145a1	vostok/render/engine/sources/effect_editor_show_batched_geometry.h
md5	eec6bacda7da6a3cc7e9681c2bcc6b5b	vostok/render/engine/sources/effect_editor_show_miplevel.cpp
md5	1390011715ae7e8211d40e508d78e493	vostok/render/engine/sources/effect_editor_show_miplevel.h
md5	1951f7f79936a8ef8d18a62d5e43d4c4	vostok/render/engine/sources/effect_editor_show_overdraw.cpp
md5	9c3485325bf361ab9a4584e73823e2b1	vostok/render/engine/sources/effect_editor_show_overdraw.h
md5	a4d2626da9ece2897eb06a8ab79eec71	vostok/render/engine/sources/effect_editor_texture_density.cpp
md5	30f8c83b03f9ecd4d0a276d0d19a54db	vostok/render/engine/sources/effect_editor_texture_density.h
md5	53fd4fbbae00db2776fd6c8cb4926925	vostok/render/engine/sources/effect_editor_vertex_alpha.cpp
md5	7519d36fd5a454f949290fda55c8cbc9	vostok/render/engine/sources/effect_editor_vertex_alpha.h
md5	4321a925b8dbcffbdffbda9cd1f3a36f	vostok/render/engine/sources/effect_editor_wireframe_accumulation.cpp
md5	15eef6f1fdf8b070dd27cdce61db5132	vostok/render/engine/sources/effect_editor_wireframe_accumulation.h
md5	22351358fdb739d8098495124f551078	vostok/render/engine/sources/effect_environment_probe_lighting.h
md5	fb48890abc555d139e63c4d3ccf76b4f	vostok/render/engine/sources/effect_exponential_volume_fog.cpp
md5	d1acb06a6a8bc0357ab49662fd99e89d	vostok/render/engine/sources/effect_exponential_volume_fog.h
md5	86a1350d127be76e971957e53be6de56	vostok/render/engine/sources/effect_eye_adaptation.cpp
md5	f2d0b4b36429f642ef798722709a9c04	vostok/render/engine/sources/effect_eye_adaptation.h
md5	4f394468a0487e2718a8397e01aa4887	vostok/render/engine/sources/effect_fill_environment_probe_face.cpp
md5	3546f1ccfa3d7a7e2449c10c3067e362	vostok/render/engine/sources/effect_fill_environment_probe_face.h
md5	b6c6304ac0c86ab763ad13f29cd3d99d	vostok/render/engine/sources/effect_fill_reflective_shadow_map.cpp
md5	1d34ee0c13464d31106001395fce7ef2	vostok/render/engine/sources/effect_fill_reflective_shadow_map.h
md5	815fad5cb3021721c293434b8088c353	vostok/render/engine/sources/effect_fill_sky_ao_map.cpp
md5	e02e8b211c875c6f9831f06bd3d151b4	vostok/render/engine/sources/effect_fill_sky_ao_map.h
md5	ef0c6590a448ca313217aa82e9a4112d	vostok/render/engine/sources/effect_fix_irradiance_texture.cpp
md5	f6038292d4da2e9f3c728822480c9b08	vostok/render/engine/sources/effect_fix_irradiance_texture.h
md5	28c3a9b1966853a8e0fe619e91b98c55	vostok/render/engine/sources/effect_forward_system.cpp
md5	72a6e2dfc5755d4227ee7082c73a2584	vostok/render/engine/sources/effect_forward_system.h
md5	23369becc26db9dc1aa379c67b2eb77f	vostok/render/engine/sources/effect_fstage_blend_subuv_materials.cpp
md5	4b751fe61b9b11e16bc7b6b19895606e	vostok/render/engine/sources/effect_fstage_blend_subuv_materials.h
md5	d11422b6d0dae400e59bfb1bff462fec	vostok/render/engine/sources/effect_fstage_default_materials.cpp
md5	e591ea8463e5f6e075188f2fe03c49ee	vostok/render/engine/sources/effect_fstage_default_materials.h
md5	74cfd6839de4eb7fa66a259733b94a7b	vostok/render/engine/sources/effect_fstage_default_view_angle_dependent_materials.cpp
md5	e8dcda0fb732556571ef2c1796cbae5f	vostok/render/engine/sources/effect_fstage_default_view_angle_dependent_materials.h
md5	ba3dfe18650c0a425c2d58653dbd123f	vostok/render/engine/sources/effect_fstage_fire_fresnel_materials.cpp
md5	657c79227cbec702c17c0ca818f39893	vostok/render/engine/sources/effect_fstage_fire_fresnel_materials.h
md5	47338cd2292837dee1b106c1785a41db	vostok/render/engine/sources/effect_fstage_simpe_water_materials.cpp
md5	ff397d1e3a3dbb0413cc84228715b039	vostok/render/engine/sources/effect_fstage_simpe_water_materials.h
md5	eda90427fece8c3bc1fceb9b1d4b0066	vostok/render/engine/sources/effect_fstage_sky_materials.cpp
md5	e5df4cd85a27caca683432cdd0711539	vostok/render/engine/sources/effect_fstage_sky_materials.h
md5	a3c92c599ce4e8174138301bbbeb7853	vostok/render/engine/sources/effect_fstage_smoke_custom_lighted_materials.cpp
md5	0e0610f849f412f4ef97be14345dac2a	vostok/render/engine/sources/effect_fstage_smoke_custom_lighted_materials.h
md5	b11b1b31b8635f45d7a5b40f81cd3efb	vostok/render/engine/sources/effect_fstage_soft_materials.cpp
md5	0fcb53b0a0e39318e22c750e9eea0087	vostok/render/engine/sources/effect_fstage_soft_materials.h
md5	49a830622ced0dfff76857ebfb8eed0b	vostok/render/engine/sources/effect_fstage_volume_cone_base_materials.cpp
md5	95dca753ace06083e4f55e9baf89a464	vostok/render/engine/sources/effect_fstage_volume_cone_base_materials.h
md5	10d331034ef698e13c322be1ee43fc57	vostok/render/engine/sources/effect_fstage_volume_sphere_base_materials.cpp
md5	56e31c64a79b7ae243f9c77b22ae173e	vostok/render/engine/sources/effect_fstage_volume_sphere_base_materials.h
md5	554640ae5d386e39537f3d7bac2f18d0	vostok/render/engine/sources/effect_gather_bloom.cpp
md5	7db71e30f65ba5baccdf55267c37407c	vostok/render/engine/sources/effect_gather_bloom.h
md5	c052710ec2e783ca3f7ca592be240b1b	vostok/render/engine/sources/effect_gather_luminance.cpp
md5	6ad57ed4d5a1fdbf2433c87c8e110495	vostok/render/engine/sources/effect_gather_luminance.h
md5	13dbb5e00ba354d520585bfae90f6154	vostok/render/engine/sources/effect_gather_luminance_histogram.cpp
md5	b45856f93f638b74189c69096893dac0	vostok/render/engine/sources/effect_gather_luminance_histogram.h
md5	63126a4c060383584ec49ca948ebaf83	vostok/render/engine/sources/effect_gbuffer_depth.cpp
md5	cfab214ffd4ee9ac9ec5ea731d3ae661	vostok/render/engine/sources/effect_gbuffer_depth.h
md5	d15ed7670faaf2918c6a79260e1d7d7b	vostok/render/engine/sources/effect_gbuffer_nomaterial_materials.cpp
md5	658f91c23f64207064f7c6fb103e69e9	vostok/render/engine/sources/effect_gbuffer_nomaterial_materials.h
md5	75595e77e0d3ba4284973c4f99a81987	vostok/render/engine/sources/effect_god_rays.cpp
md5	1046f2e9e36b72036646c646ed32f3dd	vostok/render/engine/sources/effect_god_rays.h
md5	507e00c824c4da55b1f8e84c87b6af95	vostok/render/engine/sources/effect_grass_trample.cpp
md5	73f8ee2321e9ca195be12759ee130b14	vostok/render/engine/sources/effect_grass_trample.h
md5	e57c4bce66f71e808df8ef7a25433eab	vostok/render/engine/sources/effect_gstage_burning_wood_materials.cpp
md5	2dfb3a998aa4bfcd169229d85e3d13a1	vostok/render/engine/sources/effect_gstage_burning_wood_materials.h
md5	da94cb3e8636d4e4531387208e129086	vostok/render/engine/sources/effect_gstage_default_materials.cpp
md5	7fe7e0c54c2e0c1debd03ce0b44fff43	vostok/render/engine/sources/effect_gstage_default_materials.h
md5	107064c20172a3923433591cb13a8238	vostok/render/engine/sources/effect_gstage_terrain_materials.cpp
md5	21c6e3ffa43d706ffc519cb415df0771	vostok/render/engine/sources/effect_gstage_terrain_materials.h
md5	3c3b14ea303a634fd31595c5ac558b3c	vostok/render/engine/sources/effect_hiz_occlusion.cpp
md5	a1fbed5cc69a1503bfc8c53779e9004e	vostok/render/engine/sources/effect_hiz_occlusion.h
md5	e3accdb07d4b06826a5a5832a3ddb9ea	vostok/render/engine/sources/effect_image_space_reflections.cpp
md5	e27caa1dea2ea25f1006f27950ceba4a	vostok/render/engine/sources/effect_image_space_reflections.h
md5	b93850f80d0e4eb5fa9d1ac2fa4d1568	vostok/render/engine/sources/effect_lens_flares.cpp
md5	0161896a90e075215f5a514f484c8fc8	vostok/render/engine/sources/effect_lens_flares.h
md5	025eebea1458d3636f0e25d7600a9a81	vostok/render/engine/sources/effect_light_direct.h
md5	32152e78be00517b63bff398235f7b76	vostok/render/engine/sources/effect_light_mask.cpp
md5	40213ad20ddb1a1048e74798416010a3	vostok/render/engine/sources/effect_light_mask.h
md5	a12c33502fbaa7da11e553154f9d69f1	vostok/render/engine/sources/effect_light_propagation_volumes.cpp
md5	95c631a493f8d9e4290787ff96369e8d	vostok/render/engine/sources/effect_light_propagation_volumes.h
md5	9fac6047480cfd7687b62338196176b7	vostok/render/engine/sources/effect_lighting_stage_default_materials.cpp
md5	5c5abb0e1789695abc24ad4d653a3edd	vostok/render/engine/sources/effect_lighting_stage_default_materials.h
md5	33907bd242d64f75c1797d5129729e18	vostok/render/engine/sources/effect_lighting_stage_organic_base_materials.cpp
md5	d8dfc1d97f958c0a5b4ba8939717edcb	vostok/render/engine/sources/effect_lighting_stage_organic_base_materials.h
md5	a32c094bfb2c5b71f1924ad5e0375da2	vostok/render/engine/sources/effect_lighting_stage_skin_base_materials.cpp
md5	cabbf0d4bcea2af3b962ad64c7581a5d	vostok/render/engine/sources/effect_lighting_stage_skin_base_materials.h
md5	21b680157ef2bf90c05db90b1d5ddee5	vostok/render/engine/sources/effect_material_base.cpp
md5	34fa482b1b622156eb688ff228605f42	vostok/render/engine/sources/effect_material_base.h
md5	a52c9ba93b9462474f1959092d2fb946	vostok/render/engine/sources/effect_motion_blur.cpp
md5	766a3aa09f1f1339d97de9322542ab54	vostok/render/engine/sources/effect_motion_blur.h
md5	8bfed90a7182b4737dc98ce20f571030	vostok/render/engine/sources/effect_motion_vectors_accumulation.cpp
md5	269895a026d6b23c429c2401f1dd2c5e	vostok/render/engine/sources/effect_motion_vectors_accumulation.h
md5	4915691941a1b7ab0add4d16be79e662	vostok/render/engine/sources/effect_olta.cpp
md5	1a2ed4eeb9a51b5c36920cac51c4969b	vostok/render/engine/sources/effect_olta.h
md5	0a1e5839f4d05e9049d655121db691cb	vostok/render/engine/sources/effect_particle_selection.cpp
md5	e5ab5b2033ca90577b632f43788b1379	vostok/render/engine/sources/effect_particle_selection.h
md5	de4b8bc4b4e6070a7d71b260599354c0	vostok/render/engine/sources/effect_post_process_blend_texture_materials.cpp
md5	be9824a9204af4fd90b668bb40cdc873	vostok/render/engine/sources/effect_post_process_blend_texture_materials.h
md5	27d68f06c8033eb4aa00c0e5318b08a0	vostok/render/engine/sources/effect_post_process_distortion_materials.cpp
md5	1ccce910e0f777f9abc51cb8e7d1f3d4	vostok/render/engine/sources/effect_post_process_distortion_materials.h
md5	fac3151d8aebaedfc202008a80f2f46f	vostok/render/engine/sources/effect_post_process_downsample_frame.cpp
md5	58c3b4512ad780d1b1a10e874a96b2ca	vostok/render/engine/sources/effect_post_process_downsample_frame.h
md5	5f5d2e38a6bb0b0d7cd698af8d9cdad1	vostok/render/engine/sources/effect_post_process_fxaa.cpp
md5	b5d7e8066777dcddae27f9378e5e1ccc	vostok/render/engine/sources/effect_post_process_fxaa.h
md5	06aafff52932b0ad895166157676ca26	vostok/render/engine/sources/effect_post_process_mlaa.cpp
md5	07c21803550397f13c08093a8d362731	vostok/render/engine/sources/effect_post_process_mlaa.h
md5	83b97c55e59d4b7c103e2367085ccb59	vostok/render/engine/sources/effect_post_process_sharpen.cpp
md5	7572fbac0fd86edb0d1ff2e77b435c24	vostok/render/engine/sources/effect_post_process_sharpen.h
md5	6dc3e67d837a917cab006b72c4656ef0	vostok/render/engine/sources/effect_post_process_sraa.cpp
md5	720361f93f9b287abf1b7f3b808f2daf	vostok/render/engine/sources/effect_post_process_sraa.h
md5	8a8cd583b1f048c0c5a07deb01688935	vostok/render/engine/sources/effect_post_process_terrain_debug_materials.cpp
md5	b390ce62efbec512bee2a0c1d32aed4d	vostok/render/engine/sources/effect_post_process_terrain_debug_materials.h
md5	6a64b7f2126f303e00ed2c994a32bbf5	vostok/render/engine/sources/effect_rain.cpp
md5	b62de62e428410a5936e3b0ae2b83923	vostok/render/engine/sources/effect_rain.h
md5	3dba97b74cf78e6886c0a990f06f98f0	vostok/render/engine/sources/effect_read_cloud_base.cpp
md5	e7f4c80735b4716b9004b7a81e842f9e	vostok/render/engine/sources/effect_read_cloud_base.h
md5	94a64dd9b274362cb77deed370d57711	vostok/render/engine/sources/effect_reflection_mask.cpp
md5	4dbaa760ca262f347b3a4579cb312044	vostok/render/engine/sources/effect_reflection_mask.h
md5	26e690966c2abf3545a9c4019838c1e8	vostok/render/engine/sources/effect_resolve_lighting.cpp
md5	7c31db102783861971d8c219f798595c	vostok/render/engine/sources/effect_resolve_lighting.h
md5	9d1c89a115e2fc7d0edd070269792d3b	vostok/render/engine/sources/effect_shadow_map.cpp
md5	1cc0ba85cde478b4d72ed5e06987fae8	vostok/render/engine/sources/effect_shadow_map.h
md5	1eafb6dc6beffdbe963ca77088f13044	vostok/render/engine/sources/effect_sky_ambient_occlusion.h
md5	5a70c1bc6a80787bd6fe0f13ee176b80	vostok/render/engine/sources/effect_sky_sphere_default_materials.cpp
md5	cd6268f3d83844ab67ba702fa7b2438a	vostok/render/engine/sources/effect_sky_sphere_default_materials.h
md5	eeead799e810527505cf64284ac33288	vostok/render/engine/sources/effect_skylight.cpp
md5	2e6ca535033b14a4208ca5a4496d9c5b	vostok/render/engine/sources/effect_skylight.h
md5	f48057a4e9d0a21170d157926d3312e1	vostok/render/engine/sources/effect_speedtree_selection.cpp
md5	9523b3ad519a9fe8f231f32bd91d9682	vostok/render/engine/sources/effect_speedtree_selection.h
md5	03c0663d6a8446d1aecff1144ec542c9	vostok/render/engine/sources/effect_ssao_accumulation.cpp
md5	c6a41e271291e2c365a35e925068636d	vostok/render/engine/sources/effect_ssao_accumulation.h
md5	27fef24348f5325dee91fd97ffe57c96	vostok/render/engine/sources/effect_ssao_downsample_position_and_normal.cpp
md5	91e90455e991f06753d834c06c648417	vostok/render/engine/sources/effect_ssao_downsample_position_and_normal.h
md5	7ce10a018bfb83fb5e9316b846d8c43a	vostok/render/engine/sources/effect_ssao_filter4x4.cpp
md5	cce713e5d871590c41f96595efb014e3	vostok/render/engine/sources/effect_ssao_filter4x4.h
md5	8978df65456236f16360b9e8992383a0	vostok/render/engine/sources/effect_sun.cpp
md5	5524959eab778c1da14395838019694a	vostok/render/engine/sources/effect_sun.h
md5	316f619a4ec6c23e0afd9b41e8853720	vostok/render/engine/sources/effect_system_colored.cpp
md5	2ec4ad0b16d94f52e498f16a1ea3b012	vostok/render/engine/sources/effect_system_colored.h
md5	05056a32d5677d123c9c914c6b0dd4f3	vostok/render/engine/sources/effect_system_line.cpp
md5	69d1d4700f6cf87a8375ddee63e79cc9	vostok/render/engine/sources/effect_system_line.h
md5	bb189a020cf071323d57bbd172ba2e03	vostok/render/engine/sources/effect_system_ui.cpp
md5	ede555d9ca8bc39a29a120fb537cc1dc	vostok/render/engine/sources/effect_system_ui.h
md5	b600309d89657f2fd8252ed47d257d81	vostok/render/engine/sources/effect_temporal_antialiasing.cpp
md5	84b0641b2249e37ce0f6be5876df624a	vostok/render/engine/sources/effect_temporal_antialiasing.h
md5	7a6022ba3c68b8d9dc2a64fa1cbf4728	vostok/render/engine/sources/effect_translucency.cpp
md5	e76b810d07c4d2004894d5de3129d075	vostok/render/engine/sources/effect_translucency.h
md5	e62af54471b1aea990e9d1570bce5993	vostok/render/engine/sources/effect_wet_surface.cpp
md5	9ac8c7e5ee3881275e98751d747cd1d5	vostok/render/engine/sources/effect_wet_surface.h
md5	185da88d35070e62d54a540afe963ec6	vostok/render/engine/sources/effect_wireframe_colored.cpp
md5	2fb477675c998a77af34987f30ad47f1	vostok/render/engine/sources/effect_wireframe_colored.h
md5	a62a5cd6319a0e2b616ca3ed782dea02	vostok/render/engine/sources/environment_probe.cpp
md5	360a19d7e9a09f40c66f73d7be09be47	vostok/render/engine/sources/environment_probe.h
md5	9a9f317cd4c687ad766565279b0cd047	vostok/render/engine/sources/fog_box_geometry.cpp
md5	d9c59c06b92f3a2d40a6de55768399f0	vostok/render/engine/sources/fog_box_geometry.h
md5	e49642324e299e59649208f5cdf5fbe3	vostok/render/engine/sources/geometry_type.h
md5	8d4e8dc5be026d2bf40ec8ccf4c653ea	vostok/render/engine/sources/gpu_synchronizer.h
md5	066ee9febef26069fea51f464532504a	vostok/render/engine/sources/grass_cook.cpp
md5	999cd1a0702d8340f1fbdc794e3bad45	vostok/render/engine/sources/grass_cook.h
md5	e1bf683d089d632d3a8ef5be4f346b45	vostok/render/engine/sources/grass_instance.cpp
md5	74ff350c5739ce4310e1274bd9198389	vostok/render/engine/sources/grass_instance.h
md5	9c1ba3c3219970a9b49f67516fe7c5e1	vostok/render/engine/sources/grass_patch.cpp
md5	6f434d37a72e697de6479fce38eb5062	vostok/render/engine/sources/grass_patch.h
md5	5903b98b8c70a430b60e53d20f628bd9	vostok/render/engine/sources/grass_source_vertex.h
md5	654e2a8cfe63ef79cae36bbacec1d0af	vostok/render/engine/sources/grass_template.cpp
md5	859809952d3c6a53e9e46876865402e8	vostok/render/engine/sources/grass_template.h
md5	2fea21916780ec86c5512a64b73298fc	vostok/render/engine/sources/grass_world.cpp
md5	47bbdb8ac1c27ad6ae96a1321142315a	vostok/render/engine/sources/grass_world.h
md5	911f14a7ecc6ca5764876a0ae7112abe	vostok/render/engine/sources/help_math.h
md5	c859ed952e99f4fa0f9cb874ca8ec454	vostok/render/engine/sources/hw_hiz_occlusion_manager.cpp
md5	483b771dea3d071bd3e53204b6e727e7	vostok/render/engine/sources/hw_hiz_occlusion_manager.h
md5	6c0b284664e11fd5fcbf741e54dc3852	vostok/render/engine/sources/hw_hiz_point_list.cpp
md5	769d18fb7f4a905aa7a23ab5056fd043	vostok/render/engine/sources/hw_hiz_point_list.h
md5	8b94b7ab2776c91f7e2235e98c0fdf5d	vostok/render/engine/sources/light.cpp
md5	634bb52566ec11dbe3283d59c68c4c1b	vostok/render/engine/sources/light.h
md5	f4a12a75eabb257b73cd47bb8b802bce	vostok/render/engine/sources/lights_db.cpp
md5	00340a3840242afbd253e1f20118f1aa	vostok/render/engine/sources/lights_db.h
md5	2ddae056bb504e62ca9a34f3ca2f8de0	vostok/render/engine/sources/lpv_batched_geometry.cpp
md5	3c20038c8123ae0a05ea0a623b177a08	vostok/render/engine/sources/lpv_batched_geometry.h
md5	a0dea70c054eaa45c019608231205884	vostok/render/engine/sources/material.cpp
md5	f4883c177548f7a397331d831f2a5308	vostok/render/engine/sources/material.h
md5	cb0bfb0fcb29117c6194f6b579e9dac0	vostok/render/engine/sources/material_cook.cpp
md5	57eaa8bdddfb38b5380c6a3259c5d640	vostok/render/engine/sources/material_cook.h
md5	ac634556712f4bddd1298aba9e2a7402	vostok/render/engine/sources/material_effects.cpp
md5	8914666d85f315a53591766cee025f6f	vostok/render/engine/sources/material_effects.h
md5	d1c782b4853fceb791f603100d2a1b8d	vostok/render/engine/sources/material_effects_instance_cook.cpp
md5	1fb2b3514b4a3b6de9ab8910a536334a	vostok/render/engine/sources/material_effects_instance_cook.h
md5	552115f876d57cac73cc92c0c74f5da1	vostok/render/engine/sources/material_manager.cpp
md5	5a90bf1344af9a3c306bce236ed18db5	vostok/render/engine/sources/material_manager.h
md5	669102e53d0deb94bb9c76d42d165532	vostok/render/engine/sources/model_converter.h
md5	baea42e1e54baaaad99000937b2783fd	vostok/render/engine/sources/model_cooker.cpp
md5	631476f2ce33a21cc1a4c9a084eac1bd	vostok/render/engine/sources/model_cooker.h
md5	41d0917ec8fe14c47b389c02da7a77df	vostok/render/engine/sources/model_manager.cpp
md5	96da0cfbd4525d673e04efc4b1f2b0b9	vostok/render/engine/sources/model_manager.h
md5	2b58c9fc0e56ce24db94242d96a61524	vostok/render/engine/sources/moon_position.h
md5	413e88af388b418a43e87bdc84bea250	vostok/render/engine/sources/obb_light_effect.h
md5	a3266b4e425da8fa56afe7673f05c97b	vostok/render/engine/sources/organic_lighting_passes.h
md5	5180eb3491daf56b0c8ffa3d7f45ac1b	vostok/render/engine/sources/pch.cpp
md5	0786516288bb83e0e673a543a4a19eed	vostok/render/engine/sources/pch.h
md5	57701fbff2b4d995fc58e19f0b9a78f2	vostok/render/engine/sources/perlin_noise.cpp
md5	b6cee951d56338edeac16ca5f2335d1f	vostok/render/engine/sources/perlin_noise.h
md5	7a33ed1dacbeb4bd4c34bc833ab48b15	vostok/render/engine/sources/plane_spot_light_effect.h
md5	6b678d9bbd972aefca2e49912df5f118	vostok/render/engine/sources/point_light_effect.h
md5	4f308c59494a7692dd134558e1366325	vostok/render/engine/sources/portal_sector_structure_cook.cpp
md5	d078ff631855f892f509545808a11924	vostok/render/engine/sources/portal_sector_structure_cook.h
md5	07885b8b57a5eba982065566a0b3d9bd	vostok/render/engine/sources/portal_sector_system.cpp
md5	190422c8323f82cd224486bdda2af28d	vostok/render/engine/sources/portal_sector_system.h
md5	0dc27fe236aca3369506efac0634a146	vostok/render/engine/sources/possible_sectors_holder.h
md5	68ccfbd61ef1d0c4b74c4f493cbc58c2	vostok/render/engine/sources/post_process_parameters.cpp
md5	3673c298583ad40ae3bc437a661df479	vostok/render/engine/sources/post_process_parameters.h
md5	0fc510467e7684d1d6c5331d3d8f91a6	vostok/render/engine/sources/radiance_volume.cpp
md5	ef11e243bcd827cf0f9ac7c65ccee6ed	vostok/render/engine/sources/radiance_volume.h
md5	4b37d9a5ac4ccf91f2f971ccf2e9ea00	vostok/render/engine/sources/ray.h
md5	25bfc13be1044a04ac8c02a2c8a387ee	vostok/render/engine/sources/register_effect_descriptors.h
md5	3e9166dd78e4d563c3ed9f394def48ff	vostok/render/engine/sources/register_samplers.cpp
md5	946b7fab074b4fe824eb9658a07c332d	vostok/render/engine/sources/register_samplers.h
md5	df5a601e5eeecc9d8db4b21fd121eeb9	vostok/render/engine/sources/render_collision_object.h
md5	8372dc18a20c7b017e2e50fc726462ce	vostok/render/engine/sources/render_engine_world_pc_dx11.cpp
md5	b28656511e702f2add245b6a40bbe810	vostok/render/engine/sources/render_model.cpp
md5	b9120ac5bcf86ef1c6d325b861c7dc09	vostok/render/engine/sources/render_model.h
md5	e07100441486b7b5d4a145f4fefa14a6	vostok/render/engine/sources/render_model_composite.h
md5	bde34771be0c72ce9eaa5a4beaf1c332	vostok/render/engine/sources/render_model_cooker.cpp
md5	b5593ae7f8c634ac7a45b10020ac2c53	vostok/render/engine/sources/render_model_cooker.h
md5	207e97d4c59fe8d62643647b139bc96b	vostok/render/engine/sources/render_model_grass.cpp
md5	ee6bc41e67ec2dc6dd385dbd2267a5c4	vostok/render/engine/sources/render_model_grass.h
md5	ac7ee60ba33084fa68ef797c10fb20f4	vostok/render/engine/sources/render_model_skeleton.cpp
md5	276a6efb6eb775eada7d99265ab6b8cf	vostok/render/engine/sources/render_model_skeleton.h
md5	012595cb9452546ed0b54d3c24ae3f9d	vostok/render/engine/sources/render_model_static.cpp
md5	a0337aef198be89c48ca42995ff6b72d	vostok/render/engine/sources/render_model_static.h
md5	0ea6044d12789c2b4b45cdcac674989f	vostok/render/engine/sources/render_model_user.cpp
md5	70ff97d0896dd8884f3b7b2d6e45e1ce	vostok/render/engine/sources/render_model_user.h
md5	9050d2d923e9e9a7ccd672cc3082e002	vostok/render/engine/sources/render_output_window.cpp
md5	b3c207fc8ce0b7a3777ba2f6db3ba190	vostok/render/engine/sources/render_output_window.h
md5	a2de5d5724776f9c2655ba39d1ca871f	vostok/render/engine/sources/render_output_window_cook.cpp
md5	23c0e8bde660a15623df948f851c07ea	vostok/render/engine/sources/render_output_window_cook.h
md5	6743e8b38367219f8a9b184644ea616d	vostok/render/engine/sources/render_particle_emitter_instance.cpp
md5	7a61ff4349176c61b4a79fba2c424a89	vostok/render/engine/sources/render_particle_emitter_instance.h
md5	84b74f90bd26274980c503cbc808632c	vostok/render/engine/sources/renderer.cpp
md5	1632352630ca075b10c004df25f93521	vostok/render/engine/sources/renderer.h
md5	21849f52274a539d43529d993d3f4e11	vostok/render/engine/sources/renderer_context.cpp
md5	499c28da71afa49c334ca3b0ebf596b9	vostok/render/engine/sources/renderer_context.h
md5	dd37ac424559460daf4cb91ecfd64e98	vostok/render/engine/sources/renderer_context_targets.cpp
md5	595a8369ed9cde916e34dfe144e5ec5b	vostok/render/engine/sources/renderer_context_targets.h
md5	72e54d39c4ded252e4cab1d284445be4	vostok/render/engine/sources/renderer_picking_luminance.cpp
md5	d53e211444e4a82a55864927239beed8	vostok/render/engine/sources/renderer_probes_and_ao.cpp
md5	a8042676da95ea80b50e5d935904109a	vostok/render/engine/sources/renderer_register_effects.cpp
md5	74d0c937c5df295d4580847611a36b06	vostok/render/engine/sources/scene.cpp
md5	8336a55a8425a3f8aa7a45eceafdc605	vostok/render/engine/sources/scene.h
md5	47f40ed1e2741efe8896438b39b5acc5	vostok/render/engine/sources/scene_cook.cpp
md5	d21ec15a71b7fbedc2a67c1fd980c6c3	vostok/render/engine/sources/scene_cook.h
md5	e9267c0852661785a9b325f9759ce02c	vostok/render/engine/sources/scene_manager.cpp
md5	c3295563b4de6f95038856f52915f909	vostok/render/engine/sources/scene_manager.h
md5	44ebc712b97ff0629786d1171453ac36	vostok/render/engine/sources/scene_view.cpp
md5	e8df1a54b36dedeba9b1eeec25ae0c50	vostok/render/engine/sources/scene_view.h
md5	0e6bcab8fc561cb7f55cfd66ee8a7750	vostok/render/engine/sources/scene_view_cook.cpp
md5	62a7da6f584359abbad95f3b4e9e7bef	vostok/render/engine/sources/scene_view_cook.h
md5	91b7b83e6adf920d4fb9f608a9c29bb8	vostok/render/engine/sources/sector_double_query_preventer.cpp
md5	3c208dc53bfb14373873262f7f1e512a	vostok/render/engine/sources/sector_double_query_preventer.h
md5	ad5f55b1c30ffc6ce0f89056b26c0110	vostok/render/engine/sources/shadow_batched_geometry.cpp
md5	56c67d728ee5d6b4340b14e644bc44e6	vostok/render/engine/sources/shadow_batched_geometry.h
md5	5d349c140f59024ba723e616d6a2472d	vostok/render/engine/sources/shadow_cascade_volume.h
md5	561d9e3d3b6b354b53d3e0d74988e244	vostok/render/engine/sources/shared_names.h
md5	57ea7bc39c590c9ab5ca34c6d5802b65	vostok/render/engine/sources/skeleton_mesh_gpu_skinning_1weight.cpp
md5	a699b14d96e0b0ad7028cf03a6ea0a90	vostok/render/engine/sources/skeleton_mesh_gpu_skinning_1weight.h
md5	dc8cf8591c16daa455fdb3ebce1f7c0a	vostok/render/engine/sources/skeleton_mesh_gpu_skinning_2weights.cpp
md5	29838f28ba88a29efa91fa4275d1990e	vostok/render/engine/sources/skeleton_mesh_gpu_skinning_2weights.h
md5	2cec3965670232e0f42e5ca99e8956b7	vostok/render/engine/sources/skeleton_mesh_gpu_skinning_3weights.cpp
md5	393f505c6000e39b9ffa28475824e53f	vostok/render/engine/sources/skeleton_mesh_gpu_skinning_3weights.h
md5	5f9851feca28b7218d08f3724aa4cdcd	vostok/render/engine/sources/skeleton_mesh_gpu_skinning_4weights.cpp
md5	ca134b77b48c17b56a898ce9a14c1d2b	vostok/render/engine/sources/skeleton_mesh_gpu_skinning_4weights.h
md5	e15f956aaa538ab1f0bd914f34c27dd6	vostok/render/engine/sources/sky_ambient_occlusion.cpp
md5	a2a8800b42310ce95e375a6eda1e2f73	vostok/render/engine/sources/sky_ambient_occlusion.h
md5	8841882d53183c6f2a096b9d822c4b0c	vostok/render/engine/sources/sky_default_material_effect.cpp
md5	59b15e4dc0cc5e888e12740056549dcb	vostok/render/engine/sources/sky_default_material_effect.h
md5	34c2dd9955fc648c86cb8abead12256f	vostok/render/engine/sources/sky_dome_geometry.cpp
md5	9ad6428693a811ed54015c2b5241656a	vostok/render/engine/sources/sky_dome_geometry.h
md5	713b20128c7b4f52aa8808eafa890fae	vostok/render/engine/sources/speedtree.cpp
md5	c90811bac6ade783ce4454f9ab3a07cf	vostok/render/engine/sources/speedtree.h
md5	01f291485d8da85647e9500b05bdeb35	vostok/render/engine/sources/speedtree_convert_type.cpp
md5	61c080554dbd6c6a8024a5d8a0b395fa	vostok/render/engine/sources/speedtree_convert_type.h
md5	54bd9d29f06e640883baf8132fc2882a	vostok/render/engine/sources/speedtree_cook.cpp
md5	e95318b7f2965cba3135355519e9468f	vostok/render/engine/sources/speedtree_cook.h
md5	c1417a552253bdb4ffa23d9173b9cf6d	vostok/render/engine/sources/speedtree_forest.cpp
md5	1586f20b0dffcf70d31a4f3b2e2f30c4	vostok/render/engine/sources/speedtree_forest.h
md5	643ed025847a933a8b2495d157eaf286	vostok/render/engine/sources/speedtree_instance_impl.cpp
md5	7bea98cdb75d99da1a9f263c07de8792	vostok/render/engine/sources/speedtree_instance_impl.h
md5	76baf6ad5ff5e8bb963c52a6c569fd5a	vostok/render/engine/sources/speedtree_shader_parameters.cpp
md5	5ed63564ee116ff875011c1c18b466a6	vostok/render/engine/sources/speedtree_shader_parameters.h
md5	71961a559b3adeb346effbc1c16186ab	vostok/render/engine/sources/speedtree_tree.cpp
md5	bf316d0a856bcb995225d1a98cefd16a	vostok/render/engine/sources/speedtree_tree.h
md5	83ca934a47b69e0f3ba26e402073ffda	vostok/render/engine/sources/speedtree_tree_component_billboard.cpp
md5	18458a06d3753c43085b6a165f99b9a4	vostok/render/engine/sources/speedtree_tree_component_billboard.h
md5	90347d0fc248a028cfcc85e815a40b19	vostok/render/engine/sources/speedtree_tree_component_branch.cpp
md5	4b1092a6d43d31d219db59223eb26a2f	vostok/render/engine/sources/speedtree_tree_component_branch.h
md5	804a1dbbad171943aa218e6bbe4dbd06	vostok/render/engine/sources/speedtree_tree_component_frond.cpp
md5	a40d0a8005c95953c81abfd1bb0e0a91	vostok/render/engine/sources/speedtree_tree_component_frond.h
md5	3bce27a36a43b37e29713be43e8c3dd3	vostok/render/engine/sources/speedtree_tree_component_leafcard.cpp
md5	972afaca38a18b67efa311e333d18cab	vostok/render/engine/sources/speedtree_tree_component_leafcard.h
md5	6573dc96c8ebe1721049779bee4e2cda	vostok/render/engine/sources/speedtree_tree_component_leafmesh.cpp
md5	f8fac70d19dfaa71888e807c5a2ba0c5	vostok/render/engine/sources/speedtree_tree_component_leafmesh.h
md5	ea2d30beb070f84d4f01b4150d493953	vostok/render/engine/sources/sphere_geometry.cpp
md5	f1539736f8e933741ec3ca78ac4ea14a	vostok/render/engine/sources/sphere_geometry.h
md5	03650ab4b638dd8988ce5d015724a779	vostok/render/engine/sources/sphere_light_effect.h
md5	5ab657995f5b7e8e6926b42e0c7680f6	vostok/render/engine/sources/sphere_occluder_geometry.cpp
md5	15c8fe5ba8f6966e5c53da85e3ab7326	vostok/render/engine/sources/sphere_occluder_geometry.h
md5	241a28fd0377b2e1f5132f5e486fceaf	vostok/render/engine/sources/spot_light_effect.h
md5	3dee4ca6da0e65c18a5cddce9ed72978	vostok/render/engine/sources/stage.cpp
md5	21f6d122f5fea5ca398d28958d25d8e4	vostok/render/engine/sources/stage.h
md5	6bef462b28375a244e64dd096be15a12	vostok/render/engine/sources/stage_accumulate_distortion.cpp
md5	37173fd1ae84a56ee0c40f4c314a9e7f	vostok/render/engine/sources/stage_accumulate_distortion.h
md5	f916821dca0193a956fd2a2361028fce	vostok/render/engine/sources/stage_ambient_lighting.cpp
md5	cf3b9669a400a537835b06ce9407c6c6	vostok/render/engine/sources/stage_ambient_lighting.h
md5	0a7590133c06b33627eff8e6cfb0eec9	vostok/render/engine/sources/stage_ambient_occlusion.cpp
md5	6ddcd9379447daa4c1a410ba9c62297b	vostok/render/engine/sources/stage_ambient_occlusion.h
md5	710078906a496a3a6478899b318c8c67	vostok/render/engine/sources/stage_apply_distortion.cpp
md5	73271099ebc76baccc04c99b731b05a7	vostok/render/engine/sources/stage_apply_distortion.h
md5	6da24c252bd4376eca79dbbe348853a3	vostok/render/engine/sources/stage_atmosphere.cpp
md5	42cf229675faa8c6ed9ec94f2c5b6625	vostok/render/engine/sources/stage_atmosphere.h
md5	dd3eaa1f5b62da3d8defd2616b47af41	vostok/render/engine/sources/stage_clouds.cpp
md5	a61658b0d119cbfeb7a2c0114bf1d4be	vostok/render/engine/sources/stage_clouds.h
md5	bde4f23752282fc522e65dab6c79fb4a	vostok/render/engine/sources/stage_debug.cpp
md5	3d1a36453094f20a01e37a20d3328e53	vostok/render/engine/sources/stage_debug.h
md5	b06f87d2f94d4f7ce2626413399f07dd	vostok/render/engine/sources/stage_decals_accumulate.cpp
md5	4ba546dc7b5661263cda7a5f8f0254ca	vostok/render/engine/sources/stage_decals_accumulate.h
md5	f7062db83ed889956a8d21f95ea8ffd9	vostok/render/engine/sources/stage_forward.cpp
md5	e897bb084274fbadcc59c83a8bdb0057	vostok/render/engine/sources/stage_forward.h
md5	0ea056bc90373f5e63b1f6f11d8d7f28	vostok/render/engine/sources/stage_gbuffer.cpp
md5	ef55bc1b250b4aaf4c86aa8f3ecff301	vostok/render/engine/sources/stage_gbuffer.h
md5	1ec72b552c848519cc3b7e120875f4ce	vostok/render/engine/sources/stage_light_propagation_volumes.cpp
md5	5ef743aaf8052860d004e23aefa12da1	vostok/render/engine/sources/stage_light_propagation_volumes.h
md5	ff930325118daaf729efb837e2e92d6b	vostok/render/engine/sources/stage_lights.cpp
md5	3169513e046111f986d669f531cad15b	vostok/render/engine/sources/stage_lights.h
md5	1af9b4f823108a5db040a95a9b6b60d7	vostok/render/engine/sources/stage_particles.cpp
md5	bee3557e72dc12141d130fc176ad9111	vostok/render/engine/sources/stage_particles.h
md5	39507adbfd364a70308505af821949f0	vostok/render/engine/sources/stage_postprocess.cpp
md5	c8aad3710501f50d3f409dd4a2f3661f	vostok/render/engine/sources/stage_postprocess.h
md5	38168d9a89488be478312a48608c8f84	vostok/render/engine/sources/stage_pre_lighting.cpp
md5	ada26b24e09d20e8e8c5e1969f15a2a7	vostok/render/engine/sources/stage_pre_lighting.h
md5	1f8f7bf8fb082e3333756e368b48f9a7	vostok/render/engine/sources/stage_pre_rain.cpp
md5	955a1b51602ff26735570e31450a2368	vostok/render/engine/sources/stage_pre_rain.h
md5	1f5732ed9be99c77c27d57e8674e9bbb	vostok/render/engine/sources/stage_rain.cpp
md5	db5e5fd75dd0fb10ba156e020cbcd9c1	vostok/render/engine/sources/stage_rain.h
md5	3058b1d7b1d93051d982d87c0c44dc70	vostok/render/engine/sources/stage_resolve_lighting.cpp
md5	60e34f7a5e4330b9de273a50fff497ad	vostok/render/engine/sources/stage_resolve_lighting.h
md5	5ca73890d7ba1253b985ef6a01e8569f	vostok/render/engine/sources/stage_screen_image.cpp
md5	65970208e4bf8ba430d6b35e23d4e716	vostok/render/engine/sources/stage_screen_image.h
md5	d36ad5265f51b8528271a3a54e04d893	vostok/render/engine/sources/stage_shadow_direct.cpp
md5	83cd4373fb6c93b7d890dfc2492a9899	vostok/render/engine/sources/stage_shadow_direct.h
md5	779a562250db5fa5bdd8cb67a7b44e75	vostok/render/engine/sources/stage_sky_sphere.h
md5	80bf7460c6bf6d9b90c42f5805e28e33	vostok/render/engine/sources/stage_skybox.h
md5	69e41a5f1dba310049ef6e8c3ae5de65	vostok/render/engine/sources/stage_sun.cpp
md5	33d94ca2b71bf536c28538b28eb8e3b8	vostok/render/engine/sources/stage_sun.h
md5	680114d412175875f3e6155781d0ed1a	vostok/render/engine/sources/stage_translucency.cpp
md5	2e8f899487bc480aefdbb59008c376e2	vostok/render/engine/sources/stage_translucency.h
md5	45282ef6cd521ff096d21b4714f50320	vostok/render/engine/sources/stage_view_mode.cpp
md5	84f641e3d315c53ad519ec7c4630f9bb	vostok/render/engine/sources/stage_view_mode.h
md5	52a05fc7220c8a3baec9b247f6a01f2e	vostok/render/engine/sources/stage_visibility.cpp
md5	c0d2fb91085306f3a97aaa7c1e800ac3	vostok/render/engine/sources/stage_visibility.h
md5	f69e38cfc21347771c706bf627751ef0	vostok/render/engine/sources/stage_volume_fog.cpp
md5	5ae2e95a0ea62783f04dceb1061666e5	vostok/render/engine/sources/stage_volume_fog.h
md5	70aeb1dca0f4897e825fd96d6edc246d	vostok/render/engine/sources/statistics.cpp
md5	761fc358e0ecd60cbdf329a32b333ec7	vostok/render/engine/sources/statistics.h
md5	db098bda1d82b734c90a3bb0d479ab89	vostok/render/engine/sources/statistics_inline.h
md5	9c3e68d207bdeb201706347154785d2b	vostok/render/engine/sources/streaming.cpp
md5	517bb57e5480b95f387f3d77c5ea0241	vostok/render/engine/sources/streaming.h
md5	01f8e86de3c3898ea125ed1c948963d7	vostok/render/engine/sources/sun_cascade.h
md5	d77a80a3bb5bf37808ab17e6aef9e61a	vostok/render/engine/sources/sun_position.h
md5	abd26d8222f42a97b2417f6e5b6d7781	vostok/render/engine/sources/system_renderer.cpp
md5	b095a5dc1a0831f3a6c59ccaa1aa0f89	vostok/render/engine/sources/system_renderer.h
md5	2539ff898b3c7588630ea9ab9f7e5607	vostok/render/engine/sources/temporal_projection_matrix_modifier.cpp
md5	d9fe5c5be66a0dfcfeff044ce9b33393	vostok/render/engine/sources/temporal_projection_matrix_modifier.h
md5	fd33b7a0740cdb8e5badd39b2c9ca6fb	vostok/render/engine/sources/tracer_model_instance_cook.cpp
md5	138cb4ed5da07aeabf879c7219030eb4	vostok/render/engine/sources/tracer_model_instance_cook.h
md5	9151adb38f43fb37b55eabe7d1da2e1a	vostok/render/engine/sources/vertex_formats.h
md5	5d8049940555f474aa77f341c503df69	vostok/render/engine/vertex_colored.h
md5	8ef9b7f00f9054ced38d925d1973aa79	vostok/render/engine/world.h
md5	6210f83dc693e9a3aad3999e03936361	vostok/render/engine/world_pc.h
md5	4662d6242236a93710ebd8e713b11c0a	vostok/render/facade/ambient_volume_properties.h
md5	22f8592f234284b2cc118880a15843a7	vostok/render/facade/base_command.h
md5	7b0e9f949a958e17a5d67b79b8b916c0	vostok/render/facade/cloud_key.h
md5	ea58e74ca679a900c14f85a04fe0454f	vostok/render/facade/cloud_key_inline.h
md5	9cde05acfd939c53cfd95a41ee9263af	vostok/render/facade/cloud_parameters.h
md5	3be481fa20e0ce30bc881e4323ac0098	vostok/render/facade/cloud_parameters_inline.h
md5	1cd3171deb941d21a8cb342c20ed9037	vostok/render/facade/common_types.h
md5	5025e22c3e7b89d245dbb77126cf4735	vostok/render/facade/cull_mode.h
md5	4551a1d7047cabc915ceb28263ce2320	vostok/render/facade/debug_renderer.h
md5	3fcf7bee9af093527b81cbd3b725624c	vostok/render/facade/decal_properties.h
md5	f1207877e1cf4142edc58a1df7df6b65	vostok/render/facade/decal_properties_inline.h
md5	edacf723f562665bf96ee785ab225c5c	vostok/render/facade/engine_renderer.h
md5	f568504025a6025f52c7ed05e5df6fc7	vostok/render/facade/environment_probe_properties.h
md5	df211cdb1ebe00491a8ce01edd772a0b	vostok/render/facade/game_renderer.h
md5	28a66657e9bdae23d7f6f87fc36baab8	vostok/render/facade/grass.h
md5	b8c80f2be8b30148ef5dcae93fe66c60	vostok/render/facade/library_linkage.h
md5	d59a708f119f167622fedf39901c8b96	vostok/render/facade/light_props.h
md5	93615fbe7363b4551b526c71bdd8f427	vostok/render/facade/material_effects_instance_cook_data.h
md5	eb80df630ba18b401d5d1f21dfa3a99a	vostok/render/facade/model.h
md5	a33845e6fcf9c0d129e9066a5666f67c	vostok/render/facade/one_way_render_channel.h
md5	bff7be1efd3c972cae2e0b81ad8e58aa	vostok/render/facade/one_way_render_channel_inline.h
md5	1c221be3653e1e42845442da646adc24	vostok/render/facade/particles.h
md5	ebb23aa4bc01f4392e2ed4390e0a5892	vostok/render/facade/portal.h
md5	616873a0f07afac5206b7010f28caaa8	vostok/render/facade/portal_sector_structure.h
md5	9f408a606d465cfe29af098c7a8669e0	vostok/render/facade/render_stage_types.h
md5	4629dad151bea5506268f272f19e6a34	vostok/render/facade/scene_renderer.h
md5	0a6c2af20e7f2043f9ca017f04e387fc	vostok/render/facade/scene_view_mode.h
md5	54518fd6638fbca6fb6e84039b8195fe	vostok/render/facade/skeleton_combined_cook_data.h
md5	3bd4c1dedf22936911d0af087897e6d2	vostok/render/facade/sky_ambient_occlusion_properties.h
md5	61261a449bb0b7b2a8921000570b9772	vostok/render/facade/sources/debug_draw_lines_command.cpp
md5	2f107700272b061b6bce7aa094ec9dc7	vostok/render/facade/sources/debug_draw_lines_command.h
md5	c705b15da1c944191ade17d4895550f3	vostok/render/facade/sources/debug_draw_lines_command_inline.h
md5	d3a77d4b07fc661f069ec340cc99cc7e	vostok/render/facade/sources/debug_draw_triangles_command.cpp
md5	593f5924329578365cdebeaf648a5726	vostok/render/facade/sources/debug_draw_triangles_command.h
md5	86b44f3fb2c38c7e168dafa0fc4e195e	vostok/render/facade/sources/debug_draw_triangles_command_inline.h
md5	8660bc1ba417ec30f4a6de53aae4a4ff	vostok/render/facade/sources/debug_renderer.cpp
md5	8e9bca2832354d857841abadde0e27e6	vostok/render/facade/sources/editor_allocator.h
md5	73a39ef7bcd5d9c2be0fe87f0e143846	vostok/render/facade/sources/engine_renderer.cpp
md5	1d9eafec9c256b4a0837e4b02f02b162	vostok/render/facade/sources/functor_command.cpp
md5	e57e0aa78a9e14ab1b5af3adcee79b3e	vostok/render/facade/sources/functor_command.h
md5	3b88e2f25ed17ebd1c5c838940a961c3	vostok/render/facade/sources/functor_with_big_buffer_to_copy_command.h
md5	580b1d1088ff0598609a29d1d7b8f4c7	vostok/render/facade/sources/functor_with_big_buffer_to_copy_command_inline.h
md5	5d28862ed988bc20a12396b471cfb012	vostok/render/facade/sources/game_renderer.cpp
md5	6a8e34e0181a1546a3a6d62396f66818	vostok/render/facade/sources/logic_allocator.h
md5	a4c423060ca5512caa0fd91375cc8c02	vostok/render/facade/sources/one_way_render_channel.cpp
md5	5180eb3491daf56b0c8ffa3d7f45ac1b	vostok/render/facade/sources/pch.cpp
md5	55818554b0b2a9ed71f057e7127339b5	vostok/render/facade/sources/pch.h
md5	7c95ec756129de0d743495a8c064d794	vostok/render/facade/sources/portal_sector_structure.cpp
md5	73e452a39e747031c91e920baab58cd9	vostok/render/facade/sources/render_facade_entry_point.cpp
md5	7d918055e9c7ebf8a33b2f60eb5c3fd9	vostok/render/facade/sources/render_facade_world.cpp
md5	f610783165b06564c9f9d60439e5095a	vostok/render/facade/sources/render_stage_types.cpp
md5	59ecbd69524e64d104b1d7223201af62	vostok/render/facade/sources/scene_renderer.cpp
md5	63363e749288625d6e9457d40aa228de	vostok/render/facade/sources/static_video_info.cpp
md5	d93ddeaf5e7368500732e319fbc9d998	vostok/render/facade/sources/ui_draw_vertices_command.cpp
md5	57d40d30541ae9c9b16fc76c22b1e467	vostok/render/facade/sources/ui_draw_vertices_command.h
md5	c61226d8800c5fde03a4d1fcd8787a1b	vostok/render/facade/sources/ui_renderer.cpp
md5	ff2c53850dafd0c21046dd3ce6368224	vostok/render/facade/sources/update_model_vertex_buffer_command.cpp
md5	cb7b9c472549ed9508a2c343f78661b4	vostok/render/facade/sources/update_model_vertex_buffer_command.h
md5	ffb435a6c1b7912f6ef312896fdafdcb	vostok/render/facade/sources/update_skeleton_command.cpp
md5	974593e868899855365ef65dd84b7e3d	vostok/render/facade/sources/update_skeleton_command.h
md5	e6908001a81e3d99b50633ca54a12156	vostok/render/facade/spatial_sector.h
md5	de28a933d5258bc02d9256a36b6ae2de	vostok/render/facade/static_video_info.h
md5	792e1555664dcd50787adc33a69a1b65	vostok/render/facade/ui_renderer.h
md5	3b2afa24bf89b5fe397c4529c893b15c	vostok/render/facade/user_render_options_values.h
md5	802d194f0afd7692e43f23b82ceb5af6	vostok/render/facade/vertex_input_type.h
md5	6a21fc5b63f267ddc1e1e334776c6eda	vostok/render/facade/volume_fog_parameters.h
md5	7f3f3ee056d02464acd6f521643a140c	vostok/render/world.h
md5	c4c97b461bafa9899bd6c388f5d88360	vostok/resources.h
md5	be5866ef61a03ef4852cb787ca71a7ec	vostok/resources_callbacks.h
md5	8ec08cc72718c29ba1414813ead8afab	vostok/resources_classes.h
md5	6e1f43d34899859122698d54d4aa0ee7	vostok/resources_cook_base.h
md5	b43c89525dd52a8ebd836ab2a027af8a	vostok/resources_cook_classes.h
md5	c13f11b1f93de8bfa046838c19707501	vostok/resources_fs.h
md5	441e8666e594ba28ade1a761107a6557	vostok/resources_fs_iterator.h
md5	836bc7724cfc22d8f8144c8a9ac56731	vostok/resources_fs_task.h
md5	2ba39146d3c5e59de60f926a90a78394	vostok/resources_intrusive_base.h
md5	8bc1c7eb4ac84087c27b15005761d1eb	vostok/resources_managed_resource.h
md5	d14be1ee183d2a9dee9b88de64add4d0	vostok/resources_memory.h
md5	cbe589f5a730e8918fdcc33318753a6a	vostok/resources_memory_usage.h
md5	3f7726742c47dcf16a10d20b50a9137e	vostok/resources_mount_ptr.h
md5	eb1d2dab744c876a1a67216a41c92ac6	vostok/resources_name_registry_entry.h
md5	fc0afb9ff80a31838fc24eaf661c66cf	vostok/resources_pinned_ptr.h
md5	a2d9e8cbb4d567ec017b10e29923bd4e	vostok/resources_queries_result.h
md5	8da3f9af968a70cd5787f8fbc886789b	vostok/resources_query_result.h
md5	6eb07b2cfc07622389cda02abcfe1dca	vostok/resources_resource.h
md5	869b91a756658b5a8b0638c542d2ba42	vostok/resources_resource_base.h
md5	e74bef15011ce17281f6c5bfffc7b5bb	vostok/resources_resource_children.h
md5	bb74a605074b36f0ff97a16cd2e81c0a	vostok/resources_resource_flags.h
md5	295ecdba79c8aea106e190a548bcfea4	vostok/resources_resource_link.h
md5	ceae2fa0c90bcc1664337cf9a0da2308	vostok/resources_resource_ptr.h
md5	b73b33a58b25176d1f563a091629a217	vostok/resources_resource_ptr_inline.h
md5	cb229b3e94e62a075ebc35ca628bb7b0	vostok/resources_resource_quality.h
md5	9595f8fef34efec6e4d159e5cd25e782	vostok/resources_resource_reconstruction_info.h
md5	3e0bd5be4a509f5bc9ea1aca0608558b	vostok/resources_save_generated_data.h
md5	7971d94f5d3169714ed5ef369078e246	vostok/resources_types.h
md5	90672f462a6e1bd6b5a0ec94ce8e3d04	vostok/resources_unmanaged_allocator.h
md5	befb0f83fa8369052cafea713f635ecd	vostok/resources_unmanaged_resource.h
md5	daef3f28e0147662581770bef4896f5b	vostok/scaleform/api.h
md5	008001cbbe408b33d2ccfa978d310277	vostok/scaleform/factory.h
md5	a7924ff9abc26e6dfaf767bd1d3bf28d	vostok/scaleform/library_linkage.h
md5	47f97c119951978c5cfa66f0094676fa	vostok/scaleform/movie.h
md5	5776833d13b68c80e770fc893487dc5b	vostok/scaleform/renderer.h
md5	ea73886d4efd93d95f4a6b238da1c1a4	vostok/scaleform/sources/command_queue.cpp
md5	07ae86deb3318b6ef84a9a854df659d0	vostok/scaleform/sources/command_queue.h
md5	f80fffbcf098db40527a88e196d66b13	vostok/scaleform/sources/d3d1x_config.h
md5	86f02d9670e0bda9ed7444804a8d69a6	vostok/scaleform/sources/d3d1x_events.h
md5	09f5794101ea960f09b88bc28b687c44	vostok/scaleform/sources/d3d1x_hal.cpp
md5	2bdb8797eb7fe3874609e5dbe9af7d5f	vostok/scaleform/sources/d3d1x_hal.h
md5	0df16738efb6a3e43d3e20a9fac26fb0	vostok/scaleform/sources/d3d1x_meshcache.cpp
md5	d72b165224f451e4b4e65962f13d65f8	vostok/scaleform/sources/d3d1x_meshcache.h
md5	751ab17fc8c82ec6334c6ba5c01796a8	vostok/scaleform/sources/d3d1x_shader.cpp
md5	d7f8be52f07eb3230efbde3112628bf4	vostok/scaleform/sources/d3d1x_shader.h
md5	07334b1de64c45f7b687105783585a80	vostok/scaleform/sources/d3d1x_shaderbinary.cpp
md5	a4f0b863a63d5f59108c9dcc9ab25812	vostok/scaleform/sources/d3d1x_shaderdescs.cpp
md5	949d20be5e489403d438685dfa830652	vostok/scaleform/sources/d3d1x_shaderdescs.h
md5	c9d653e93d5a32bb3990a5c5ce1777fe	vostok/scaleform/sources/d3d1x_sync.h
md5	b5059998e52a96796dbf4c1623f0abd0	vostok/scaleform/sources/d3d1x_texture.cpp
md5	3d4858c2897885b5418706ac25744eff	vostok/scaleform/sources/d3d1x_texture.h
md5	1f1807cab96da54ca108d88f46ebd1e2	vostok/scaleform/sources/factory.cpp
md5	761304177b982a504fdb0c83fb60923b	vostok/scaleform/sources/movie.cpp
md5	2f897ca407e2932ee3234e3cf92809ac	vostok/scaleform/sources/pch.cpp
md5	2af939b9f16f64fc5a487dd71afd47e4	vostok/scaleform/sources/pch.h
md5	a65933e2067c5c12f54f4ea5e54352cb	vostok/scaleform/sources/renderer.cpp
md5	4fea41361bb8ba260332c5c74f8ae678	vostok/scaleform/sources/value.cpp
md5	bce8cb658a46eea6089f5bd50d72fd95	vostok/scaleform/value.h
md5	25abd0cc74d93670802d9b260b465bd5	vostok/set.h
md5	83d80c2857f28624b76ed8643797c5a5	vostok/set_inline.h
md5	45285f2e97992f9d7dc43ab8e954bdb0	vostok/shader_utils/api.h
md5	06ed269f3dd46fcb1cd1725ea28d510d	vostok/shared_string.h
md5	52492f2ccf0b0070c2eea910e8315a0d	vostok/shared_string_inline.h
md5	d5a2beca50e83a098512da8fe15d545f	vostok/size_policies.h
md5	548e896bfd031044bb814ce6fd74dc44	vostok/sound/api.h
md5	3d437b626616d10df045f69f7c2f741e	vostok/sound/atomic_half3.h
md5	8c563a3c9789917ab865ae1fc0b0c17b	vostok/sound/channels_type.h
md5	667d4843ae68a5ddd269222dc1b40b16	vostok/sound/encoded_sound_interface.h
md5	ade34ebf79606c26a1e461c62f9dd500	vostok/sound/encoded_sound_with_qualities.h
md5	ac9e272008c084f5963df0177a1de1f3	vostok/sound/engine.h
md5	c0f15dbd077ce4ea2786b36ad50e66df	vostok/sound/functor_command.h
md5	88d438f087f4f933a84afdcc4a71e113	vostok/sound/library_linkage.h
md5	9c9fd8366eeef9940854c9bf69c6a449	vostok/sound/playback_mode.h
md5	310645ff1084bc679c672e472ffa4209	vostok/sound/single_sound.h
md5	05cdf3378e11242cd7d2de6f33d665de	vostok/sound/sound.h
md5	e95a453c57c7084c9795cb3a62a1a529	vostok/sound/sound_debug_stats.h
md5	c26d83c8858cd52e87bfec2e16f3b5d0	vostok/sound/sound_emitter.h
md5	c411f859b437793843d4d8628ad28b60	vostok/sound/sound_instance_emitter.h
md5	823c4cc4745291b6ff71589bbfe9da5e	vostok/sound/sound_instance_proxy.h
md5	c08988fb7b853553ac1fb7e6cb6b5c1f	vostok/sound/sound_object_commands.h
md5	5c341b16a22f548ad2f11cacfe503ec9	vostok/sound/sound_producer.h
md5	b2dbfa9069ff552de61388e553050c7f	vostok/sound/sound_propagator_emitter.h
md5	d7af8344b445efa79dff216ec78e3b95	vostok/sound/sound_receiver.h
md5	1ee562e8e5c8aacb1b45bfd89bb75ddd	vostok/sound/sound_rms.h
md5	732305f614ac510ec1f29be8b725f955	vostok/sound/sound_spl.h
md5	30db577bc3ff0d2c88a3e3ff9a147152	vostok/sound/sources/composite_sound.cpp
md5	c6145659613acf69f9c023debc1f8b52	vostok/sound/sources/composite_sound.h
md5	4a107ab57843276108010cfd98a5427a	vostok/sound/sources/composite_sound_cook.cpp
md5	1e769327fbd54d46aa608c6493158cb7	vostok/sound/sources/composite_sound_cook.h
md5	853309a7574512b332b5f1ed29223f8c	vostok/sound/sources/console_commands.h
md5	7fe5c79f5138997372172a60eb52cac9	vostok/sound/sources/debug_statistic.cpp
md5	db620b04eaa0bf884582e157ea1191c2	vostok/sound/sources/debug_statistic.h
md5	c49bfeb42da392e8bb70e3eadf0e2bf8	vostok/sound/sources/encoded_sound_interface.cpp
md5	d64e1d8f3941dee2b69c147a9142603b	vostok/sound/sources/encoded_sound_with_qualities.cpp
md5	0e0bff07d934e3d697dca602bd9e9252	vostok/sound/sources/encoded_sound_with_qualities_cook.cpp
md5	f38b4c62f3327f5f2bf8147c54f4a716	vostok/sound/sources/encoded_sound_with_qualities_cook.h
md5	60c1b9a76030bb57d563a6db1b2447b4	vostok/sound/sources/functor_command.h
md5	8d0079123c9756ded533da9b6fe945e4	vostok/sound/sources/functor_command_inline.h
md5	19eab7a43cc9e418d66ac259b4d7e6a0	vostok/sound/sources/graph_heuristics.h
md5	63016716f7767083db2d3d855b8f2f5b	vostok/sound/sources/graph_wrapper.h
md5	184b99673c93df816241127475b7fc5d	vostok/sound/sources/ogg_encoded_sound_interface.cpp
md5	032ef6da25cc6128ce488dc7ef3c8200	vostok/sound/sources/ogg_encoded_sound_interface.h
md5	883c8941aceef902cc4152041ada4ff6	vostok/sound/sources/ogg_encoded_sound_interface_cook.cpp
md5	fca3ada937a0e98f1af6c37f1a5c2c4e	vostok/sound/sources/ogg_encoded_sound_interface_cook.h
md5	c5c9e8c638674f85c503c445da96332d	vostok/sound/sources/ogg_file_contents.cpp
md5	fd0416daab078696764502f7a431da6d	vostok/sound/sources/ogg_file_contents.h
md5	fb8eb643bb1405df44d962df9da7cd12	vostok/sound/sources/ogg_file_contents_cook.cpp
md5	16464f3bb404c468b1ec9e1892b0a58c	vostok/sound/sources/ogg_file_contents_cook.h
md5	fba31219d8828a586891441528b5b3bb	vostok/sound/sources/ogg_sound.cpp
md5	14a5da5fb8af3f516d40ee1e231005a8	vostok/sound/sources/ogg_sound.h
md5	b5afd0e65465e720eb555c5e1af726fa	vostok/sound/sources/ogg_sound_cook.cpp
md5	ed25d3edfd8fe8b70a83779b119116cf	vostok/sound/sources/ogg_sound_cook.h
md5	a432cf3dd547f6de4c69b5e357b3b3ef	vostok/sound/sources/ogg_source_cook.cpp
md5	688f93cde2a552bad1dfd3e6b1f3e8bf	vostok/sound/sources/ogg_source_cook.h
md5	2ee255c3f1b8b71b8591de70a13b75ed	vostok/sound/sources/ogg_utils.cpp
md5	0aaaec4689d29f6e413e95576f06da83	vostok/sound/sources/ogg_utils.h
md5	6db835551418bf051419a571135825d4	vostok/sound/sources/panning_lut.cpp
md5	66d6002433a693720f557784694aacc7	vostok/sound/sources/panning_lut.h
md5	6bbe33d430ad934edab998d1ebf698d4	vostok/sound/sources/panning_lut_cook.cpp
md5	f296fcc065eee70afcad4eeec92c1632	vostok/sound/sources/panning_lut_cook.h
md5	4875cf3cd24452a3ad6e7a6b911bdaf2	vostok/sound/sources/pch.h
md5	f1818467de50250e0676038e03c0aa28	vostok/sound/sources/search_restrictor.h
md5	e47e83098c08cc610b91217d243906f0	vostok/sound/sources/search_service.cpp
md5	894640f9b60cf1c5202d843c3ea6febb	vostok/sound/sources/search_service.h
md5	cfd639a3bea0b8ab58ccbb11d7ca2d1b	vostok/sound/sources/search_service_base_types.h
md5	6a847c418046482c6c6561f348da5fb7	vostok/sound/sources/single_sound.cpp
md5	a4a9d188115c5a642b5f17088d28053c	vostok/sound/sources/single_sound_cook.cpp
md5	720280c6ecb1b7df0d4cf3e9fe9349b2	vostok/sound/sources/single_sound_cook.h
md5	ddf08eecaea85cc7bb510bbb3ba3cdf4	vostok/sound/sources/sound_buffer.cpp
md5	87d392095a4854aa6da7199845f6af9f	vostok/sound/sources/sound_buffer.h
md5	01c9664c654681ce0d21a9d6c7e2562e	vostok/sound/sources/sound_buffer_factory.cpp
md5	76c781edd44e0fb932386ed930820324	vostok/sound/sources/sound_buffer_factory.h
md5	889e8604bc1eae0d050039cde60be467	vostok/sound/sources/sound_collection.cpp
md5	0579fcf4b9675838c9320855c7c2070d	vostok/sound/sources/sound_collection.h
md5	caf54bdb3034e3aad124ad0dfa9c925a	vostok/sound/sources/sound_collection_cook.cpp
md5	22e6b89f70a274b2d1e6f3ee3216a65a	vostok/sound/sources/sound_collection_cook.h
md5	46fcf9e352878a121e17fd43b7e36f7a	vostok/sound/sources/sound_debug_stats.cpp
md5	5c956ce2f855fc6bdbfd805b910403dd	vostok/sound/sources/sound_emitter.cpp
md5	bdb47df62ff7d1c32a9ee0e96e680c0b	vostok/sound/sources/sound_entry_point.cpp
md5	4ca95fe35a4453633ca409d912ae6e80	vostok/sound/sources/sound_environment.cpp
md5	65cd3ea3e31f64adf24cb303c33c2d19	vostok/sound/sources/sound_environment.h
md5	49c05a91826567a739a27882f68eaa32	vostok/sound/sources/sound_environment_cook.cpp
md5	776aacdd4bf885ae1675aaa7beb6834e	vostok/sound/sources/sound_environment_cook.h
md5	b8a89fccb87084832180ec9bcd68aa88	vostok/sound/sources/sound_instance_proxy.cpp
md5	8bf654449c5ed6ff27601fc4e9f57310	vostok/sound/sources/sound_instance_proxy_internal.cpp
md5	17bc25fee069bbb9ba726ac83c4da9ff	vostok/sound/sources/sound_instance_proxy_internal.h
md5	eed1f4dcc060766da14bbca437ba21dd	vostok/sound/sources/sound_instance_proxy_order.cpp
md5	aca5616d0f14c99990ef5ad5f7a75869	vostok/sound/sources/sound_instance_proxy_order.h
md5	810cba0c9c61cf77a50303ba280d17d2	vostok/sound/sources/sound_object_commands.cpp
md5	11be31594bd4740a5eb27055714181c9	vostok/sound/sources/sound_producer.cpp
md5	90aa2785996b477442e3e1b715b50c92	vostok/sound/sources/sound_propagator.cpp
md5	e301461681e88d3356d0f41d48f3fb92	vostok/sound/sources/sound_propagator.h
md5	2b347df96fc12742fc65061ab91522f5	vostok/sound/sources/sound_receiver.cpp
md5	f1860d3c6511821070031b3526aa1931	vostok/sound/sources/sound_rms_cook.h
md5	0ac5dc18691d0780ba06c7b669601379	vostok/sound/sources/sound_scene.cpp
md5	fd8bd302dd86dc80c01aec49ad0512db	vostok/sound/sources/sound_scene.h
md5	c553426045daaea7f80b4d3a32d96d2d	vostok/sound/sources/sound_scene_cook.cpp
md5	2e42cfd8bb66788f411d15038281c212	vostok/sound/sources/sound_scene_cook.h
md5	0ce5fc961d240142b476b5ac0dacad75	vostok/sound/sources/sound_scene_environment.cpp
md5	127b621ce0b599a7ad3486824a2fa859	vostok/sound/sources/sound_scene_propagators.cpp
md5	871b074bdd9efa24a293f173164041f1	vostok/sound/sources/sound_scene_proxies.cpp
md5	f9e649d3e1d26de5c31960b5a5d7b982	vostok/sound/sources/sound_spl.cpp
md5	afd745354b87cba282230d657cbf2a41	vostok/sound/sources/sound_spl_cook.cpp
md5	47b424c79c6032d96dc11f09db09b257	vostok/sound/sources/sound_spl_cook.h
md5	287ca282345fa02c1e96aeb51c445d87	vostok/sound/sources/sound_voice.cpp
md5	c645b3e1d09ce93bf23cad333aed577d	vostok/sound/sources/sound_voice.h
md5	bb8571486bbb60c2b8e192c88619e7e2	vostok/sound/sources/sound_voice_callbacks.cpp
md5	0fcf10fdea2ceb000e531b793635cca2	vostok/sound/sources/sound_world.cpp
md5	f3a1b30acf626179309e8899f59834b0	vostok/sound/sources/sound_world.h
md5	312845743d1ef39cf5a4150757a5e0c1	vostok/sound/sources/sound_world_inline.h
md5	659b0bdbeef312806b4241706aad9158	vostok/sound/sources/sound_world_orders.cpp
md5	2937632d4ea2fabd1dd20b687a6e20d0	vostok/sound/sources/sound_world_parameters.h
md5	12b8a62167b8c8955bc8adee5e6e04c2	vostok/sound/sources/spl_cook.h
md5	ca2e2d0e019ff7cfd6bfe49455739a0c	vostok/sound/sources/voice_bridge.cpp
md5	a127847f4d5f6263f9a862fc533a9252	vostok/sound/sources/voice_bridge.h
md5	9d87816c90148e6f2f034a92a1608814	vostok/sound/sources/voice_callback_handler.h
md5	b56f678ef2f66bb72988cb5e80e76aff	vostok/sound/sources/voice_factory.cpp
md5	8db06deab5d9c6ef8adf6e09a8768a5f	vostok/sound/sources/voice_factory.h
md5	8fa1b5f060f2d348f27513ecd86ff165	vostok/sound/sources/voice_format.h
md5	e0dcfe8eb51fd860c39c91963fdca0e6	vostok/sound/sources/wav_encoded_sound_interface.cpp
md5	8009c89d0a20b7b94a89ff860d9e0a22	vostok/sound/sources/wav_encoded_sound_interface.h
md5	5679f73664e9e1615713c6003064976b	vostok/sound/sources/wav_encoded_sound_interface_cook.cpp
md5	3fb76ed7566cd809484f923ea5c72aea	vostok/sound/sources/wav_encoded_sound_interface_cook.h
md5	96d14a3a62766735da0a20c2e0464df3	vostok/sound/sources/world.cpp
md5	976d873f8f9478fd1bbf5df5ee48d353	vostok/sound/sources/world_user.cpp
md5	fbece5fe153b65509796565a17997ffd	vostok/sound/spl_utils.h
md5	dee587be262195ed0589d4449244d851	vostok/sound/two_way_thread_channel.h
md5	22c827395513e649747afe9a37ebb199	vostok/sound/wav_utils.h
md5	e6cc6d351452a77753faf46fad776a97	vostok/sound/world.h
md5	f7f7e999c9fc77dab2c34b0ffdb7043a	vostok/sound/world_user.h
md5	62d9b8bba0d59c95fc82543ab254dccb	vostok/std_allocator.h
md5	c8353936f06a0bfed70d8db0f6039499	vostok/std_allocator_inline.h
md5	79ec3fb168e116eeece93d0e5b8e7908	vostok/std_containers.h
md5	9a9597f9bad2060a0fcc206f343ed6a7	vostok/stdlib_extensions.h
md5	130cbfff8c7b309253928b6647029efb	vostok/stdlib_extensions_inline.h
md5	3cdfbaff4ab0affb4e59a0e983672e01	vostok/strings_concatenations.h
md5	1e96359bb65f177763ab6d2ba2645c80	vostok/strings_detail_tuples.h
md5	c126329af9fd5054b37af908ea0b0d4b	vostok/strings_detail_tuples_inline.h
md5	348333da997bbab74e41eff27e4809bb	vostok/strings_extensions.h
md5	699a3cdf39731919c8889af2853d72de	vostok/strings_functions.h
md5	f76819b1fd488fb29c663c6b471b973c	vostok/strings_functions_inline.h
md5	bf2cb3161d712dc2cbd2f7319660c749	vostok/strings_shared_profile.h
md5	f665107153e641e8ba2aaa67a76a5412	vostok/strings_shared_profile_inline.h
md5	c1ea3e8cd2a6d448323fb65b8c09eb6c	vostok/survarium/finger_print.cpp
md5	22467226ded6330c25179a7477dccd60	vostok/survarium/game_module_proxy.cpp
md5	6560ccf1f4b367c2f846930cdd315cde	vostok/survarium/game_module_proxy.h
md5	ea894700ba1392e7545293b5c280688b	vostok/survarium/pc/sources/math_error_win.cpp
md5	218cda603a1660955076580cb6b01426	vostok/survarium/pc/sources/pch.cpp
md5	375616099c9f57f37fa3383330d37dec	vostok/survarium/pc/sources/pch.h
md5	c44f5ac17c06ec2c66e3d761b6baade0	vostok/survarium/pc/sources/resource.h
md5	b8d30635a2eac00e57fd612d72c015ff	vostok/survarium/pc/sources/survarium_pc_application.cpp
md5	43218812831dabde25d9383ef594c1a7	vostok/survarium/pc/sources/survarium_pc_application.h
md5	0f01dcf57d67fd3644b1feb69082719b	vostok/survarium/pc/sources/survarium_pc_application_win.cpp
md5	3f511ae8e195dca0f24c56974123cd24	vostok/survarium/pc/sources/survarium_pc_entry_point.cpp
md5	77a6594f9f12d498335006cf6394f18e	vostok/survarium/pc/sources/survarium_pc_library_linkage.cpp
md5	d0ca7fcec3442a860cdb5d0f38b0eea4	vostok/tasks_system.h
md5	bb4afe5e27ed66f9b8974a7e9c224ca0	vostok/tasks_task.h
md5	1e5d479b4741c24bd1a12dc0719318c4	vostok/tasks_thread_tls.h
md5	8bc4c8913e17212e627eb19ab5d88fce	vostok/testing.h
md5	7ab6198a68657fd002bb78f399ab1883	vostok/testing_inline.h
md5	ae070fe5452f526076952cd564dadfd8	vostok/testing_macro.h
md5	14f7e038c063676a9b798e168d82039f	vostok/text_tree.h
md5	52ca9f976d6aa1a233da977cec7c2219	vostok/text_tree_item.h
md5	58b45ab4aae3036418a52f3e77728cb7	vostok/threading_event.h
md5	58717c11ae6768cf4fed2471c1a3e28f	vostok/threading_extensions.h
md5	878a89dc715a7b2f8d5546947e1f6219	vostok/threading_functions.h
md5	b4763781c8452b28c5175e8ab04dc84a	vostok/threading_functions_guard.h
md5	018e37be129b90fce8fa7862b1ddc6e5	vostok/threading_functions_tls.h
md5	f9fe060aec904b344865d0407c75ec11	vostok/threading_functions_win_inline.h
md5	4f59a059e448f9c7d73802fe4aa92dba	vostok/threading_mutex.h
md5	264b3faa0846c49419336bd739beca7c	vostok/threading_policies.h
md5	7e0cc2d6a2e8ee0a650efda380e14545	vostok/threading_reader_writer_lock.h
md5	2fbdb966ebe7c9ed11b74027e60a8d14	vostok/threading_simple_lock.h
md5	03d1906a83b92f0db980b7ffc2fbd31f	vostok/timing_extensions.h
md5	be4f5f63f5f9b04d827a83aaa37aadf9	vostok/timing_functions.h
md5	6832d737184e06e7352c564e27c6d8f2	vostok/timing_timer.h
md5	55fd13841faab21f1bdaa5cae792e9c7	vostok/timing_timer_inline.h
md5	405cf3166cf440629f59073415fea542	vostok/type_enum_flags.h
md5	828e8871745f9a1dc49998813ccf9b2d	vostok/type_extensions.h
md5	7cd332bd7814a5fd700169abcfa245c2	vostok/type_predicates.h
md5	a6a19e2949dc23274e0bf8919006b813	vostok/type_predicates_inline.h
md5	e40799aed7cc7a4e91a948e49870d357	vostok/type_uid_object.h
md5	f878ed7ec68ca275b806da503fa850d2	vostok/type_variant.h
md5	db838d38589c6788b03000b6489d65f9	vostok/type_variant_inline.h
md5	92ebefcd16dc9cedb52959422a76567b	vostok/ui/api.h
md5	a7e98b698b87c85a85d9c1e189c036e3	vostok/ui/engine.h
md5	eef1b01dc62ffba7678e874d54efafa6	vostok/ui/library_linkage.h
md5	ca0ebcc94212a532d1dc28059ae4ca43	vostok/ui/sources/pch.cpp
md5	721e27355c4b09cb14fe62d84815fdfb	vostok/ui/sources/pch.h
md5	34fafca8724c6d77c541a18c85f967f1	vostok/ui/sources/ui_base.h
md5	a98fc2125a68372a0b3dfab54132223d	vostok/ui/sources/ui_dialog.cpp
md5	dd6b0046a73c104b1411348a997fd0a0	vostok/ui/sources/ui_dialog.h
md5	cfb9769691259d3ef86996b37ce283b3	vostok/ui/sources/ui_dialog_input_handler.cpp
md5	5b309afe1babcb7515253dfd45826f17	vostok/ui/sources/ui_entry_point.cpp
md5	53a1d2d0fd32c540055dbb224bf5f04e	vostok/ui/sources/ui_font.cpp
md5	3e3da70d62f570852c9648ce7d280600	vostok/ui/sources/ui_font.h
md5	418125c3b425b7fbe5586edad55918a5	vostok/ui/sources/ui_image.cpp
md5	86b71c2c2fdb817851963a36ccb5410b	vostok/ui/sources/ui_image.h
md5	2aa26abd6714a61887211186b9faa6f1	vostok/ui/sources/ui_progress_bar.cpp
md5	e7f6fb0fb4ec013192093ab40dfc8ac4	vostok/ui/sources/ui_progress_bar.h
md5	e3d1f1a6b4be3314fe54cc8d0ec914be	vostok/ui/sources/ui_scroll_bar.cpp
md5	b6bdb600335d8cbf993f835867d1f685	vostok/ui/sources/ui_scroll_bar.h
md5	0ea3caf2aa2c98daa678812b85effa5e	vostok/ui/sources/ui_scroll_pad.cpp
md5	1e0475beb2ee33d3273b99f54ca5e7c7	vostok/ui/sources/ui_scroll_pad.h
md5	7dee7b1d70f1ad96d09a5589218c2223	vostok/ui/sources/ui_scroll_view.cpp
md5	f8b9bd8062b803734273a91a5da7e685	vostok/ui/sources/ui_scroll_view.h
md5	0f3b92e85039fa14d9d9a0b1a60fc9c7	vostok/ui/sources/ui_text.cpp
md5	5a8bca5ac36996b023f8f2499df85ad1	vostok/ui/sources/ui_text.h
md5	983fb8bbb762ff73214de98a49f5581d	vostok/ui/sources/ui_text_edit.cpp
md5	37c2db1a3eb2036e7299e02c504a6ede	vostok/ui/sources/ui_text_edit.h
md5	3c6c313b57f75653a7e67f5a460252e8	vostok/ui/sources/ui_text_edit_action.cpp
md5	75ee50ff33df0e5c6754759b942411ad	vostok/ui/sources/ui_text_edit_action.h
md5	46fd5ea8444b87e2885a630f9da4aa36	vostok/ui/sources/ui_text_edit_defs.h
md5	af7c3155655038e6ad4300a33a929c32	vostok/ui/sources/ui_text_edit_initialize.cpp
md5	b76ac7b8d9ecb0c61a248f0aa9efa2cc	vostok/ui/sources/ui_text_inline.h
md5	a37c5139539e3fc3c5f21b65c20b702a	vostok/ui/sources/ui_window.cpp
md5	654d3b73ba5b9efa4f47da50244af74f	vostok/ui/sources/ui_window.h
md5	1f78ec3a53f5d5df943e4effac9dd4bb	vostok/ui/sources/ui_window_inline.h
md5	69a68195db3dca911a9f1a166078ade2	vostok/ui/sources/ui_world.cpp
md5	dc0ded004a089d825b896cf398123241	vostok/ui/sources/ui_world.h
md5	58df0d835667902496d6fdfb7a8f4002	vostok/ui/sources/ui_world_factory.cpp
md5	af6052ac1891c8a282c36fe756752e60	vostok/ui/text_tree_draw_helper.h
md5	33808248fa729a2001072d324f1e6c21	vostok/ui/ui.h
md5	3fdfddc2060fcee9eabd9dc915d13eae	vostok/ui/world.h
md5	cb7f4c75933810c7b6ea7cc9c6f8e9b1	vostok/uninitialized_reference.h
md5	a0351784eb78d28d8b3681f754bb8f73	vostok/unique_ptr.h
md5	5ee836f35b7ab75f80d416c25bec3b8a	vostok/unique_ptr_inline.h
md5	899f2f3f4b7172be4e3ae76706701b04	vostok/unmanaged_allocation_resource.h
md5	308c9f2b1e1baf94d7ec01374cdffce2	vostok/vector.h
md5	190cbdf04dc3395d8c04df87aad02902	vostok/vector_inline.h
md5	19357e3e8dc26441da2daa5dc9e43baa	vostok/vectora.h
md5	2609897d7cedd0d4ff7b80bf4f94332b	vostok/vectora_inline.h
md5	3eeacf0e30e15749f8704c4b1ba3b707	vostok/vfs/api.h
md5	4f0aef1837f985dad9e61aaa28d6679d	vostok/vfs/association.h
md5	de254e8f9af18fce842a9f4caf0f151e	vostok/vfs/base_node.h
md5	be82cde1966aaa3928e038c56864300e	vostok/vfs/base_node_inline.h
md5	994c6e83a5345da05c6028b075426d21	vostok/vfs/device_file_system.h
md5	3415fb0684f66ac0361a30b46ff08920	vostok/vfs/find_results.h
md5	655be870c29482f730a895a2cd3878e5	vostok/vfs/hashset.h
md5	19832b99b19970e924ff80b6408e8bdd	vostok/vfs/iterator.h
md5	dc734853cd04560b2d4729bcfd4d1df4	vostok/vfs/library_linkage.h
md5	f1cb968d768384d007f9a316a5b72d29	vostok/vfs/locked_iterator.h
md5	862fa8c0837d84454e3c8abee1488943	vostok/vfs/mount_args.h
md5	2ffe71879d508fd3d5cc5c143396ce39	vostok/vfs/mount_history.h
md5	f77772182354c2913c63b458fb5fd545	vostok/vfs/mount_ptr.h
md5	5c9207158b1b4ba12c3f64df15dcd3a4	vostok/vfs/mounter_base.h
md5	8fe586e4ab8c3f640454d1d6282563ce	vostok/vfs/pack_archive.h
md5	61e3dcae1584412b2d57f0f0589b8604	vostok/vfs/patch_args.h
md5	7469fb9bebc62f72cb6d1ce371c93be9	vostok/vfs/platform_configuration.h
md5	c23aa7578bed82a06e109b5fe56e9541	vostok/vfs/saving_args.h
md5	67357509b8405afa465d2ca2762ad5ae	vostok/vfs/saving_fat_inline_data.h
md5	eb002999e193c96b205dacb3f711397f	vostok/vfs/scheduled_to_unmount.h
md5	6d9cd967c3660c53be1bd527ca389544	vostok/vfs/sources/archive_compressed_file_node.h
md5	f8a862d3b16b52f4344129425145cc7c	vostok/vfs/sources/archive_file_node.h
md5	ae8118785d9bec28574b5c5120fe4b7a	vostok/vfs/sources/archive_file_node_base.h
md5	42d68d5c94966324cf0303814b1e3b22	vostok/vfs/sources/archive_folder_mount_root_node.h
md5	79c70af3b132b63d27ae9274f20eb9e7	vostok/vfs/sources/archive_inline_compressed_file_node.h
md5	486d4d6d153efeb85a9ce17d79443d8e	vostok/vfs/sources/archive_inline_file_node.h
md5	0fe3b6b431ab94c2c17fc3b40b2c60da	vostok/vfs/sources/archive_inline_file_node_base.h
md5	6fbd8a1e8c1faa5c2f3db7eb143e2ab0	vostok/vfs/sources/base_folder_node.h
md5	bcf71fb846a31fcec4c7b22c7b0bb1de	vostok/vfs/sources/base_folder_node_inline.h
md5	25500e0c7a9644eebe00a44215dd0b1e	vostok/vfs/sources/base_node.cpp
md5	abd54791d7ad4f7ec4b7ad7e6e941493	vostok/vfs/sources/branch_locks.cpp
md5	c5fd0143175c49ca0c2c7a16634b98a5	vostok/vfs/sources/branch_locks.h
md5	5371fc2beb50b126aac216fee8cd91c1	vostok/vfs/sources/erased_node.h
md5	089962c76116e3f99b20dd12ed1b7268	vostok/vfs/sources/external_subfat_node.h
md5	22fe7b2017072ceb6e39d3ec450b9e37	vostok/vfs/sources/fat_header.cpp
md5	a8be74d4dd58168a5fef7ca49c141f0d	vostok/vfs/sources/fat_header.h
md5	19a82048c630fd8f2f68dc0d47385681	vostok/vfs/sources/find.h
md5	ccf6399de62255a2caf7dceb2e4794a4	vostok/vfs/sources/find_async.cpp
md5	5be71a744b28f57e0c1279a260d89259	vostok/vfs/sources/find_async_callbacks.cpp
md5	f7d973edbbf22c29ca87e629c4b68c27	vostok/vfs/sources/find_async_callbacks.h
md5	b09f1b8b1cbad3321b001dd346eca9c9	vostok/vfs/sources/find_async_link.cpp
md5	ccbdebf6396de15c18d6c72b55073700	vostok/vfs/sources/find_async_tree.cpp
md5	d744a2edea9a51c70457d7a584a14535	vostok/vfs/sources/find_environment.h
md5	43ca15bd19544c05c087ba73e93d7df6	vostok/vfs/sources/find_helper.cpp
md5	54fddaba223f0b740def64239bf72de2	vostok/vfs/sources/find_physical.cpp
md5	990a41bbd5e3e16c26ed39c74445034b	vostok/vfs/sources/find_pin.cpp
md5	12a3a5a2979e68b2da8b74f64d050cc1	vostok/vfs/sources/find_sub_fat.cpp
md5	72fbbab018619671d7cd7a0f78532975	vostok/vfs/sources/find_sync.cpp
md5	aa35711d8411975be24ca39d5e178434	vostok/vfs/sources/free_node.cpp
md5	bea274cc2f257dd9c725844bc04b9801	vostok/vfs/sources/free_node.h
md5	5e8bc82f54bf47ab2bd15783cf055a18	vostok/vfs/sources/handle_notifications.cpp
md5	1850cd816de45596b5b0e95db73f2f82	vostok/vfs/sources/hard_link_node.h
md5	5d04ad1a46f19d5455b91b1b6bdb91ea	vostok/vfs/sources/hashset.cpp
md5	edfae85c2b5ed2151cd33b7f33cffa0d	vostok/vfs/sources/iterator.cpp
md5	8b77f6012e31d301d1a41128803bec67	vostok/vfs/sources/locked_iterator.cpp
md5	81eefc178d413653dba7d40a0110395c	vostok/vfs/sources/mount_archive.cpp
md5	21e49fb5b781b13c0d2178560b44d7a3	vostok/vfs/sources/mount_archive.h
md5	064971624c2c8b643af1b19be0176bcc	vostok/vfs/sources/mount_archive_fixup.cpp
md5	0caa2c42c3d57cf69c21724c3312aa8c	vostok/vfs/sources/mount_args.cpp
md5	6c4491391369fb0ee69286770a1f354b	vostok/vfs/sources/mount_helper_branch.cpp
md5	b483e33cd4abb9eab90af4f232443e40	vostok/vfs/sources/mount_helper_node.h
md5	b9f4731b50b267fb4f591c1cd1a2526e	vostok/vfs/sources/mount_history.cpp
md5	82c2f32df1516acadcf7997c28b074d1	vostok/vfs/sources/mount_hot.cpp
md5	c94ef18a58c4b1eb417a1cb3e843f998	vostok/vfs/sources/mount_lazy.cpp
md5	434b13f8d003ad60834fe94a2b32bbbc	vostok/vfs/sources/mount_physical_path.cpp
md5	fa6e4cc2ef16f1c66587d6b43e8b8ad0	vostok/vfs/sources/mount_physical_path.h
md5	66e7551ba3e00e19de1cd1cbed31444b	vostok/vfs/sources/mount_ptr.cpp
md5	b28754d5e416beba1e5009a4ff7f23c4	vostok/vfs/sources/mount_referers.cpp
md5	ffde49a5d4fcb2afd0facb2fdc2d89df	vostok/vfs/sources/mount_referers.h
md5	7633d1b97e4f6289066a32d82e42eb4b	vostok/vfs/sources/mount_root_node_base.h
md5	cf2f4461808e9a07f3947f41bddf0e97	vostok/vfs/sources/mount_root_node_functions.h
md5	af515aa9da0fc9cdc6d873a8a021cc69	vostok/vfs/sources/mount_subfat.cpp
md5	c1e4db42ed74d1a5c9138242b353a633	vostok/vfs/sources/mount_transfer.cpp
md5	c72b1a64cba77b2445e9997a9837d2f8	vostok/vfs/sources/mount_transfer.h
md5	7557b0f7cc737322d76a2d708ebc3beb	vostok/vfs/sources/mount_utils.cpp
md5	24b1be29f4a3ee2712b768e8a39f8389	vostok/vfs/sources/mount_utils.h
md5	2d0c87cbdb5c18650215e042d157a340	vostok/vfs/sources/mounter.cpp
md5	a7eae3c592aab6bca87089224dd0a78f	vostok/vfs/sources/mounter.h
md5	5701c1d2225083f55e2487b8ca412b31	vostok/vfs/sources/node_lock.cpp
md5	0d730ef1983e18ac4dd33a76f1e4ba32	vostok/vfs/sources/node_lock.h
md5	726974dccf927a7ee3999d65906231e7	vostok/vfs/sources/nodes.h
md5	2643bd5848e3bccd13f1890745291e37	vostok/vfs/sources/overlapped_node_iterator.cpp
md5	cca39cc4d8365d0fa0cbb7fe04204e71	vostok/vfs/sources/overlapped_node_iterator.h
md5	afd0ee22a2874984930c2647d89a2bdc	vostok/vfs/sources/pack_archive.cpp
md5	d19f44318449b4d641de259a93afdc2c	vostok/vfs/sources/pack_archive_utils.cpp
md5	fcbd121c16a0d43eaeb2a764387b8ead	vostok/vfs/sources/patch.cpp
md5	c4eb96f1f077f4da4e043b0474c469ca	vostok/vfs/sources/patch.h
md5	e170d5e86e8deed88684993a7b562a6c	vostok/vfs/sources/patch_duplicate.cpp
md5	81f5605eedc89955069fe078df0412fc	vostok/vfs/sources/patch_erased_nodes.cpp
md5	c99e46a4ffe1b3377dbe6854cb771325	vostok/vfs/sources/patch_new_nodes.cpp
md5	e03f4f69fd12f4c34a525de891c486c0	vostok/vfs/sources/pch.cpp
md5	53e2c2e312c1a9911a3d3fcf417f8141	vostok/vfs/sources/pch.h
md5	27bc199bbac4094458f2cf87fb2055d3	vostok/vfs/sources/physical_file_mount_root_node.h
md5	e20f3dcb9b9b3b3427b9011a4106c636	vostok/vfs/sources/physical_file_node.h
md5	5a6a96a58828d4daf72cd31fa9da903b	vostok/vfs/sources/physical_folder_mount_root_node.h
md5	3c8d125c0276c9698c08f4fd7f8af6bb	vostok/vfs/sources/physical_folder_node.h
md5	24f9da179773c2ff4d7460421811e633	vostok/vfs/sources/saving.cpp
md5	2234f49fb188f6b8948c62cb0611daaa	vostok/vfs/sources/saving.h
md5	e488eb6c39bb9933d0ae78d4d79521cd	vostok/vfs/sources/saving_creating_nodes.h
md5	a9a02c620e1aae5e7ec0325ac291eb8c	vostok/vfs/sources/saving_db.cpp
md5	ea848a5200f04e97e0e761c8bcbc9fd3	vostok/vfs/sources/saving_environment.h
md5	8b067840465cdc3016ec8ee1297497d3	vostok/vfs/sources/saving_fat_inline_data.cpp
md5	7a8ec81be2caaf76e80b543e0179b7c8	vostok/vfs/sources/saving_file.cpp
md5	96c0702a749cf92cb170ec56050e464e	vostok/vfs/sources/saving_find_duplicates.cpp
md5	04d7ab14219e551a3e1ee58f67bc60e0	vostok/vfs/sources/saving_helper.h
md5	4ccbb21bb0f4ae73c73065749b33cec0	vostok/vfs/sources/saving_info_tree.cpp
md5	f0a3eb294b146d2d6fef4ede34ffe5e1	vostok/vfs/sources/saving_info_tree.h
md5	9293468f7faff012280ea5123809d0d4	vostok/vfs/sources/saving_node.cpp
md5	20e015156e6bc3e3c1316481e813c503	vostok/vfs/sources/scheduled_to_unmount.cpp
md5	bd74802c62036064f7e2ef45db03d165	vostok/vfs/sources/soft_link_node.h
md5	24a6f45aa4e0a9893efd3519b91a7bb3	vostok/vfs/sources/test.cpp
md5	cca8887559a9a3a9a203750d61ae9fc6	vostok/vfs/sources/test.h
md5	669da3f73a9a64c696dc554b066ce047	vostok/vfs/sources/test_find.cpp
md5	9728ff58b7c7575a6cbcbbf134522743	vostok/vfs/sources/test_log.cpp
md5	9d616b04a6948df4c064109b02bbddbf	vostok/vfs/sources/test_mount_inside.cpp
md5	c954fc17fb84f70767384a58b50ea269	vostok/vfs/sources/test_patch.cpp
md5	3a597e6e14a21d9abe0e19d62c69afc3	vostok/vfs/sources/test_utils.cpp
md5	279ea638693a8e8db0f5c056423acfd2	vostok/vfs/sources/universal_file_node.h
md5	64d5d230fb2859095ebd613172111440	vostok/vfs/sources/unmount.cpp
md5	1599204987f21e04bc9ae993d2b3d808	vostok/vfs/sources/unmount.h
md5	c8bf2893c089024a1a2ec6b4686ad20c	vostok/vfs/sources/unmount_helper_branch.cpp
md5	8ce5f29ac57016eafe48cd4a997b2875	vostok/vfs/sources/unmount_hot.cpp
md5	f43e828edd8511e3b6dbeadc3edc0c0c	vostok/vfs/sources/unmount_inline.h
md5	fa4b220282678e079ca3a13ab42b207b	vostok/vfs/sources/unpack.cpp
md5	eb1be8aeb45b62bbefaf8b6823a7da1f	vostok/vfs/sources/virtual_file_system.cpp
md5	f567bd2ea710f71577e4c35a0f4c281d	vostok/vfs/sources/virtual_file_system_compare.cpp
md5	8c5d9cd5328425d90ec9dc537f530d14	vostok/vfs/types.h
md5	bcec331cb6a7b6f5e3ff9066ac6ab28f	vostok/vfs/unpack.h
md5	24bff2c830409b4e08f2d886a0c4aac3	vostok/vfs/virtual_file_system.h
md5	c6675fb9322e566625c87d5f0cbf5aae	vostok/vfs/watcher.h
md5	f4f9d2947b5d19ba12650560517d4365	vostok/vfs/watcher_notification.h
md5	76e5aba90918997f75b390555c4b407b	vostok/vfs_sub_fat_resource.h
md5	ddc1fad421d79e5965fa41ae6471e7f9	wildmagic/libfoundation/approximation/wm4apprcirclefit2.h
md5	bfc98aa5c9fd57ea5f6b4ab6ab15db05	wildmagic/libfoundation/approximation/wm4apprcylinderfit3.h
md5	eace816b3861876c343ce73197bf2d41	wildmagic/libfoundation/approximation/wm4apprellipsebyarcs2.h
md5	e8267d781141829f394c929f58d46970	wildmagic/libfoundation/approximation/wm4apprellipsefit2.h
md5	85e066480f58160cf7a59b7ff3ac5dd2	wildmagic/libfoundation/approximation/wm4apprellipsoidfit3.h
md5	96c6a6fff5ea296deab8902f9ab2a499	wildmagic/libfoundation/approximation/wm4apprgausspointsfit2.cpp
md5	99a17f1e563d9b67dcdcd833205d82d4	wildmagic/libfoundation/approximation/wm4apprgausspointsfit2.h
md5	e42e5c39c78c4addb36c12aba7d561f1	wildmagic/libfoundation/approximation/wm4apprgausspointsfit3.h
md5	b36ca40ea4dd0523559bcf012261cdc7	wildmagic/libfoundation/approximation/wm4apprgreatcirclefit3.h
md5	384f131ab27d714ec18f4ecab2227b54	wildmagic/libfoundation/approximation/wm4apprlinefit2.h
md5	7daa00cbbfd7b822f69fe267efb75428	wildmagic/libfoundation/approximation/wm4apprlinefit3.h
md5	2b598a2613fdfc4a8f1b1be380d1b793	wildmagic/libfoundation/approximation/wm4apprparaboloidfit3.h
md5	ef14935cb7a205f5afef7cc8b873eb46	wildmagic/libfoundation/approximation/wm4apprplanefit3.h
md5	40cc0597b0265da52ae2abab3e3e494a	wildmagic/libfoundation/approximation/wm4apprpolyfit2.h
md5	ef27e472896bcea6fe70ccb29cd81301	wildmagic/libfoundation/approximation/wm4apprpolyfit3.h
md5	f84a1f50a6b254893208b5c5ecefb1dc	wildmagic/libfoundation/approximation/wm4apprpolyfit4.h
md5	a9fdf387a8a44fb416ea5de5e478c279	wildmagic/libfoundation/approximation/wm4apprquadraticfit2.h
md5	7800a344565c1ceaabcb08e7b617b467	wildmagic/libfoundation/approximation/wm4apprquadraticfit3.h
md5	42827919824250e26193336129d67078	wildmagic/libfoundation/approximation/wm4apprspherefit3.h
md5	48d90bf81ec40440d31625c1b853d379	wildmagic/libfoundation/computationalgeometry/wm4convexhull.cpp
md5	9ea38810695093666372526f042d2513	wildmagic/libfoundation/computationalgeometry/wm4convexhull.h
md5	c3be0cee7811d6d8d0937804dfa10d1c	wildmagic/libfoundation/computationalgeometry/wm4convexhull1.cpp
md5	862dc79a61be6ba9122e117bb380c264	wildmagic/libfoundation/computationalgeometry/wm4convexhull1.h
md5	09d7ddb0d96df706f6e9b952b4ffe510	wildmagic/libfoundation/computationalgeometry/wm4convexhull2.cpp
md5	02f7c2492952d0a2bb78674dd8c9605c	wildmagic/libfoundation/computationalgeometry/wm4convexhull2.h
md5	ef7012de0f1127c6e5f7b96ab76ac763	wildmagic/libfoundation/computationalgeometry/wm4convexhull3.h
md5	a98fe207d2e9b62bc4bad8d5fcd413c0	wildmagic/libfoundation/computationalgeometry/wm4delaunay.h
md5	6efd133621acbb9cd18bc19d74f8fb93	wildmagic/libfoundation/computationalgeometry/wm4delaunay1.h
md5	f8c3f3384efef426346aeb3b20094008	wildmagic/libfoundation/computationalgeometry/wm4delaunay2.h
md5	ae9d327d0ce902239a4eb2bd3ca44f48	wildmagic/libfoundation/computationalgeometry/wm4delaunay3.h
md5	e5122b6e049a424265a74bf474b48ee6	wildmagic/libfoundation/computationalgeometry/wm4delpolygonedge.h
md5	dbe1bb66df9dcec3feab103295afb352	wildmagic/libfoundation/computationalgeometry/wm4delpolyhedronface.h
md5	906dc09cfff299a2e29c440c3f36561b	wildmagic/libfoundation/computationalgeometry/wm4deltetrahedron.h
md5	9fdd2ea417dd51e3778f5724e8ef1c51	wildmagic/libfoundation/computationalgeometry/wm4deltriangle.h
md5	fb216cb4bfa10c23ef264116fb5b20a4	wildmagic/libfoundation/computationalgeometry/wm4hulledge2.cpp
md5	536044ace2254ddeb9d47ec581379a38	wildmagic/libfoundation/computationalgeometry/wm4hulledge2.h
md5	ebca0315f1c719fd572ebd19eb488487	wildmagic/libfoundation/computationalgeometry/wm4hulltriangle3.h
md5	1fa87bc937815a7332d7cdc5755e5b5e	wildmagic/libfoundation/computationalgeometry/wm4ivector2.h
md5	f5dcb0ffb6088e5b56585c693c47aafe	wildmagic/libfoundation/computationalgeometry/wm4ivector2.inl
md5	a8f512fca458769a879dfb8d16d821df	wildmagic/libfoundation/computationalgeometry/wm4ivector3.h
md5	647e11ab8563d33f7b1458dbafe83644	wildmagic/libfoundation/computationalgeometry/wm4ivector3.inl
md5	6bb8d2d3848fe7ed626050b67283a505	wildmagic/libfoundation/computationalgeometry/wm4query.cpp
md5	69b4cd1b2c481874d162d6671e8d6dad	wildmagic/libfoundation/computationalgeometry/wm4query.h
md5	3a01b2d870904f9ad01a12516e924fba	wildmagic/libfoundation/computationalgeometry/wm4query2.h
md5	253bf331cb777a10bbc0033cf1bea1e5	wildmagic/libfoundation/computationalgeometry/wm4query2.inl
md5	6a8d6c0141771066cb52a2b01f613aa9	wildmagic/libfoundation/computationalgeometry/wm4query2filtered.h
md5	a282eba94e321c2c32a7fe2a7b0b48ab	wildmagic/libfoundation/computationalgeometry/wm4query2filtered.inl
md5	b2c1b3077933447dfeb20deba21840be	wildmagic/libfoundation/computationalgeometry/wm4query2int64.h
md5	19e71783de8330ecae7e1244beee9faf	wildmagic/libfoundation/computationalgeometry/wm4query2int64.inl
md5	be388f68358d45d85068184386e48b32	wildmagic/libfoundation/computationalgeometry/wm4query2tinteger.h
md5	88a52950af3cf2c2428f0a4934694e4a	wildmagic/libfoundation/computationalgeometry/wm4query2tinteger.inl
md5	56ff1fe9a7934e1ba3d25a1b943ddf71	wildmagic/libfoundation/computationalgeometry/wm4query2trational.h
md5	5f650af878d87d5808dfdba2e413ece8	wildmagic/libfoundation/computationalgeometry/wm4query2trational.inl
md5	6431bd74d488ee7960adb49816b181d4	wildmagic/libfoundation/computationalgeometry/wm4query3.h
md5	b70328939aef202025fc294878d797eb	wildmagic/libfoundation/computationalgeometry/wm4query3.inl
md5	6c37d1ab014447394253bf43cde0c615	wildmagic/libfoundation/computationalgeometry/wm4query3filtered.h
md5	e3890b8354ab6c8468a05adb4639bee7	wildmagic/libfoundation/computationalgeometry/wm4query3filtered.inl
md5	3f040fcfef2acd70b7fe65bf4611cd15	wildmagic/libfoundation/computationalgeometry/wm4query3int64.h
md5	8495884d7b7fde3f085e8b2d9da9799b	wildmagic/libfoundation/computationalgeometry/wm4query3int64.inl
md5	c62403b238fb4483aa9be8f9a87df343	wildmagic/libfoundation/computationalgeometry/wm4query3tinteger.h
md5	9cea731815239035d6415473d86d79fb	wildmagic/libfoundation/computationalgeometry/wm4query3tinteger.inl
md5	7a2fba536265f5f35a74a30e80bc50b3	wildmagic/libfoundation/computationalgeometry/wm4query3trational.h
md5	6ef086559aca185de936a1769ecedc06	wildmagic/libfoundation/computationalgeometry/wm4query3trational.inl
md5	37ac212424b48ebabc52c5a3d4f1c3c6	wildmagic/libfoundation/computationalgeometry/wm4rvector2.h
md5	f5f942171563fdafeb50c049b941569b	wildmagic/libfoundation/computationalgeometry/wm4rvector2.inl
md5	fe59b8e695e884993f90012d65bd175b	wildmagic/libfoundation/computationalgeometry/wm4rvector3.h
md5	6f5e92f7c45f182245dc6b6962de62c3	wildmagic/libfoundation/computationalgeometry/wm4rvector3.inl
md5	5781b7a6175f1e412b7d53c767475db7	wildmagic/libfoundation/computationalgeometry/wm4tinteger.h
md5	acef32c451832982036803f9f2c5a983	wildmagic/libfoundation/computationalgeometry/wm4tinteger.inl
md5	d95631a5e4268efc3f0d15c6343bd057	wildmagic/libfoundation/computationalgeometry/wm4tivector.h
md5	8360bea11c38bcc6fa539a5c953fbf89	wildmagic/libfoundation/computationalgeometry/wm4tivector.inl
md5	26111a37772fc8db42581babb42a5e0a	wildmagic/libfoundation/computationalgeometry/wm4trational.h
md5	f2b3f976659cea9bd44644a9e5b0d816	wildmagic/libfoundation/computationalgeometry/wm4trational.inl
md5	0254c2cc513beeae3b4bddb37052ede9	wildmagic/libfoundation/computationalgeometry/wm4triangulateec.h
md5	61576d0c13257e677663bf212fdb2648	wildmagic/libfoundation/computationalgeometry/wm4trvector.h
md5	cbc6348ce878c3abc278e4354411c2a0	wildmagic/libfoundation/computationalgeometry/wm4trvector.inl
md5	249198459ba0ff34dc02484cfb64f71f	wildmagic/libfoundation/containment/wm4contbox2.cpp
md5	869fcabe8a31e9e328e04371dbf1558a	wildmagic/libfoundation/containment/wm4contbox2.h
md5	9c9a12f25f08e4621205bb72ad1e04db	wildmagic/libfoundation/containment/wm4contbox3.h
md5	759287fafe4d022181ba69d29fc470ca	wildmagic/libfoundation/containment/wm4contcapsule3.h
md5	75210b6bf77b48703a83f78680ff34fd	wildmagic/libfoundation/containment/wm4contcircle2.h
md5	e84904a16689648888866e1a1b9e126d	wildmagic/libfoundation/containment/wm4contcylinder3.h
md5	b5aaf70a4cbf89d8721bd142a4a0d911	wildmagic/libfoundation/containment/wm4contellipse2.h
md5	243556cec990a6aa7728c264d4a71177	wildmagic/libfoundation/containment/wm4contellipse2mincr.h
md5	d363d3b140aa7ca1b73693acb4646d3f	wildmagic/libfoundation/containment/wm4contellipsoid3.h
md5	99251431fcd13fe3ae8626b6e4b8d184	wildmagic/libfoundation/containment/wm4contellipsoid3mincr.h
md5	db136c593929af0826821efb26056ddd	wildmagic/libfoundation/containment/wm4contlozenge3.h
md5	35e48c1c7651b218988a327c35db7f9d	wildmagic/libfoundation/containment/wm4contpointinpolygon2.h
md5	d8e9dac6da944dcaf6c5d8708179cded	wildmagic/libfoundation/containment/wm4contpointinpolyhedron3.h
md5	937bfda834c5cdf35703e56bdc01c61c	wildmagic/libfoundation/containment/wm4contscribecircle2.h
md5	4cb4be37cdaebe495476b50985ee38e5	wildmagic/libfoundation/containment/wm4contscribecircle3sphere3.h
md5	804c43431621b6d92d51b607ea548eec	wildmagic/libfoundation/containment/wm4contseparatepoints2.h
md5	9eab1d2a75fd85fc3eaff7f7b846281c	wildmagic/libfoundation/containment/wm4contseparatepoints3.h
md5	47b39420b7b4649435b0375119e42b76	wildmagic/libfoundation/containment/wm4contsphere3.h
md5	773726489a4cd703ed76902a0967209f	wildmagic/libfoundation/curves/wm4beziercurve2.h
md5	d4c5d10281a01c329b897884f7677ff5	wildmagic/libfoundation/curves/wm4beziercurve3.h
md5	8c64f057940f16c14615cc118e427752	wildmagic/libfoundation/curves/wm4bsplinebasis.h
md5	4fd7cb46712f7159a19834fe2d339e96	wildmagic/libfoundation/curves/wm4bsplinecurve2.h
md5	edaa5f273eee111df1044aaf022f4082	wildmagic/libfoundation/curves/wm4bsplinecurve3.h
md5	e425d2711b455c3559dbc32fb6cf31f2	wildmagic/libfoundation/curves/wm4bsplinecurvefit.h
md5	49a55d725541698448ae07767a2f6085	wildmagic/libfoundation/curves/wm4bsplinefitbasis.h
md5	35777542f947e633cd3283a9e8181944	wildmagic/libfoundation/curves/wm4bsplinegeodesic.h
md5	6995ffb9b7de0265408638c819afa516	wildmagic/libfoundation/curves/wm4bsplinereduction.h
md5	596452aa326c2e4e5e77575dad179d6d	wildmagic/libfoundation/curves/wm4cubicpolynomialcurve2.h
md5	e992a86d11e130a0218947f028ef743c	wildmagic/libfoundation/curves/wm4cubicpolynomialcurve3.h
md5	1da55b36d3d3cc85d5fcab7414c42a84	wildmagic/libfoundation/curves/wm4curve2.h
md5	b827e479d49801d4c72df83b0de99116	wildmagic/libfoundation/curves/wm4curve3.h
md5	862443408f9d870a36359a55f14b19be	wildmagic/libfoundation/curves/wm4ellipsoidgeodesic.h
md5	6c123ec14becb14b3b11d5f7b16160e8	wildmagic/libfoundation/curves/wm4multiplecurve2.h
md5	201bdaab11faafb75bc1e95df6dea796	wildmagic/libfoundation/curves/wm4multiplecurve3.h
md5	eb42ccf0d6f530520079f44b33938891	wildmagic/libfoundation/curves/wm4naturalspline1.h
md5	268243c093529d66e48c72b466f09a4c	wildmagic/libfoundation/curves/wm4naturalspline2.h
md5	61b3972704ea39d9dca77e9799310342	wildmagic/libfoundation/curves/wm4naturalspline3.h
md5	0882649381fb2d3647629b7bfa1d9c98	wildmagic/libfoundation/curves/wm4nurbscurve2.h
md5	30aea331c7cb423efce43aacf647da53	wildmagic/libfoundation/curves/wm4nurbscurve3.h
md5	72291f15313b3aeaa3ab21ae6f828dfe	wildmagic/libfoundation/curves/wm4polynomialcurve2.h
md5	d02db27c23e0ac472c2927bb7b14a739	wildmagic/libfoundation/curves/wm4polynomialcurve3.h
md5	8b57b26953cbe672642b0dc84ca49462	wildmagic/libfoundation/curves/wm4riemanniangeodesic.h
md5	fb5d05cee3654c67e46cf6badf722ef0	wildmagic/libfoundation/curves/wm4singlecurve2.h
md5	b59e781c5cdd18dddcb0d60f1a8b1f3c	wildmagic/libfoundation/curves/wm4singlecurve3.h
md5	9f10a96dac4a667a699e67e500ed65ff	wildmagic/libfoundation/curves/wm4tcbspline2.h
md5	7cbe9045a145909743cf4c28afe575e9	wildmagic/libfoundation/curves/wm4tcbspline3.h
md5	8151a66a5689401e7c751a03950dffab	wildmagic/libfoundation/distance/wm4distance.h
md5	9de2203ab66ffc4bb80762646c80fb30	wildmagic/libfoundation/distance/wm4distcircle3circle3.h
md5	13b147c501cc4e99ead0fdc61c1bbe96	wildmagic/libfoundation/distance/wm4distline2line2.h
md5	9afbe54fee15975c687af617fefee19a	wildmagic/libfoundation/distance/wm4distline2ray2.h
md5	d5d4a57ffd12bd1f8c3eb6bbe5a9efb9	wildmagic/libfoundation/distance/wm4distline2segment2.h
md5	4a5428f7d9d4f4778d8e9ba0149027a6	wildmagic/libfoundation/distance/wm4distline3box3.h
md5	d5e05510bd0fdd965918798d19bb00d1	wildmagic/libfoundation/distance/wm4distline3circle3.h
md5	628f7f19be6115dcfab22d46b0df403c	wildmagic/libfoundation/distance/wm4distline3line3.h
md5	baffefd04f738b17e252602f53f88209	wildmagic/libfoundation/distance/wm4distline3ray3.h
md5	06ec3f5852bdb13ec6dd6833648bc1e3	wildmagic/libfoundation/distance/wm4distline3rectangle3.h
md5	03ec8e1a5dcf7585c896fb87515ed5b1	wildmagic/libfoundation/distance/wm4distline3segment3.h
md5	2d90f3f1873bb3ca2a6492943b06ff61	wildmagic/libfoundation/distance/wm4distline3triangle3.h
md5	d0d23fe244c85b6f89a08b3f10f6746b	wildmagic/libfoundation/distance/wm4distray2ray2.h
md5	7e3c001f3fb22b996ddd62e213211123	wildmagic/libfoundation/distance/wm4distray2segment2.h
md5	0a79d2384e879a86fcae2c8783160242	wildmagic/libfoundation/distance/wm4distray3box3.h
md5	d2424764eceb3ed4d4ab4e26c429d2df	wildmagic/libfoundation/distance/wm4distray3ray3.h
md5	f922f987886cb64b69379c50ca355dc7	wildmagic/libfoundation/distance/wm4distray3rectangle3.h
md5	1c064310fc2c8652460e870481e8f53e	wildmagic/libfoundation/distance/wm4distray3segment3.h
md5	10c3c4e6c20bb906b0965d157e6cd9a2	wildmagic/libfoundation/distance/wm4distray3triangle3.h
md5	28a9660c155da1eaabaaed755d1d3f41	wildmagic/libfoundation/distance/wm4distrectangle3rectangle3.h
md5	8a1f50a9edd29f9eecfcc52985ba9723	wildmagic/libfoundation/distance/wm4distsegment2segment2.h
md5	3ae31246bf110f66c5321d9d4acabd9a	wildmagic/libfoundation/distance/wm4distsegment3box3.h
md5	aae64f8948eb08cd976c764bec43d07d	wildmagic/libfoundation/distance/wm4distsegment3rectangle3.h
md5	26113a88d31655aa3d0b4752d8bc5acb	wildmagic/libfoundation/distance/wm4distsegment3segment3.h
md5	25473aa82e05469fcb3d2860993d3911	wildmagic/libfoundation/distance/wm4distsegment3triangle3.h
md5	4d9519a0553be1b9a750e56239787bfe	wildmagic/libfoundation/distance/wm4disttriangle3rectangle3.h
md5	ecb8c379f16597c1e63caa0462a03d8e	wildmagic/libfoundation/distance/wm4disttriangle3triangle3.h
md5	9ecfae2216f109dc7fb70901833a792b	wildmagic/libfoundation/distance/wm4distvector2box2.h
md5	3db1a699b449495a1cffdb375cb3585e	wildmagic/libfoundation/distance/wm4distvector2ellipse2.h
md5	78aee7684db3b5efa297ecbad4d91d5a	wildmagic/libfoundation/distance/wm4distvector2line2.h
md5	d96d3aefd1cd9dc4e6e8f1b0f1085ec8	wildmagic/libfoundation/distance/wm4distvector2quadratic2.h
md5	57dc34659969b989d48a09f8982f66e8	wildmagic/libfoundation/distance/wm4distvector2ray2.h
md5	c9ac712d2ea20f24aac5ffc52d6126e7	wildmagic/libfoundation/distance/wm4distvector2segment2.h
md5	f775910b7fe1ccfe61cf057a5237711f	wildmagic/libfoundation/distance/wm4distvector3box3.h
md5	cdf705dcee6acce2ceb3fe845a388d21	wildmagic/libfoundation/distance/wm4distvector3circle3.h
md5	0d8f86edaa5bf7e727c2be3edcbc3638	wildmagic/libfoundation/distance/wm4distvector3ellipsoid3.h
md5	3edc02381a0fc7a73b1bf13825356d96	wildmagic/libfoundation/distance/wm4distvector3frustum3.h
md5	09121e438bc35eb1126be8cece073dec	wildmagic/libfoundation/distance/wm4distvector3line3.h
md5	dffa232836b9c0807b562e81d638e74f	wildmagic/libfoundation/distance/wm4distvector3plane3.h
md5	0c252a08aff5c867766e466e989ef320	wildmagic/libfoundation/distance/wm4distvector3quadratic3.h
md5	53b79c127787ced5436d6c0dfc0626bb	wildmagic/libfoundation/distance/wm4distvector3ray3.h
md5	fce6cfb80e4050d03ab2c70dcca3507d	wildmagic/libfoundation/distance/wm4distvector3rectangle3.h
md5	5b168a0c37fe8da0cf07797f03f48dab	wildmagic/libfoundation/distance/wm4distvector3segment3.h
md5	1d6341fac2b7bfef51615d32fab7cdda	wildmagic/libfoundation/distance/wm4distvector3tetrahedron3.h
md5	122808032681fdc2799b98811fdc03cb	wildmagic/libfoundation/distance/wm4distvector3triangle3.h
md5	5bbcd5aa13d48190e583464c014a3ccb	wildmagic/libfoundation/interpolation/wm4intpakima1.h
md5	a1b95db0ae4d1a7be66903f466fdb13c	wildmagic/libfoundation/interpolation/wm4intpakimanonuniform1.h
md5	80b1ebb64cb9bcb04d83a4dbfb0fb535	wildmagic/libfoundation/interpolation/wm4intpakimauniform1.h
md5	78baca7dea50b87c70bb122dc03f700f	wildmagic/libfoundation/interpolation/wm4intpakimauniform2.h
md5	3c7d4c67fb12e3e4f98cb7c60860dda0	wildmagic/libfoundation/interpolation/wm4intpakimauniform3.h
md5	6aa7356c8f02f2b9ecae05f52b0ebdda	wildmagic/libfoundation/interpolation/wm4intpbicubic2.h
md5	b27d7eff3e8af4eb6119996e76ad7ee2	wildmagic/libfoundation/interpolation/wm4intpbilinear2.h
md5	3e261c6cb5a91e46fe8469ad331105ad	wildmagic/libfoundation/interpolation/wm4intpbsplineuniform.h
md5	e8ec8a4040aaedf19d73c02c83c56013	wildmagic/libfoundation/interpolation/wm4intpbsplineuniform1.h
md5	3822529035aad1c2e00d22653e6f4912	wildmagic/libfoundation/interpolation/wm4intpbsplineuniform2.h
md5	4b6fea14cd3e777f39d941e4a3820964	wildmagic/libfoundation/interpolation/wm4intpbsplineuniform3.h
md5	820c32ffc4227a0e189478c5ab5c390a	wildmagic/libfoundation/interpolation/wm4intpbsplineuniform4.h
md5	2f03f214cdc394100d5eb456c00fa221	wildmagic/libfoundation/interpolation/wm4intpbsplineuniformn.h
md5	f1a58f4dbcd6e119cc0b761863ac4eb0	wildmagic/libfoundation/interpolation/wm4intplinearnonuniform2.h
md5	b237d91ceebd2a1a45f58c03727d8bfa	wildmagic/libfoundation/interpolation/wm4intplinearnonuniform3.h
md5	0e56f36426f28832b768c7197672e8b3	wildmagic/libfoundation/interpolation/wm4intpqdrnonuniform2.h
md5	22cb96e8f35a6fa55d423c4eff63f8c9	wildmagic/libfoundation/interpolation/wm4intpsphere2.h
md5	9aa9fd4cb280913bb3bc48a0a9cf5164	wildmagic/libfoundation/interpolation/wm4intpthinplatespline2.h
md5	51c128f051f846c72ab38f759cbdf861	wildmagic/libfoundation/interpolation/wm4intpthinplatespline3.h
md5	79baa5db17af4c890a314f2133ca6f3f	wildmagic/libfoundation/interpolation/wm4intptricubic3.h
md5	598625ad64de1746b47e3a354d143ba6	wildmagic/libfoundation/interpolation/wm4intptrilinear3.h
md5	ee69e079a3f5d1be9ce40a201094ee26	wildmagic/libfoundation/interpolation/wm4intpvectorfield2.h
md5	b546fc9c648d33f13a8d95c4decdfe2b	wildmagic/libfoundation/intersection/wm4intersector.h
md5	7878c34ccd7eb5944ec3200141107ebf	wildmagic/libfoundation/intersection/wm4intersector1.h
md5	a22e560883faa8fcc1ac1f7d9116bc39	wildmagic/libfoundation/intersection/wm4intrarc2arc2.h
md5	31edb3b185a7a1a7592ae48402b36c88	wildmagic/libfoundation/intersection/wm4intrarc2circle2.h
md5	e24c4f2c56cc2c16ccd3316f4bbd6459	wildmagic/libfoundation/intersection/wm4intrbox2box2.h
md5	94a1646f690bc0db5596f6d5328e5ae8	wildmagic/libfoundation/intersection/wm4intrbox2circle2.h
md5	de4d1d9c418e290e1b96d1dcce53799a	wildmagic/libfoundation/intersection/wm4intrbox3box3.h
md5	715c9917be6e14f396ce13b1d6385695	wildmagic/libfoundation/intersection/wm4intrbox3frustum3.h
md5	68692bed085443b80855971bfedfef61	wildmagic/libfoundation/intersection/wm4intrbox3sphere3.h
md5	527f8a893c06e9fa15250aacc94e6340	wildmagic/libfoundation/intersection/wm4intrcapsule3capsule3.h
md5	8aee54b37b1e61fe62d534685bb41214	wildmagic/libfoundation/intersection/wm4intrcircle2circle2.h
md5	f33c52b79c7a2213618238bebe6cc5bd	wildmagic/libfoundation/intersection/wm4intrcircle3plane3.h
md5	e89f867b1f85796c94c288f182138bc7	wildmagic/libfoundation/intersection/wm4intrellipse2ellipse2.h
md5	e8236706c159c9b946c037dd6e834c5b	wildmagic/libfoundation/intersection/wm4intrhalfspace3box3.h
md5	8b5ddaa05af75fd7457e4fdcf9d3040b	wildmagic/libfoundation/intersection/wm4intrhalfspace3segment3.h
md5	ae973217e2779ecfcc51e4c6e2d2b3b8	wildmagic/libfoundation/intersection/wm4intrhalfspace3sphere3.h
md5	bbc0bc0b8f4ce8fc7755d27962c7546b	wildmagic/libfoundation/intersection/wm4intrhalfspace3triangle3.h
md5	2b28e59e6f1e03f9fdf8c6ce952dbb02	wildmagic/libfoundation/intersection/wm4intrlincomp2lincomp2.h
md5	32ddb5d684b5f4a1b8eceb2b0acc884a	wildmagic/libfoundation/intersection/wm4intrlincomp2triangle2.h
md5	c71ddab80f54d3c25f2e04cd56440eb2	wildmagic/libfoundation/intersection/wm4intrline2arc2.h
md5	7e4fa32fc34fdb550726de57c9d70c8a	wildmagic/libfoundation/intersection/wm4intrline2box2.h
md5	8c98c07e33a2062faa04309c55112614	wildmagic/libfoundation/intersection/wm4intrline2circle2.h
md5	b2d38b6ecca0d9d9312b3a709cd26274	wildmagic/libfoundation/intersection/wm4intrline2line2.h
md5	2b23a9dfa92cc55867b06d54397f3a62	wildmagic/libfoundation/intersection/wm4intrline2ray2.h
md5	f75b160a26d8798e6e4a86ac36bc116f	wildmagic/libfoundation/intersection/wm4intrline2segment2.h
md5	6e125e35eff6f3c3abc7c4a0fb9c5f6b	wildmagic/libfoundation/intersection/wm4intrline3box3.h
md5	ba9ca9e41d06d63c6eac543fde54d17d	wildmagic/libfoundation/intersection/wm4intrline3capsule3.h
md5	06d96db477fab0a0d47cbca755dbaa22	wildmagic/libfoundation/intersection/wm4intrline3cone3.h
md5	8d929ba6d2f2ed148603b4fd4f758904	wildmagic/libfoundation/intersection/wm4intrline3cylinder3.h
md5	17ae47c9c59d9716ea54de97679c243f	wildmagic/libfoundation/intersection/wm4intrline3ellipsoid3.h
md5	60e62b438ffc6922ba0d407769ef6d46	wildmagic/libfoundation/intersection/wm4intrline3lozenge3.h
md5	14d52190db1bcb4f5cad9d50b0125425	wildmagic/libfoundation/intersection/wm4intrline3plane3.h
md5	52226d9f6fd95e16525b50165ab91a5d	wildmagic/libfoundation/intersection/wm4intrline3sphere3.h
md5	724aab30a09382a843d4af71aea270f3	wildmagic/libfoundation/intersection/wm4intrline3torus3.h
md5	0a048829fcf653f29f8296b0f10a656a	wildmagic/libfoundation/intersection/wm4intrline3triangle3.h
md5	2fbd4f6e7345218f708c80fe67b04d13	wildmagic/libfoundation/intersection/wm4intrlozenge3lozenge3.h
md5	40c77b70d709b1228d930739b14809ac	wildmagic/libfoundation/intersection/wm4intrplane3box3.h
md5	abe6732a17ce2d778f5e91b7cfb78f2e	wildmagic/libfoundation/intersection/wm4intrplane3capsule3.h
md5	37d61868c7ef16d4439896054db3a6a0	wildmagic/libfoundation/intersection/wm4intrplane3cylinder3.h
md5	0e26c6fb03a880fda49066ef143054b7	wildmagic/libfoundation/intersection/wm4intrplane3ellipsoid3.h
md5	b016e77a03aa9e862c4d5440ea7cb115	wildmagic/libfoundation/intersection/wm4intrplane3lozenge3.h
md5	e7d6346cbbe4ae55a0c514d78f7fec56	wildmagic/libfoundation/intersection/wm4intrplane3plane3.h
md5	dca32538ac640a4da74ae549b94ecfb7	wildmagic/libfoundation/intersection/wm4intrplane3sphere3.h
md5	292fd7f18926e18ffc497fd4e137be5a	wildmagic/libfoundation/intersection/wm4intrplane3triangle3.h
md5	9a7991386f7f4ecfb20fbbaabbd5fd41	wildmagic/libfoundation/intersection/wm4intrray2arc2.h
md5	2f180f541736036b2af97eddf6f9b4bc	wildmagic/libfoundation/intersection/wm4intrray2box2.h
md5	b7dffd4115e986ab048376e5aab72234	wildmagic/libfoundation/intersection/wm4intrray2circle2.h
md5	fc64804801e0303c0f54e35142ad1eca	wildmagic/libfoundation/intersection/wm4intrray2ray2.h
md5	531d27012ad354bccc37902381d5def8	wildmagic/libfoundation/intersection/wm4intrray2segment2.h
md5	fd25cafa7f14d0f3e14fe8e2b524785e	wildmagic/libfoundation/intersection/wm4intrray3box3.h
md5	21519792053fd9f1d055c20b3723eaa8	wildmagic/libfoundation/intersection/wm4intrray3capsule3.h
md5	2869ba349e3f67b2602665a173555829	wildmagic/libfoundation/intersection/wm4intrray3cylinder3.h
md5	866d3a4a89df20476e74600a040f3059	wildmagic/libfoundation/intersection/wm4intrray3ellipsoid3.h
md5	1ebb0e213ba8dfbc157fbc98bbb225de	wildmagic/libfoundation/intersection/wm4intrray3lozenge3.h
md5	43b31192b5d23979b5db7a0df08f361a	wildmagic/libfoundation/intersection/wm4intrray3plane3.h
md5	1465f75bb14848ec8a0226300dd1d8f4	wildmagic/libfoundation/intersection/wm4intrray3sphere3.h
md5	613449a3f66d6f50aa3392ea50457e09	wildmagic/libfoundation/intersection/wm4intrray3triangle3.h
md5	6b8a8315e426527d103b9a784c12a03f	wildmagic/libfoundation/intersection/wm4intrsegment2arc2.h
md5	51fd1a9dfb4538699ac20b1f77d3e032	wildmagic/libfoundation/intersection/wm4intrsegment2box2.h
md5	9557e15f9f2e48dea8bb42d803f347e9	wildmagic/libfoundation/intersection/wm4intrsegment2circle2.h
md5	ada240ed62c27e41134c46082f0efe23	wildmagic/libfoundation/intersection/wm4intrsegment2segment2.h
md5	199b87d4d1938241329ebf70c20ec20f	wildmagic/libfoundation/intersection/wm4intrsegment3box3.h
md5	ec6d2b8f644a935fa5831d739f78761c	wildmagic/libfoundation/intersection/wm4intrsegment3capsule3.h
md5	541b02f6023b15f89d96c19b78b53b1f	wildmagic/libfoundation/intersection/wm4intrsegment3cylinder3.h
md5	55375b4b6616510c132e053e1f6a55b9	wildmagic/libfoundation/intersection/wm4intrsegment3ellipsoid3.h
md5	f662a503643aa4f92830b5973a10c15d	wildmagic/libfoundation/intersection/wm4intrsegment3lozenge3.h
md5	4dcf10d6715fababfe3caea522a0913c	wildmagic/libfoundation/intersection/wm4intrsegment3plane3.h
md5	79539d5ee75b43f31fb98a144e590f7f	wildmagic/libfoundation/intersection/wm4intrsegment3sphere3.h
md5	769a360b0c3e4c0cf20886aec178a110	wildmagic/libfoundation/intersection/wm4intrsegment3triangle3.h
md5	ce9fe7e63c8e444a84728af32b4eb619	wildmagic/libfoundation/intersection/wm4intrsphere3cone3.h
md5	5d89625252e64949dc7be04cb7541279	wildmagic/libfoundation/intersection/wm4intrsphere3frustum3.h
md5	4b059aad0720b045224ef87f7e525c20	wildmagic/libfoundation/intersection/wm4intrsphere3sphere3.h
md5	acbc3f3920cbe3826efc7931623396b5	wildmagic/libfoundation/intersection/wm4intrtetrahedron3tetrahedron3.h
md5	9fe9e7bdc152eef657f13284975ae626	wildmagic/libfoundation/intersection/wm4intrtriangle2triangle2.h
md5	318b7ca642789790206658e0a0ba6310	wildmagic/libfoundation/intersection/wm4intrtriangle3box3.h
md5	b5785adc00a3a387014997d8ba785b73	wildmagic/libfoundation/intersection/wm4intrtriangle3cone3.h
md5	db6f5cbda08658b8a0b86c0de41a5a51	wildmagic/libfoundation/intersection/wm4intrtriangle3sphere3.h
md5	f89ac27c6abb74052b1057164c266791	wildmagic/libfoundation/intersection/wm4intrtriangle3triangle3.h
md5	19ba0b631bbee993cf456100357ebb71	wildmagic/libfoundation/intersection/wm4intrutility3.h
md5	389c73b6f52ac0d86b090212053afad5	wildmagic/libfoundation/mathematics/wm4arc2.h
md5	588075e55c9057ad47870f42e941130d	wildmagic/libfoundation/mathematics/wm4arc2.inl
md5	c8ae012e53687e74222b29dc5b50153b	wildmagic/libfoundation/mathematics/wm4axisalignedbox2.h
md5	64dc7f6f6ae5c012240bead05683a788	wildmagic/libfoundation/mathematics/wm4axisalignedbox2.inl
md5	65dc811de7bdf17481a1cd5db039016d	wildmagic/libfoundation/mathematics/wm4axisalignedbox3.h
md5	f5e8f6de78057f27687134e4498f426e	wildmagic/libfoundation/mathematics/wm4axisalignedbox3.inl
md5	8f64c7aa6e54b57f74c53f34a888d7c7	wildmagic/libfoundation/mathematics/wm4bandedmatrix.h
md5	a99438cf0f44fea22361412551f52256	wildmagic/libfoundation/mathematics/wm4bandedmatrix.inl
md5	b3b3d7053f9750c81cb816624b5821fb	wildmagic/libfoundation/mathematics/wm4bithacks.h
md5	5ceb356ae83f2eeffefc53bc45f7e615	wildmagic/libfoundation/mathematics/wm4bithacks.inl
md5	76488ee763fe333a48c7e8d50c809dbd	wildmagic/libfoundation/mathematics/wm4box2.h
md5	7b12db9ba2a14b571008fda08007638b	wildmagic/libfoundation/mathematics/wm4box2.inl
md5	32c6375e6ce03e853b13bade53e8d262	wildmagic/libfoundation/mathematics/wm4box3.h
md5	e461aed8ce9696404f00e71698200620	wildmagic/libfoundation/mathematics/wm4box3.inl
md5	aa040c307cabfb04a5f6959d1c8575f1	wildmagic/libfoundation/mathematics/wm4bsplinevolume.h
md5	23ba20bda65dd0863f3551d00ae53de9	wildmagic/libfoundation/mathematics/wm4capsule3.h
md5	006eafdac9487365f8dc4632b4b6fa41	wildmagic/libfoundation/mathematics/wm4capsule3.inl
md5	ef5c84145873dca5bde9d8a09fb34ee6	wildmagic/libfoundation/mathematics/wm4circle2.h
md5	5a485c89c5ba6a23f0a260e745227615	wildmagic/libfoundation/mathematics/wm4circle2.inl
md5	a1a6bc00b643f83be757a166c6b6b88e	wildmagic/libfoundation/mathematics/wm4circle3.h
md5	53243e942c15af31bed469e800464407	wildmagic/libfoundation/mathematics/wm4circle3.inl
md5	909457955469bc813001dbe0588fec95	wildmagic/libfoundation/mathematics/wm4colorrgb.h
md5	3a95e3fba028d4618c416fc78f1e279d	wildmagic/libfoundation/mathematics/wm4colorrgb.inl
md5	f14770ae2db63a209a989b0d132a6285	wildmagic/libfoundation/mathematics/wm4colorrgba.h
md5	8bc8cdceb6717c30c7deddd1344abbde	wildmagic/libfoundation/mathematics/wm4colorrgba.inl
md5	9b2103a62c5db5e5c519beaf4d223b31	wildmagic/libfoundation/mathematics/wm4cone3.h
md5	ab3e1c80283c849dabd1d91278e10694	wildmagic/libfoundation/mathematics/wm4cone3.inl
md5	058992c382db139f0e6a2b862df1a712	wildmagic/libfoundation/mathematics/wm4convexpolygon2.h
md5	3ed0a8e64ffe8a77d644e2f4d473dd1f	wildmagic/libfoundation/mathematics/wm4convexpolyhedron3.h
md5	59c05e08574e6d45195449b054fb43eb	wildmagic/libfoundation/mathematics/wm4convexpolyhedron3.inl
md5	401fe0b8b3ed196b5eb3c6e72946c5c7	wildmagic/libfoundation/mathematics/wm4cylinder3.h
md5	f7f1205275b81084cead6fc47e80dfcb	wildmagic/libfoundation/mathematics/wm4cylinder3.inl
md5	41ddeba9a60531c78103bb6d080106b1	wildmagic/libfoundation/mathematics/wm4ellipse2.h
md5	0cd093f28f7df36d773b2692bb4fdb29	wildmagic/libfoundation/mathematics/wm4ellipse2.inl
md5	aa9b9323cd7666e2191e04f4d39f0890	wildmagic/libfoundation/mathematics/wm4ellipse3.h
md5	75e35a990c7a9a11f8b2de1bc987a0cf	wildmagic/libfoundation/mathematics/wm4ellipse3.inl
md5	ec0d12be1a23097c2724baf71a96d585	wildmagic/libfoundation/mathematics/wm4ellipsoid3.h
md5	bae18f5b38f03648c97594e56b1d5b7a	wildmagic/libfoundation/mathematics/wm4ellipsoid3.inl
md5	a0c735058283597957783e67e8466986	wildmagic/libfoundation/mathematics/wm4frustum3.h
md5	4fdede307b31da16fd462a0f0221450e	wildmagic/libfoundation/mathematics/wm4frustum3.inl
md5	bcdaa3b437e390cca2291688d2e43392	wildmagic/libfoundation/mathematics/wm4gmatrix.h
md5	e13311a71ca8529569565722e686e7dd	wildmagic/libfoundation/mathematics/wm4gmatrix.inl
md5	178d6fa83d9b54c14219af5e5af16873	wildmagic/libfoundation/mathematics/wm4gvector.h
md5	7177bbdfcaa5185e7358f369462aab80	wildmagic/libfoundation/mathematics/wm4gvector.inl
md5	a8861cc4b787f649fddd5efdf52dedf0	wildmagic/libfoundation/mathematics/wm4lincomp.h
md5	b183f9b64314c1fc75ecab23011d193f	wildmagic/libfoundation/mathematics/wm4lincomp.inl
md5	af1bf6f7b36aed2291d7ff70d9049ee9	wildmagic/libfoundation/mathematics/wm4lincomp2.h
md5	36b0d655b8e46f68831d6684a35e2c87	wildmagic/libfoundation/mathematics/wm4lincomp2.inl
md5	47aee6159c06523c9cf6c73bca69fe73	wildmagic/libfoundation/mathematics/wm4lincomp3.h
md5	603a73cd325a653dfaa9a33941d703de	wildmagic/libfoundation/mathematics/wm4lincomp3.inl
md5	6dda7cf42e5d52acdf16c86327b2d69c	wildmagic/libfoundation/mathematics/wm4line2.h
md5	002a807d8c47bde3ae911db7cd47404c	wildmagic/libfoundation/mathematics/wm4line2.inl
md5	4fcc64f0f895a141a4fa4311a2a4b3e1	wildmagic/libfoundation/mathematics/wm4line3.h
md5	5c2cdf3bc861ce14709020715275a885	wildmagic/libfoundation/mathematics/wm4line3.inl
md5	265a3b02cd1bc0b4c9ebd88ae90e182d	wildmagic/libfoundation/mathematics/wm4lozenge3.h
md5	00db50e4200ac8f67724bd3b71e29a08	wildmagic/libfoundation/mathematics/wm4lozenge3.inl
md5	18584539401c0bc7c3644873d6e16dba	wildmagic/libfoundation/mathematics/wm4mapper2.h
md5	b061315e8c136f3db6aef66e60893cb3	wildmagic/libfoundation/mathematics/wm4mapper2.inl
md5	8017768abbf3882c2cc27ab17bbeed9f	wildmagic/libfoundation/mathematics/wm4mapper3.h
md5	37dc5cac8c21f7c2da1dd9e8fb547cc1	wildmagic/libfoundation/mathematics/wm4mapper3.inl
md5	0156e7d18f4960e7a4ad91aff12e50ed	wildmagic/libfoundation/mathematics/wm4math.cpp
md5	2dfc5463fd19cb3e8e2c5553ca3da2ff	wildmagic/libfoundation/mathematics/wm4math.h
md5	f50c6ba3c16c8ba29b4e870cea36b28e	wildmagic/libfoundation/mathematics/wm4math.inl
md5	e200c82d820f7cc4c3f23d866a90a893	wildmagic/libfoundation/mathematics/wm4mathmcr.h
md5	cedfa73b766440a3300f2f9e300b343e	wildmagic/libfoundation/mathematics/wm4matrix2.h
md5	5d21bfb786b9d15052f84d6a3eabb510	wildmagic/libfoundation/mathematics/wm4matrix2.inl
md5	2cebe88fa1b89bd59be3608829e36a5f	wildmagic/libfoundation/mathematics/wm4matrix3.h
md5	8cbc3f30388557a1ceb2d73570f5e9fd	wildmagic/libfoundation/mathematics/wm4matrix3.inl
md5	a089a80c5bb2c9388ce20c7103f65171	wildmagic/libfoundation/mathematics/wm4matrix4.h
md5	357b62abf941ff30528b3ddbe09302b3	wildmagic/libfoundation/mathematics/wm4matrix4.inl
md5	8ceddc9711c661127c46b8ce0a5c0e55	wildmagic/libfoundation/mathematics/wm4plane3.h
md5	71490957a3bd33c0293e62da4fc94683	wildmagic/libfoundation/mathematics/wm4plane3.inl
md5	3a9fc7a34c74379fb732c5f153a35a0c	wildmagic/libfoundation/mathematics/wm4polyhedron3.h
md5	46ec87a33ae67692721cb7b98937b999	wildmagic/libfoundation/mathematics/wm4polyhedron3.inl
md5	2d4caaf5e85ce7f058f9823689b97ce5	wildmagic/libfoundation/mathematics/wm4polynomial1.h
md5	36d137a87eba87809f8520c310fd3ed0	wildmagic/libfoundation/mathematics/wm4polynomial1.inl
md5	ddf568f6580a6de8c1963697f515f0cc	wildmagic/libfoundation/mathematics/wm4quadratic2.h
md5	eb159980e86302ed56d17823918cb709	wildmagic/libfoundation/mathematics/wm4quadratic2.inl
md5	9d5b1018d3422be32e31070be9c276f2	wildmagic/libfoundation/mathematics/wm4quadratic3.h
md5	1589ed47359670fee46c3e156bcc6ad6	wildmagic/libfoundation/mathematics/wm4quadratic3.inl
md5	a2fd0ab7bfc17949fbf76589c36267bc	wildmagic/libfoundation/mathematics/wm4quaternion.h
md5	6d4d4b478d584743acede5906cd4e959	wildmagic/libfoundation/mathematics/wm4quaternion.inl
md5	5f271782a379c4a88c08af0375c037fa	wildmagic/libfoundation/mathematics/wm4ray2.h
md5	dd176b2cbead74a8a7085709929fd149	wildmagic/libfoundation/mathematics/wm4ray2.inl
md5	7183a1ce28422ada476bbdb3cecf67ae	wildmagic/libfoundation/mathematics/wm4ray3.h
md5	b44586b703d1231bbc5718119b921958	wildmagic/libfoundation/mathematics/wm4ray3.inl
md5	4be1facbf036eac3f0c678c788cf6b0b	wildmagic/libfoundation/mathematics/wm4rectangle3.h
md5	0370f62f2e221280c17285f9ed745aa1	wildmagic/libfoundation/mathematics/wm4rectangle3.inl
md5	9101503429fff2105071f27a27515ff2	wildmagic/libfoundation/mathematics/wm4segment2.h
md5	7bec9782b373d131de605ee1fba1d7c3	wildmagic/libfoundation/mathematics/wm4segment2.inl
md5	aed9e6741101e040e1ada14bd1a780e0	wildmagic/libfoundation/mathematics/wm4segment3.h
md5	9d9eeb1111ce870b6309b54db418f772	wildmagic/libfoundation/mathematics/wm4segment3.inl
md5	df19b1095689753cef73a0ac2566fb65	wildmagic/libfoundation/mathematics/wm4sphere3.h
md5	37a9e5154a373dc67380e78d6547613c	wildmagic/libfoundation/mathematics/wm4sphere3.inl
md5	a9ab506a8cda45d99ab981bc8be5d66c	wildmagic/libfoundation/mathematics/wm4tetrahedron3.h
md5	512fa8fc24669b63efb409a6ecc8905e	wildmagic/libfoundation/mathematics/wm4tetrahedron3.inl
md5	7240dbb36392b48752c3c40cd4e7c28c	wildmagic/libfoundation/mathematics/wm4torus3.h
md5	c0bdd06ee13c42b6deb72753e99bf484	wildmagic/libfoundation/mathematics/wm4torus3.inl
md5	4343707a3c4e020bfd535aafe92eec81	wildmagic/libfoundation/mathematics/wm4triangle2.h
md5	3892d0b17181c41bf80082ddd578fcad	wildmagic/libfoundation/mathematics/wm4triangle2.inl
md5	7fac2e9ebab7c3444ba2832f5df48ad4	wildmagic/libfoundation/mathematics/wm4triangle3.h
md5	494b1e66562b8fd3ab01fdf933cef228	wildmagic/libfoundation/mathematics/wm4triangle3.inl
md5	1ecdf17f410a9844d7d68317a4a5f546	wildmagic/libfoundation/mathematics/wm4vector2.cpp
md5	fc6c1d5d867cab025a68dd9c853ee1ff	wildmagic/libfoundation/mathematics/wm4vector2.h
md5	11746c2ec735ebe77614ac932c16fdf1	wildmagic/libfoundation/mathematics/wm4vector2.inl
md5	b461f1e84db948dda6c895542cd57849	wildmagic/libfoundation/mathematics/wm4vector3.cpp
md5	b4b4629985bb7c9fd857feb7d85b5362	wildmagic/libfoundation/mathematics/wm4vector3.h
md5	9a6b2645912e61177686a919a41e16e2	wildmagic/libfoundation/mathematics/wm4vector3.inl
md5	cee4543d5f4abc473364598dceaceaa5	wildmagic/libfoundation/mathematics/wm4vector4.h
md5	294a6c13198d746fd860ef5ce581ca9c	wildmagic/libfoundation/mathematics/wm4vector4.inl
md5	522eaed9eadfc6aab7f656e239ab329e	wildmagic/libfoundation/meshes/wm4basicmesh.h
md5	b4490996bbc95509d365601665680b46	wildmagic/libfoundation/meshes/wm4basicmesh.inl
md5	74c3c2f3aea21b89702ba5afbea7d4f6	wildmagic/libfoundation/meshes/wm4conformalmap.h
md5	2c3516e3d84f6882f5474ca49f3736f6	wildmagic/libfoundation/meshes/wm4edgekey.h
md5	93cbf5a504f50ae211125bb6ad7246e6	wildmagic/libfoundation/meshes/wm4edgekey.inl
md5	85a28f6903979e6719ac52393c611c53	wildmagic/libfoundation/meshes/wm4etmanifoldmesh.h
md5	20c2f5c9beaac7eb7e5e231089568606	wildmagic/libfoundation/meshes/wm4etmanifoldmesh.inl
md5	54e27edbc2947a81e244af41d8cb0619	wildmagic/libfoundation/meshes/wm4etnonmanifoldmesh.h
md5	79f52e5278362b37667cc1e24da4ab8c	wildmagic/libfoundation/meshes/wm4etnonmanifoldmesh.inl
md5	a290bf27c136c5f883f5da792ff05703	wildmagic/libfoundation/meshes/wm4meshcurvature.h
md5	85ae8e4d29e7f80c8009baa34b4c1bd5	wildmagic/libfoundation/meshes/wm4meshsmoother.h
md5	1534543ac93bf536b3cec87a4ffe165c	wildmagic/libfoundation/meshes/wm4planargraph.h
md5	edc2ef3b0d5860f92ec409480935e7cc	wildmagic/libfoundation/meshes/wm4planargraph.inl
md5	a1f3fab842eb037a134e480fc509fe7c	wildmagic/libfoundation/meshes/wm4trianglekey.h
md5	e5960268d8fce9aab594dc60ff533e48	wildmagic/libfoundation/meshes/wm4trianglekey.inl
md5	5302b5723e18475c30deb03947e5a549	wildmagic/libfoundation/meshes/wm4uniqueverticestriangles.h
md5	9de55bf1d359b84fc2746140037ab131	wildmagic/libfoundation/meshes/wm4uniqueverticestriangles.inl
md5	c1dffb87025d21013ce0471fe17da12e	wildmagic/libfoundation/meshes/wm4vemanifoldmesh.h
md5	307a510d872bdcb4b9c2d3c5cfcd08a4	wildmagic/libfoundation/meshes/wm4vemanifoldmesh.inl
md5	c227eab9ab990040ab08f0b34938f336	wildmagic/libfoundation/meshes/wm4vetmesh.h
md5	cd7b129f6b3ea89ecd23a1063685b0a7	wildmagic/libfoundation/meshes/wm4vetmesh.inl
md5	00e46afbea159f8cec6ddb01c8257d22	wildmagic/libfoundation/miscellaneous/wm4gridgraph2.h
md5	5b161b287a741dcf76e13c6c9bd28fb0	wildmagic/libfoundation/miscellaneous/wm4normalcompression.h
md5	d7020bfb4712de29134184e2dca4ea3c	wildmagic/libfoundation/miscellaneous/wm4perspprojellipsoid.h
md5	efd63addf9979a25c9203525d8f28aa4	wildmagic/libfoundation/miscellaneous/wm4quadtoquadtransforms.h
md5	0d0ab73c840011e409cc6ba2ab27eebe	wildmagic/libfoundation/miscellaneous/wm4randomhypersphere.h
md5	7df3c5a1a43c45ec357db7a6601b99d5	wildmagic/libfoundation/miscellaneous/wm4tangentstocircles.h
md5	3fcf1b9d62abcbbacf51cce56b970576	wildmagic/libfoundation/numericalanalysis/wm4bisect1.h
md5	a8f2c5e118d3de65598c2e0447566d0b	wildmagic/libfoundation/numericalanalysis/wm4bisect2.h
md5	b162388de37cd247032fb5e91b5256d3	wildmagic/libfoundation/numericalanalysis/wm4bisect3.h
md5	be9e12dbd775c61a1f322e72444872e8	wildmagic/libfoundation/numericalanalysis/wm4eigen.cpp
md5	e0522e2f3bfec6e15f35e5369076666a	wildmagic/libfoundation/numericalanalysis/wm4eigen.h
md5	fb70094269a769870cec15ff2b0fbf78	wildmagic/libfoundation/numericalanalysis/wm4integrate1.h
md5	7ca5a132751976d5a915317bdbe19349	wildmagic/libfoundation/numericalanalysis/wm4linearsystem.h
md5	a156de6609eb32b4416d3ef904b25198	wildmagic/libfoundation/numericalanalysis/wm4minimize1.h
md5	60e864b06a5886e9b90593be299b1174	wildmagic/libfoundation/numericalanalysis/wm4minimizen.h
md5	b4283a0500e25f99ab124c5da7bf35c4	wildmagic/libfoundation/numericalanalysis/wm4noniterativeeigen3x3.h
md5	240d5e84d037fa9afacdaed69cbf1e6e	wildmagic/libfoundation/numericalanalysis/wm4odeeuler.h
md5	e7c793679ab9ff164d72128b3e40f70a	wildmagic/libfoundation/numericalanalysis/wm4odeimpliciteuler.h
md5	12801f9d126cf00d8ba5f0c149ab89c3	wildmagic/libfoundation/numericalanalysis/wm4odemidpoint.h
md5	bdb990e169393fd4f016a9d8a7a3d171	wildmagic/libfoundation/numericalanalysis/wm4oderungekutta4.h
md5	f1ba858ca600ae9b7832178665847402	wildmagic/libfoundation/numericalanalysis/wm4odesolver.h
md5	58dbcf690e6b20a96296a1ca7dcf9933	wildmagic/libfoundation/numericalanalysis/wm4polynomialroots.h
md5	39b4d8f08439f6c5c758ef141c20b4d4	wildmagic/libfoundation/numericalanalysis/wm4polynomialrootsr.h
md5	9d456c34b109d3237014002f6edb5025	wildmagic/libfoundation/surfaces/wm4bsplinerectangle.h
md5	dbb8216347a7ae562d065054ca26f7d3	wildmagic/libfoundation/surfaces/wm4bsplinesurfacefit.h
md5	e0acc701690e258c5fda27c80a4c192c	wildmagic/libfoundation/surfaces/wm4implicitsurface.h
md5	8dcd091286648486a58470673584dce5	wildmagic/libfoundation/surfaces/wm4nurbsrectangle.h
md5	ca6f8085c9a2a909f7f2be515408ae70	wildmagic/libfoundation/surfaces/wm4parametricsurface.h
md5	e03b61898e8aef5b74e38b690765a86e	wildmagic/libfoundation/surfaces/wm4quadricsurface.h
md5	8feb9440e14a500f976c5f47903d0639	wildmagic/libfoundation/surfaces/wm4surface.h
md5	7a552cc427e7b69a692d03b5f2a30fb6	wildmagic/libfoundation/system/wm4command.h
md5	7f0c7054187469ee254e69747ce79116	wildmagic/libfoundation/system/wm4memory.h
md5	401cdffc6b9a86f361e2c6f1b91d8140	wildmagic/libfoundation/system/wm4platforms.h
md5	6bc307b766b0f2ea03d0a7d443f4fd39	wildmagic/libfoundation/system/wm4system.cpp
md5	2d0373633820c643541ec429b2cdb7f7	wildmagic/libfoundation/system/wm4system.h
md5	1aec8e055a405ab81caf87d73ea40f43	wildmagic/libfoundation/system/wm4system.inl
md5	49445293a6aa2bb39845b502b67f8ea5	wildmagic/libfoundation/system/wm4thashset.h
md5	de9404b32b892c9190f9b77d44776259	wildmagic/libfoundation/system/wm4thashset.inl
md5	f97b971a93e2985ed83a53403ac9e0e6	wildmagic/libfoundation/system/wm4thashtable.h
md5	076f915063ed9f731d380b1328580b22	wildmagic/libfoundation/system/wm4thashtable.inl
md5	a544ea1e8f12f8cd10da9809d85d129a	wildmagic/libfoundation/system/wm4tminheap.h
md5	9de73a6497711f6b10236f836ca1f8a7	wildmagic/libfoundation/system/wm4tminheap.inl
md5	85ee0365dc97efda39f1020079d8a03f	wildmagic/libfoundation/system/wm4tsmallunorderedset.h
md5	80db89677381c180700143e3ce7909b6	wildmagic/libfoundation/system/wm4tsmallunorderedset.inl
md5	6941e0be0397bb131490ba5fca03dd5c	wildmagic/libfoundation/system/wm4tstringhashtable.h
md5	980c5a910b2d1643c7f8b9e150e7b911	wildmagic/libfoundation/system/wm4tstringhashtable.inl
md5	25ce135108aa8241b085cc3d0a469c6b	wildmagic/libfoundation/system/wm4ttuple.h
md5	58ab01cef01eef9dadcda29f433c62ab	wildmagic/libfoundation/system/wm4ttuple.inl
md5	9a35f434a24a5ff7e778f9d698c5fa2a	wildmagic/libfoundation/wm4foundation.h
md5	40f54006b221219a25ad94dae30fb349	wildmagic/libfoundation/wm4foundationlib.h
md5	4e2d4f94de72f3896a490c2f70e62a9e	wildmagic/libfoundation/wm4foundationpch.cpp
md5	37e2d330ab0f0fc64a7ae299c46ce9a7	wildmagic/libfoundation/wm4foundationpch.h
md5	76488ee763fe333a48c7e8d50c809dbd	wildmagic/sdk/include/wm4box2.h
md5	7b12db9ba2a14b571008fda08007638b	wildmagic/sdk/include/wm4box2.inl
md5	32c6375e6ce03e853b13bade53e8d262	wildmagic/sdk/include/wm4box3.h
md5	e461aed8ce9696404f00e71698200620	wildmagic/sdk/include/wm4box3.inl
md5	869fcabe8a31e9e328e04371dbf1558a	wildmagic/sdk/include/wm4contbox2.h
md5	9c9a12f25f08e4621205bb72ad1e04db	wildmagic/sdk/include/wm4contbox3.h
md5	40f54006b221219a25ad94dae30fb349	wildmagic/sdk/include/wm4foundationlib.h
md5	2dfc5463fd19cb3e8e2c5553ca3da2ff	wildmagic/sdk/include/wm4math.h
md5	f50c6ba3c16c8ba29b4e870cea36b28e	wildmagic/sdk/include/wm4math.inl
md5	e200c82d820f7cc4c3f23d866a90a893	wildmagic/sdk/include/wm4mathmcr.h
md5	7f0c7054187469ee254e69747ce79116	wildmagic/sdk/include/wm4memory.h
md5	401cdffc6b9a86f361e2c6f1b91d8140	wildmagic/sdk/include/wm4platforms.h
md5	69b4cd1b2c481874d162d6671e8d6dad	wildmagic/sdk/include/wm4query.h
md5	2d0373633820c643541ec429b2cdb7f7	wildmagic/sdk/include/wm4system.h
md5	1aec8e055a405ab81caf87d73ea40f43	wildmagic/sdk/include/wm4system.inl
md5	49445293a6aa2bb39845b502b67f8ea5	wildmagic/sdk/include/wm4thashset.h
md5	de9404b32b892c9190f9b77d44776259	wildmagic/sdk/include/wm4thashset.inl
md5	f97b971a93e2985ed83a53403ac9e0e6	wildmagic/sdk/include/wm4thashtable.h
md5	076f915063ed9f731d380b1328580b22	wildmagic/sdk/include/wm4thashtable.inl
md5	a544ea1e8f12f8cd10da9809d85d129a	wildmagic/sdk/include/wm4tminheap.h
md5	9de73a6497711f6b10236f836ca1f8a7	wildmagic/sdk/include/wm4tminheap.inl
md5	85ee0365dc97efda39f1020079d8a03f	wildmagic/sdk/include/wm4tsmallunorderedset.h
md5	80db89677381c180700143e3ce7909b6	wildmagic/sdk/include/wm4tsmallunorderedset.inl
md5	6941e0be0397bb131490ba5fca03dd5c	wildmagic/sdk/include/wm4tstringhashtable.h
md5	980c5a910b2d1643c7f8b9e150e7b911	wildmagic/sdk/include/wm4tstringhashtable.inl
md5	25ce135108aa8241b085cc3d0a469c6b	wildmagic/sdk/include/wm4ttuple.h
md5	58ab01cef01eef9dadcda29f433c62ab	wildmagic/sdk/include/wm4ttuple.inl
md5	fc6c1d5d867cab025a68dd9c853ee1ff	wildmagic/sdk/include/wm4vector2.h
md5	11746c2ec735ebe77614ac932c16fdf1	wildmagic/sdk/include/wm4vector2.inl
md5	b4b4629985bb7c9fd857feb7d85b5362	wildmagic/sdk/include/wm4vector3.h
md5	9a6b2645912e61177686a919a41e16e2	wildmagic/sdk/include/wm4vector3.inl
md5	a6e767699d7b6c1c28a2730530aaf1fa	zlib/adler32.c
md5	a66706c3d84e02ecdfecc5c4ce874458	zlib/compress.c
md5	5bfb1ece1f5a71771ac89bb98d99ca3c	zlib/crc32.c
md5	4d1cfa258e52f3f91b09afdba248fec5	zlib/crc32.h
md5	7bf96f81234d6a384c15f13f7f4b7759	zlib/deflate.c
md5	559347a9c7a3955d2c654ec2a9dc482f	zlib/deflate.h
md5	962b35b2eed3bf72d26eedd0f68e16a3	zlib/inffast.c
md5	6829902d95364faa2e740e7359a50c30	zlib/inffast.h
md5	28aabce27feb2810caf634a39abb9d8b	zlib/inffixed.h
md5	9132e0c3c8f19d887904d8ba81446a33	zlib/inflate.c
md5	33ea38bfbc068b14f1931aff7cce56ac	zlib/inflate.h
md5	a6a36b368661bdabf81b1fe66f3e1831	zlib/inftrees.c
md5	438e654ab8fe4725813cfa33107c2863	zlib/inftrees.h
md5	dff7366a93335d5efc87daeb99ca9a6c	zlib/trees.c
md5	9c26c55c8a5b7121850f83947a523c04	zlib/trees.h
md5	d0b5d7082e4506c4f500d073fde64911	zlib/zconf.h
md5	9c4b84aff68aa55f2e9bf70481b94333	zlib/zlib.h
md5	4156c94cdfd9c48c4246fe4ee160f96c	zlib/zutil.c
md5	2730c61c8df16928ff7a9610fe7763b4	zlib/zutil.h
